# Duck Pond sugar maple -- units: studs (1 stud = 0.28 m), Y up, pivot at trunk base
mtllib sugar_maple_4.mtl
o Trunk
v 0.0000 -0.0037 -0.5896
v -0.4167 -0.0175 -0.4168
v -0.5893 -0.0210 0.0001
v -0.4167 -0.0122 0.4170
v -0.0000 0.0037 0.5896
v 0.4167 0.0175 0.4168
v 0.5893 0.0210 -0.0001
v 0.4167 0.0122 -0.4170
v -0.1088 3.0505 -0.6087
v -0.5254 3.0361 -0.4359
v -0.6978 3.0266 -0.0190
v -0.5250 3.0278 0.3979
v -0.1082 3.0388 0.5705
v 0.3085 3.0533 0.3978
v 0.4809 3.0627 -0.0192
v 0.3081 3.0616 -0.4361
v -0.1873 6.1181 -0.5283
v -0.6037 6.0966 -0.3558
v -0.7756 6.0708 0.0607
v -0.6023 6.0559 0.4771
v -0.1853 6.0606 0.6495
v 0.2312 6.0821 0.4770
v 0.4031 6.1079 0.0605
v 0.2297 6.1228 -0.3559
v -0.3016 9.1767 -0.3089
v -0.7177 9.1457 -0.1369
v -0.8890 9.1030 0.2784
v -0.7151 9.0735 0.6938
v -0.2979 9.0747 0.8660
v 0.1182 9.1057 0.6940
v 0.2894 9.1484 0.2786
v 0.1155 9.1779 -0.1368
v -0.3929 11.4666 0.0547
v -0.7912 11.4350 0.2845
v -0.7898 11.3971 0.7439
v -0.3901 11.3909 0.9734
v 0.0082 11.4225 0.7436
v 0.0068 11.4604 0.2842
v -0.4768 12.3829 0.2024
v -0.7810 12.1523 0.3722
v -0.7136 11.9492 0.7311
v -0.3420 11.9767 0.9201
v -0.0378 12.2074 0.7503
v -0.1052 12.4105 0.3915
v -0.4162 12.1796 0.5234
v -0.4388 12.1794 0.5861
v -0.3732 12.1804 0.5744
v -0.4677 15.4424 0.5152
v -0.4903 15.4396 0.5779
v -0.4246 15.4409 0.5661
v -0.5489 18.7282 0.5094
v -0.7950 18.7096 0.7158
v -0.7388 18.6668 1.0298
v -0.4365 18.6427 1.1373
v -0.1903 18.6613 0.9309
v -0.2465 18.7041 0.6169
v -1.8834 13.2507 2.6271
v -2.0101 13.1025 2.6792
v -1.9532 12.9639 2.8146
v -1.7695 12.9736 2.8979
v -1.6427 13.1219 2.8457
v -1.6997 13.2604 2.7103
v -0.3108 21.6410 1.0929
v -0.5072 21.6285 1.2579
v -0.4622 21.6004 1.5093
v -0.2207 21.5850 1.5956
v -0.0243 21.5975 1.4305
v -0.0693 21.6255 1.1792
v -0.3745 24.5899 1.2382
v -0.5416 24.5579 1.3758
v -0.5067 24.5559 1.5918
v -0.3046 24.5859 1.6702
v -0.1375 24.6178 1.5326
v -0.1725 24.6199 1.3166
v -1.2366 27.4185 1.3666
v -1.3807 27.3995 1.4842
v -1.3529 27.4112 1.6688
v -1.1810 27.4420 1.7357
v -1.0369 27.4609 1.6180
v -1.0647 27.4492 1.4335
v -1.3092 30.3452 1.0831
v -1.4354 30.3604 1.2530
v -1.2649 30.3787 1.3781
v -1.1387 30.3635 1.2082
vt 0.00000 0.00000
vt 0.12500 0.00000
vt 0.00000 0.85307
vt 0.12500 0.00000
vt 0.12500 0.85307
vt 0.00000 0.85307
vt 0.12500 0.00000
vt 0.25000 0.00000
vt 0.12500 0.85307
vt 0.25000 0.00000
vt 0.25000 0.85307
vt 0.12500 0.85307
vt 0.25000 0.00000
vt 0.37500 0.00000
vt 0.25000 0.85307
vt 0.37500 0.00000
vt 0.37500 0.85307
vt 0.25000 0.85307
vt 0.37500 0.00000
vt 0.50000 0.00000
vt 0.37500 0.85307
vt 0.50000 0.00000
vt 0.50000 0.85307
vt 0.37500 0.85307
vt 0.50000 0.00000
vt 0.62500 0.00000
vt 0.50000 0.85307
vt 0.62500 0.00000
vt 0.62500 0.85307
vt 0.50000 0.85307
vt 0.62500 0.00000
vt 0.75000 0.00000
vt 0.62500 0.85307
vt 0.75000 0.00000
vt 0.75000 0.85307
vt 0.62500 0.85307
vt 0.75000 0.00000
vt 0.87500 0.00000
vt 0.75000 0.85307
vt 0.87500 0.00000
vt 0.87500 0.85307
vt 0.75000 0.85307
vt 0.87500 0.00000
vt 1.00000 0.00000
vt 0.87500 0.85307
vt 1.00000 0.00000
vt 1.00000 0.85307
vt 0.87500 0.85307
vt 0.00000 0.85307
vt 0.12500 0.85307
vt 0.00000 1.70615
vt 0.12500 0.85307
vt 0.12500 1.70615
vt 0.00000 1.70615
vt 0.12500 0.85307
vt 0.25000 0.85307
vt 0.12500 1.70615
vt 0.25000 0.85307
vt 0.25000 1.70615
vt 0.12500 1.70615
vt 0.25000 0.85307
vt 0.37500 0.85307
vt 0.25000 1.70615
vt 0.37500 0.85307
vt 0.37500 1.70615
vt 0.25000 1.70615
vt 0.37500 0.85307
vt 0.50000 0.85307
vt 0.37500 1.70615
vt 0.50000 0.85307
vt 0.50000 1.70615
vt 0.37500 1.70615
vt 0.50000 0.85307
vt 0.62500 0.85307
vt 0.50000 1.70615
vt 0.62500 0.85307
vt 0.62500 1.70615
vt 0.50000 1.70615
vt 0.62500 0.85307
vt 0.75000 0.85307
vt 0.62500 1.70615
vt 0.75000 0.85307
vt 0.75000 1.70615
vt 0.62500 1.70615
vt 0.75000 0.85307
vt 0.87500 0.85307
vt 0.75000 1.70615
vt 0.87500 0.85307
vt 0.87500 1.70615
vt 0.75000 1.70615
vt 0.87500 0.85307
vt 1.00000 0.85307
vt 0.87500 1.70615
vt 1.00000 0.85307
vt 1.00000 1.70615
vt 0.87500 1.70615
vt 0.00000 1.70615
vt 0.12500 1.70615
vt 0.00000 2.55910
vt 0.12500 1.70615
vt 0.12500 2.55910
vt 0.00000 2.55910
vt 0.12500 1.70615
vt 0.25000 1.70615
vt 0.12500 2.55910
vt 0.25000 1.70615
vt 0.25000 2.55910
vt 0.12500 2.55910
vt 0.25000 1.70615
vt 0.37500 1.70615
vt 0.25000 2.55910
vt 0.37500 1.70615
vt 0.37500 2.55910
vt 0.25000 2.55910
vt 0.37500 1.70615
vt 0.50000 1.70615
vt 0.37500 2.55910
vt 0.50000 1.70615
vt 0.50000 2.55910
vt 0.37500 2.55910
vt 0.50000 1.70615
vt 0.62500 1.70615
vt 0.50000 2.55910
vt 0.62500 1.70615
vt 0.62500 2.55910
vt 0.50000 2.55910
vt 0.62500 1.70615
vt 0.75000 1.70615
vt 0.62500 2.55910
vt 0.75000 1.70615
vt 0.75000 2.55910
vt 0.62500 2.55910
vt 0.75000 1.70615
vt 0.87500 1.70615
vt 0.75000 2.55910
vt 0.87500 1.70615
vt 0.87500 2.55910
vt 0.75000 2.55910
vt 0.87500 1.70615
vt 1.00000 1.70615
vt 0.87500 2.55910
vt 1.00000 1.70615
vt 1.00000 2.55910
vt 0.87500 2.55910
vt 0.00000 2.55910
vt 0.12500 2.55910
vt 0.00000 3.20783
vt 0.12500 2.55910
vt 0.16667 3.20783
vt 0.00000 3.20783
vt 0.12500 2.55910
vt 0.25000 2.55910
vt 0.16667 3.20783
vt 0.25000 2.55910
vt 0.33333 3.20783
vt 0.16667 3.20783
vt 0.25000 2.55910
vt 0.37500 2.55910
vt 0.33333 3.20783
vt 0.37500 2.55910
vt 0.50000 2.55910
vt 0.33333 3.20783
vt 0.50000 2.55910
vt 0.50000 3.20783
vt 0.33333 3.20783
vt 0.50000 2.55910
vt 0.62500 2.55910
vt 0.50000 3.20783
vt 0.62500 2.55910
vt 0.66667 3.20783
vt 0.50000 3.20783
vt 0.62500 2.55910
vt 0.75000 2.55910
vt 0.66667 3.20783
vt 0.75000 2.55910
vt 0.83333 3.20783
vt 0.66667 3.20783
vt 0.75000 2.55910
vt 0.87500 2.55910
vt 0.83333 3.20783
vt 0.87500 2.55910
vt 1.00000 2.55910
vt 0.83333 3.20783
vt 1.00000 2.55910
vt 1.00000 3.20783
vt 0.83333 3.20783
vt 0.00000 3.20783
vt 0.16667 3.20783
vt 0.00000 3.41860
vt 0.16667 3.20783
vt 0.16667 3.41860
vt 0.00000 3.41860
vt 0.16667 3.20783
vt 0.33333 3.20783
vt 0.16667 3.41860
vt 0.33333 3.20783
vt 0.33333 3.41860
vt 0.16667 3.41860
vt 0.33333 3.20783
vt 0.50000 3.20783
vt 0.33333 3.41860
vt 0.50000 3.20783
vt 0.50000 3.41860
vt 0.33333 3.41860
vt 0.50000 3.20783
vt 0.66667 3.20783
vt 0.50000 3.41860
vt 0.66667 3.20783
vt 0.66667 3.41860
vt 0.50000 3.41860
vt 0.66667 3.20783
vt 0.83333 3.20783
vt 0.66667 3.41860
vt 0.83333 3.20783
vt 0.83333 3.41860
vt 0.66667 3.41860
vt 0.83333 3.20783
vt 1.00000 3.20783
vt 0.83333 3.41860
vt 1.00000 3.20783
vt 1.00000 3.41860
vt 0.83333 3.41860
vt 0.00000 0.00000
vt 0.02258 0.00000
vt 0.00000 0.91323
vt 0.02258 0.00000
vt 0.02258 0.91323
vt 0.00000 0.91323
vt 0.02258 0.00000
vt 0.04515 0.00000
vt 0.02258 0.91323
vt 0.04515 0.00000
vt 0.04515 0.91323
vt 0.02258 0.91323
vt 0.04515 0.00000
vt 0.06773 0.00000
vt 0.04515 0.91323
vt 0.06773 0.00000
vt 0.06773 0.91323
vt 0.04515 0.91323
vt 0.00000 0.91323
vt 0.01129 1.82488
vt 0.00000 1.82488
vt 0.00000 0.91323
vt 0.02258 0.91323
vt 0.01129 1.82488
vt 0.02258 0.91323
vt 0.02258 1.82488
vt 0.01129 1.82488
vt 0.02258 0.91323
vt 0.03387 1.82488
vt 0.02258 1.82488
vt 0.02258 0.91323
vt 0.04515 0.91323
vt 0.03387 1.82488
vt 0.04515 0.91323
vt 0.04515 1.82488
vt 0.03387 1.82488
vt 0.04515 0.91323
vt 0.05644 1.82488
vt 0.04515 1.82488
vt 0.04515 0.91323
vt 0.06773 0.91323
vt 0.05644 1.82488
vt 0.06773 0.91323
vt 0.06773 1.82488
vt 0.05644 1.82488
vt 0.00000 3.41860
vt 0.16667 3.41860
vt 0.00000 4.19670
vt 0.16667 3.41860
vt 0.16667 4.19670
vt 0.00000 4.19670
vt 0.16667 3.41860
vt 0.33333 3.41860
vt 0.16667 4.19670
vt 0.33333 3.41860
vt 0.33333 4.19670
vt 0.16667 4.19670
vt 0.33333 3.41860
vt 0.50000 3.41860
vt 0.33333 4.19670
vt 0.50000 3.41860
vt 0.50000 4.19670
vt 0.33333 4.19670
vt 0.50000 3.41860
vt 0.66667 3.41860
vt 0.50000 4.19670
vt 0.66667 3.41860
vt 0.66667 4.19670
vt 0.50000 4.19670
vt 0.66667 3.41860
vt 0.83333 3.41860
vt 0.66667 4.19670
vt 0.83333 3.41860
vt 0.83333 4.19670
vt 0.66667 4.19670
vt 0.83333 3.41860
vt 1.00000 3.41860
vt 0.83333 4.19670
vt 1.00000 3.41860
vt 1.00000 4.19670
vt 0.83333 4.19670
vt 0.00000 1.82488
vt 0.01129 1.82488
vt 0.00000 2.65989
vt 0.01129 1.82488
vt 0.01129 2.65989
vt 0.00000 2.65989
vt 0.01129 1.82488
vt 0.02258 1.82488
vt 0.01129 2.65989
vt 0.02258 1.82488
vt 0.02258 2.65989
vt 0.01129 2.65989
vt 0.02258 1.82488
vt 0.03387 1.82488
vt 0.02258 2.65989
vt 0.03387 1.82488
vt 0.03387 2.65989
vt 0.02258 2.65989
vt 0.03387 1.82488
vt 0.04515 1.82488
vt 0.03387 2.65989
vt 0.04515 1.82488
vt 0.04515 2.65989
vt 0.03387 2.65989
vt 0.04515 1.82488
vt 0.05644 1.82488
vt 0.04515 2.65989
vt 0.05644 1.82488
vt 0.05644 2.65989
vt 0.04515 2.65989
vt 0.05644 1.82488
vt 0.06773 1.82488
vt 0.05644 2.65989
vt 0.06773 1.82488
vt 0.06773 2.65989
vt 0.05644 2.65989
vt 0.00000 2.65989
vt 0.01129 2.65989
vt 0.00000 3.49368
vt 0.01129 2.65989
vt 0.01129 3.49368
vt 0.00000 3.49368
vt 0.01129 2.65989
vt 0.02258 2.65989
vt 0.01129 3.49368
vt 0.02258 2.65989
vt 0.02258 3.49368
vt 0.01129 3.49368
vt 0.02258 2.65989
vt 0.03387 2.65989
vt 0.02258 3.49368
vt 0.03387 2.65989
vt 0.03387 3.49368
vt 0.02258 3.49368
vt 0.03387 2.65989
vt 0.04515 2.65989
vt 0.03387 3.49368
vt 0.04515 2.65989
vt 0.04515 3.49368
vt 0.03387 3.49368
vt 0.04515 2.65989
vt 0.05644 2.65989
vt 0.04515 3.49368
vt 0.05644 2.65989
vt 0.05644 3.49368
vt 0.04515 3.49368
vt 0.05644 2.65989
vt 0.06773 2.65989
vt 0.05644 3.49368
vt 0.06773 2.65989
vt 0.06773 3.49368
vt 0.05644 3.49368
vt 0.00000 3.49368
vt 0.01129 3.49368
vt 0.00000 4.32636
vt 0.01129 3.49368
vt 0.01129 4.32636
vt 0.00000 4.32636
vt 0.01129 3.49368
vt 0.02258 3.49368
vt 0.01129 4.32636
vt 0.02258 3.49368
vt 0.02258 4.32636
vt 0.01129 4.32636
vt 0.02258 3.49368
vt 0.03387 3.49368
vt 0.02258 4.32636
vt 0.03387 3.49368
vt 0.03387 4.32636
vt 0.02258 4.32636
vt 0.03387 3.49368
vt 0.04515 3.49368
vt 0.03387 4.32636
vt 0.04515 3.49368
vt 0.04515 4.32636
vt 0.03387 4.32636
vt 0.04515 3.49368
vt 0.05644 3.49368
vt 0.04515 4.32636
vt 0.05644 3.49368
vt 0.05644 4.32636
vt 0.04515 4.32636
vt 0.05644 3.49368
vt 0.06773 3.49368
vt 0.05644 4.32636
vt 0.06773 3.49368
vt 0.06773 4.32636
vt 0.05644 4.32636
vt 0.00000 4.32636
vt 0.01129 4.32636
vt 0.00000 5.15243
vt 0.01129 4.32636
vt 0.01693 5.15243
vt 0.00000 5.15243
vt 0.01129 4.32636
vt 0.02258 4.32636
vt 0.01693 5.15243
vt 0.02258 4.32636
vt 0.03387 4.32636
vt 0.01693 5.15243
vt 0.03387 4.32636
vt 0.03387 5.15243
vt 0.01693 5.15243
vt 0.03387 4.32636
vt 0.04515 4.32636
vt 0.03387 5.15243
vt 0.04515 4.32636
vt 0.05080 5.15243
vt 0.03387 5.15243
vt 0.04515 4.32636
vt 0.05644 4.32636
vt 0.05080 5.15243
vt 0.05644 4.32636
vt 0.06773 4.32636
vt 0.05080 5.15243
vt 0.06773 4.32636
vt 0.06773 5.15243
vt 0.05080 5.15243
vn 0.1365 -0.0013 -0.9906
vn -0.6033 -0.0265 -0.7970
vn -0.9899 -0.0361 -0.1368
vn -0.7968 -0.0246 0.6037
vn -0.1368 0.0014 0.9906
vn 0.6034 0.0265 0.7970
vn 0.9900 0.0361 0.1364
vn 0.7965 0.0246 -0.6041
vn -0.0003 0.0093 -1.0000
vn -0.7069 -0.0135 -0.7072
vn -0.9996 -0.0283 -0.0002
vn -0.7066 -0.0266 0.7071
vn 0.0007 -0.0092 1.0000
vn 0.7075 0.0136 0.7066
vn 0.9996 0.0284 -0.0007
vn 0.7063 0.0266 -0.7074
vn -0.0017 0.0496 -0.9988
vn -0.7077 0.0151 -0.7063
vn -0.9996 -0.0283 -0.0004
vn -0.7059 -0.0551 0.7062
vn 0.0018 -0.0496 0.9988
vn 0.7084 -0.0150 0.7056
vn 0.9996 0.0283 -0.0010
vn 0.7053 0.0551 -0.7068
vn -0.0033 0.1122 -0.9937
vn -0.7349 0.0560 -0.6759
vn -0.9967 -0.0194 0.0784
vn -0.6378 -0.0657 0.7674
vn 0.0004 -0.0568 0.9984
vn 0.7332 -0.0055 0.6800
vn 0.9949 0.0681 -0.0749
vn 0.6358 0.1072 -0.7644
vn -0.0621 0.1606 -0.9851
vn -0.8635 0.0819 -0.4976
vn -0.8149 -0.0084 0.5796
vn 0.0850 -0.0074 0.9964
vn 0.8675 0.0570 0.4942
vn 0.8137 0.1562 -0.5598
vn -0.2330 0.7350 -0.6368
vn -0.8994 0.0669 -0.4320
vn -0.6869 -0.6897 0.2291
vn 0.2149 -0.6656 0.7147
vn 0.8686 0.0837 0.4883
vn 0.6302 0.7469 -0.2122
vn 0.3389 0.0030 -0.9408
vn -0.9842 -0.0151 0.1762
vn 0.6448 0.0121 0.7643
vn -0.2546 -0.0162 -0.9669
vn -0.7121 -0.1357 0.6888
vn 0.9623 -0.0973 0.2541
vn -0.0841 0.1092 -0.9905
vn -0.9067 0.0617 -0.4172
vn -0.8214 -0.0661 0.5665
vn 0.0869 -0.1610 0.9831
vn 0.9023 -0.1199 0.4141
vn 0.8168 0.0125 -0.5768
vn -0.3208 0.6881 -0.6509
vn -0.9211 -0.1650 -0.3525
vn -0.4585 -0.8239 0.3331
vn 0.2791 -0.6151 0.7374
vn 0.8732 0.2462 0.4206
vn 0.4039 0.8797 -0.2511
vn -0.2094 0.1398 -0.9678
vn -0.9520 0.0701 -0.2979
vn -0.7400 -0.0521 0.6706
vn 0.2113 -0.1044 0.9718
vn 0.9521 -0.0341 0.3039
vn 0.7426 0.0875 -0.6640
vn -0.1966 0.0429 -0.9796
vn -0.9388 -0.1131 -0.3254
vn -0.7394 -0.1435 0.6577
vn 0.1960 -0.0194 0.9804
vn 0.9356 0.1353 0.3260
vn 0.7373 0.1666 -0.6547
vn -0.1073 -0.0771 -0.9912
vn -0.9356 -0.1688 -0.3102
vn -0.6820 -0.0997 0.7245
vn 0.1017 0.1066 0.9891
vn 0.9307 0.1948 0.3097
vn 0.6769 0.1278 -0.7249
vn -0.3421 -0.0917 -0.9352
vn -0.9145 0.0414 0.4024
vn 0.3353 0.1307 0.9330
vn 0.9131 0.0019 -0.4078
usemtl bark
s off
f 1/1/1 2/2/2 9/3/9
f 2/4/2 10/5/10 9/6/9
f 2/7/2 3/8/3 10/9/10
f 3/10/3 11/11/11 10/12/10
f 3/13/3 4/14/4 11/15/11
f 4/16/4 12/17/12 11/18/11
f 4/19/4 5/20/5 12/21/12
f 5/22/5 13/23/13 12/24/12
f 5/25/5 6/26/6 13/27/13
f 6/28/6 14/29/14 13/30/13
f 6/31/6 7/32/7 14/33/14
f 7/34/7 15/35/15 14/36/14
f 7/37/7 8/38/8 15/39/15
f 8/40/8 16/41/16 15/42/15
f 8/43/8 1/44/1 16/45/16
f 1/46/1 9/47/9 16/48/16
f 9/49/9 10/50/10 17/51/17
f 10/52/10 18/53/18 17/54/17
f 10/55/10 11/56/11 18/57/18
f 11/58/11 19/59/19 18/60/18
f 11/61/11 12/62/12 19/63/19
f 12/64/12 20/65/20 19/66/19
f 12/67/12 13/68/13 20/69/20
f 13/70/13 21/71/21 20/72/20
f 13/73/13 14/74/14 21/75/21
f 14/76/14 22/77/22 21/78/21
f 14/79/14 15/80/15 22/81/22
f 15/82/15 23/83/23 22/84/22
f 15/85/15 16/86/16 23/87/23
f 16/88/16 24/89/24 23/90/23
f 16/91/16 9/92/9 24/93/24
f 9/94/9 17/95/17 24/96/24
f 17/97/17 18/98/18 25/99/25
f 18/100/18 26/101/26 25/102/25
f 18/103/18 19/104/19 26/105/26
f 19/106/19 27/107/27 26/108/26
f 19/109/19 20/110/20 27/111/27
f 20/112/20 28/113/28 27/114/27
f 20/115/20 21/116/21 28/117/28
f 21/118/21 29/119/29 28/120/28
f 21/121/21 22/122/22 29/123/29
f 22/124/22 30/125/30 29/126/29
f 22/127/22 23/128/23 30/129/30
f 23/130/23 31/131/31 30/132/30
f 23/133/23 24/134/24 31/135/31
f 24/136/24 32/137/32 31/138/31
f 24/139/24 17/140/17 32/141/32
f 17/142/17 25/143/25 32/144/32
f 25/145/25 26/146/26 33/147/33
f 26/148/26 34/149/34 33/150/33
f 26/151/26 27/152/27 34/153/34
f 27/154/27 35/155/35 34/156/34
f 27/157/27 28/158/28 35/159/35
f 28/160/28 29/161/29 35/162/35
f 29/163/29 36/164/36 35/165/35
f 29/166/29 30/167/30 36/168/36
f 30/169/30 37/170/37 36/171/36
f 30/172/30 31/173/31 37/174/37
f 31/175/31 38/176/38 37/177/37
f 31/178/31 32/179/32 38/180/38
f 32/181/32 25/182/25 38/183/38
f 25/184/25 33/185/33 38/186/38
f 33/187/33 34/188/34 39/189/39
f 34/190/34 40/191/40 39/192/39
f 34/193/34 35/194/35 40/195/40
f 35/196/35 41/197/41 40/198/40
f 35/199/35 36/200/36 41/201/41
f 36/202/36 42/203/42 41/204/41
f 36/205/36 37/206/37 42/207/42
f 37/208/37 43/209/43 42/210/42
f 37/211/37 38/212/38 43/213/43
f 38/214/38 44/215/44 43/216/43
f 38/217/38 33/218/33 44/219/44
f 33/220/33 39/221/39 44/222/44
f 45/223/45 46/224/46 48/225/48
f 46/226/46 49/227/49 48/228/48
f 46/229/46 47/230/47 49/231/49
f 47/232/47 50/233/50 49/234/49
f 47/235/47 45/236/45 50/237/50
f 45/238/45 48/239/48 50/240/50
f 48/241/48 52/242/52 51/243/51
f 48/244/48 49/245/49 52/246/52
f 49/247/49 53/248/53 52/249/52
f 49/250/49 54/251/54 53/252/53
f 49/253/49 50/254/50 54/255/54
f 50/256/50 55/257/55 54/258/54
f 50/259/50 56/260/56 55/261/55
f 50/262/50 48/263/48 56/264/56
f 48/265/48 51/266/51 56/267/56
f 39/268/39 40/269/40 57/270/57
f 40/271/40 58/272/58 57/273/57
f 40/274/40 41/275/41 58/276/58
f 41/277/41 59/278/59 58/279/58
f 41/280/41 42/281/42 59/282/59
f 42/283/42 60/284/60 59/285/59
f 42/286/42 43/287/43 60/288/60
f 43/289/43 61/290/61 60/291/60
f 43/292/43 44/293/44 61/294/61
f 44/295/44 62/296/62 61/297/61
f 44/298/44 39/299/39 62/300/62
f 39/301/39 57/302/57 62/303/62
f 51/304/51 52/305/52 63/306/63
f 52/307/52 64/308/64 63/309/63
f 52/310/52 53/311/53 64/312/64
f 53/313/53 65/314/65 64/315/64
f 53/316/53 54/317/54 65/318/65
f 54/319/54 66/320/66 65/321/65
f 54/322/54 55/323/55 66/324/66
f 55/325/55 67/326/67 66/327/66
f 55/328/55 56/329/56 67/330/67
f 56/331/56 68/332/68 67/333/67
f 56/334/56 51/335/51 68/336/68
f 51/337/51 63/338/63 68/339/68
f 63/340/63 64/341/64 69/342/69
f 64/343/64 70/344/70 69/345/69
f 64/346/64 65/347/65 70/348/70
f 65/349/65 71/350/71 70/351/70
f 65/352/65 66/353/66 71/354/71
f 66/355/66 72/356/72 71/357/71
f 66/358/66 67/359/67 72/360/72
f 67/361/67 73/362/73 72/363/72
f 67/364/67 68/365/68 73/366/73
f 68/367/68 74/368/74 73/369/73
f 68/370/68 63/371/63 74/372/74
f 63/373/63 69/374/69 74/375/74
f 69/376/69 70/377/70 75/378/75
f 70/379/70 76/380/76 75/381/75
f 70/382/70 71/383/71 76/384/76
f 71/385/71 77/386/77 76/387/76
f 71/388/71 72/389/72 77/390/77
f 72/391/72 78/392/78 77/393/77
f 72/394/72 73/395/73 78/396/78
f 73/397/73 79/398/79 78/399/78
f 73/400/73 74/401/74 79/402/79
f 74/403/74 80/404/80 79/405/79
f 74/406/74 69/407/69 80/408/80
f 69/409/69 75/410/75 80/411/80
f 75/412/75 76/413/76 81/414/81
f 76/415/76 82/416/82 81/417/81
f 76/418/76 77/419/77 82/420/82
f 77/421/77 78/422/78 82/423/82
f 78/424/78 83/425/83 82/426/82
f 78/427/78 79/428/79 83/429/83
f 79/430/79 84/431/84 83/432/83
f 79/433/79 80/434/80 84/435/84
f 80/436/80 75/437/75 84/438/84
f 75/439/75 81/440/81 84/441/84
o Branches
v -0.2847 8.9799 0.0062
v -0.5590 9.0277 0.1410
v -0.5740 9.1735 0.4134
v -0.3148 9.2715 0.5509
v -0.0406 9.2237 0.4161
v -0.0255 9.0778 0.1437
v -0.5111 11.4602 -1.3337
v -0.7846 11.4997 -1.1946
v -0.7981 11.6298 -0.9142
v -0.5383 11.7204 -0.7730
v -0.2648 11.6809 -0.9122
v -0.2512 11.5509 -1.1925
v -0.7643 14.1024 -2.3911
v -1.0380 14.1358 -2.2510
v -1.0504 14.2244 -1.9548
v -0.7890 14.2796 -1.7989
v -0.5153 14.2462 -1.9390
v -0.5029 14.1576 -2.2351
v -0.3866 9.2302 -0.0377
v -0.5419 8.9566 0.1018
v -0.4551 8.8520 0.4181
v -0.2129 9.0211 0.5948
v -0.0576 9.2948 0.4553
v -0.1445 9.3994 0.1390
v -2.1849 10.7377 0.9613
v -2.4051 10.5443 1.1418
v -2.3522 10.4915 1.4778
v -2.0791 10.6320 1.6332
v -1.8589 10.8253 1.4527
v -1.9118 10.8781 1.1167
v -3.0555 13.3015 0.9940
v -3.3088 13.1741 1.1891
v -3.2700 13.1550 1.5306
v -2.9778 13.2632 1.6769
v -2.7245 13.3906 1.4817
v -2.7633 13.4097 1.1403
v -4.3288 15.8025 1.5481
v -4.5395 15.6856 1.7124
v -4.5029 15.6611 2.0008
v -4.2555 15.7535 2.1248
v -4.0448 15.8704 1.9604
v -4.0814 15.8949 1.6721
v -5.3930 18.6360 1.8325
v -5.5968 18.4970 1.9751
v -5.5316 18.3520 2.2116
v -5.2627 18.3460 2.3054
v -5.0589 18.4850 2.1629
v -5.1240 18.6300 1.9264
v -3.0898 13.3415 1.1738
v -3.1624 13.1924 1.2603
v -3.0893 13.1333 1.4220
v -2.9435 13.2232 1.4971
v -2.8709 13.3723 1.4105
v -2.9440 13.4314 1.2489
v -5.0093 15.1615 2.7088
v -5.1107 15.0529 2.8224
v -5.0471 15.0113 2.9933
v -4.8822 15.0782 3.0506
v -4.7808 15.1868 2.9370
v -4.8444 15.2284 2.7661
v -5.7620 18.1349 3.3733
v -5.8487 18.0760 3.5477
v -5.6715 18.1013 3.6444
v -5.5848 18.1602 3.4700
v -5.3612 18.5020 1.8993
v -5.4965 18.4667 2.1005
v -5.2945 18.4799 2.2387
v -5.1592 18.5153 2.0374
v -5.6727 20.9456 2.1196
v -5.8094 20.9266 2.3222
v -5.6064 20.9302 2.4595
v -5.4697 20.9492 2.2569
v -5.6320 23.4117 2.1943
v -5.7536 23.4095 2.3750
v -5.5730 23.4040 2.4965
v -5.4514 23.4063 2.3159
v -5.1794 19.9239 4.2776
v -5.3403 19.8123 4.4324
v -5.1881 19.6151 4.4484
v -5.0272 19.7267 4.2936
v -3.1587 20.6075 5.7162
v -3.2488 20.5402 5.8783
v -3.1666 20.3630 5.8506
v -3.0765 20.4303 5.6885
v -0.6640 17.6039 -3.0582
v -0.8888 17.6166 -2.9383
v -0.8981 17.6769 -2.6906
v -0.6825 17.7246 -2.5628
v -0.4577 17.7119 -2.6827
v -0.4485 17.6516 -2.9304
v -0.8146 14.1063 -2.2179
v -0.8883 14.2913 -2.1297
v -0.7387 14.2757 -1.9721
v -0.6650 14.0907 -2.0603
v 0.6986 15.3357 -3.5334
v 0.6250 15.5207 -3.4452
v 0.7746 15.5052 -3.2876
v 0.8482 15.3202 -3.3758
v -1.1925 20.4721 -3.8460
v -1.3731 20.4296 -3.7300
v -1.3760 20.4669 -3.5145
v -1.1982 20.5467 -3.4149
v -1.0176 20.5891 -3.5308
v -1.0147 20.5518 -3.7464
v -2.5976 23.1491 -3.9713
v -2.7389 23.0890 -3.8697
v -2.7344 23.1062 -3.6864
v -2.5886 23.1835 -3.6048
v -2.4473 23.2435 -3.7064
v -2.4518 23.2264 -3.8896
v -3.7983 25.8631 -4.2103
v -3.9256 25.8222 -4.0610
v -3.7935 25.8945 -3.9286
v -3.6663 25.9354 -4.0780
v -0.6384 17.6768 -2.9450
v -0.7883 17.7399 -2.8332
v -0.7081 17.6517 -2.6760
v -0.5583 17.5886 -2.7878
v 0.4175 19.4029 -2.5091
v 0.2779 19.4824 -2.3945
v 0.3208 19.3526 -2.2522
v 0.4604 19.2731 -2.3668
v 2.3022 20.3227 -1.2669
v 2.1770 20.4153 -1.1457
v 2.1755 20.2578 -1.0269
v 2.3007 20.1652 -1.1481
v -0.3847 11.4520 0.2647
v -0.4609 11.6440 0.4064
v -0.4677 11.6208 0.6557
v -0.3983 11.4055 0.7634
v -0.3221 11.2135 0.6217
v -0.3153 11.2367 0.3724
v 1.5617 12.1855 0.4476
v 1.3628 12.3000 0.5480
v 1.2270 12.1840 0.7237
v 1.2901 11.9536 0.7990
v 1.4890 11.8391 0.6987
v 1.6248 11.9551 0.5230
v 1.4412 12.1137 0.4850
v 1.3608 12.1960 0.6565
v 1.4106 12.0254 0.7616
v 1.4910 11.9431 0.5902
v 3.9417 13.2341 1.1201
v 3.8613 13.3164 1.2915
v 3.9110 13.1458 1.3967
v 3.9914 13.0636 1.2253
v 1.2498 12.8108 3.1983
v 1.0430 12.7816 3.1841
v 1.0679 12.5801 3.2353
v 1.2747 12.6093 3.2495
v 1.4763 12.0930 0.4954
v 1.3187 12.1548 0.5968
v 1.3755 12.0461 0.7513
v 1.5331 11.9843 0.6499
v 3.2366 14.6697 1.6616
v 3.0790 14.7315 1.7630
v 3.1358 14.6227 1.9175
v 3.2934 14.5609 1.8161
v -1.8834 13.2507 2.6271
v -2.0101 13.1025 2.6792
v -1.9532 12.9639 2.8146
v -1.7695 12.9736 2.8979
v -1.6427 13.1219 2.8457
v -1.6997 13.2604 2.7103
v -0.4238 12.3194 0.4979
v -0.2577 12.1834 0.5348
v -0.3950 12.0402 0.6247
v -0.5611 12.1762 0.5877
v -0.4957 12.1121 0.0573
v -0.3296 11.9761 0.0942
v -0.4669 11.8328 0.1840
v -0.6330 11.9688 0.1471
v -2.3298 15.0675 4.1746
v -2.4352 14.9338 4.3059
v -2.2522 14.8930 4.4112
v -2.1468 15.0268 4.2799
v -1.8247 13.1845 2.6381
v -1.9211 13.0191 2.7070
v -1.8281 13.0398 2.8868
v -1.7318 13.2053 2.8179
v -3.4052 14.3872 3.3165
v -3.5016 14.2217 3.3854
v -3.4086 14.2425 3.5652
v -3.3123 14.4079 3.4963
v -0.5295 18.7135 0.6179
v -0.6770 18.6263 0.7403
v -0.6402 18.5982 0.9458
v -0.4559 18.6574 1.0288
v -0.3084 18.7446 0.9064
v -0.3452 18.7727 0.7009
v -1.9228 22.0640 1.3264
v -2.0690 21.9728 1.4475
v -2.0251 21.9255 1.6480
v -1.8350 21.9694 1.7273
v -1.6888 22.0605 1.6062
v -1.7327 22.1078 1.4057
v -2.9114 25.3098 2.7663
v -3.0100 25.2171 2.9142
v -2.8443 25.2206 3.0269
v -2.7457 25.3132 2.8790
vt 0.00000 0.00000
vt 0.16667 0.00000
vt 0.00000 0.78694
vt 0.16667 0.00000
vt 0.16667 0.78694
vt 0.00000 0.78694
vt 0.16667 0.00000
vt 0.33333 0.00000
vt 0.16667 0.78694
vt 0.33333 0.00000
vt 0.33333 0.78694
vt 0.16667 0.78694
vt 0.33333 0.00000
vt 0.50000 0.00000
vt 0.33333 0.78694
vt 0.50000 0.00000
vt 0.50000 0.78694
vt 0.33333 0.78694
vt 0.50000 0.00000
vt 0.66667 0.00000
vt 0.50000 0.78694
vt 0.66667 0.00000
vt 0.66667 0.78694
vt 0.50000 0.78694
vt 0.66667 0.00000
vt 0.83333 0.00000
vt 0.66667 0.78694
vt 0.83333 0.00000
vt 0.83333 0.78694
vt 0.66667 0.78694
vt 0.83333 0.00000
vt 1.00000 0.00000
vt 0.83333 0.78694
vt 1.00000 0.00000
vt 1.00000 0.78694
vt 0.83333 0.78694
vt 0.00000 0.78694
vt 0.16667 0.78694
vt 0.00000 1.57454
vt 0.16667 0.78694
vt 0.16667 1.57454
vt 0.00000 1.57454
vt 0.16667 0.78694
vt 0.33333 0.78694
vt 0.16667 1.57454
vt 0.33333 0.78694
vt 0.33333 1.57454
vt 0.16667 1.57454
vt 0.33333 0.78694
vt 0.50000 0.78694
vt 0.33333 1.57454
vt 0.50000 0.78694
vt 0.50000 1.57454
vt 0.33333 1.57454
vt 0.50000 0.78694
vt 0.66667 0.78694
vt 0.50000 1.57454
vt 0.66667 0.78694
vt 0.66667 1.57454
vt 0.50000 1.57454
vt 0.66667 0.78694
vt 0.83333 0.78694
vt 0.66667 1.57454
vt 0.83333 0.78694
vt 0.83333 1.57454
vt 0.66667 1.57454
vt 0.83333 0.78694
vt 1.00000 0.78694
vt 0.83333 1.57454
vt 1.00000 0.78694
vt 1.00000 1.57454
vt 0.83333 1.57454
vt 0.00000 0.00000
vt 0.16667 0.00000
vt 0.00000 0.73153
vt 0.16667 0.00000
vt 0.16667 0.73153
vt 0.00000 0.73153
vt 0.16667 0.00000
vt 0.33333 0.00000
vt 0.16667 0.73153
vt 0.33333 0.00000
vt 0.33333 0.73153
vt 0.16667 0.73153
vt 0.33333 0.00000
vt 0.50000 0.00000
vt 0.33333 0.73153
vt 0.50000 0.00000
vt 0.50000 0.73153
vt 0.33333 0.73153
vt 0.50000 0.00000
vt 0.66667 0.00000
vt 0.50000 0.73153
vt 0.66667 0.00000
vt 0.66667 0.73153
vt 0.50000 0.73153
vt 0.66667 0.00000
vt 0.83333 0.00000
vt 0.66667 0.73153
vt 0.83333 0.00000
vt 0.83333 0.73153
vt 0.66667 0.73153
vt 0.83333 0.00000
vt 1.00000 0.00000
vt 0.83333 0.73153
vt 1.00000 0.00000
vt 1.00000 0.73153
vt 0.83333 0.73153
vt 0.00000 0.73153
vt 0.16667 0.73153
vt 0.00000 1.49993
vt 0.16667 0.73153
vt 0.16667 1.49993
vt 0.00000 1.49993
vt 0.16667 0.73153
vt 0.33333 0.73153
vt 0.16667 1.49993
vt 0.33333 0.73153
vt 0.33333 1.49993
vt 0.16667 1.49993
vt 0.33333 0.73153
vt 0.50000 0.73153
vt 0.33333 1.49993
vt 0.50000 0.73153
vt 0.50000 1.49993
vt 0.33333 1.49993
vt 0.50000 0.73153
vt 0.66667 0.73153
vt 0.50000 1.49993
vt 0.66667 0.73153
vt 0.66667 1.49993
vt 0.50000 1.49993
vt 0.66667 0.73153
vt 0.83333 0.73153
vt 0.66667 1.49993
vt 0.83333 0.73153
vt 0.83333 1.49993
vt 0.66667 1.49993
vt 0.83333 0.73153
vt 1.00000 0.73153
vt 0.83333 1.49993
vt 1.00000 0.73153
vt 1.00000 1.49993
vt 0.83333 1.49993
vt 0.00000 1.49993
vt 0.16667 1.49993
vt 0.00000 2.29713
vt 0.16667 1.49993
vt 0.16667 2.29713
vt 0.00000 2.29713
vt 0.16667 1.49993
vt 0.33333 1.49993
vt 0.16667 2.29713
vt 0.33333 1.49993
vt 0.33333 2.29713
vt 0.16667 2.29713
vt 0.33333 1.49993
vt 0.50000 1.49993
vt 0.33333 2.29713
vt 0.50000 1.49993
vt 0.50000 2.29713
vt 0.33333 2.29713
vt 0.50000 1.49993
vt 0.66667 1.49993
vt 0.50000 2.29713
vt 0.66667 1.49993
vt 0.66667 2.29713
vt 0.50000 2.29713
vt 0.66667 1.49993
vt 0.83333 1.49993
vt 0.66667 2.29713
vt 0.83333 1.49993
vt 0.83333 2.29713
vt 0.66667 2.29713
vt 0.83333 1.49993
vt 1.00000 1.49993
vt 0.83333 2.29713
vt 1.00000 1.49993
vt 1.00000 2.29713
vt 0.83333 2.29713
vt 0.00000 2.29713
vt 0.16667 2.29713
vt 0.00000 3.11284
vt 0.16667 2.29713
vt 0.16667 3.11284
vt 0.00000 3.11284
vt 0.16667 2.29713
vt 0.33333 2.29713
vt 0.16667 3.11284
vt 0.33333 2.29713
vt 0.33333 3.11284
vt 0.16667 3.11284
vt 0.33333 2.29713
vt 0.50000 2.29713
vt 0.33333 3.11284
vt 0.50000 2.29713
vt 0.50000 3.11284
vt 0.33333 3.11284
vt 0.50000 2.29713
vt 0.66667 2.29713
vt 0.50000 3.11284
vt 0.66667 2.29713
vt 0.66667 3.11284
vt 0.50000 3.11284
vt 0.66667 2.29713
vt 0.83333 2.29713
vt 0.66667 3.11284
vt 0.83333 2.29713
vt 0.83333 3.11284
vt 0.66667 3.11284
vt 0.83333 2.29713
vt 1.00000 2.29713
vt 0.83333 3.11284
vt 1.00000 2.29713
vt 1.00000 3.11284
vt 0.83333 3.11284
vt 0.00000 0.00000
vt 0.05483 0.00000
vt 0.00000 0.86223
vt 0.05483 0.00000
vt 0.05483 0.86223
vt 0.00000 0.86223
vt 0.05483 0.00000
vt 0.10967 0.00000
vt 0.05483 0.86223
vt 0.10967 0.00000
vt 0.10967 0.86223
vt 0.05483 0.86223
vt 0.10967 0.00000
vt 0.16450 0.00000
vt 0.10967 0.86223
vt 0.16450 0.00000
vt 0.16450 0.86223
vt 0.10967 0.86223
vt 0.16450 0.00000
vt 0.21933 0.00000
vt 0.16450 0.86223
vt 0.21933 0.00000
vt 0.21933 0.86223
vt 0.16450 0.86223
vt 0.21933 0.00000
vt 0.27416 0.00000
vt 0.21933 0.86223
vt 0.27416 0.00000
vt 0.27416 0.86223
vt 0.21933 0.86223
vt 0.27416 0.00000
vt 0.32900 0.00000
vt 0.27416 0.86223
vt 0.32900 0.00000
vt 0.32900 0.86223
vt 0.27416 0.86223
vt 0.00000 0.86223
vt 0.05483 0.86223
vt 0.00000 1.74678
vt 0.05483 0.86223
vt 0.08225 1.74678
vt 0.00000 1.74678
vt 0.05483 0.86223
vt 0.10967 0.86223
vt 0.08225 1.74678
vt 0.10967 0.86223
vt 0.16450 0.86223
vt 0.08225 1.74678
vt 0.16450 0.86223
vt 0.16450 1.74678
vt 0.08225 1.74678
vt 0.16450 0.86223
vt 0.21933 0.86223
vt 0.16450 1.74678
vt 0.21933 0.86223
vt 0.24675 1.74678
vt 0.16450 1.74678
vt 0.21933 0.86223
vt 0.27416 0.86223
vt 0.24675 1.74678
vt 0.27416 0.86223
vt 0.32900 0.86223
vt 0.24675 1.74678
vt 0.32900 0.86223
vt 0.32900 1.74678
vt 0.24675 1.74678
vt 0.00000 0.00000
vt 0.07623 0.00000
vt 0.00000 0.69344
vt 0.07623 0.00000
vt 0.07623 0.69344
vt 0.00000 0.69344
vt 0.07623 0.00000
vt 0.15246 0.00000
vt 0.07623 0.69344
vt 0.15246 0.00000
vt 0.15246 0.69344
vt 0.07623 0.69344
vt 0.15246 0.00000
vt 0.22869 0.00000
vt 0.15246 0.69344
vt 0.22869 0.00000
vt 0.22869 0.69344
vt 0.15246 0.69344
vt 0.22869 0.00000
vt 0.30491 0.00000
vt 0.22869 0.69344
vt 0.30491 0.00000
vt 0.30491 0.69344
vt 0.22869 0.69344
vt 0.00000 0.69344
vt 0.07623 0.69344
vt 0.00000 1.38528
vt 0.07623 0.69344
vt 0.07623 1.38528
vt 0.00000 1.38528
vt 0.07623 0.69344
vt 0.15246 0.69344
vt 0.07623 1.38528
vt 0.15246 0.69344
vt 0.15246 1.38528
vt 0.07623 1.38528
vt 0.15246 0.69344
vt 0.22869 0.69344
vt 0.15246 1.38528
vt 0.22869 0.69344
vt 0.22869 1.38528
vt 0.15246 1.38528
vt 0.22869 0.69344
vt 0.30491 0.69344
vt 0.22869 1.38528
vt 0.30491 0.69344
vt 0.30491 1.38528
vt 0.22869 1.38528
vt 0.00000 3.11284
vt 0.16667 3.11284
vt 0.00000 3.84929
vt 0.16667 3.11284
vt 0.25000 3.84929
vt 0.00000 3.84929
vt 0.16667 3.11284
vt 0.33333 3.11284
vt 0.25000 3.84929
vt 0.33333 3.11284
vt 0.50000 3.11284
vt 0.25000 3.84929
vt 0.50000 3.11284
vt 0.50000 3.84929
vt 0.25000 3.84929
vt 0.50000 3.11284
vt 0.66667 3.11284
vt 0.50000 3.84929
vt 0.66667 3.11284
vt 0.75000 3.84929
vt 0.50000 3.84929
vt 0.66667 3.11284
vt 0.83333 3.11284
vt 0.75000 3.84929
vt 0.83333 3.11284
vt 1.00000 3.11284
vt 0.75000 3.84929
vt 1.00000 3.11284
vt 1.00000 3.84929
vt 0.75000 3.84929
vt 0.00000 3.84929
vt 0.25000 3.84929
vt 0.00000 4.56943
vt 0.25000 3.84929
vt 0.25000 4.56943
vt 0.00000 4.56943
vt 0.25000 3.84929
vt 0.50000 3.84929
vt 0.25000 4.56943
vt 0.50000 3.84929
vt 0.50000 4.56943
vt 0.25000 4.56943
vt 0.50000 3.84929
vt 0.75000 3.84929
vt 0.50000 4.56943
vt 0.75000 3.84929
vt 0.75000 4.56943
vt 0.50000 4.56943
vt 0.75000 3.84929
vt 1.00000 3.84929
vt 0.75000 4.56943
vt 1.00000 3.84929
vt 1.00000 4.56943
vt 0.75000 4.56943
vt 0.00000 1.57454
vt 0.16667 1.57454
vt 0.00000 2.56789
vt 0.16667 1.57454
vt 0.16667 2.56789
vt 0.00000 2.56789
vt 0.16667 1.57454
vt 0.33333 1.57454
vt 0.16667 2.56789
vt 0.33333 1.57454
vt 0.33333 2.56789
vt 0.16667 2.56789
vt 0.33333 1.57454
vt 0.50000 1.57454
vt 0.33333 2.56789
vt 0.50000 1.57454
vt 0.50000 2.56789
vt 0.33333 2.56789
vt 0.50000 1.57454
vt 0.66667 1.57454
vt 0.50000 2.56789
vt 0.66667 1.57454
vt 0.66667 2.56789
vt 0.50000 2.56789
vt 0.66667 1.57454
vt 0.83333 1.57454
vt 0.66667 2.56789
vt 0.83333 1.57454
vt 0.83333 2.56789
vt 0.66667 2.56789
vt 0.83333 1.57454
vt 1.00000 1.57454
vt 0.83333 2.56789
vt 1.00000 1.57454
vt 1.00000 2.56789
vt 0.83333 2.56789
vt 0.00000 0.00000
vt 0.06773 0.00000
vt 0.00000 0.65857
vt 0.06773 0.00000
vt 0.06773 0.65857
vt 0.00000 0.65857
vt 0.06773 0.00000
vt 0.13546 0.00000
vt 0.06773 0.65857
vt 0.13546 0.00000
vt 0.13546 0.65857
vt 0.06773 0.65857
vt 0.13546 0.00000
vt 0.20319 0.00000
vt 0.13546 0.65857
vt 0.20319 0.00000
vt 0.20319 0.65857
vt 0.13546 0.65857
vt 0.20319 0.00000
vt 0.27093 0.00000
vt 0.20319 0.65857
vt 0.27093 0.00000
vt 0.27093 0.65857
vt 0.20319 0.65857
vt 0.00000 2.56789
vt 0.16667 2.56789
vt 0.00000 3.40973
vt 0.16667 2.56789
vt 0.16667 3.40973
vt 0.00000 3.40973
vt 0.16667 2.56789
vt 0.33333 2.56789
vt 0.16667 3.40973
vt 0.33333 2.56789
vt 0.33333 3.40973
vt 0.16667 3.40973
vt 0.33333 2.56789
vt 0.50000 2.56789
vt 0.33333 3.40973
vt 0.50000 2.56789
vt 0.50000 3.40973
vt 0.33333 3.40973
vt 0.50000 2.56789
vt 0.66667 2.56789
vt 0.50000 3.40973
vt 0.66667 2.56789
vt 0.66667 3.40973
vt 0.50000 3.40973
vt 0.66667 2.56789
vt 0.83333 2.56789
vt 0.66667 3.40973
vt 0.83333 2.56789
vt 0.83333 3.40973
vt 0.66667 3.40973
vt 0.83333 2.56789
vt 1.00000 2.56789
vt 0.83333 3.40973
vt 1.00000 2.56789
vt 1.00000 3.40973
vt 0.83333 3.40973
vt 0.00000 3.40973
vt 0.16667 3.40973
vt 0.00000 4.25148
vt 0.16667 3.40973
vt 0.16667 4.25148
vt 0.00000 4.25148
vt 0.16667 3.40973
vt 0.33333 3.40973
vt 0.16667 4.25148
vt 0.33333 3.40973
vt 0.33333 4.25148
vt 0.16667 4.25148
vt 0.33333 3.40973
vt 0.50000 3.40973
vt 0.33333 4.25148
vt 0.50000 3.40973
vt 0.50000 4.25148
vt 0.33333 4.25148
vt 0.50000 3.40973
vt 0.66667 3.40973
vt 0.50000 4.25148
vt 0.66667 3.40973
vt 0.66667 4.25148
vt 0.50000 4.25148
vt 0.66667 3.40973
vt 0.83333 3.40973
vt 0.66667 4.25148
vt 0.83333 3.40973
vt 0.83333 4.25148
vt 0.66667 4.25148
vt 0.83333 3.40973
vt 1.00000 3.40973
vt 0.83333 4.25148
vt 1.00000 3.40973
vt 1.00000 4.25148
vt 0.83333 4.25148
vt 0.00000 4.25148
vt 0.16667 4.25148
vt 0.00000 5.08605
vt 0.16667 4.25148
vt 0.25000 5.08605
vt 0.00000 5.08605
vt 0.16667 4.25148
vt 0.33333 4.25148
vt 0.25000 5.08605
vt 0.33333 4.25148
vt 0.50000 4.25148
vt 0.25000 5.08605
vt 0.50000 4.25148
vt 0.50000 5.08605
vt 0.25000 5.08605
vt 0.50000 4.25148
vt 0.66667 4.25148
vt 0.50000 5.08605
vt 0.66667 4.25148
vt 0.75000 5.08605
vt 0.50000 5.08605
vt 0.66667 4.25148
vt 0.83333 4.25148
vt 0.75000 5.08605
vt 0.83333 4.25148
vt 1.00000 4.25148
vt 0.75000 5.08605
vt 1.00000 4.25148
vt 1.00000 5.08605
vt 0.75000 5.08605
vt 0.00000 0.00000
vt 0.06136 0.00000
vt 0.00000 0.57434
vt 0.06136 0.00000
vt 0.06136 0.57434
vt 0.00000 0.57434
vt 0.06136 0.00000
vt 0.12273 0.00000
vt 0.06136 0.57434
vt 0.12273 0.00000
vt 0.12273 0.57434
vt 0.06136 0.57434
vt 0.12273 0.00000
vt 0.18409 0.00000
vt 0.12273 0.57434
vt 0.18409 0.00000
vt 0.18409 0.57434
vt 0.12273 0.57434
vt 0.18409 0.00000
vt 0.24545 0.00000
vt 0.18409 0.57434
vt 0.24545 0.00000
vt 0.24545 0.57434
vt 0.18409 0.57434
vt 0.00000 0.57434
vt 0.06136 0.57434
vt 0.00000 1.25160
vt 0.06136 0.57434
vt 0.06136 1.25160
vt 0.00000 1.25160
vt 0.06136 0.57434
vt 0.12273 0.57434
vt 0.06136 1.25160
vt 0.12273 0.57434
vt 0.12273 1.25160
vt 0.06136 1.25160
vt 0.12273 0.57434
vt 0.18409 0.57434
vt 0.12273 1.25160
vt 0.18409 0.57434
vt 0.18409 1.25160
vt 0.12273 1.25160
vt 0.18409 0.57434
vt 0.24545 0.57434
vt 0.18409 1.25160
vt 0.24545 0.57434
vt 0.24545 1.25160
vt 0.18409 1.25160
vt 0.00000 0.00000
vt 0.07345 0.00000
vt 0.00000 0.54045
vt 0.07345 0.00000
vt 0.07345 0.54045
vt 0.00000 0.54045
vt 0.07345 0.00000
vt 0.14691 0.00000
vt 0.07345 0.54045
vt 0.14691 0.00000
vt 0.14691 0.54045
vt 0.07345 0.54045
vt 0.14691 0.00000
vt 0.22036 0.00000
vt 0.14691 0.54045
vt 0.22036 0.00000
vt 0.22036 0.54045
vt 0.14691 0.54045
vt 0.22036 0.00000
vt 0.29381 0.00000
vt 0.22036 0.54045
vt 0.29381 0.00000
vt 0.29381 0.54045
vt 0.22036 0.54045
vt 0.29381 0.00000
vt 0.36726 0.00000
vt 0.29381 0.54045
vt 0.36726 0.00000
vt 0.36726 0.54045
vt 0.29381 0.54045
vt 0.36726 0.00000
vt 0.44072 0.00000
vt 0.36726 0.54045
vt 0.44072 0.00000
vt 0.44072 0.54045
vt 0.36726 0.54045
vt 0.00000 0.00000
vt 0.06421 0.00000
vt 0.00000 0.78754
vt 0.06421 0.00000
vt 0.06421 0.78754
vt 0.00000 0.78754
vt 0.06421 0.00000
vt 0.12842 0.00000
vt 0.06421 0.78754
vt 0.12842 0.00000
vt 0.12842 0.78754
vt 0.06421 0.78754
vt 0.12842 0.00000
vt 0.19263 0.00000
vt 0.12842 0.78754
vt 0.19263 0.00000
vt 0.19263 0.78754
vt 0.12842 0.78754
vt 0.19263 0.00000
vt 0.25683 0.00000
vt 0.19263 0.78754
vt 0.25683 0.00000
vt 0.25683 0.78754
vt 0.19263 0.78754
vt 0.00000 0.54045
vt 0.07345 0.54045
vt 0.00000 1.29119
vt 0.07345 0.54045
vt 0.11018 1.29119
vt 0.00000 1.29119
vt 0.07345 0.54045
vt 0.14691 0.54045
vt 0.11018 1.29119
vt 0.14691 0.54045
vt 0.22036 0.54045
vt 0.11018 1.29119
vt 0.22036 0.54045
vt 0.22036 1.29119
vt 0.11018 1.29119
vt 0.22036 0.54045
vt 0.29381 0.54045
vt 0.22036 1.29119
vt 0.29381 0.54045
vt 0.33054 1.29119
vt 0.22036 1.29119
vt 0.29381 0.54045
vt 0.36726 0.54045
vt 0.33054 1.29119
vt 0.36726 0.54045
vt 0.44072 0.54045
vt 0.33054 1.29119
vt 0.44072 0.54045
vt 0.44072 1.29119
vt 0.33054 1.29119
vt 0.00000 0.00000
vt 0.06136 0.00000
vt 0.00000 0.93277
vt 0.06136 0.00000
vt 0.06136 0.93277
vt 0.00000 0.93277
vt 0.06136 0.00000
vt 0.12273 0.00000
vt 0.06136 0.93277
vt 0.12273 0.00000
vt 0.12273 0.93277
vt 0.06136 0.93277
vt 0.12273 0.00000
vt 0.18409 0.00000
vt 0.12273 0.93277
vt 0.18409 0.00000
vt 0.18409 0.93277
vt 0.12273 0.93277
vt 0.18409 0.00000
vt 0.24545 0.00000
vt 0.18409 0.93277
vt 0.24545 0.00000
vt 0.24545 0.93277
vt 0.18409 0.93277
vt 0.00000 0.00000
vt 0.06773 0.00000
vt 0.00000 0.13784
vt 0.06773 0.00000
vt 0.06773 0.13784
vt 0.00000 0.13784
vt 0.06773 0.00000
vt 0.13546 0.00000
vt 0.06773 0.13784
vt 0.13546 0.00000
vt 0.13546 0.13784
vt 0.06773 0.13784
vt 0.13546 0.00000
vt 0.20319 0.00000
vt 0.13546 0.13784
vt 0.20319 0.00000
vt 0.20319 0.13784
vt 0.13546 0.13784
vt 0.20319 0.00000
vt 0.27093 0.00000
vt 0.20319 0.13784
vt 0.27093 0.00000
vt 0.27093 0.13784
vt 0.20319 0.13784
vt 0.00000 4.19670
vt 0.16667 4.19670
vt 0.00000 4.88529
vt 0.16667 4.19670
vt 0.25000 4.88529
vt 0.00000 4.88529
vt 0.16667 4.19670
vt 0.33333 4.19670
vt 0.25000 4.88529
vt 0.33333 4.19670
vt 0.50000 4.19670
vt 0.25000 4.88529
vt 0.50000 4.19670
vt 0.50000 4.88529
vt 0.25000 4.88529
vt 0.50000 4.19670
vt 0.66667 4.19670
vt 0.50000 4.88529
vt 0.66667 4.19670
vt 0.75000 4.88529
vt 0.50000 4.88529
vt 0.66667 4.19670
vt 0.83333 4.19670
vt 0.75000 4.88529
vt 0.83333 4.19670
vt 1.00000 4.19670
vt 0.75000 4.88529
vt 1.00000 4.19670
vt 1.00000 4.88529
vt 0.75000 4.88529
vt 0.00000 0.00000
vt 0.06328 0.00000
vt 0.00000 0.58763
vt 0.06328 0.00000
vt 0.06328 0.58763
vt 0.00000 0.58763
vt 0.06328 0.00000
vt 0.12656 0.00000
vt 0.06328 0.58763
vt 0.12656 0.00000
vt 0.12656 0.58763
vt 0.06328 0.58763
vt 0.12656 0.00000
vt 0.18984 0.00000
vt 0.12656 0.58763
vt 0.18984 0.00000
vt 0.18984 0.58763
vt 0.12656 0.58763
vt 0.18984 0.00000
vt 0.25313 0.00000
vt 0.18984 0.58763
vt 0.25313 0.00000
vt 0.25313 0.58763
vt 0.18984 0.58763
vt 0.00000 0.00000
vt 0.06176 0.00000
vt 0.00000 1.02930
vt 0.06176 0.00000
vt 0.06176 1.02930
vt 0.00000 1.02930
vt 0.06176 0.00000
vt 0.12351 0.00000
vt 0.06176 1.02930
vt 0.12351 0.00000
vt 0.12351 1.02930
vt 0.06176 1.02930
vt 0.12351 0.00000
vt 0.18527 0.00000
vt 0.12351 1.02930
vt 0.18527 0.00000
vt 0.18527 1.02930
vt 0.12351 1.02930
vt 0.18527 0.00000
vt 0.24702 0.00000
vt 0.18527 1.02930
vt 0.24702 0.00000
vt 0.24702 1.02930
vt 0.18527 1.02930
vt 0.24702 0.00000
vt 0.30878 0.00000
vt 0.24702 1.02930
vt 0.30878 0.00000
vt 0.30878 1.02930
vt 0.24702 1.02930
vt 0.30878 0.00000
vt 0.37053 0.00000
vt 0.30878 1.02930
vt 0.37053 0.00000
vt 0.37053 1.02930
vt 0.30878 1.02930
vt 0.00000 1.02930
vt 0.06176 1.02930
vt 0.00000 2.05530
vt 0.06176 1.02930
vt 0.09263 2.05530
vt 0.00000 2.05530
vt 0.06176 1.02930
vt 0.12351 1.02930
vt 0.09263 2.05530
vt 0.12351 1.02930
vt 0.18527 1.02930
vt 0.09263 2.05530
vt 0.18527 1.02930
vt 0.18527 2.05530
vt 0.09263 2.05530
vt 0.18527 1.02930
vt 0.24702 1.02930
vt 0.18527 2.05530
vt 0.24702 1.02930
vt 0.27790 2.05530
vt 0.18527 2.05530
vt 0.24702 1.02930
vt 0.30878 1.02930
vt 0.27790 2.05530
vt 0.30878 1.02930
vt 0.37053 1.02930
vt 0.27790 2.05530
vt 0.37053 1.02930
vt 0.37053 2.05530
vt 0.27790 2.05530
vn 0.2353 -0.4452 -0.8639
vn -0.7203 -0.3794 -0.5806
vn -0.9568 0.0657 0.2831
vn -0.2360 0.4454 0.8637
vn 0.7209 0.3793 0.5800
vn 0.9564 -0.0664 -0.2844
vn 0.0440 -0.4198 -0.9065
vn -0.8395 -0.2845 -0.4628
vn -0.8863 0.1347 0.4430
vn -0.0443 0.4205 0.9062
vn 0.8414 0.2842 0.4596
vn 0.8845 -0.1361 -0.4461
vn 0.0415 -0.2826 -0.9583
vn -0.8449 -0.1553 -0.5119
vn -0.8869 0.1344 0.4421
vn -0.0437 0.2976 0.9537
vn 0.8451 0.1705 0.5068
vn 0.8855 -0.1193 -0.4491
vn -0.1277 0.4372 -0.8902
vn -0.6740 -0.3760 -0.6359
vn -0.5402 -0.7992 0.2634
vn 0.1202 -0.4361 0.8918
vn 0.6710 0.3688 0.6432
vn 0.5360 0.8048 -0.2550
vn -0.1286 0.1044 -0.9862
vn -0.7618 -0.4471 -0.4688
vn -0.6440 -0.5616 0.5195
vn 0.1217 -0.1104 0.9864
vn 0.7588 0.4420 0.4783
vn 0.6469 0.5593 -0.5184
vn -0.1269 0.0743 -0.9891
vn -0.8641 -0.2924 -0.4097
vn -0.7377 -0.3567 0.5733
vn 0.1178 -0.0584 0.9913
vn 0.8563 0.3068 0.4156
vn 0.7330 0.3718 -0.5697
vn -0.1524 0.0771 -0.9853
vn -0.8492 -0.3176 -0.4219
vn -0.7146 -0.3924 0.5791
vn 0.1436 -0.0486 0.9884
vn 0.8397 0.3481 0.4167
vn 0.7008 0.4127 -0.5818
vn -0.1700 0.4425 -0.8805
vn -0.9680 0.0528 -0.2453
vn -0.6548 -0.4033 0.6392
vn 0.1537 -0.3972 0.9048
vn 0.9633 0.0007 0.2685
vn 0.6402 0.4481 -0.6240
vn -0.2581 0.4494 -0.8552
vn -0.7682 -0.3619 -0.5281
vn -0.5027 -0.7998 0.3280
vn 0.2549 -0.4501 0.8558
vn 0.7670 0.3593 0.5316
vn 0.5008 0.8024 -0.3246
vn -0.2723 0.2003 -0.9411
vn -0.8776 -0.3863 -0.2838
vn -0.4359 -0.6038 0.6674
vn 0.2590 -0.1855 0.9479
vn 0.8693 0.3986 0.2922
vn 0.4263 0.6169 -0.6616
vn -0.4965 0.0747 -0.8648
vn -0.8076 -0.2935 0.5115
vn 0.4767 -0.0408 0.8781
vn 0.7973 0.3328 -0.5035
vn 0.1245 0.1049 -0.9867
vn -0.9844 -0.1132 -0.1343
vn -0.1261 -0.1049 0.9865
vn 0.9841 0.1131 0.1370
vn -0.2109 0.0230 -0.9772
vn -0.9758 -0.0700 0.2071
vn 0.2072 -0.0156 0.9782
vn 0.9755 0.0776 -0.2060
vn -0.5138 0.0344 -0.8572
vn -0.8592 0.0085 0.5116
vn 0.5115 -0.0198 0.8590
vn 0.8585 0.0060 -0.5127
vn -0.0908 0.8361 -0.5410
vn -0.8911 0.0916 0.4444
vn 0.0849 -0.8013 0.5921
vn 0.9120 -0.0075 -0.4101
vn -0.1991 0.9630 -0.1814
vn -0.5856 0.0882 0.8058
vn 0.2095 -0.9561 0.2048
vn 0.5984 -0.0710 -0.7981
vn -0.0126 -0.2016 -0.9794
vn -0.8716 -0.1458 -0.4681
vn -0.8562 0.0710 0.5117
vn 0.0139 0.2292 0.9733
vn 0.8707 0.1733 0.4603
vn 0.8550 -0.0420 -0.5169
vn -0.0047 -0.7279 -0.6857
vn -0.7655 0.4438 -0.4658
vn 0.0047 0.7279 0.6857
vn 0.7655 -0.4438 0.4658
vn -0.4631 -0.3160 -0.8281
vn -0.6096 0.7918 0.0388
vn 0.4631 0.3160 0.8281
vn 0.6096 -0.7918 -0.0388
vn -0.0287 -0.1471 -0.9887
vn -0.8396 -0.3194 -0.4394
vn -0.8183 -0.1615 0.5517
vn 0.0264 0.1711 0.9849
vn 0.8353 0.3406 0.4315
vn 0.8115 0.1829 -0.5550
vn 0.0042 -0.0706 -0.9975
vn -0.8184 -0.4187 -0.3935
vn -0.7029 -0.2806 0.6536
vn -0.0173 0.0998 0.9949
vn 0.8070 0.4440 0.3894
vn 0.6900 0.3065 -0.6557
vn -0.2117 -0.1706 -0.9623
vn -0.8845 -0.3322 0.3276
vn 0.1933 0.2082 0.9588
vn 0.8654 0.3754 -0.3318
vn 0.4976 -0.0846 -0.8633
vn -0.7021 0.5452 -0.4581
vn -0.5042 0.0929 0.8586
vn 0.7030 -0.5404 0.4623
vn 0.3064 0.1043 -0.9462
vn -0.5958 0.7974 -0.0955
vn -0.3141 -0.0951 0.9446
vn 0.5971 -0.7971 0.0903
vn 0.2814 0.5144 -0.8101
vn -0.5617 0.7821 0.2697
vn -0.2858 -0.5132 0.8093
vn 0.5620 -0.7787 -0.2790
vn 0.0989 -0.0313 -0.9946
vn -0.2306 0.7732 -0.5908
vn -0.3035 0.8179 0.4887
vn -0.0451 0.0508 0.9977
vn 0.2470 -0.7787 0.5767
vn 0.3258 -0.8016 -0.5013
vn 0.6560 0.5111 -0.5554
vn -0.2171 0.9562 -0.1966
vn -0.7401 0.4452 0.5041
vn -0.6322 -0.5044 0.5882
vn 0.2575 -0.9391 0.2277
vn 0.7664 -0.4228 -0.4836
vn 0.2407 0.0130 -0.9705
vn -0.3895 0.9171 -0.0843
vn -0.2407 -0.0130 0.9705
vn 0.3895 -0.9171 0.0843
vn -0.0412 0.5607 -0.8270
vn -0.4560 0.7259 0.5149
vn 0.0412 -0.5607 0.8270
vn 0.4560 -0.7259 -0.5149
vn 0.5522 0.8267 -0.1081
vn -0.9245 0.3537 -0.1421
vn -0.5265 -0.8301 0.1836
vn 0.9336 -0.2954 0.2026
vn 0.5857 -0.0336 -0.8098
vn -0.6146 0.6330 -0.4708
vn -0.5857 0.0336 0.8098
vn 0.6146 -0.6330 0.4708
vn 0.0998 0.3529 -0.9303
vn -0.8431 0.5265 0.1092
vn -0.0998 -0.3529 0.9303
vn 0.8431 -0.5265 -0.1092
vn -0.3208 0.6881 -0.6509
vn -0.9211 -0.1650 -0.3525
vn -0.4585 -0.8239 0.3331
vn 0.2791 -0.6151 0.7374
vn 0.8732 0.2462 0.4206
vn 0.4039 0.8797 -0.2511
vn -0.4000 0.8527 -0.3360
vn 0.9048 0.3089 -0.2930
vn 0.4000 -0.8527 0.3360
vn -0.9048 -0.3089 0.2930
vn 0.2229 0.8675 -0.4446
vn 0.9638 -0.2645 -0.0328
vn -0.2229 -0.8675 0.4446
vn -0.9638 0.2645 0.0328
vn -0.4459 0.5225 -0.7268
vn -0.8488 -0.4270 0.3117
vn 0.4212 -0.4853 0.7662
vn 0.8397 0.4711 -0.2703
vn 0.2192 0.6818 -0.6980
vn -0.6203 -0.4548 -0.6390
vn -0.2192 -0.6818 0.6980
vn 0.6203 0.4548 0.6390
vn -0.1968 0.2725 -0.9418
vn -0.6278 -0.7729 -0.0924
vn 0.1968 -0.2725 0.9418
vn 0.6278 0.7729 0.0924
vn -0.0010 0.2065 -0.9785
vn -0.8015 -0.2155 -0.5578
vn -0.8029 -0.4228 0.4203
vn -0.0002 -0.2065 0.9785
vn 0.8015 0.2160 0.5577
vn 0.8022 0.4229 -0.4215
vn -0.1764 0.2370 -0.9554
vn -0.9219 -0.2078 -0.3269
vn -0.6244 -0.4079 0.6662
vn 0.1681 -0.2157 0.9619
vn 0.9155 0.2267 0.3322
vn 0.6176 0.4251 -0.6617
vn -0.4429 0.2536 -0.8599
vn -0.8315 -0.3913 0.3942
vn 0.4304 -0.2102 0.8778
vn 0.8133 0.4408 -0.3798
usemtl bark
s off
f 85/442/85 86/443/86 91/444/91
f 86/445/86 92/446/92 91/447/91
f 86/448/86 87/449/87 92/450/92
f 87/451/87 93/452/93 92/453/92
f 87/454/87 88/455/88 93/456/93
f 88/457/88 94/458/94 93/459/93
f 88/460/88 89/461/89 94/462/94
f 89/463/89 95/464/95 94/465/94
f 89/466/89 90/467/90 95/468/95
f 90/469/90 96/470/96 95/471/95
f 90/472/90 85/473/85 96/474/96
f 85/475/85 91/476/91 96/477/96
f 91/478/91 92/479/92 97/480/97
f 92/481/92 98/482/98 97/483/97
f 92/484/92 93/485/93 98/486/98
f 93/487/93 99/488/99 98/489/98
f 93/490/93 94/491/94 99/492/99
f 94/493/94 100/494/100 99/495/99
f 94/496/94 95/497/95 100/498/100
f 95/499/95 101/500/101 100/501/100
f 95/502/95 96/503/96 101/504/101
f 96/505/96 102/506/102 101/507/101
f 96/508/96 91/509/91 102/510/102
f 91/511/91 97/512/97 102/513/102
f 103/514/103 104/515/104 109/516/109
f 104/517/104 110/518/110 109/519/109
f 104/520/104 105/521/105 110/522/110
f 105/523/105 111/524/111 110/525/110
f 105/526/105 106/527/106 111/528/111
f 106/529/106 112/530/112 111/531/111
f 106/532/106 107/533/107 112/534/112
f 107/535/107 113/536/113 112/537/112
f 107/538/107 108/539/108 113/540/113
f 108/541/108 114/542/114 113/543/113
f 108/544/108 103/545/103 114/546/114
f 103/547/103 109/548/109 114/549/114
f 109/550/109 110/551/110 115/552/115
f 110/553/110 116/554/116 115/555/115
f 110/556/110 111/557/111 116/558/116
f 111/559/111 117/560/117 116/561/116
f 111/562/111 112/563/112 117/564/117
f 112/565/112 118/566/118 117/567/117
f 112/568/112 113/569/113 118/570/118
f 113/571/113 119/572/119 118/573/118
f 113/574/113 114/575/114 119/576/119
f 114/577/114 120/578/120 119/579/119
f 114/580/114 109/581/109 120/582/120
f 109/583/109 115/584/115 120/585/120
f 115/586/115 116/587/116 121/588/121
f 116/589/116 122/590/122 121/591/121
f 116/592/116 117/593/117 122/594/122
f 117/595/117 123/596/123 122/597/122
f 117/598/117 118/599/118 123/600/123
f 118/601/118 124/602/124 123/603/123
f 118/604/118 119/605/119 124/606/124
f 119/607/119 125/608/125 124/609/124
f 119/610/119 120/611/120 125/612/125
f 120/613/120 126/614/126 125/615/125
f 120/616/120 115/617/115 126/618/126
f 115/619/115 121/620/121 126/621/126
f 121/622/121 122/623/122 127/624/127
f 122/625/122 128/626/128 127/627/127
f 122/628/122 123/629/123 128/630/128
f 123/631/123 129/632/129 128/633/128
f 123/634/123 124/635/124 129/636/129
f 124/637/124 130/638/130 129/639/129
f 124/640/124 125/641/125 130/642/130
f 125/643/125 131/644/131 130/645/130
f 125/646/125 126/647/126 131/648/131
f 126/649/126 132/650/132 131/651/131
f 126/652/126 121/653/121 132/654/132
f 121/655/121 127/656/127 132/657/132
f 133/658/133 134/659/134 139/660/139
f 134/661/134 140/662/140 139/663/139
f 134/664/134 135/665/135 140/666/140
f 135/667/135 141/668/141 140/669/140
f 135/670/135 136/671/136 141/672/141
f 136/673/136 142/674/142 141/675/141
f 136/676/136 137/677/137 142/678/142
f 137/679/137 143/680/143 142/681/142
f 137/682/137 138/683/138 143/684/143
f 138/685/138 144/686/144 143/687/143
f 138/688/138 133/689/133 144/690/144
f 133/691/133 139/692/139 144/693/144
f 139/694/139 140/695/140 145/696/145
f 140/697/140 146/698/146 145/699/145
f 140/700/140 141/701/141 146/702/146
f 141/703/141 142/704/142 146/705/146
f 142/706/142 147/707/147 146/708/146
f 142/709/142 143/710/143 147/711/147
f 143/712/143 148/713/148 147/714/147
f 143/715/143 144/716/144 148/717/148
f 144/718/144 139/719/139 148/720/148
f 139/721/139 145/722/145 148/723/148
f 149/724/149 150/725/150 153/726/153
f 150/727/150 154/728/154 153/729/153
f 150/730/150 151/731/151 154/732/154
f 151/733/151 155/734/155 154/735/154
f 151/736/151 152/737/152 155/738/155
f 152/739/152 156/740/156 155/741/155
f 152/742/152 149/743/149 156/744/156
f 149/745/149 153/746/153 156/747/156
f 153/748/153 154/749/154 157/750/157
f 154/751/154 158/752/158 157/753/157
f 154/754/154 155/755/155 158/756/158
f 155/757/155 159/758/159 158/759/158
f 155/760/155 156/761/156 159/762/159
f 156/763/156 160/764/160 159/765/159
f 156/766/156 153/767/153 160/768/160
f 153/769/153 157/770/157 160/771/160
f 127/772/127 128/773/128 161/774/161
f 128/775/128 162/776/162 161/777/161
f 128/778/128 129/779/129 162/780/162
f 129/781/129 130/782/130 162/783/162
f 130/784/130 163/785/163 162/786/162
f 130/787/130 131/788/131 163/789/163
f 131/790/131 164/791/164 163/792/163
f 131/793/131 132/794/132 164/795/164
f 132/796/132 127/797/127 164/798/164
f 127/799/127 161/800/161 164/801/164
f 161/802/161 162/803/162 165/804/165
f 162/805/162 166/806/166 165/807/165
f 162/808/162 163/809/163 166/810/166
f 163/811/163 167/812/167 166/813/166
f 163/814/163 164/815/164 167/816/167
f 164/817/164 168/818/168 167/819/167
f 164/820/164 161/821/161 168/822/168
f 161/823/161 165/824/165 168/825/168
f 97/826/97 98/827/98 169/828/169
f 98/829/98 170/830/170 169/831/169
f 98/832/98 99/833/99 170/834/170
f 99/835/99 171/836/171 170/837/170
f 99/838/99 100/839/100 171/840/171
f 100/841/100 172/842/172 171/843/171
f 100/844/100 101/845/101 172/846/172
f 101/847/101 173/848/173 172/849/172
f 101/850/101 102/851/102 173/852/173
f 102/853/102 174/854/174 173/855/173
f 102/856/102 97/857/97 174/858/174
f 97/859/97 169/860/169 174/861/174
f 175/862/175 176/863/176 179/864/179
f 176/865/176 180/866/180 179/867/179
f 176/868/176 177/869/177 180/870/180
f 177/871/177 181/872/181 180/873/180
f 177/874/177 178/875/178 181/876/181
f 178/877/178 182/878/182 181/879/181
f 178/880/178 175/881/175 182/882/182
f 175/883/175 179/884/179 182/885/182
f 169/886/169 170/887/170 183/888/183
f 170/889/170 184/890/184 183/891/183
f 170/892/170 171/893/171 184/894/184
f 171/895/171 185/896/185 184/897/184
f 171/898/171 172/899/172 185/900/185
f 172/901/172 186/902/186 185/903/185
f 172/904/172 173/905/173 186/906/186
f 173/907/173 187/908/187 186/909/186
f 173/910/173 174/911/174 187/912/187
f 174/913/174 188/914/188 187/915/187
f 174/916/174 169/917/169 188/918/188
f 169/919/169 183/920/183 188/921/188
f 183/922/183 184/923/184 189/924/189
f 184/925/184 190/926/190 189/927/189
f 184/928/184 185/929/185 190/930/190
f 185/931/185 191/932/191 190/933/190
f 185/934/185 186/935/186 191/936/191
f 186/937/186 192/938/192 191/939/191
f 186/940/186 187/941/187 192/942/192
f 187/943/187 193/944/193 192/945/192
f 187/946/187 188/947/188 193/948/193
f 188/949/188 194/950/194 193/951/193
f 188/952/188 183/953/183 194/954/194
f 183/955/183 189/956/189 194/957/194
f 189/958/189 190/959/190 195/960/195
f 190/961/190 196/962/196 195/963/195
f 190/964/190 191/965/191 196/966/196
f 191/967/191 192/968/192 196/969/196
f 192/970/192 197/971/197 196/972/196
f 192/973/192 193/974/193 197/975/197
f 193/976/193 198/977/198 197/978/197
f 193/979/193 194/980/194 198/981/198
f 194/982/194 189/983/189 198/984/198
f 189/985/189 195/986/195 198/987/198
f 199/988/199 200/989/200 203/990/203
f 200/991/200 204/992/204 203/993/203
f 200/994/200 201/995/201 204/996/204
f 201/997/201 205/998/205 204/999/204
f 201/1000/201 202/1001/202 205/1002/205
f 202/1003/202 206/1004/206 205/1005/205
f 202/1006/202 199/1007/199 206/1008/206
f 199/1009/199 203/1010/203 206/1011/206
f 203/1012/203 204/1013/204 207/1014/207
f 204/1015/204 208/1016/208 207/1017/207
f 204/1018/204 205/1019/205 208/1020/208
f 205/1021/205 209/1022/209 208/1023/208
f 205/1024/205 206/1025/206 209/1026/209
f 206/1027/206 210/1028/210 209/1029/209
f 206/1030/206 203/1031/203 210/1032/210
f 203/1033/203 207/1034/207 210/1035/210
f 211/1036/211 212/1037/212 217/1038/217
f 212/1039/212 218/1040/218 217/1041/217
f 212/1042/212 213/1043/213 218/1044/218
f 213/1045/213 219/1046/219 218/1047/218
f 213/1048/213 214/1049/214 219/1050/219
f 214/1051/214 220/1052/220 219/1053/219
f 214/1054/214 215/1055/215 220/1056/220
f 215/1057/215 221/1058/221 220/1059/220
f 215/1060/215 216/1061/216 221/1062/221
f 216/1063/216 222/1064/222 221/1065/221
f 216/1066/216 211/1067/211 222/1068/222
f 211/1069/211 217/1070/217 222/1071/222
f 223/1072/223 224/1073/224 227/1074/227
f 224/1075/224 228/1076/228 227/1077/227
f 224/1078/224 225/1079/225 228/1080/228
f 225/1081/225 229/1082/229 228/1083/228
f 225/1084/225 226/1085/226 229/1086/229
f 226/1087/226 230/1088/230 229/1089/229
f 226/1090/226 223/1091/223 230/1092/230
f 223/1093/223 227/1094/227 230/1095/230
f 217/1096/217 218/1097/218 231/1098/231
f 218/1099/218 232/1100/232 231/1101/231
f 218/1102/218 219/1103/219 232/1104/232
f 219/1105/219 220/1106/220 232/1107/232
f 220/1108/220 233/1109/233 232/1110/232
f 220/1111/220 221/1112/221 233/1113/233
f 221/1114/221 234/1115/234 233/1116/233
f 221/1117/221 222/1118/222 234/1119/234
f 222/1120/222 217/1121/217 234/1122/234
f 217/1123/217 231/1124/231 234/1125/234
f 235/1126/235 236/1127/236 239/1128/239
f 236/1129/236 240/1130/240 239/1131/239
f 236/1132/236 237/1133/237 240/1134/240
f 237/1135/237 241/1136/241 240/1137/240
f 237/1138/237 238/1139/238 241/1140/241
f 238/1141/238 242/1142/242 241/1143/241
f 238/1144/238 235/1145/235 242/1146/242
f 235/1147/235 239/1148/239 242/1149/242
f 249/1150/249 250/1151/250 253/1152/253
f 250/1153/250 254/1154/254 253/1155/253
f 250/1156/250 251/1157/251 254/1158/254
f 251/1159/251 255/1160/255 254/1161/254
f 251/1162/251 252/1163/252 255/1164/255
f 252/1165/252 256/1166/256 255/1167/255
f 252/1168/252 249/1169/249 256/1170/256
f 249/1171/249 253/1172/253 256/1173/256
f 243/1174/243 244/1175/244 257/1176/257
f 244/1177/244 258/1178/258 257/1179/257
f 244/1180/244 245/1181/245 258/1182/258
f 245/1183/245 246/1184/246 258/1185/258
f 246/1186/246 259/1187/259 258/1188/258
f 246/1189/246 247/1190/247 259/1191/259
f 247/1192/247 260/1193/260 259/1194/259
f 247/1195/247 248/1196/248 260/1197/260
f 248/1198/248 243/1199/243 260/1200/260
f 243/1201/243 257/1202/257 260/1203/260
f 261/1204/261 262/1205/262 265/1206/265
f 262/1207/262 266/1208/266 265/1209/265
f 262/1210/262 263/1211/263 266/1212/266
f 263/1213/263 267/1214/267 266/1215/266
f 263/1216/263 264/1217/264 267/1218/267
f 264/1219/264 268/1220/268 267/1221/267
f 264/1222/264 261/1223/261 268/1224/268
f 261/1225/261 265/1226/265 268/1227/268
f 269/1228/269 270/1229/270 275/1230/275
f 270/1231/270 276/1232/276 275/1233/275
f 270/1234/270 271/1235/271 276/1236/276
f 271/1237/271 277/1238/277 276/1239/276
f 271/1240/271 272/1241/272 277/1242/277
f 272/1243/272 278/1244/278 277/1245/277
f 272/1246/272 273/1247/273 278/1248/278
f 273/1249/273 279/1250/279 278/1251/278
f 273/1252/273 274/1253/274 279/1254/279
f 274/1255/274 280/1256/280 279/1257/279
f 274/1258/274 269/1259/269 280/1260/280
f 269/1261/269 275/1262/275 280/1263/280
f 275/1264/275 276/1265/276 281/1266/281
f 276/1267/276 282/1268/282 281/1269/281
f 276/1270/276 277/1271/277 282/1272/282
f 277/1273/277 278/1274/278 282/1275/282
f 278/1276/278 283/1277/283 282/1278/282
f 278/1279/278 279/1280/279 283/1281/283
f 279/1282/279 284/1283/284 283/1284/283
f 279/1285/279 280/1286/280 284/1287/284
f 280/1288/280 275/1289/275 284/1290/284
f 275/1291/275 281/1292/281 284/1293/284
o Leaves
v -9.3399 26.8489 -3.1491
v -7.9190 26.8489 0.2515
v -3.9838 29.6602 -1.3929
v -9.3399 26.8489 -3.1491
v -3.9838 29.6602 -1.3929
v -5.4047 29.6602 -4.7935
v -7.5993 26.6397 0.2652
v -4.1987 26.6397 -1.1558
v -5.7244 29.8695 -4.8072
v -7.5993 26.6397 0.2652
v -5.7244 29.8695 -4.8072
v -9.1250 29.8695 -3.3863
v 5.1899 18.5238 -3.7815
v 2.7657 18.5238 -6.5479
v 0.9233 20.9748 -4.9333
v 5.1899 18.5238 -3.7815
v 0.9233 20.9748 -4.9333
v 3.3475 20.9748 -2.1670
v 3.4188 18.9731 -6.7346
v 0.6525 18.9731 -4.3104
v 2.6944 20.5255 -1.9803
v 3.4188 18.9731 -6.7346
v 2.6944 20.5255 -1.9803
v 5.4607 20.5255 -4.4045
v -7.2845 19.1263 5.5343
v -4.3704 19.1263 2.5768
v -6.8743 20.8649 0.1096
v -7.2845 19.1263 5.5343
v -6.8743 20.8649 0.1096
v -9.7884 20.8649 3.0671
v -4.5275 18.7680 3.1899
v -7.4850 18.7680 0.2757
v -9.6313 21.2232 2.4540
v -4.5275 18.7680 3.1899
v -9.6313 21.2232 2.4540
v -6.6738 21.2232 5.3681
v 5.0488 20.1431 0.5060
v 4.2110 20.1431 4.2503
v 7.1117 22.4644 4.8994
v 5.0488 20.1431 0.5060
v 7.1117 22.4644 4.8994
v 7.9495 22.4644 1.1551
v 3.8247 20.6155 3.9971
v 7.5691 20.6155 4.8349
v 8.3358 21.9919 1.4083
v 3.8247 20.6155 3.9971
v 8.3358 21.9919 1.4083
v 4.5915 21.9919 0.5705
v 2.4323 31.9534 -2.1327
v -1.4421 31.9534 -1.4317
v -1.0214 34.8561 0.8933
v 2.4323 31.9534 -2.1327
v -1.0214 34.8561 0.8933
v 2.8530 34.8561 0.1923
v -1.1947 32.3937 -2.2765
v -0.4937 32.3937 1.5979
v 2.6056 34.4158 1.0372
v -1.1947 32.3937 -2.2765
v 2.6056 34.4158 1.0372
v 1.9046 34.4158 -2.8373
v -7.8947 11.6138 -10.7471
v -7.6916 11.6138 -7.4772
v -5.3420 14.7607 -7.6231
v -7.8947 11.6138 -10.7471
v -5.3420 14.7607 -7.6231
v -5.5451 14.7607 -10.8930
v -8.1522 12.0901 -7.4565
v -4.8823 12.0901 -7.6596
v -5.0845 14.2844 -10.9137
v -8.1522 12.0901 -7.4565
v -5.0845 14.2844 -10.9137
v -8.3543 14.2844 -10.7106
v 6.4281 9.9557 8.7098
v 2.1414 9.9557 10.1266
v 2.9433 11.8893 12.5528
v 6.4281 9.9557 8.7098
v 2.9433 11.8893 12.5528
v 7.2300 11.8893 11.1360
v 2.6881 10.0720 8.9141
v 4.1048 10.0720 13.2007
v 6.6833 11.7730 12.3485
v 2.6881 10.0720 8.9141
v 6.6833 11.7730 12.3485
v 5.2666 11.7730 8.0619
v -3.9058 28.0827 9.0511
v -0.2960 28.0827 6.0733
v -2.0971 32.4092 3.8899
v -3.9058 28.0827 9.0511
v -2.0971 32.4092 3.8899
v -5.7069 32.4092 6.8677
v 0.1904 28.9009 6.8706
v -2.7874 28.9009 3.2608
v -6.1933 31.5910 6.0704
v 0.1904 28.9009 6.8706
v -6.1933 31.5910 6.0704
v -3.2155 31.5910 9.6802
v -3.9272 23.3469 -7.2949
v -1.3755 23.3469 -4.9669
v 1.0129 27.2883 -7.5848
v -3.9272 23.3469 -7.2949
v 1.0129 27.2883 -7.5848
v -1.5387 27.2883 -9.9128
v -1.4775 23.1667 -5.1206
v 0.8505 23.1667 -7.6722
v -1.4368 27.4685 -9.7591
v -1.4775 23.1667 -5.1206
v -1.4368 27.4685 -9.7591
v -3.7648 27.4685 -7.2074
v -7.4480 16.4617 2.1845
v -8.0527 16.4617 5.6606
v -4.0466 18.6006 6.3575
v -7.4480 16.4617 2.1845
v -4.0466 18.6006 6.3575
v -3.4419 18.6006 2.8815
v -7.8528 16.7053 6.0806
v -4.3767 16.7053 6.6854
v -3.6418 18.3569 2.4614
v -7.8528 16.7053 6.0806
v -3.6418 18.3569 2.4614
v -7.1179 18.3569 1.8566
v 9.2380 13.6401 -5.0631
v 6.3768 13.6401 -2.5593
v 7.9897 16.5983 -0.7162
v 9.2380 13.6401 -5.0631
v 7.9897 16.5983 -0.7162
v 10.8509 16.5983 -3.2200
v 6.5531 13.5280 -3.6125
v 9.0569 13.5280 -0.7513
v 10.6746 16.7105 -2.1668
v 6.5531 13.5280 -3.6125
v 10.6746 16.7105 -2.1668
v 8.1708 16.7105 -5.0280
v 4.7193 13.5615 8.3264
v 7.8018 13.5615 5.8716
v 5.8571 15.5663 3.4296
v 4.7193 13.5615 8.3264
v 5.8571 15.5663 3.4296
v 2.7746 15.5663 5.8844
v 7.4475 13.1421 6.6771
v 4.9928 13.1421 3.5946
v 3.1289 15.9858 5.0790
v 7.4475 13.1421 6.6771
v 3.1289 15.9858 5.0790
v 5.5836 15.9858 8.1614
v -8.7643 20.0867 -13.3940
v -7.5948 20.0867 -8.8027
v -5.2293 22.2249 -9.4052
v -8.7643 20.0867 -13.3940
v -5.2293 22.2249 -9.4052
v -6.3988 22.2249 -13.9965
v -9.0697 19.8076 -9.9399
v -4.4783 19.8076 -11.1094
v -4.9240 22.5039 -12.8593
v -9.0697 19.8076 -9.9399
v -4.9240 22.5039 -12.8593
v -9.5154 22.5039 -11.6898
v -2.1413 24.4916 6.5839
v 1.3901 24.4916 8.4019
v 3.0207 26.9327 5.2345
v -2.1413 24.4916 6.5839
v 3.0207 26.9327 5.2345
v -0.5107 26.9327 3.4165
v 0.6544 23.9614 8.2534
v 2.4724 23.9614 4.7220
v 0.2250 27.4629 3.5650
v 0.6544 23.9614 8.2534
v 0.2250 27.4629 3.5650
v -1.5930 27.4629 7.0964
v 6.2401 14.1661 -9.2674
v 2.7848 14.1661 -10.7531
v 1.5068 16.4342 -7.7808
v 6.2401 14.1661 -9.2674
v 1.5068 16.4342 -7.7808
v 4.9621 16.4342 -6.2951
v 3.1063 14.2041 -10.9010
v 1.6206 14.2041 -7.4457
v 4.6406 16.3962 -6.1472
v 3.1063 14.2041 -10.9010
v 4.6406 16.3962 -6.1472
v 6.1263 16.3962 -9.6025
v -0.4788 19.6031 7.0911
v -3.6613 19.6031 8.2443
v -2.8118 22.5691 10.5886
v -0.4788 19.6031 7.0911
v -2.8118 22.5691 10.5886
v 0.3707 22.5691 9.4354
v -3.4150 19.6221 7.6810
v -2.2618 19.6221 10.8635
v 0.1244 22.5500 9.9988
v -3.4150 19.6221 7.6810
v 0.1244 22.5500 9.9988
v -1.0288 22.5500 6.8163
v -3.1064 33.0993 -8.2514
v -6.5299 33.0993 -9.1837
v -7.3982 34.8053 -5.9948
v -3.1064 33.0993 -8.2514
v -7.3982 34.8053 -5.9948
v -3.9748 34.8053 -5.0625
v -6.3017 32.9567 -9.2475
v -7.2340 32.9567 -5.8241
v -4.2029 34.9479 -4.9987
v -6.3017 32.9567 -9.2475
v -4.2029 34.9479 -4.9987
v -3.2707 34.9479 -8.4221
v -7.2012 26.6792 1.9437
v -10.0134 26.6792 3.8133
v -8.1783 28.1315 6.5738
v -7.2012 26.6792 1.9437
v -8.1783 28.1315 6.5738
v -5.3660 28.1315 4.7042
v -9.3942 25.8496 3.3643
v -7.5246 25.8496 6.1765
v -5.9853 28.9610 5.1532
v -9.3942 25.8496 3.3643
v -5.9853 28.9610 5.1532
v -7.8549 28.9610 2.3409
v -2.0442 36.9642 1.2690
v -1.8108 36.9642 -2.6366
v -5.6276 38.3936 -2.8647
v -2.0442 36.9642 1.2690
v -5.6276 38.3936 -2.8647
v -5.8610 38.3936 1.0409
v -1.8144 35.9943 -1.8314
v -5.7200 35.9943 -2.0648
v -5.8575 39.3635 0.2357
v -1.8144 35.9943 -1.8314
v -5.8575 39.3635 0.2357
v -1.9519 39.3635 0.4691
v -7.0523 13.9411 7.7976
v -11.5916 13.9411 6.7753
v -11.9659 16.7084 8.4374
v -7.0523 13.9411 7.7976
v -11.9659 16.7084 8.4374
v -7.4266 16.7084 9.4598
v -10.4180 14.6026 5.5280
v -11.4403 14.6026 10.0674
v -8.6002 16.0469 10.7070
v -10.4180 14.6026 5.5280
v -8.6002 16.0469 10.7070
v -7.5779 16.0469 6.1677
v -6.8709 16.4661 -5.5392
v -9.7779 16.4661 -3.2065
v -8.4771 18.9120 -1.5855
v -6.8709 16.4661 -5.5392
v -8.4771 18.9120 -1.5855
v -5.5701 18.9120 -3.9182
v -9.9290 16.8972 -4.1422
v -7.5963 16.8972 -1.2352
v -5.4189 18.4809 -2.9825
v -9.9290 16.8972 -4.1422
v -5.4189 18.4809 -2.9825
v -7.7516 18.4809 -5.8895
v -5.5189 26.6492 -10.0668
v -8.4430 26.6492 -12.3269
v -10.1539 28.6626 -10.1133
v -5.5189 26.6492 -10.0668
v -10.1539 28.6626 -10.1133
v -7.2298 28.6626 -7.8532
v -7.8176 26.6571 -12.4110
v -10.0777 26.6571 -9.4869
v -7.8552 28.6548 -7.7691
v -7.8176 26.6571 -12.4110
v -7.8552 28.6548 -7.7691
v -5.5951 28.6548 -10.6932
v -5.6928 21.9587 9.0779
v -6.6336 21.9587 5.4983
v -9.4824 24.4923 6.2470
v -5.6928 21.9587 9.0779
v -9.4824 24.4923 6.2470
v -8.5416 24.4923 9.8267
v -6.0840 21.6425 6.1031
v -9.6636 21.6425 7.0440
v -9.0912 24.8086 9.2218
v -6.0840 21.6425 6.1031
v -9.0912 24.8086 9.2218
v -5.5116 24.8086 8.2810
v 9.8519 19.4129 -5.8737
v 6.4310 19.4129 -7.0292
v 5.9006 22.2216 -5.4588
v 9.8519 19.4129 -5.8737
v 5.9006 22.2216 -5.4588
v 9.3215 22.2216 -4.3033
v 7.4088 19.6165 -7.7297
v 6.2533 19.6165 -4.3088
v 8.3437 22.0180 -3.6027
v 7.4088 19.6165 -7.7297
v 8.3437 22.0180 -3.6027
v 9.4992 22.0180 -7.0236
v -10.9753 16.2739 6.2000
v -13.9601 16.2739 2.8693
v -15.0319 18.4107 3.8298
v -10.9753 16.2739 6.2000
v -15.0319 18.4107 3.8298
v -12.0471 18.4107 7.1605
v -12.1259 16.8261 2.6436
v -15.4565 16.8261 5.6284
v -13.8813 17.8585 7.3862
v -12.1259 16.8261 2.6436
v -13.8813 17.8585 7.3862
v -10.5506 17.8585 4.4014
v 13.1629 19.8500 0.4524
v 12.9282 19.8500 -2.7109
v 10.3350 21.7732 -2.5185
v 13.1629 19.8500 0.4524
v 10.3350 21.7732 -2.5185
v 10.5698 21.7732 0.6448
v 13.2505 19.6103 -2.2300
v 10.0872 19.6103 -1.9953
v 10.2475 22.0128 0.1639
v 13.2505 19.6103 -2.2300
v 10.2475 22.0128 0.1639
v 13.4107 22.0128 -0.0708
v 5.5944 24.4934 -1.2603
v 2.3385 24.4934 1.1252
v 4.3204 26.6556 3.8302
v 5.5944 24.4934 -1.2603
v 4.3204 26.6556 3.8302
v 7.5762 26.6556 1.4447
v 2.6593 24.1245 0.4668
v 5.0448 24.1245 3.7227
v 7.2554 27.0245 2.1031
v 2.6593 24.1245 0.4668
v 7.2554 27.0245 2.1031
v 4.8699 27.0245 -1.1528
v 2.0779 10.5369 8.5387
v -1.6815 10.5369 9.0603
v -1.3035 13.9747 11.7844
v 2.0779 10.5369 8.5387
v -1.3035 13.9747 11.7844
v 2.4559 13.9747 11.2628
v -0.9805 10.3593 8.4354
v -0.4589 10.3593 12.1948
v 1.7549 14.1523 11.8877
v -0.9805 10.3593 8.4354
v 1.7549 14.1523 11.8877
v 1.2333 14.1523 8.1283
v -7.7438 31.2205 5.6304
v -9.6014 31.2205 1.8943
v -11.5830 34.4758 2.8796
v -7.7438 31.2205 5.6304
v -11.5830 34.4758 2.8796
v -9.7254 34.4758 6.6157
v -8.3116 31.2579 2.2878
v -12.0478 31.2579 4.1455
v -11.0152 34.4385 6.2222
v -8.3116 31.2579 2.2878
v -11.0152 34.4385 6.2222
v -7.2790 34.4385 4.3645
v 3.3249 28.4375 -4.4246
v 6.3082 28.4375 -6.5945
v 4.7949 30.9642 -8.6750
v 3.3249 28.4375 -4.4246
v 4.7949 30.9642 -8.6750
v 1.8117 30.9642 -6.5051
v 5.9079 28.1645 -5.6132
v 3.7380 28.1645 -8.5964
v 2.2119 31.2372 -7.4864
v 5.9079 28.1645 -5.6132
v 2.2119 31.2372 -7.4864
v 4.3819 31.2372 -4.5032
v 5.2777 18.8076 -6.7437
v 7.2549 18.8076 -9.9029
v 3.9078 22.8135 -11.9976
v 5.2777 18.8076 -6.7437
v 3.9078 22.8135 -11.9976
v 1.9307 22.8135 -8.8384
v 7.3259 19.0269 -10.2252
v 4.1667 19.0269 -12.2024
v 1.8597 22.5942 -8.5160
v 7.3259 19.0269 -10.2252
v 1.8597 22.5942 -8.5160
v 5.0188 22.5942 -6.5389
v -0.1568 28.2165 0.7315
v 0.0906 28.2165 4.6339
v 2.4362 31.9103 4.4852
v -0.1568 28.2165 0.7315
v 2.4362 31.9103 4.4852
v 2.1889 31.9103 0.5829
v -0.6938 28.9101 4.5890
v 3.2086 28.9101 4.3416
v 2.9732 31.2166 0.6278
v -0.6938 28.9101 4.5890
v 2.9732 31.2166 0.6278
v -0.9292 31.2166 0.8751
v -9.2883 21.2076 0.2918
v -8.3788 21.2076 -3.2988
v -11.8526 23.7627 -4.1787
v -9.2883 21.2076 0.2918
v -11.8526 23.7627 -4.1787
v -12.7620 23.7627 -0.5880
v -8.3745 21.0085 -3.0703
v -11.9652 21.0085 -3.9797
v -12.7663 23.9618 -0.8165
v -8.3745 21.0085 -3.0703
v -12.7663 23.9618 -0.8165
v -9.1757 23.9618 0.0929
v -7.1361 13.7705 3.9349
v -2.6874 13.7705 2.9943
v -3.4134 16.7919 -0.4397
v -7.1361 13.7705 3.9349
v -3.4134 16.7919 -0.4397
v -7.8622 16.7919 0.5009
v -3.0108 13.8667 3.5928
v -3.9514 13.8667 -0.8560
v -7.5388 16.6958 -0.0975
v -3.0108 13.8667 3.5928
v -7.5388 16.6958 -0.0975
v -6.5982 16.6958 4.3512
v -12.4101 14.2860 -0.7116
v -8.4660 14.2860 1.0068
v -7.5267 17.7337 -1.1490
v -12.4101 14.2860 -0.7116
v -7.5267 17.7337 -1.1490
v -11.4709 17.7337 -2.8674
v -9.1665 14.9749 1.7655
v -7.4480 14.9749 -2.1786
v -10.7703 17.0448 -3.6261
v -9.1665 14.9749 1.7655
v -10.7703 17.0448 -3.6261
v -12.4888 17.0448 0.3180
v -3.2539 27.1572 -13.6226
v -5.2326 27.1572 -9.8189
v -2.4684 29.7732 -8.3811
v -3.2539 27.1572 -13.6226
v -2.4684 29.7732 -8.3811
v -0.4898 29.7732 -12.1848
v -5.4393 27.0545 -10.6911
v -1.6356 27.0545 -8.7124
v -0.2830 29.8759 -11.3126
v -5.4393 27.0545 -10.6911
v -0.2830 29.8759 -11.3126
v -4.0867 29.8759 -13.2913
v -4.9514 26.5559 -5.2756
v -4.2413 26.5559 -9.3563
v -7.5547 27.9203 -9.9329
v -4.9514 26.5559 -5.2756
v -7.5547 27.9203 -9.9329
v -8.2648 27.9203 -5.8523
v -4.0032 25.8966 -8.4532
v -8.0838 25.8966 -9.1634
v -8.5029 28.5796 -6.7554
v -4.0032 25.8966 -8.4532
v -8.5029 28.5796 -6.7554
v -4.4223 28.5796 -6.0452
v 0.4886 15.4253 -5.4561
v 3.7951 15.4253 -6.0586
v 3.1530 16.9083 -9.5825
v 0.4886 15.4253 -5.4561
v 3.1530 16.9083 -9.5825
v -0.1535 16.9083 -8.9800
v 3.6849 15.0561 -6.1508
v 3.0824 15.0561 -9.4574
v -0.0433 17.2776 -8.8878
v 3.6849 15.0561 -6.1508
v -0.0433 17.2776 -8.8878
v 0.5592 17.2776 -5.5812
v 5.6326 28.7358 2.1370
v 2.5863 28.7358 1.7735
v 2.3417 31.8627 3.8237
v 5.6326 28.7358 2.1370
v 2.3417 31.8627 3.8237
v 5.3880 31.8627 4.1872
v 2.7713 29.0627 1.2905
v 2.4078 29.0627 4.3368
v 5.2031 31.5358 4.6703
v 2.7713 29.0627 1.2905
v 5.2031 31.5358 4.6703
v 5.5665 31.5358 1.6239
v -10.9113 29.7944 -6.9476
v -10.7208 29.7944 -3.4669
v -8.3954 32.4328 -3.5941
v -10.9113 29.7944 -6.9476
v -8.3954 32.4328 -3.5941
v -8.5859 32.4328 -7.0749
v -11.3342 29.7323 -4.0872
v -7.8534 29.7323 -4.2777
v -7.9726 32.4948 -6.4546
v -11.3342 29.7323 -4.0872
v -7.9726 32.4948 -6.4546
v -11.4533 32.4948 -6.2641
v 8.9984 11.3574 4.8515
v 9.0132 11.3574 0.6231
v 5.5656 13.5529 0.6110
v 8.9984 11.3574 4.8515
v 5.5656 13.5529 0.6110
v 5.5508 13.5529 4.8394
v 9.4018 11.1696 1.1499
v 5.1733 11.1696 1.1351
v 5.1622 13.7407 4.3126
v 9.4018 11.1696 1.1499
v 5.1622 13.7407 4.3126
v 9.3907 13.7407 4.3274
v 1.5269 35.1642 4.6024
v 2.9857 35.1642 1.9895
v 1.0338 38.3204 0.8997
v 1.5269 35.1642 4.6024
v 1.0338 38.3204 0.8997
v -0.4251 38.3204 3.5126
v 3.4097 35.7986 2.0067
v 0.7968 35.7986 0.5478
v -0.8490 37.6860 3.4955
v 3.4097 35.7986 2.0067
v -0.8490 37.6860 3.4955
v 1.7639 37.6860 4.9544
v 1.1604 29.2529 -7.2044
v 4.9826 29.2529 -7.6132
v 4.7062 30.3510 -10.1981
v 1.1604 29.2529 -7.2044
v 4.7062 30.3510 -10.1981
v 0.8840 30.3510 -9.7893
v 4.2223 28.9068 -6.9061
v 3.8135 28.9068 -10.7283
v 1.6444 30.6971 -10.4963
v 4.2223 28.9068 -6.9061
v 1.6444 30.6971 -10.4963
v 2.0532 30.6971 -6.6741
v -2.5596 19.1508 -5.7754
v 0.2444 19.1508 -8.7337
v -1.1495 22.3782 -10.0549
v -2.5596 19.1508 -5.7754
v -1.1495 22.3782 -10.0549
v -3.9535 22.3782 -7.0966
v 0.5747 19.4923 -7.5155
v -2.3835 19.4923 -10.3195
v -4.2838 22.0368 -8.3148
v 0.5747 19.4923 -7.5155
v -4.2838 22.0368 -8.3148
v -1.3255 22.0368 -5.5107
v -4.3147 28.5793 -2.6531
v -0.0948 28.5793 -4.1570
v -1.1164 30.5533 -7.0234
v -4.3147 28.5793 -2.6531
v -1.1164 30.5533 -7.0234
v -5.3362 30.5533 -5.5195
v -0.5480 28.5510 -3.2328
v -2.0519 28.5510 -7.4527
v -4.8830 30.5816 -6.4437
v -0.5480 28.5510 -3.2328
v -4.8830 30.5816 -6.4437
v -3.3791 30.5816 -2.2239
v 1.4944 12.2869 9.5229
v 5.3232 12.2869 8.6203
v 4.8336 15.5634 6.5435
v 1.4944 12.2869 9.5229
v 4.8336 15.5634 6.5435
v 1.0048 15.5634 7.4461
v 4.8848 12.4688 9.6483
v 3.9822 12.4688 5.8195
v 1.4432 15.3815 6.4181
v 4.8848 12.4688 9.6483
v 1.4432 15.3815 6.4181
v 2.3458 15.3815 10.2469
v -0.9498 12.4775 6.3178
v -0.9442 12.4775 1.3466
v -4.4360 14.1820 1.3427
v -0.9498 12.4775 6.3178
v -4.4360 14.1820 1.3427
v -4.4417 14.1820 6.3138
v -0.2053 12.6314 2.0201
v -5.1764 12.6314 2.0144
v -5.1806 14.0280 5.6404
v -0.2053 12.6314 2.0201
v -5.1806 14.0280 5.6404
v -0.2094 14.0280 5.6461
v 0.0259 32.6862 6.5652
v -0.2349 32.6862 2.7168
v -3.8884 36.0529 2.9644
v 0.0259 32.6862 6.5652
v -3.8884 36.0529 2.9644
v -3.6276 36.0529 6.8128
v -0.1301 32.6744 2.8185
v -3.9785 32.6744 3.0793
v -3.7324 36.0647 6.7111
v -0.1301 32.6744 2.8185
v -3.7324 36.0647 6.7111
v 0.1160 36.0647 6.4503
v -10.1473 20.9886 2.1713
v -6.9512 20.9886 3.3590
v -5.9761 22.6813 0.7350
v -10.1473 20.9886 2.1713
v -5.9761 22.6813 0.7350
v -9.1723 22.6813 -0.4527
v -7.3121 21.0468 3.5504
v -6.1244 21.0468 0.3543
v -8.8114 22.6231 -0.6441
v -7.3121 21.0468 3.5504
v -8.8114 22.6231 -0.6441
v -9.9990 22.6231 2.5520
v -6.5565 15.0053 -11.0260
v -3.9746 15.0053 -13.3633
v -5.2702 17.8909 -14.7946
v -6.5565 15.0053 -11.0260
v -5.2702 17.8909 -14.7946
v -7.8521 17.8909 -12.4573
v -3.7264 15.3866 -12.5412
v -6.0637 15.3866 -15.1231
v -8.1003 17.5096 -13.2794
v -3.7264 15.3866 -12.5412
v -8.1003 17.5096 -13.2794
v -5.7630 17.5096 -10.6975
v 9.3402 20.2984 2.2247
v 9.9890 20.2984 -1.2446
v 6.8619 22.7364 -1.8293
v 9.3402 20.2984 2.2247
v 6.8619 22.7364 -1.8293
v 6.2131 22.7364 1.6399
v 10.0382 19.8436 -0.5612
v 6.5690 19.8436 -1.2100
v 6.1639 23.1911 0.9566
v 10.0382 19.8436 -0.5612
v 6.1639 23.1911 0.9566
v 9.6331 23.1911 1.6054
v -1.7874 19.3385 2.1357
v -1.1548 19.3385 6.6431
v 2.6652 21.1472 6.1069
v -1.7874 19.3385 2.1357
v 2.6652 21.1472 6.1069
v 2.0326 21.1472 1.5996
v -1.6316 18.5696 5.7432
v 2.8758 18.5696 5.1106
v 2.5093 21.9161 2.4995
v -1.6316 18.5696 5.7432
v 2.5093 21.9161 2.4995
v -1.9980 21.9161 3.1320
v -1.9945 33.0950 -1.5534
v -5.4484 33.0950 0.4761
v -3.4527 35.0734 3.8724
v -1.9945 33.0950 -1.5534
v -3.4527 35.0734 3.8724
v 0.0012 35.0734 1.8429
v -5.1042 32.5517 0.2351
v -3.0747 32.5517 3.6890
v -0.3431 35.6166 2.0839
v -5.1042 32.5517 0.2351
v -0.3431 35.6166 2.0839
v -2.3726 35.6166 -1.3700
v 8.0252 11.2995 -4.9108
v 4.9678 11.2995 -0.8816
v 7.1736 12.4957 0.7922
v 8.0252 11.2995 -4.9108
v 7.1736 12.4957 0.7922
v 10.2310 12.4957 -3.2371
v 4.8077 11.1091 -2.5639
v 8.8369 11.1091 0.4935
v 10.3911 12.6861 -1.5547
v 4.8077 11.1091 -2.5639
v 10.3911 12.6861 -1.5547
v 6.3618 12.6861 -4.6121
v -3.9788 37.0096 -0.0862
v -1.5219 37.0096 2.8180
v 2.4337 38.9476 -0.5284
v -3.9788 37.0096 -0.0862
v 2.4337 38.9476 -0.5284
v -0.0232 38.9476 -3.4326
v -0.7295 36.4650 2.6885
v 2.1747 36.4650 0.2316
v -0.8156 39.4922 -3.3031
v -0.7295 36.4650 2.6885
v -0.8156 39.4922 -3.3031
v -3.7198 39.4922 -0.8462
v -4.4517 22.8649 -12.6413
v -1.8206 22.8649 -9.2524
v 0.9877 24.5814 -11.4327
v -4.4517 22.8649 -12.6413
v 0.9877 24.5814 -11.4327
v -1.6434 24.5814 -14.8216
v -2.2958 23.0178 -9.2652
v 1.0931 23.0178 -11.8963
v -1.1682 24.4285 -14.8088
v -2.2958 23.0178 -9.2652
v -1.1682 24.4285 -14.8088
v -4.5571 24.4285 -12.1777
v -0.8893 14.4843 -3.4597
v -4.2908 14.4843 -4.3382
v -5.1830 16.8138 -0.8836
v -0.8893 14.4843 -3.4597
v -5.1830 16.8138 -0.8836
v -1.7815 16.8138 -0.0052
v -3.8963 13.9943 -4.2080
v -4.7747 13.9943 -0.8065
v -2.1760 17.3038 -0.1353
v -3.8963 13.9943 -4.2080
v -2.1760 17.3038 -0.1353
v -1.2976 17.3038 -3.5369
v -8.8964 26.4695 0.9227
v -13.3987 26.4695 0.6770
v -13.5105 29.5065 2.7253
v -8.8964 26.4695 0.9227
v -13.5105 29.5065 2.7253
v -9.0082 29.5065 2.9711
v -12.7184 27.1712 -0.5166
v -12.9642 27.1712 3.9858
v -9.6885 28.8049 4.1646
v -12.7184 27.1712 -0.5166
v -9.6885 28.8049 4.1646
v -9.4427 28.8049 -0.3378
v 10.9028 18.1488 1.4256
v 9.6568 18.1488 5.4467
v 11.5335 20.6870 6.0282
v 10.9028 18.1488 1.4256
v 11.5335 20.6870 6.0282
v 12.7796 20.6870 2.0071
v 8.7692 18.7996 4.5185
v 12.7904 18.7996 5.7646
v 13.6671 20.0362 2.9353
v 8.7692 18.7996 4.5185
v 13.6671 20.0362 2.9353
v 9.6460 20.0362 1.6892
v 2.9487 26.7485 3.7819
v 0.7369 26.7485 7.3496
v 3.9339 30.5603 9.3315
v 2.9487 26.7485 3.7819
v 3.9339 30.5603 9.3315
v 6.1457 30.5603 5.7638
v 0.4517 27.2639 7.3957
v 4.0194 27.2639 9.6074
v 6.4308 30.0449 5.7177
v 0.4517 27.2639 7.3957
v 6.4308 30.0449 5.7177
v 2.8631 30.0449 3.5059
v 5.7242 13.6086 2.3202
v 9.7224 13.6086 1.8797
v 9.3195 15.8096 -1.7777
v 5.7242 13.6086 2.3202
v 9.3195 15.8096 -1.7777
v 5.3213 15.8096 -1.3373
v 9.0671 13.0301 2.1244
v 8.6266 13.0301 -1.8739
v 5.9767 16.3881 -1.5820
v 9.0671 13.0301 2.1244
v 5.9767 16.3881 -1.5820
v 6.4171 16.3881 2.4163
v 0.8625 19.1425 12.0194
v -1.1111 19.1425 8.7960
v -4.5096 21.7060 10.8768
v 0.8625 19.1425 12.0194
v -4.5096 21.7060 10.8768
v -2.5361 21.7060 14.1002
v -1.0680 18.7141 9.0630
v -4.2914 18.7141 11.0365
v -2.5791 22.1343 13.8332
v -1.0680 18.7141 9.0630
v -2.5791 22.1343 13.8332
v 0.6443 22.1343 11.8597
v -4.4809 14.9097 -7.9850
v -7.7993 14.9097 -7.1876
v -7.0158 17.4578 -3.9268
v -4.4809 14.9097 -7.9850
v -7.0158 17.4578 -3.9268
v -3.6974 17.4578 -4.7243
v -7.8250 14.9768 -7.2120
v -7.0276 14.9768 -3.8935
v -3.6717 17.3908 -4.6999
v -7.8250 14.9768 -7.2120
v -3.6717 17.3908 -4.6999
v -4.4691 17.3908 -8.0184
v -9.4037 27.9493 0.9745
v -7.5609 27.9493 4.4718
v -4.7283 31.9683 2.9791
v -9.4037 27.9493 0.9745
v -4.7283 31.9683 2.9791
v -6.5711 31.9683 -0.5181
v -7.9287 28.2297 4.5794
v -4.4315 28.2297 2.7366
v -6.2033 31.6879 -0.6258
v -7.9287 28.2297 4.5794
v -6.2033 31.6879 -0.6258
v -9.7005 31.6879 1.2171
v -6.8497 22.9797 -3.3253
v -3.0153 22.9797 -3.9766
v -3.5076 26.9231 -6.8755
v -6.8497 22.9797 -3.3253
v -3.5076 26.9231 -6.8755
v -7.3421 26.9231 -6.2242
v -2.6806 23.8590 -3.5522
v -3.3318 23.8590 -7.3866
v -7.6768 26.0437 -6.6487
v -2.6806 23.8590 -3.5522
v -7.6768 26.0437 -6.6487
v -7.0255 26.0437 -2.8142
v -6.6544 12.3605 -6.4413
v -9.9144 12.3605 -8.7287
v -11.8283 13.7128 -6.0009
v -6.6544 12.3605 -6.4413
v -11.8283 13.7128 -6.0009
v -8.5683 13.7128 -3.7136
v -9.1557 11.7867 -8.5935
v -11.4431 11.7867 -5.3335
v -9.3269 14.2866 -3.8487
v -9.1557 11.7867 -8.5935
v -9.3269 14.2866 -3.8487
v -7.0395 14.2866 -7.1087
v -6.8475 31.9206 6.9245
v -4.4976 31.9206 3.6117
v -7.0475 33.5541 1.8028
v -6.8475 31.9206 6.9245
v -7.0475 33.5541 1.8028
v -9.3975 33.5541 5.1157
v -4.6222 31.4054 4.5957
v -7.9350 31.4054 2.2457
v -9.2729 34.0692 4.1317
v -4.6222 31.4054 4.5957
v -9.2729 34.0692 4.1317
v -5.9600 34.0692 6.4817
v -12.5765 16.6220 4.4456
v -8.9376 16.6220 1.2409
v -11.2726 18.6459 -1.4106
v -12.5765 16.6220 4.4456
v -11.2726 18.6459 -1.4106
v -14.9116 18.6459 1.7941
v -9.1471 16.3329 2.3021
v -12.3517 16.3329 -1.3369
v -14.7021 18.9350 0.7329
v -9.1471 16.3329 2.3021
v -14.7021 18.9350 0.7329
v -11.4974 18.9350 4.3719
v 11.2902 14.1765 6.6591
v 7.6879 14.1765 4.5074
v 6.7430 17.2058 6.0893
v 11.2902 14.1765 6.6591
v 6.7430 17.2058 6.0893
v 10.3453 17.2058 8.2410
v 9.2230 14.2360 4.0537
v 7.0713 14.2360 7.6560
v 8.8102 17.1462 8.6947
v 9.2230 14.2360 4.0537
v 8.8102 17.1462 8.6947
v 10.9619 17.1462 5.0924
v -5.7042 23.6543 6.6730
v -5.7788 23.6543 10.3912
v -2.2520 26.9357 10.4619
v -5.7042 23.6543 6.6730
v -2.2520 26.9357 10.4619
v -2.1774 26.9357 6.7438
v -5.8695 23.5015 10.1380
v -2.1513 23.5015 10.2126
v -2.0868 27.0885 6.9969
v -5.8695 23.5015 10.1380
v -2.0868 27.0885 6.9969
v -5.8050 27.0885 6.9223
v 10.2527 22.2534 -7.0876
v 6.2343 22.2534 -8.6595
v 5.1638 23.9962 -5.9226
v 10.2527 22.2534 -7.0876
v 5.1638 23.9962 -5.9226
v 9.1821 23.9962 -4.3508
v 7.0583 22.3889 -9.0759
v 5.4865 22.3889 -5.0576
v 8.3581 23.8607 -3.9343
v 7.0583 22.3889 -9.0759
v 8.3581 23.8607 -3.9343
v 9.9299 23.8607 -7.9527
v 0.0961 13.3609 7.5741
v 2.1637 13.3609 4.3481
v -0.0736 15.6836 2.9142
v 0.0961 13.3609 7.5741
v -0.0736 15.6836 2.9142
v -2.1411 15.6836 6.1403
v 2.1912 13.1045 5.3934
v -1.0349 13.1045 3.3259
v -2.1687 15.9401 5.0949
v 2.1912 13.1045 5.3934
v -2.1687 15.9401 5.0949
v 1.0574 15.9401 7.1625
v 9.8072 15.6147 -5.7739
v 9.4174 15.6147 -10.6157
v 7.0846 18.9099 -10.4279
v 9.8072 15.6147 -5.7739
v 7.0846 18.9099 -10.4279
v 7.4744 18.9099 -5.5861
v 10.7695 15.6454 -9.5041
v 5.9277 15.6454 -9.1143
v 6.1223 18.8792 -6.6976
v 10.7695 15.6454 -9.5041
v 6.1223 18.8792 -6.6976
v 10.9641 18.8792 -7.0874
v -7.8998 14.5764 8.3865
v -3.7863 14.5764 9.5445
v -3.0000 16.2775 6.7514
v -7.8998 14.5764 8.3865
v -3.0000 16.2775 6.7514
v -7.1135 16.2775 5.5934
v -4.5297 14.7922 10.0477
v -3.3717 14.7922 5.9342
v -6.3700 16.0616 5.0901
v -4.5297 14.7922 10.0477
v -6.3700 16.0616 5.0901
v -7.5280 16.0616 9.2037
v -8.1867 25.9998 1.1696
v -11.6648 25.9998 2.3406
v -10.5537 27.4952 5.6406
v -8.1867 25.9998 1.1696
v -10.5537 27.4952 5.6406
v -7.0757 27.4952 4.4696
v -10.9534 25.1720 2.0020
v -9.7824 25.1720 5.4800
v -7.7871 28.3229 4.8082
v -10.9534 25.1720 2.0020
v -7.7871 28.3229 4.8082
v -8.9580 28.3229 1.3302
v -7.3570 20.9531 -10.3754
v -5.8307 20.9531 -6.1352
v -2.2564 22.3880 -7.4217
v -7.3570 20.9531 -10.3754
v -2.2564 22.3880 -7.4217
v -3.7827 22.3880 -11.6619
v -6.4662 20.1632 -6.8556
v -2.2259 20.1632 -8.3818
v -3.1472 23.1779 -10.9415
v -6.4662 20.1632 -6.8556
v -3.1472 23.1779 -10.9415
v -7.3875 23.1779 -9.4153
v -0.2530 15.4899 -11.2773
v 3.3656 15.4899 -10.9753
v 3.6829 18.0774 -14.7770
v -0.2530 15.4899 -11.2773
v 3.6829 18.0774 -14.7770
v 0.0643 18.0774 -15.0790
v 3.7077 15.9562 -11.0389
v 4.0097 15.9562 -14.6575
v -0.2778 17.6111 -15.0154
v 3.7077 15.9562 -11.0389
v -0.2778 17.6111 -15.0154
v -0.5798 17.6111 -11.3968
v -2.5979 23.7461 -2.4440
v 0.4967 23.7461 -1.1000
v 1.4556 25.9006 -3.3077
v -2.5979 23.7461 -2.4440
v 1.4556 25.9006 -3.3077
v -1.6390 25.9006 -4.6517
v 0.1205 24.1922 -0.7363
v 1.4645 24.1922 -3.8309
v -1.2628 25.4546 -5.0154
v 0.1205 24.1922 -0.7363
v -1.2628 25.4546 -5.0154
v -2.6068 25.4546 -1.9208
v 5.9943 26.9132 -1.3702
v 5.9791 26.9132 -5.8031
v 2.0221 28.7496 -5.7896
v 5.9943 26.9132 -1.3702
v 2.0221 28.7496 -5.7896
v 2.0373 28.7496 -1.3567
v 6.2178 26.9922 -5.6008
v 1.7848 26.9922 -5.5856
v 1.7986 28.6706 -1.5590
v 6.2178 26.9922 -5.6008
v 1.7986 28.6706 -1.5590
v 6.2316 28.6706 -1.5742
v -11.2291 17.0761 5.1354
v -8.9080 17.0761 8.3595
v -6.5693 19.2998 6.6758
v -11.2291 17.0761 5.1354
v -6.5693 19.2998 6.6758
v -8.8904 19.2998 3.4518
v -9.8619 16.7467 7.9681
v -6.6378 16.7467 5.6470
v -7.9364 19.6292 3.8432
v -9.8619 16.7467 7.9681
v -7.9364 19.6292 3.8432
v -11.1605 19.6292 6.1643
v 8.2752 18.2096 8.2010
v 7.6566 18.2096 3.5685
v 3.8337 20.5470 4.0790
v 8.2752 18.2096 8.2010
v 3.8337 20.5470 4.0790
v 4.4524 20.5470 8.7116
v 8.1896 17.5858 4.4746
v 3.5571 17.5858 5.0933
v 3.9193 21.1707 7.8054
v 8.1896 17.5858 4.4746
v 3.9193 21.1707 7.8054
v 8.5518 21.1707 7.1868
v -4.7598 13.7375 -13.4584
v -2.0734 13.7375 -10.3787
v 0.3302 17.6243 -12.4752
v -4.7598 13.7375 -13.4584
v 0.3302 17.6243 -12.4752
v -2.3562 17.6243 -15.5549
v -2.4568 14.1247 -10.1357
v 0.6229 14.1247 -12.8220
v -1.9728 17.2371 -15.7979
v -2.4568 14.1247 -10.1357
v -1.9728 17.2371 -15.7979
v -5.0525 17.2371 -13.1116
v 4.9469 19.8284 -2.4854
v 5.2302 19.8284 1.1574
v 7.2179 22.9074 1.0028
v 4.9469 19.8284 -2.4854
v 7.2179 22.9074 1.0028
v 6.9346 22.9074 -2.6400
v 4.3915 20.6414 1.0793
v 8.0343 20.6414 0.7961
v 7.7733 22.0944 -2.5619
v 4.3915 20.6414 1.0793
v 7.7733 22.0944 -2.5619
v 4.1305 22.0944 -2.2787
v -7.3443 33.3990 6.4544
v -3.2455 33.3990 5.9253
v -3.5950 36.4366 3.2181
v -7.3443 33.3990 6.4544
v -3.5950 36.4366 3.2181
v -7.6938 36.4366 3.7472
v -3.9542 33.3120 6.7242
v -4.4833 33.3120 2.6254
v -6.9851 36.5236 2.9483
v -3.9542 33.3120 6.7242
v -6.9851 36.5236 2.9483
v -6.4560 36.5236 7.0471
v 2.3709 34.1110 -3.1335
v 0.3787 34.1110 0.3732
v 3.3638 37.6875 2.0690
v 2.3709 34.1110 -3.1335
v 3.3638 37.6875 2.0690
v 5.3560 37.6875 -1.4377
v 0.3702 33.9301 -0.2192
v 3.8769 33.9301 1.7730
v 5.3644 37.8683 -0.8453
v 0.3702 33.9301 -0.2192
v 5.3644 37.8683 -0.8453
v 1.8577 37.8683 -2.8375
v -6.7559 20.8923 -0.8375
v -6.7352 20.8923 -4.6597
v -9.2082 23.9425 -4.6731
v -6.7559 20.8923 -0.8375
v -9.2082 23.9425 -4.6731
v -9.2289 23.9425 -0.8509
v -6.0624 21.2670 -4.3361
v -9.8845 21.2670 -4.3568
v -9.9018 23.5677 -1.1746
v -6.0624 21.2670 -4.3361
v -9.9018 23.5677 -1.1746
v -6.0796 23.5677 -1.1538
v 2.9650 18.1765 -7.2328
v 5.7365 18.1765 -4.1456
v 7.6372 21.2688 -5.8518
v 2.9650 18.1765 -7.2328
v 7.6372 21.2688 -5.8518
v 4.8657 21.2688 -8.9390
v 4.7139 18.3185 -4.0911
v 7.8012 18.3185 -6.8626
v 5.8883 21.1267 -8.9935
v 4.7139 18.3185 -4.0911
v 5.8883 21.1267 -8.9935
v 2.8010 21.1267 -6.2220
v -8.2446 25.1436 -2.5833
v -10.8087 25.1436 0.7702
v -9.0595 28.6003 2.1077
v -8.2446 25.1436 -2.5833
v -9.0595 28.6003 2.1077
v -6.4953 28.6003 -1.2457
v -11.2403 25.4766 -0.3277
v -7.8869 25.4766 2.2365
v -6.0637 28.2673 -0.1479
v -11.2403 25.4766 -0.3277
v -6.0637 28.2673 -0.1479
v -9.4171 28.2673 -2.7121
v 6.3604 11.6334 7.5663
v 2.9703 11.6334 9.0992
v 3.7868 14.0963 10.9047
v 6.3604 11.6334 7.5663
v 3.7868 14.0963 10.9047
v 7.1768 14.0963 9.3717
v 3.1385 11.9411 8.0689
v 4.6715 11.9411 11.4589
v 7.0086 13.7886 10.4021
v 3.1385 11.9411 8.0689
v 7.0086 13.7886 10.4021
v 5.4756 13.7886 7.0120
v -3.6820 13.9738 -5.8785
v -0.3363 13.9738 -6.5298
v -0.6211 16.2236 -7.9931
v -3.6820 13.9738 -5.8785
v -0.6211 16.2236 -7.9931
v -3.9669 16.2236 -7.3418
v -0.8710 14.1634 -5.4488
v -1.5223 14.1634 -8.7946
v -3.4321 16.0339 -8.4228
v -0.8710 14.1634 -5.4488
v -3.4321 16.0339 -8.4228
v -2.7808 16.0339 -5.0770
v -1.4636 31.4218 -3.6659
v -4.6661 31.4218 -1.9800
v -3.5160 34.1618 0.2047
v -1.4636 31.4218 -3.6659
v -3.5160 34.1618 0.2047
v -0.3135 34.1618 -1.4811
v -4.4004 31.3971 -2.7698
v -2.7145 31.3971 0.4327
v -0.5792 34.1865 -0.6913
v -4.4004 31.3971 -2.7698
v -0.5792 34.1865 -0.6913
v -2.2651 34.1865 -3.8939
v -5.2113 31.4456 -7.1554
v -1.9188 31.4456 -8.2847
v -2.7572 32.6797 -10.7294
v -5.2113 31.4456 -7.1554
v -2.7572 32.6797 -10.7294
v -6.0498 32.6797 -9.6001
v -2.6523 30.8826 -7.5593
v -3.7815 30.8826 -10.8519
v -5.3163 33.2427 -10.3255
v -2.6523 30.8826 -7.5593
v -5.3163 33.2427 -10.3255
v -4.1870 33.2427 -7.0330
v 5.5536 9.4284 8.1378
v 1.8197 9.4284 7.5404
v 1.5176 12.3371 9.4288
v 5.5536 9.4284 8.1378
v 1.5176 12.3371 9.4288
v 5.2515 12.3371 10.0262
v 2.9052 9.4185 6.7677
v 2.3078 9.4185 10.5016
v 4.1660 12.3470 10.7989
v 2.9052 9.4185 6.7677
v 4.1660 12.3470 10.7989
v 4.7635 12.3470 7.0650
v -9.3898 15.7280 12.7665
v -6.4491 15.7280 10.8588
v -8.6269 18.4979 7.5016
v -9.3898 15.7280 12.7665
v -8.6269 18.4979 7.5016
v -11.5676 18.4979 9.4092
v -6.5559 15.4605 10.6322
v -8.4635 15.4605 7.6915
v -11.4608 18.7654 9.6358
v -6.5559 15.4605 10.6322
v -11.4608 18.7654 9.6358
v -9.5532 18.7654 12.5766
v 10.4773 23.2483 1.2626
v 6.7581 23.2483 -0.4290
v 5.5173 25.7002 2.2990
v 10.4773 23.2483 1.2626
v 5.5173 25.7002 2.2990
v 9.2365 25.7002 3.9906
v 7.2496 23.6472 -0.8036
v 5.5580 23.6472 2.9156
v 8.7450 25.3013 4.3651
v 7.2496 23.6472 -0.8036
v 8.7450 25.3013 4.3651
v 10.4366 25.3013 0.6460
v -2.9205 25.2573 -6.9804
v 0.1292 25.2573 -9.3873
v -1.2387 28.2331 -11.1205
v -2.9205 25.2573 -6.9804
v -1.2387 28.2331 -11.1205
v -4.2884 28.2331 -8.7136
v 0.3508 25.7505 -8.4939
v -2.0561 25.7505 -11.5436
v -4.5100 27.7399 -9.6070
v 0.3508 25.7505 -8.4939
v -4.5100 27.7399 -9.6070
v -2.1031 27.7399 -6.5573
v -0.9077 28.1156 -0.2490
v 3.8670 28.1156 -0.5777
v 3.7345 30.5749 -2.5023
v -0.9077 28.1156 -0.2490
v 3.7345 30.5749 -2.5023
v -1.0402 30.5749 -2.1736
v 2.9349 28.5759 0.9183
v 2.6062 28.5759 -3.8564
v -0.1081 30.1145 -3.6696
v 2.9349 28.5759 0.9183
v -0.1081 30.1145 -3.6696
v 0.2206 30.1145 1.1051
v -8.5337 22.9472 -4.2999
v -6.4638 22.9472 -8.5110
v -8.2436 25.8913 -9.3858
v -8.5337 22.9472 -4.2999
v -8.2436 25.8913 -9.3858
v -10.3135 25.8913 -5.1747
v -5.6736 23.3051 -7.0479
v -9.8847 23.3051 -9.1178
v -11.1037 25.5333 -6.6379
v -5.6736 23.3051 -7.0479
v -11.1037 25.5333 -6.6379
v -6.8926 25.5333 -4.5679
v -3.9775 30.8402 4.9541
v -8.1628 30.8402 7.0764
v -6.8395 33.5509 9.6860
v -3.9775 30.8402 4.9541
v -6.8395 33.5509 9.6860
v -2.6542 33.5509 7.5637
v -7.6741 30.7280 5.8381
v -5.5518 30.7280 10.0234
v -3.1430 33.6631 8.8019
v -7.6741 30.7280 5.8381
v -3.1430 33.6631 8.8019
v -5.2653 33.6631 4.6166
v -9.8714 30.8473 0.5150
v -6.4161 30.8473 -0.8686
v -7.9495 32.7270 -4.6978
v -9.8714 30.8473 0.5150
v -7.9495 32.7270 -4.6978
v -11.4048 32.7270 -3.3142
v -6.3187 30.8134 -1.1245
v -7.7023 30.8134 -4.5798
v -11.5022 32.7609 -3.0582
v -6.3187 30.8134 -1.1245
v -11.5022 32.7609 -3.0582
v -10.1186 32.7609 0.3971
v 0.5023 36.0567 1.7492
v -2.4566 36.0567 -0.2770
v -4.7540 38.5978 3.0779
v 0.5023 36.0567 1.7492
v -4.7540 38.5978 3.0779
v -1.7951 38.5978 5.1041
v -2.8057 36.0872 -0.2252
v -4.8319 36.0872 2.7338
v -1.4461 38.5674 5.0523
v -2.8057 36.0872 -0.2252
v -1.4461 38.5674 5.0523
v 0.5801 38.5674 2.0934
v 5.1751 22.2217 2.5584
v 3.5700 22.2217 6.8185
v 6.7037 23.9415 7.9992
v 5.1751 22.2217 2.5584
v 6.7037 23.9415 7.9992
v 8.3088 23.9415 3.7391
v 3.4227 21.5518 5.5025
v 7.6828 21.5518 7.1077
v 8.4561 24.6114 5.0551
v 3.4227 21.5518 5.5025
v 8.4561 24.6114 5.0551
v 4.1960 24.6114 3.4500
v 1.3470 13.6976 11.9192
v 4.5712 13.6976 9.9414
v 3.4987 16.0826 8.1930
v 1.3470 13.6976 11.9192
v 3.4987 16.0826 8.1930
v 0.2745 16.0826 10.1709
v 4.5655 14.0889 10.9605
v 2.5877 14.0889 7.7363
v 0.2802 15.6913 9.1518
v 4.5655 14.0889 10.9605
v 0.2802 15.6913 9.1518
v 2.2580 15.6913 12.3760
v -0.3567 16.4295 -4.3015
v 3.4601 16.4295 -6.0515
v 2.7202 19.0186 -7.6653
v -0.3567 16.4295 -4.3015
v 2.7202 19.0186 -7.6653
v -1.0966 19.0186 -5.9153
v 3.2492 16.8622 -4.6217
v 1.4993 16.8622 -8.4385
v -0.8857 18.5859 -7.3450
v 3.2492 16.8622 -4.6217
v -0.8857 18.5859 -7.3450
v 0.8642 18.5859 -3.5282
v -4.9119 8.9634 -0.7203
v -5.9353 8.9634 2.5671
v -3.5522 12.5891 3.3090
v -4.9119 8.9634 -0.7203
v -3.5522 12.5891 3.3090
v -2.5287 12.5891 0.0216
v -6.4745 9.8897 2.7060
v -3.1871 9.8897 3.7294
v -1.9896 11.6629 -0.1172
v -6.4745 9.8897 2.7060
v -1.9896 11.6629 -0.1172
v -5.2770 11.6629 -1.1407
v -12.0704 12.9120 2.6273
v -10.7413 12.9120 7.3111
v -7.2682 16.1515 6.3256
v -12.0704 12.9120 2.6273
v -7.2682 16.1515 6.3256
v -8.5973 16.1515 1.6418
v -11.5848 12.6764 6.6435
v -6.9010 12.6764 5.3145
v -7.7538 16.3872 2.3093
v -11.5848 12.6764 6.6435
v -7.7538 16.3872 2.3093
v -12.4376 16.3872 3.6384
v 0.3227 15.7784 1.1620
v -1.7677 15.7784 5.3823
v 0.4716 18.4026 6.4914
v 0.3227 15.7784 1.1620
v 0.4716 18.4026 6.4914
v 2.5619 18.4026 2.2712
v -2.3418 15.9612 4.0512
v 1.8784 15.9612 6.1415
v 3.1361 18.2198 3.6023
v -2.3418 15.9612 4.0512
v 3.1361 18.2198 3.6023
v -1.0841 18.2198 1.5120
v 9.4939 20.1325 -6.0230
v 11.0060 20.1325 -8.7978
v 6.3740 22.2084 -11.3219
v 9.4939 20.1325 -6.0230
v 6.3740 22.2084 -11.3219
v 4.8619 22.2084 -8.5471
v 10.5465 19.9545 -10.1647
v 7.7717 19.9545 -11.6767
v 5.3214 22.3864 -7.1802
v 10.5465 19.9545 -10.1647
v 5.3214 22.3864 -7.1802
v 8.0962 22.3864 -5.6682
v 1.5621 26.8596 5.0665
v -2.5878 26.8596 7.7529
v -1.1094 29.3101 10.0365
v 1.5621 26.8596 5.0665
v -1.1094 29.3101 10.0365
v 3.0404 29.3101 7.3501
v -2.4941 27.2727 6.3681
v 0.1923 27.2727 10.5180
v 2.9468 28.8970 8.7349
v -2.4941 27.2727 6.3681
v 2.9468 28.8970 8.7349
v 0.2604 28.8970 4.5850
v -10.6799 23.8843 2.7714
v -10.4367 23.8843 7.3793
v -8.7572 26.4737 7.2907
v -10.6799 23.8843 2.7714
v -8.7572 26.4737 7.2907
v -9.0003 26.4737 2.6828
v -11.9789 23.8746 5.9772
v -7.3711 23.8746 5.7341
v -7.4581 26.4834 4.0849
v -11.9789 23.8746 5.9772
v -7.4581 26.4834 4.0849
v -12.0660 26.4834 4.3281
v -7.9734 19.4150 7.2593
v -12.4487 19.4150 8.3026
v -11.7509 20.7064 11.2956
v -7.9734 19.4150 7.2593
v -11.7509 20.7064 11.2956
v -7.2756 20.7064 10.2524
v -11.8998 19.4648 7.3932
v -10.8565 19.4648 11.8685
v -7.8245 20.6566 11.1617
v -11.8998 19.4648 7.3932
v -7.8245 20.6566 11.1617
v -8.8678 20.6566 6.6864
v 7.4890 17.8091 1.5873
v 9.0478 17.8091 4.5967
v 11.1790 20.1577 3.4928
v 7.4890 17.8091 1.5873
v 11.1790 20.1577 3.4928
v 9.6201 20.1577 0.4834
v 8.3792 17.8046 4.3812
v 11.3886 17.8046 2.8223
v 10.2887 20.1622 0.6990
v 8.3792 17.8046 4.3812
v 10.2887 20.1622 0.6990
v 7.2793 20.1622 2.2578
v -5.6166 33.2659 -3.7574
v -6.9347 33.2659 -7.4372
v -10.0811 35.0749 -6.3101
v -5.6166 33.2659 -3.7574
v -10.0811 35.0749 -6.3101
v -8.7629 35.0749 -2.6303
v -6.5112 32.9905 -7.0950
v -10.1910 32.9905 -5.7768
v -9.1864 35.3503 -2.9725
v -6.5112 32.9905 -7.0950
v -9.1864 35.3503 -2.9725
v -5.5067 35.3503 -4.2907
v 3.1089 14.0644 3.5943
v 6.3278 14.0644 5.2057
v 8.0535 16.2470 1.7584
v 3.1089 14.0644 3.5943
v 8.0535 16.2470 1.7584
v 4.8346 16.2470 0.1470
v 6.4516 13.9754 5.1249
v 8.0630 13.9754 1.9059
v 4.7108 16.3359 0.2278
v 6.4516 13.9754 5.1249
v 4.7108 16.3359 0.2278
v 3.0994 16.3359 3.4467
v -0.8156 30.9686 -8.4851
v -4.5835 30.9686 -6.2171
v -2.8403 33.5239 -3.3210
v -0.8156 30.9686 -8.4851
v -2.8403 33.5239 -3.3210
v 0.9276 33.5239 -5.5890
v -4.0753 30.5728 -7.1168
v -1.8073 30.5728 -3.3490
v 0.4194 33.9197 -4.6893
v -4.0753 30.5728 -7.1168
v 0.4194 33.9197 -4.6893
v -1.8486 33.9197 -8.4571
v -8.5895 29.8699 -10.3109
v -11.1397 29.8699 -7.7725
v -8.0740 31.5339 -4.6925
v -8.5895 29.8699 -10.3109
v -8.0740 31.5339 -4.6925
v -5.5238 31.5339 -7.2309
v -10.4752 28.7291 -7.9067
v -7.9367 28.7291 -5.3564
v -6.1883 32.6748 -7.0968
v -10.4752 28.7291 -7.9067
v -6.1883 32.6748 -7.0968
v -8.7268 32.6748 -9.6470
v -2.2416 9.6341 5.8571
v -0.1729 9.6341 9.1456
v 3.2006 12.0691 7.0234
v -2.2416 9.6341 5.8571
v 3.2006 12.0691 7.0234
v 1.1319 12.0691 3.7349
v -0.1064 9.6258 9.1570
v 3.1821 9.6258 7.0883
v 1.0654 12.0774 3.7235
v -0.1064 9.6258 9.1570
v 1.0654 12.0774 3.7235
v -2.2231 12.0774 5.7922
v -5.9870 19.0975 8.0021
v -6.1547 19.0975 11.7767
v -2.6507 21.8797 11.9323
v -5.9870 19.0975 8.0021
v -2.6507 21.8797 11.9323
v -2.4830 21.8797 8.1577
v -6.2590 18.5923 11.0717
v -2.4844 18.5923 11.2394
v -2.3788 22.3848 8.8627
v -6.2590 18.5923 11.0717
v -2.3788 22.3848 8.8627
v -6.1534 22.3848 8.6950
v 9.4927 21.6521 2.3242
v 12.1913 21.6521 0.7378
v 11.2264 24.2208 -0.9034
v 9.4927 21.6521 2.3242
v 11.2264 24.2208 -0.9034
v 8.5278 24.2208 0.6829
v 12.1789 21.8694 1.4564
v 10.5925 21.8694 -1.2422
v 8.5402 24.0036 -0.0357
v 12.1789 21.8694 1.4564
v 8.5402 24.0036 -0.0357
v 10.1266 24.0036 2.6629
v -2.0795 16.1948 9.6179
v -2.3289 16.1948 5.8711
v -4.5427 19.0304 6.0185
v -2.0795 16.1948 9.6179
v -4.5427 19.0304 6.0185
v -4.2933 19.0304 9.7652
v -1.5011 16.0858 6.7419
v -5.2478 16.0858 6.9913
v -5.1211 19.1394 8.8945
v -1.5011 16.0858 6.7419
v -5.1211 19.1394 8.8945
v -1.3744 19.1394 8.6451
v 8.7497 20.5049 3.5329
v 12.0923 20.5049 5.0529
v 13.3117 22.1253 2.3715
v 8.7497 20.5049 3.5329
v 13.3117 22.1253 2.3715
v 9.9691 22.1253 0.8514
v 11.5006 20.3149 5.1827
v 13.0206 20.3149 1.8402
v 10.5609 22.3152 0.7216
v 11.5006 20.3149 5.1827
v 10.5609 22.3152 0.7216
v 9.0408 22.3152 4.0642
v 2.7986 15.9199 7.7295
v 3.1823 15.9199 10.8842
v 6.4980 19.0752 10.4810
v 2.7986 15.9199 7.7295
v 6.4980 19.0752 10.4810
v 6.1144 19.0752 7.3263
v 3.2864 16.0503 11.0683
v 6.4411 16.0503 10.6847
v 6.0103 18.9448 7.1422
v 3.2864 16.0503 11.0683
v 6.0103 18.9448 7.1422
v 2.8556 18.9448 7.5259
v -6.3060 23.4622 8.5916
v -4.3805 23.4622 4.9692
v -7.7698 25.3391 3.1676
v -6.3060 23.4622 8.5916
v -7.7698 25.3391 3.1676
v -9.6953 25.3391 6.7900
v -4.4639 23.0140 5.4073
v -8.0863 23.0140 3.4818
v -9.6119 25.7873 6.3519
v -4.4639 23.0140 5.4073
v -9.6119 25.7873 6.3519
v -5.9895 25.7873 8.2774
v -1.4926 25.6687 -12.9630
v -0.2967 25.6687 -8.4593
v 2.4578 28.6758 -9.1907
v -1.4926 25.6687 -12.9630
v 2.4578 28.6758 -9.1907
v 1.2619 28.6758 -13.6944
v -1.4846 25.4227 -9.4068
v 3.0192 25.4227 -10.6027
v 2.4498 28.9218 -12.7469
v -1.4846 25.4227 -9.4068
v 2.4498 28.9218 -12.7469
v -2.0539 28.9218 -11.5510
v -4.8664 22.1823 8.2153
v -0.7375 22.1823 9.1262
v -0.1816 23.7210 6.6061
v -4.8664 22.1823 8.2153
v -0.1816 23.7210 6.6061
v -4.3104 23.7210 5.6952
v -1.6626 22.2894 9.7656
v -0.7517 22.2894 5.6368
v -3.3854 23.6138 5.0558
v -1.6626 22.2894 9.7656
v -3.3854 23.6138 5.0558
v -4.2962 23.6138 9.1846
v 2.7255 19.1005 -9.8234
v 0.5882 19.1005 -13.0630
v -1.6796 21.9533 -11.5668
v 2.7255 19.1005 -9.8234
v -1.6796 21.9533 -11.5668
v 0.4578 21.9533 -8.3272
v 1.3243 19.2340 -13.0042
v -1.9152 19.2340 -10.8668
v -0.2784 21.8198 -8.3860
v 1.3243 19.2340 -13.0042
v -0.2784 21.8198 -8.3860
v 2.9611 21.8198 -10.5234
v 1.6633 21.0961 0.8978
v 4.4748 21.0961 3.5511
v 6.4226 23.5926 1.4872
v 1.6633 21.0961 0.8978
v 6.4226 23.5926 1.4872
v 3.6111 23.5926 -1.1661
v 3.6638 20.9753 3.4924
v 6.3171 20.9753 0.6809
v 4.4222 23.7134 -1.1074
v 3.6638 20.9753 3.4924
v 4.4222 23.7134 -1.1074
v 1.7688 23.7134 1.7041
v -7.7476 21.7287 2.2705
v -8.9346 21.7287 -1.6151
v -11.6263 23.5347 -0.7929
v -7.7476 21.7287 2.2705
v -11.6263 23.5347 -0.7929
v -10.4393 23.5347 3.0927
v -8.1962 21.9977 -1.3344
v -12.0818 21.9977 -0.1474
v -11.1777 23.2656 2.8120
v -8.1962 21.9977 -1.3344
v -11.1777 23.2656 2.8120
v -7.2921 23.2656 1.6250
v 3.0299 21.4788 -6.1717
v -0.7216 21.4788 -7.5272
v -1.8787 23.3189 -4.3248
v 3.0299 21.4788 -6.1717
v -1.8787 23.3189 -4.3248
v 1.8729 23.3189 -2.9693
v 0.0389 20.9574 -7.5628
v -1.3166 20.9574 -3.8113
v 1.1124 23.8402 -2.9337
v 0.0389 20.9574 -7.5628
v 1.1124 23.8402 -2.9337
v 2.4678 23.8402 -6.6852
v -4.9480 29.4826 -9.0662
v -6.5220 29.4826 -12.2037
v -8.8593 31.2467 -11.0312
v -4.9480 29.4826 -9.0662
v -8.8593 31.2467 -11.0312
v -7.2853 31.2467 -7.8937
v -5.7906 29.1586 -11.7441
v -8.9281 29.1586 -10.1701
v -8.0167 31.5707 -8.3533
v -5.7906 29.1586 -11.7441
v -8.0167 31.5707 -8.3533
v -4.8792 31.5707 -9.9273
v -6.6393 12.8895 -11.9138
v -10.2551 12.8895 -11.9482
v -10.2854 14.8734 -8.7621
v -6.6393 12.8895 -11.9138
v -10.2854 14.8734 -8.7621
v -6.6696 14.8734 -8.7278
v -9.5428 12.3593 -12.1563
v -9.5771 12.3593 -8.5405
v -7.3820 15.4037 -8.5196
v -9.5428 12.3593 -12.1563
v -7.3820 15.4037 -8.5196
v -7.3476 15.4037 -12.1354
v -13.2126 19.0642 5.2445
v -9.6365 19.0642 7.8765
v -8.2442 22.3138 5.9848
v -13.2126 19.0642 5.2445
v -8.2442 22.3138 5.9848
v -11.8204 22.3138 3.3528
v -11.2266 18.9605 8.0047
v -8.5945 18.9605 4.4285
v -10.2302 22.4176 3.2246
v -11.2266 18.9605 8.0047
v -10.2302 22.4176 3.2246
v -12.8623 22.4176 6.8008
v -2.0356 23.5777 -11.6386
v -5.9757 23.5777 -12.9416
v -7.1064 26.3136 -9.5226
v -2.0356 23.5777 -11.6386
v -7.1064 26.3136 -9.5226
v -3.1663 26.3136 -8.2196
v -5.6850 23.6590 -13.1345
v -6.9880 23.6590 -9.1944
v -3.4570 26.2323 -8.0267
v -5.6850 23.6590 -13.1345
v -3.4570 26.2323 -8.0267
v -2.1540 26.2323 -11.9668
v -9.2390 15.5540 -6.0390
v -13.1089 15.5540 -5.9807
v -13.0474 17.5602 -1.8951
v -9.2390 15.5540 -6.0390
v -13.0474 17.5602 -1.8951
v -9.1775 17.5602 -1.9534
v -13.2481 15.6241 -5.8707
v -13.1898 15.6241 -2.0008
v -9.0383 17.4901 -2.0634
v -13.2481 15.6241 -5.8707
v -9.0383 17.4901 -2.0634
v -9.0966 17.4901 -5.9332
v -8.9311 16.2124 -8.3304
v -4.8126 16.2124 -6.4305
v -3.5754 17.7738 -9.1125
v -8.9311 16.2124 -8.3304
v -3.5754 17.7738 -9.1125
v -7.6939 17.7738 -11.0124
v -6.0302 15.9340 -6.1210
v -4.1303 15.9340 -10.2396
v -6.4763 18.0522 -11.3218
v -6.0302 15.9340 -6.1210
v -6.4763 18.0522 -11.3218
v -8.3762 18.0522 -7.2033
v -8.3647 11.3910 -7.5966
v -6.2892 11.3910 -3.0918
v -4.2177 13.2500 -4.0462
v -8.3647 11.3910 -7.5966
v -4.2177 13.2500 -4.0462
v -6.2932 13.2500 -8.5510
v -8.1726 11.1463 -3.9785
v -3.6678 11.1463 -6.0540
v -4.4097 13.4946 -7.6643
v -8.1726 11.1463 -3.9785
v -4.4097 13.4946 -7.6643
v -8.9145 13.4946 -5.5888
v 0.4167 32.0826 0.6971
v 1.5876 32.0826 4.0730
v 4.2418 33.1796 3.1524
v 0.4167 32.0826 0.6971
v 4.2418 33.1796 3.1524
v 3.0709 33.1796 -0.2235
v 1.0750 31.9088 3.7608
v 4.4510 31.9088 2.5899
v 3.5835 33.3534 0.0887
v 1.0750 31.9088 3.7608
v 3.5835 33.3534 0.0887
v 0.2075 33.3534 1.2596
v 8.5731 21.0717 -2.3776
v 11.5446 21.0717 -0.3253
v 13.0940 22.6909 -2.5687
v 8.5731 21.0717 -2.3776
v 13.0940 22.6909 -2.5687
v 10.1225 22.6909 -4.6209
v 10.4756 20.5196 -0.5259
v 12.5279 20.5196 -3.4974
v 11.1915 23.2430 -4.4204
v 10.4756 20.5196 -0.5259
v 11.1915 23.2430 -4.4204
v 9.1392 23.2430 -1.4489
v -0.9885 13.1162 -8.9500
v -0.7334 13.1162 -5.9552
v 0.7040 15.6072 -6.0776
v -0.9885 13.1162 -8.9500
v 0.7040 15.6072 -6.0776
v 0.4489 15.6072 -9.0724
v -1.5505 13.3780 -6.3395
v 1.4443 13.3780 -6.5945
v 1.2660 15.3454 -8.6881
v -1.5505 13.3780 -6.3395
v 1.2660 15.3454 -8.6881
v -1.7288 15.3454 -8.4331
v 3.5446 15.2006 -6.5258
v 6.4645 15.2006 -3.9938
v 7.6479 17.8668 -5.3584
v 3.5446 15.2006 -6.5258
v 7.6479 17.8668 -5.3584
v 4.7280 17.8668 -7.8904
v 5.4189 15.8152 -3.5381
v 7.9510 15.8152 -6.4579
v 5.7736 17.2522 -8.3461
v 5.4189 15.8152 -3.5381
v 5.7736 17.2522 -8.3461
v 3.2415 17.2522 -5.4263
v -9.2149 21.4667 -0.3237
v -7.1608 21.4667 2.0982
v -4.7970 24.3707 0.0934
v -9.2149 21.4667 -0.3237
v -4.7970 24.3707 0.0934
v -6.8511 24.3707 -2.3285
v -6.9773 22.0038 2.3735
v -4.5553 22.0038 0.3194
v -7.0346 23.8336 -2.6038
v -6.9773 22.0038 2.3735
v -7.0346 23.8336 -2.6038
v -9.4565 23.8336 -0.5497
v 2.8106 20.9565 -4.7781
v 6.1384 20.9565 -4.8452
v 6.0861 24.7993 -7.4416
v 2.8106 20.9565 -4.7781
v 6.0861 24.7993 -7.4416
v 2.7583 24.7993 -7.3745
v 6.3628 21.5219 -4.4839
v 6.2957 21.5219 -7.8117
v 2.5339 24.2339 -7.7358
v 6.3628 21.5219 -4.4839
v 2.5339 24.2339 -7.7358
v 2.6010 24.2339 -4.4080
v -7.3558 18.5733 3.4123
v -7.3367 18.5733 7.4941
v -3.8849 21.5240 7.4780
v -7.3558 18.5733 3.4123
v -3.8849 21.5240 7.4780
v -3.9040 21.5240 3.3961
v -7.6544 18.3135 6.9192
v -3.5726 18.3135 6.9001
v -3.5863 21.7838 3.9711
v -7.6544 18.3135 6.9192
v -3.5863 21.7838 3.9711
v -7.6682 21.7838 3.9902
v 2.0213 12.2607 -2.7333
v 4.6473 12.2607 0.4528
v 6.7001 15.1445 -1.2391
v 2.0213 12.2607 -2.7333
v 6.7001 15.1445 -1.2391
v 4.0740 15.1445 -4.4252
v 3.7543 12.5020 0.5240
v 6.9404 12.5020 -2.1021
v 4.9671 14.9032 -4.4963
v 3.7543 12.5020 0.5240
v 4.9671 14.9032 -4.4963
v 1.7809 14.9032 -1.8703
v -11.5309 27.8527 -4.6631
v -9.1524 27.8527 -1.4395
v -7.0288 30.2187 -3.0063
v -11.5309 27.8527 -4.6631
v -7.0288 30.2187 -3.0063
v -9.4074 30.2187 -6.2300
v -9.9947 28.1095 -1.4297
v -6.7710 28.1095 -3.8083
v -8.5651 29.9619 -6.2397
v -9.9947 28.1095 -1.4297
v -8.5651 29.9619 -6.2397
v -11.7887 29.9619 -3.8612
v 2.6510 27.5513 -8.0958
v -0.8566 27.5513 -6.8484
v -0.0745 29.9890 -4.6491
v 2.6510 27.5513 -8.0958
v -0.0745 29.9890 -4.6491
v 3.4331 29.9890 -5.8965
v -0.2424 27.3841 -7.8037
v 1.0051 27.3841 -4.2961
v 2.8189 30.1562 -4.9412
v -0.2424 27.3841 -7.8037
v 2.8189 30.1562 -4.9412
v 1.5715 30.1562 -8.4488
v 0.7837 24.3261 -1.3547
v -0.8455 24.3261 2.5025
v 2.2322 26.4590 3.8024
v 0.7837 24.3261 -1.3547
v 2.2322 26.4590 3.8024
v 3.8614 26.4590 -0.0548
v -1.0943 24.4279 2.0041
v 2.7629 24.4279 3.6333
v 4.1102 26.3573 0.4436
v -1.0943 24.4279 2.0041
v 4.1102 26.3573 0.4436
v 0.2530 26.3573 -1.1856
v -7.3191 19.2172 0.6150
v -10.1955 19.2172 -2.7641
v -12.7002 20.8275 -0.6321
v -7.3191 19.2172 0.6150
v -12.7002 20.8275 -0.6321
v -9.8237 20.8275 2.7470
v -8.9552 18.4755 -2.1929
v -12.3343 18.4755 0.6835
v -11.0640 21.5693 2.1758
v -8.9552 18.4755 -2.1929
v -11.0640 21.5693 2.1758
v -7.6849 21.5693 -0.7006
v -5.1391 25.1230 1.1686
v -8.6982 25.1230 2.6733
v -7.4676 27.0059 5.5839
v -5.1391 25.1230 1.1686
v -7.4676 27.0059 5.5839
v -3.9085 27.0059 4.0793
v -8.2515 24.7616 2.1023
v -6.7468 24.7616 5.6614
v -4.3552 27.3673 4.6503
v -8.2515 24.7616 2.1023
v -4.3552 27.3673 4.6503
v -5.8599 27.3673 1.0912
v -12.2249 18.2353 5.5712
v -11.4973 18.2353 1.9185
v -14.2898 20.6779 1.3623
v -12.2249 18.2353 5.5712
v -14.2898 20.6779 1.3623
v -15.0173 20.6779 5.0150
v -11.0912 18.7550 2.1245
v -14.7439 18.7550 1.3969
v -15.4235 20.1582 4.8091
v -11.0912 18.7550 2.1245
v -15.4235 20.1582 4.8091
v -11.7708 20.1582 5.5366
v -12.1037 27.8844 6.5984
v -8.3121 27.8844 8.7605
v -6.1552 29.8998 4.9780
v -12.1037 27.8844 6.5984
v -6.1552 29.8998 4.9780
v -9.9468 29.8998 2.8160
v -8.8983 27.0284 8.4323
v -6.7362 27.0284 4.6407
v -9.3606 30.7559 3.1442
v -8.8983 27.0284 8.4323
v -9.3606 30.7559 3.1442
v -11.5227 30.7559 6.9358
v -0.1654 28.4521 -1.5939
v -3.8319 28.4521 -0.9799
v -3.1732 31.2737 2.9537
v -0.1654 28.4521 -1.5939
v -3.1732 31.2737 2.9537
v 0.4932 31.2737 2.3397
v -3.9300 28.4335 -0.8262
v -3.3161 28.4335 2.8403
v 0.5914 31.2923 2.1860
v -3.9300 28.4335 -0.8262
v 0.5914 31.2923 2.1860
v -0.0225 31.2923 -1.4805
v 7.8172 24.7029 5.2125
v 6.5862 24.7029 1.4797
v 3.5740 26.6939 2.4731
v 7.8172 24.7029 5.2125
v 3.5740 26.6939 2.4731
v 4.8050 26.6939 6.2059
v 7.1481 24.3721 1.9720
v 3.4153 24.3721 3.2030
v 4.2432 27.0247 5.7136
v 7.1481 24.3721 1.9720
v 4.2432 27.0247 5.7136
v 7.9760 27.0247 4.4826
v 0.9928 14.6086 -9.6259
v 5.0656 14.6086 -10.0884
v 4.7425 16.5207 -12.9340
v 0.9928 14.6086 -9.6259
v 4.7425 16.5207 -12.9340
v 0.6696 16.5207 -12.4714
v 4.4775 14.5452 -9.4001
v 4.0150 14.5452 -13.4729
v 1.2578 16.5842 -13.1598
v 4.4775 14.5452 -9.4001
v 1.2578 16.5842 -13.1598
v 1.7203 16.5842 -9.0870
v 2.9190 34.3714 -1.3324
v 0.9580 34.3714 -5.6151
v -2.2957 36.1304 -4.1252
v 2.9190 34.3714 -1.3324
v -2.2957 36.1304 -4.1252
v -0.3347 36.1304 0.1574
v 1.8075 33.9974 -5.1190
v -2.4752 33.9974 -3.1580
v -1.1842 36.5044 -0.3386
v 1.8075 33.9974 -5.1190
v -1.1842 36.5044 -0.3386
v 3.0985 36.5044 -2.2997
v 0.8838 33.3674 5.9969
v 2.8729 33.3674 2.8701
v 0.2323 35.4788 1.1903
v 0.8838 33.3674 5.9969
v 0.2323 35.4788 1.1903
v -1.7568 35.4788 4.3170
v 2.8320 33.0775 3.4711
v -0.2948 33.0775 1.4820
v -1.7159 35.7687 3.7160
v 2.8320 33.0775 3.4711
v -1.7159 35.7687 3.7160
v 1.4109 35.7687 5.7051
v 1.9665 24.5168 9.1150
v -0.3654 24.5168 6.2180
v -3.1383 26.8025 8.4501
v 1.9665 24.5168 9.1150
v -3.1383 26.8025 8.4501
v -0.8064 26.8025 11.3471
v -0.0066 24.0620 6.5368
v -2.9036 24.0620 8.8688
v -1.1652 27.2573 11.0283
v -0.0066 24.0620 6.5368
v -1.1652 27.2573 11.0283
v 1.7318 27.2573 8.6964
v 8.1832 18.8794 -0.4998
v 11.3835 18.8794 -2.9051
v 10.2216 21.4120 -4.4511
v 8.1832 18.8794 -0.4998
v 10.2216 21.4120 -4.4511
v 7.0213 21.4120 -2.0457
v 11.2323 18.9342 -1.4970
v 8.8269 18.9342 -4.6973
v 7.1726 21.3572 -3.4539
v 11.2323 18.9342 -1.4970
v 7.1726 21.3572 -3.4539
v 9.5779 21.3572 -0.2536
v 0.5297 16.3987 12.8963
v 3.0351 16.3987 10.7575
v 1.9529 18.4372 9.4898
v 0.5297 16.3987 12.8963
v 1.9529 18.4372 9.4898
v -0.5525 18.4372 11.6285
v 2.8613 16.3183 11.9757
v 0.7226 16.3183 9.4703
v -0.3787 18.5177 10.4104
v 2.8613 16.3183 11.9757
v -0.3787 18.5177 10.4104
v 1.7600 18.5177 12.9158
v -2.0650 14.2728 -4.4400
v -4.7388 14.2728 -6.8074
v -6.6855 16.0229 -4.6086
v -2.0650 14.2728 -4.4400
v -6.6855 16.0229 -4.6086
v -4.0117 16.0229 -2.2412
v -4.1077 13.9542 -6.6723
v -6.4750 13.9542 -3.9985
v -4.6428 16.3415 -2.3763
v -4.1077 13.9542 -6.6723
v -4.6428 16.3415 -2.3763
v -2.2755 16.3415 -5.0501
v -4.0754 12.1008 6.0256
v -5.2431 12.1008 10.2934
v -1.4103 14.7607 11.3421
v -4.0754 12.1008 6.0256
v -1.4103 14.7607 11.3421
v -0.2427 14.7607 7.0743
v -5.2082 11.3963 9.3113
v -0.9404 11.3963 10.4790
v -0.2776 15.4652 8.0564
v -5.2082 11.3963 9.3113
v -0.2776 15.4652 8.0564
v -4.5453 15.4652 6.8887
v -5.3070 18.8665 -5.2329
v -8.2496 18.8665 -8.0830
v -10.8649 20.5365 -5.3829
v -5.3070 18.8665 -5.2329
v -10.8649 20.5365 -5.3829
v -7.9223 20.5365 -2.5328
v -7.9776 18.7690 -8.0545
v -10.8277 18.7690 -5.1120
v -8.1943 20.6340 -2.5612
v -7.9776 18.7690 -8.0545
v -8.1943 20.6340 -2.5612
v -5.3442 20.6340 -5.5038
v 0.3824 23.7276 8.4099
v 3.5487 23.7276 9.8891
v 5.2433 26.5699 6.2618
v 0.3824 23.7276 8.4099
v 5.2433 26.5699 6.2618
v 2.0771 26.5699 4.7825
v 3.8536 23.6771 9.7507
v 5.3328 23.6771 6.5844
v 1.7722 26.6204 4.9209
v 3.8536 23.6771 9.7507
v 1.7722 26.6204 4.9209
v 0.2930 26.6204 8.0872
v 1.4173 25.5351 -7.3759
v 4.5583 25.5351 -5.7844
v 6.0356 28.2129 -8.7000
v 1.4173 25.5351 -7.3759
v 6.0356 28.2129 -8.7000
v 2.8946 28.2129 -10.2915
v 4.5069 25.7158 -5.6688
v 6.0984 25.7158 -8.8098
v 2.9460 28.0322 -10.4071
v 4.5069 25.7158 -5.6688
v 2.9460 28.0322 -10.4071
v 1.3545 28.0322 -7.2661
v 7.6577 13.6564 2.0235
v 4.9260 13.6564 3.7801
v 6.4773 16.5675 6.1926
v 7.6577 13.6564 2.0235
v 6.4773 16.5675 6.1926
v 9.2090 16.5675 4.4360
v 4.7977 13.9126 3.6369
v 6.5543 13.9126 6.3686
v 9.3373 16.3113 4.5791
v 4.7977 13.9126 3.6369
v 9.3373 16.3113 4.5791
v 7.5807 16.3113 1.8474
v -7.1591 33.4405 -2.9550
v -3.6243 33.4405 -0.1629
v -2.1605 36.6202 -2.0160
v -7.1591 33.4405 -2.9550
v -2.1605 36.6202 -2.0160
v -5.6954 36.6202 -4.8081
v -4.9444 33.6463 0.1599
v -2.1523 33.6463 -3.3750
v -4.3753 36.4144 -5.1309
v -4.9444 33.6463 0.1599
v -4.3753 36.4144 -5.1309
v -7.1674 36.4144 -1.5960
v -9.6144 25.1565 -5.5549
v -11.7255 25.1565 -2.4084
v -9.1125 27.2265 -0.6552
v -9.6144 25.1565 -5.5549
v -9.1125 27.2265 -0.6552
v -7.0014 27.2265 -3.8017
v -11.7752 25.0595 -2.9107
v -8.6288 25.0595 -0.7997
v -6.9516 27.3234 -3.2993
v -11.7752 25.0595 -2.9107
v -6.9516 27.3234 -3.2993
v -10.0981 27.3234 -5.4104
v 6.3115 14.8259 11.1746
v 9.5636 14.8259 8.7275
v 7.6290 16.0048 6.1566
v 6.3115 14.8259 11.1746
v 7.6290 16.0048 6.1566
v 4.3770 16.0048 8.6038
v 9.4171 14.6459 9.3712
v 6.9699 14.6459 6.1191
v 4.5235 16.1848 7.9600
v 9.4171 14.6459 9.3712
v 4.5235 16.1848 7.9600
v 6.9707 16.1848 11.2121
v -9.0354 27.4670 -4.8573
v -6.2289 27.4670 -3.2387
v -4.9775 31.4257 -5.4083
v -9.0354 27.4670 -4.8573
v -4.9775 31.4257 -5.4083
v -7.7839 31.4257 -7.0270
v -6.7656 27.4422 -3.1239
v -5.1469 27.4422 -5.9303
v -7.2473 31.4504 -7.1418
v -6.7656 27.4422 -3.1239
v -7.2473 31.4504 -7.1418
v -8.8660 31.4504 -4.3354
v -3.2627 12.6754 -10.6327
v -0.7655 12.6754 -7.9044
v 0.6483 15.8456 -9.1985
v -3.2627 12.6754 -10.6327
v 0.6483 15.8456 -9.1985
v -1.8488 15.8456 -11.9268
v -1.6645 13.1617 -7.5671
v 1.0637 13.1617 -10.0642
v -0.9498 15.3593 -12.2641
v -1.6645 13.1617 -7.5671
v -0.9498 15.3593 -12.2641
v -3.6781 15.3593 -9.7670
v 0.7376 8.5525 -0.9680
v -3.2310 8.5525 -3.4820
v -4.0838 10.5383 -2.1357
v 0.7376 8.5525 -0.9680
v -4.0838 10.5383 -2.1357
v -0.1153 10.5383 0.3783
v -1.0364 8.5053 -3.9290
v -3.5503 8.5053 0.0396
v -2.3099 10.5855 0.8253
v -1.0364 8.5053 -3.9290
v -2.3099 10.5855 0.8253
v 0.2041 10.5855 -3.1432
v -10.6751 13.8074 -3.4153
v -8.6155 13.8074 0.1237
v -6.5128 16.5723 -1.0999
v -10.6751 13.8074 -3.4153
v -6.5128 16.5723 -1.0999
v -8.5724 16.5723 -4.6389
v -9.7963 13.7339 -0.2534
v -6.2573 13.7339 -2.3130
v -7.3915 16.6458 -4.2618
v -9.7963 13.7339 -0.2534
v -7.3915 16.6458 -4.2618
v -10.9305 16.6458 -2.2022
v -3.9999 35.3600 -0.8317
v -7.9315 35.3600 0.7047
v -6.8505 38.4427 3.4709
v -3.9999 35.3600 -0.8317
v -6.8505 38.4427 3.4709
v -2.9189 38.4427 1.9345
v -7.5599 35.3431 -0.1122
v -6.0235 35.3431 3.8194
v -3.2905 38.4597 2.7514
v -7.5599 35.3431 -0.1122
v -3.2905 38.4597 2.7514
v -4.8269 38.4597 -1.1802
v 4.6870 16.3869 -2.9549
v 3.1443 16.3869 -0.8631
v 4.8286 19.1777 0.3791
v 4.6870 16.3869 -2.9549
v 4.8286 19.1777 0.3791
v 6.3713 19.1777 -1.7128
v 2.7465 17.1524 -0.7503
v 4.8383 17.1524 0.7924
v 6.7691 18.4121 -1.8255
v 2.7465 17.1524 -0.7503
v 6.7691 18.4121 -1.8255
v 4.6772 18.4121 -3.3683
v 3.5121 21.1957 9.5639
v -0.2896 21.1957 7.1170
v -2.3008 23.5073 10.2417
v 3.5121 21.1957 9.5639
v -2.3008 23.5073 10.2417
v 1.5008 23.5073 12.6887
v 0.6614 20.6604 7.2504
v -1.7855 20.6604 11.0521
v 0.5498 24.0427 12.5552
v 0.6614 20.6604 7.2504
v 0.5498 24.0427 12.5552
v 2.9968 24.0427 8.7536
v -4.7963 20.2953 -9.5980
v -1.0060 20.2953 -11.7087
v -3.2484 22.1800 -15.7355
v -4.7963 20.2953 -9.5980
v -3.2484 22.1800 -15.7355
v -7.0387 22.1800 -13.6248
v -1.1132 19.9352 -11.8040
v -3.2239 19.9352 -15.5942
v -6.9315 22.5401 -13.5295
v -1.1132 19.9352 -11.8040
v -6.9315 22.5401 -13.5295
v -4.8208 22.5401 -9.7393
v 4.8605 13.9030 -5.1057
v 2.8087 13.9030 -7.9307
v 0.8489 15.8660 -6.5073
v 4.8605 13.9030 -5.1057
v 0.8489 15.8660 -6.5073
v 2.9007 15.8660 -3.6823
v 3.5678 13.8778 -7.7954
v 0.7428 13.8778 -5.7436
v 2.1416 15.8912 -3.8176
v 3.5678 13.8778 -7.7954
v 2.1416 15.8912 -3.8176
v 4.9666 15.8912 -5.8694
v 2.0045 28.8419 1.4722
v 5.4498 28.8419 1.6420
v 5.5976 31.0560 -1.3573
v 2.0045 28.8419 1.4722
v 5.5976 31.0560 -1.3573
v 2.1523 31.0560 -1.5271
v 4.9211 28.5261 1.8395
v 5.0909 28.5261 -1.6058
v 2.6810 31.3718 -1.7245
v 4.9211 28.5261 1.8395
v 2.6810 31.3718 -1.7245
v 2.5112 31.3718 1.7207
v 5.1640 23.4877 0.3140
v 9.0821 23.4877 -0.3668
v 8.5056 25.2128 -3.6849
v 5.1640 23.4877 0.3140
v 8.5056 25.2128 -3.6849
v 4.5875 25.2128 -3.0041
v 8.1715 22.7512 0.1005
v 7.4908 22.7512 -3.8176
v 5.4980 25.9492 -3.4714
v 8.1715 22.7512 0.1005
v 5.4980 25.9492 -3.4714
v 6.1788 25.9492 0.4467
v 4.4716 30.2976 -5.4615
v 1.1473 30.2976 -7.6679
v -0.3429 31.4452 -5.4227
v 4.4716 30.2976 -5.4615
v -0.3429 31.4452 -5.4227
v 2.9815 31.4452 -3.2163
v 2.2564 29.8974 -7.7090
v 0.0501 29.8974 -4.3846
v 1.8723 31.8454 -3.1752
v 2.2564 29.8974 -7.7090
v 1.8723 31.8454 -3.1752
v 4.0787 31.8454 -6.4996
v 2.7139 29.0412 -10.4313
v -0.8553 29.0412 -11.7974
v -2.0982 31.4619 -8.5500
v 2.7139 29.0412 -10.4313
v -2.0982 31.4619 -8.5500
v 1.4710 31.4619 -7.1839
v -0.3509 28.6948 -11.7888
v -1.7170 28.6948 -8.2196
v 0.9666 31.8083 -7.1925
v -0.3509 28.6948 -11.7888
v 0.9666 31.8083 -7.1925
v 2.3327 31.8083 -10.7617
v -7.2182 30.6384 -5.5219
v -3.3396 30.6384 -4.1958
v -2.7386 33.8536 -5.9533
v -7.2182 30.6384 -5.5219
v -2.7386 33.8536 -5.9533
v -6.6173 33.8536 -7.2795
v -4.6742 30.6962 -3.4676
v -3.3480 30.6962 -7.3462
v -5.2827 33.7957 -8.0077
v -4.6742 30.6962 -3.4676
v -5.2827 33.7957 -8.0077
v -6.6089 33.7957 -4.1290
v 4.5466 25.2303 -4.5680
v 2.6060 25.2303 -7.7345
v -0.5863 27.1763 -5.7781
v 4.5466 25.2303 -4.5680
v -0.5863 27.1763 -5.7781
v 1.3543 27.1763 -2.6116
v 2.7010 24.8891 -7.5506
v -0.4655 24.8891 -5.6100
v 1.2594 27.5175 -2.7955
v 2.7010 24.8891 -7.5506
v 1.2594 27.5175 -2.7955
v 4.4258 27.5175 -4.7361
v 2.1673 9.6637 5.8887
v 5.5217 9.6637 8.1995
v 7.0005 11.1462 6.0529
v 2.1673 9.6637 5.8887
v 7.0005 11.1462 6.0529
v 3.6461 11.1462 3.7420
v 4.4935 9.6462 8.3816
v 6.8043 9.6462 5.0273
v 4.6743 11.1637 3.5599
v 4.4935 9.6462 8.3816
v 4.6743 11.1637 3.5599
v 2.3635 11.1637 6.9143
v 3.2711 13.0330 -2.2619
v -1.2845 13.0330 -1.3616
v -0.5837 15.3035 2.1843
v 3.2711 13.0330 -2.2619
v -0.5837 15.3035 2.1843
v 3.9718 15.3035 1.2841
v -1.0229 13.3088 -1.9378
v -0.1227 13.3088 2.6177
v 3.7103 15.0277 1.8603
v -1.0229 13.3088 -1.9378
v 3.7103 15.0277 1.8603
v 2.8101 15.0277 -2.6953
v -9.3399 26.8489 -3.1491
v -7.9190 26.8489 0.2515
v -3.9838 29.6602 -1.3929
v -9.3399 26.8489 -3.1491
v -3.9838 29.6602 -1.3929
v -5.4047 29.6602 -4.7935
v -7.5993 26.6397 0.2652
v -4.1987 26.6397 -1.1558
v -5.7244 29.8695 -4.8072
v -7.5993 26.6397 0.2652
v -5.7244 29.8695 -4.8072
v -9.1250 29.8695 -3.3863
v 5.1899 18.5238 -3.7815
v 2.7657 18.5238 -6.5479
v 0.9233 20.9748 -4.9333
v 5.1899 18.5238 -3.7815
v 0.9233 20.9748 -4.9333
v 3.3475 20.9748 -2.1670
v 3.4188 18.9731 -6.7346
v 0.6525 18.9731 -4.3104
v 2.6944 20.5255 -1.9803
v 3.4188 18.9731 -6.7346
v 2.6944 20.5255 -1.9803
v 5.4607 20.5255 -4.4045
v -7.2845 19.1263 5.5343
v -4.3704 19.1263 2.5768
v -6.8743 20.8649 0.1096
v -7.2845 19.1263 5.5343
v -6.8743 20.8649 0.1096
v -9.7884 20.8649 3.0671
v -4.5275 18.7680 3.1899
v -7.4850 18.7680 0.2757
v -9.6313 21.2232 2.4540
v -4.5275 18.7680 3.1899
v -9.6313 21.2232 2.4540
v -6.6738 21.2232 5.3681
v 5.0488 20.1431 0.5060
v 4.2110 20.1431 4.2503
v 7.1117 22.4644 4.8994
v 5.0488 20.1431 0.5060
v 7.1117 22.4644 4.8994
v 7.9495 22.4644 1.1551
v 3.8247 20.6155 3.9971
v 7.5691 20.6155 4.8349
v 8.3358 21.9919 1.4083
v 3.8247 20.6155 3.9971
v 8.3358 21.9919 1.4083
v 4.5915 21.9919 0.5705
v 2.4323 31.9534 -2.1327
v -1.4421 31.9534 -1.4317
v -1.0214 34.8561 0.8933
v 2.4323 31.9534 -2.1327
v -1.0214 34.8561 0.8933
v 2.8530 34.8561 0.1923
v -1.1947 32.3937 -2.2765
v -0.4937 32.3937 1.5979
v 2.6056 34.4158 1.0372
v -1.1947 32.3937 -2.2765
v 2.6056 34.4158 1.0372
v 1.9046 34.4158 -2.8373
v -7.8947 11.6138 -10.7471
v -7.6916 11.6138 -7.4772
v -5.3420 14.7607 -7.6231
v -7.8947 11.6138 -10.7471
v -5.3420 14.7607 -7.6231
v -5.5451 14.7607 -10.8930
v -8.1522 12.0901 -7.4565
v -4.8823 12.0901 -7.6596
v -5.0845 14.2844 -10.9137
v -8.1522 12.0901 -7.4565
v -5.0845 14.2844 -10.9137
v -8.3543 14.2844 -10.7106
v 6.4281 9.9557 8.7098
v 2.1414 9.9557 10.1266
v 2.9433 11.8893 12.5528
v 6.4281 9.9557 8.7098
v 2.9433 11.8893 12.5528
v 7.2300 11.8893 11.1360
v 2.6881 10.0720 8.9141
v 4.1048 10.0720 13.2007
v 6.6833 11.7730 12.3485
v 2.6881 10.0720 8.9141
v 6.6833 11.7730 12.3485
v 5.2666 11.7730 8.0619
v -3.9058 28.0827 9.0511
v -0.2960 28.0827 6.0733
v -2.0971 32.4092 3.8899
v -3.9058 28.0827 9.0511
v -2.0971 32.4092 3.8899
v -5.7069 32.4092 6.8677
v 0.1904 28.9009 6.8706
v -2.7874 28.9009 3.2608
v -6.1933 31.5910 6.0704
v 0.1904 28.9009 6.8706
v -6.1933 31.5910 6.0704
v -3.2155 31.5910 9.6802
v -3.9272 23.3469 -7.2949
v -1.3755 23.3469 -4.9669
v 1.0129 27.2883 -7.5848
v -3.9272 23.3469 -7.2949
v 1.0129 27.2883 -7.5848
v -1.5387 27.2883 -9.9128
v -1.4775 23.1667 -5.1206
v 0.8505 23.1667 -7.6722
v -1.4368 27.4685 -9.7591
v -1.4775 23.1667 -5.1206
v -1.4368 27.4685 -9.7591
v -3.7648 27.4685 -7.2074
v -7.4480 16.4617 2.1845
v -8.0527 16.4617 5.6606
v -4.0466 18.6006 6.3575
v -7.4480 16.4617 2.1845
v -4.0466 18.6006 6.3575
v -3.4419 18.6006 2.8815
v -7.8528 16.7053 6.0806
v -4.3767 16.7053 6.6854
v -3.6418 18.3569 2.4614
v -7.8528 16.7053 6.0806
v -3.6418 18.3569 2.4614
v -7.1179 18.3569 1.8566
v 9.2380 13.6401 -5.0631
v 6.3768 13.6401 -2.5593
v 7.9897 16.5983 -0.7162
v 9.2380 13.6401 -5.0631
v 7.9897 16.5983 -0.7162
v 10.8509 16.5983 -3.2200
v 6.5531 13.5280 -3.6125
v 9.0569 13.5280 -0.7513
v 10.6746 16.7105 -2.1668
v 6.5531 13.5280 -3.6125
v 10.6746 16.7105 -2.1668
v 8.1708 16.7105 -5.0280
v 4.7193 13.5615 8.3264
v 7.8018 13.5615 5.8716
v 5.8571 15.5663 3.4296
v 4.7193 13.5615 8.3264
v 5.8571 15.5663 3.4296
v 2.7746 15.5663 5.8844
v 7.4475 13.1421 6.6771
v 4.9928 13.1421 3.5946
v 3.1289 15.9858 5.0790
v 7.4475 13.1421 6.6771
v 3.1289 15.9858 5.0790
v 5.5836 15.9858 8.1614
v -8.7643 20.0867 -13.3940
v -7.5948 20.0867 -8.8027
v -5.2293 22.2249 -9.4052
v -8.7643 20.0867 -13.3940
v -5.2293 22.2249 -9.4052
v -6.3988 22.2249 -13.9965
v -9.0697 19.8076 -9.9399
v -4.4783 19.8076 -11.1094
v -4.9240 22.5039 -12.8593
v -9.0697 19.8076 -9.9399
v -4.9240 22.5039 -12.8593
v -9.5154 22.5039 -11.6898
v -2.1413 24.4916 6.5839
v 1.3901 24.4916 8.4019
v 3.0207 26.9327 5.2345
v -2.1413 24.4916 6.5839
v 3.0207 26.9327 5.2345
v -0.5107 26.9327 3.4165
v 0.6544 23.9614 8.2534
v 2.4724 23.9614 4.7220
v 0.2250 27.4629 3.5650
v 0.6544 23.9614 8.2534
v 0.2250 27.4629 3.5650
v -1.5930 27.4629 7.0964
v 6.2401 14.1661 -9.2674
v 2.7848 14.1661 -10.7531
v 1.5068 16.4342 -7.7808
v 6.2401 14.1661 -9.2674
v 1.5068 16.4342 -7.7808
v 4.9621 16.4342 -6.2951
v 3.1063 14.2041 -10.9010
v 1.6206 14.2041 -7.4457
v 4.6406 16.3962 -6.1472
v 3.1063 14.2041 -10.9010
v 4.6406 16.3962 -6.1472
v 6.1263 16.3962 -9.6025
v -0.4788 19.6031 7.0911
v -3.6613 19.6031 8.2443
v -2.8118 22.5691 10.5886
v -0.4788 19.6031 7.0911
v -2.8118 22.5691 10.5886
v 0.3707 22.5691 9.4354
v -3.4150 19.6221 7.6810
v -2.2618 19.6221 10.8635
v 0.1244 22.5500 9.9988
v -3.4150 19.6221 7.6810
v 0.1244 22.5500 9.9988
v -1.0288 22.5500 6.8163
v -3.1064 33.0993 -8.2514
v -6.5299 33.0993 -9.1837
v -7.3982 34.8053 -5.9948
v -3.1064 33.0993 -8.2514
v -7.3982 34.8053 -5.9948
v -3.9748 34.8053 -5.0625
v -6.3017 32.9567 -9.2475
v -7.2340 32.9567 -5.8241
v -4.2029 34.9479 -4.9987
v -6.3017 32.9567 -9.2475
v -4.2029 34.9479 -4.9987
v -3.2707 34.9479 -8.4221
v -7.2012 26.6792 1.9437
v -10.0134 26.6792 3.8133
v -8.1783 28.1315 6.5738
v -7.2012 26.6792 1.9437
v -8.1783 28.1315 6.5738
v -5.3660 28.1315 4.7042
v -9.3942 25.8496 3.3643
v -7.5246 25.8496 6.1765
v -5.9853 28.9610 5.1532
v -9.3942 25.8496 3.3643
v -5.9853 28.9610 5.1532
v -7.8549 28.9610 2.3409
v -2.0442 36.9642 1.2690
v -1.8108 36.9642 -2.6366
v -5.6276 38.3936 -2.8647
v -2.0442 36.9642 1.2690
v -5.6276 38.3936 -2.8647
v -5.8610 38.3936 1.0409
v -1.8144 35.9943 -1.8314
v -5.7200 35.9943 -2.0648
v -5.8575 39.3635 0.2357
v -1.8144 35.9943 -1.8314
v -5.8575 39.3635 0.2357
v -1.9519 39.3635 0.4691
v -7.0523 13.9411 7.7976
v -11.5916 13.9411 6.7753
v -11.9659 16.7084 8.4374
v -7.0523 13.9411 7.7976
v -11.9659 16.7084 8.4374
v -7.4266 16.7084 9.4598
v -10.4180 14.6026 5.5280
v -11.4403 14.6026 10.0674
v -8.6002 16.0469 10.7070
v -10.4180 14.6026 5.5280
v -8.6002 16.0469 10.7070
v -7.5779 16.0469 6.1677
v -6.8709 16.4661 -5.5392
v -9.7779 16.4661 -3.2065
v -8.4771 18.9120 -1.5855
v -6.8709 16.4661 -5.5392
v -8.4771 18.9120 -1.5855
v -5.5701 18.9120 -3.9182
v -9.9290 16.8972 -4.1422
v -7.5963 16.8972 -1.2352
v -5.4189 18.4809 -2.9825
v -9.9290 16.8972 -4.1422
v -5.4189 18.4809 -2.9825
v -7.7516 18.4809 -5.8895
v -5.5189 26.6492 -10.0668
v -8.4430 26.6492 -12.3269
v -10.1539 28.6626 -10.1133
v -5.5189 26.6492 -10.0668
v -10.1539 28.6626 -10.1133
v -7.2298 28.6626 -7.8532
v -7.8176 26.6571 -12.4110
v -10.0777 26.6571 -9.4869
v -7.8552 28.6548 -7.7691
v -7.8176 26.6571 -12.4110
v -7.8552 28.6548 -7.7691
v -5.5951 28.6548 -10.6932
v -5.6928 21.9587 9.0779
v -6.6336 21.9587 5.4983
v -9.4824 24.4923 6.2470
v -5.6928 21.9587 9.0779
v -9.4824 24.4923 6.2470
v -8.5416 24.4923 9.8267
v -6.0840 21.6425 6.1031
v -9.6636 21.6425 7.0440
v -9.0912 24.8086 9.2218
v -6.0840 21.6425 6.1031
v -9.0912 24.8086 9.2218
v -5.5116 24.8086 8.2810
v 9.8519 19.4129 -5.8737
v 6.4310 19.4129 -7.0292
v 5.9006 22.2216 -5.4588
v 9.8519 19.4129 -5.8737
v 5.9006 22.2216 -5.4588
v 9.3215 22.2216 -4.3033
v 7.4088 19.6165 -7.7297
v 6.2533 19.6165 -4.3088
v 8.3437 22.0180 -3.6027
v 7.4088 19.6165 -7.7297
v 8.3437 22.0180 -3.6027
v 9.4992 22.0180 -7.0236
v -10.9753 16.2739 6.2000
v -13.9601 16.2739 2.8693
v -15.0319 18.4107 3.8298
v -10.9753 16.2739 6.2000
v -15.0319 18.4107 3.8298
v -12.0471 18.4107 7.1605
v -12.1259 16.8261 2.6436
v -15.4565 16.8261 5.6284
v -13.8813 17.8585 7.3862
v -12.1259 16.8261 2.6436
v -13.8813 17.8585 7.3862
v -10.5506 17.8585 4.4014
v 13.1629 19.8500 0.4524
v 12.9282 19.8500 -2.7109
v 10.3350 21.7732 -2.5185
v 13.1629 19.8500 0.4524
v 10.3350 21.7732 -2.5185
v 10.5698 21.7732 0.6448
v 13.2505 19.6103 -2.2300
v 10.0872 19.6103 -1.9953
v 10.2475 22.0128 0.1639
v 13.2505 19.6103 -2.2300
v 10.2475 22.0128 0.1639
v 13.4107 22.0128 -0.0708
v 5.5944 24.4934 -1.2603
v 2.3385 24.4934 1.1252
v 4.3204 26.6556 3.8302
v 5.5944 24.4934 -1.2603
v 4.3204 26.6556 3.8302
v 7.5762 26.6556 1.4447
v 2.6593 24.1245 0.4668
v 5.0448 24.1245 3.7227
v 7.2554 27.0245 2.1031
v 2.6593 24.1245 0.4668
v 7.2554 27.0245 2.1031
v 4.8699 27.0245 -1.1528
v 2.0779 10.5369 8.5387
v -1.6815 10.5369 9.0603
v -1.3035 13.9747 11.7844
v 2.0779 10.5369 8.5387
v -1.3035 13.9747 11.7844
v 2.4559 13.9747 11.2628
v -0.9805 10.3593 8.4354
v -0.4589 10.3593 12.1948
v 1.7549 14.1523 11.8877
v -0.9805 10.3593 8.4354
v 1.7549 14.1523 11.8877
v 1.2333 14.1523 8.1283
v -7.7438 31.2205 5.6304
v -9.6014 31.2205 1.8943
v -11.5830 34.4758 2.8796
v -7.7438 31.2205 5.6304
v -11.5830 34.4758 2.8796
v -9.7254 34.4758 6.6157
v -8.3116 31.2579 2.2878
v -12.0478 31.2579 4.1455
v -11.0152 34.4385 6.2222
v -8.3116 31.2579 2.2878
v -11.0152 34.4385 6.2222
v -7.2790 34.4385 4.3645
v 3.3249 28.4375 -4.4246
v 6.3082 28.4375 -6.5945
v 4.7949 30.9642 -8.6750
v 3.3249 28.4375 -4.4246
v 4.7949 30.9642 -8.6750
v 1.8117 30.9642 -6.5051
v 5.9079 28.1645 -5.6132
v 3.7380 28.1645 -8.5964
v 2.2119 31.2372 -7.4864
v 5.9079 28.1645 -5.6132
v 2.2119 31.2372 -7.4864
v 4.3819 31.2372 -4.5032
v 5.2777 18.8076 -6.7437
v 7.2549 18.8076 -9.9029
v 3.9078 22.8135 -11.9976
v 5.2777 18.8076 -6.7437
v 3.9078 22.8135 -11.9976
v 1.9307 22.8135 -8.8384
v 7.3259 19.0269 -10.2252
v 4.1667 19.0269 -12.2024
v 1.8597 22.5942 -8.5160
v 7.3259 19.0269 -10.2252
v 1.8597 22.5942 -8.5160
v 5.0188 22.5942 -6.5389
v -0.1568 28.2165 0.7315
v 0.0906 28.2165 4.6339
v 2.4362 31.9103 4.4852
v -0.1568 28.2165 0.7315
v 2.4362 31.9103 4.4852
v 2.1889 31.9103 0.5829
v -0.6938 28.9101 4.5890
v 3.2086 28.9101 4.3416
v 2.9732 31.2166 0.6278
v -0.6938 28.9101 4.5890
v 2.9732 31.2166 0.6278
v -0.9292 31.2166 0.8751
v -9.2883 21.2076 0.2918
v -8.3788 21.2076 -3.2988
v -11.8526 23.7627 -4.1787
v -9.2883 21.2076 0.2918
v -11.8526 23.7627 -4.1787
v -12.7620 23.7627 -0.5880
v -8.3745 21.0085 -3.0703
v -11.9652 21.0085 -3.9797
v -12.7663 23.9618 -0.8165
v -8.3745 21.0085 -3.0703
v -12.7663 23.9618 -0.8165
v -9.1757 23.9618 0.0929
v -7.1361 13.7705 3.9349
v -2.6874 13.7705 2.9943
v -3.4134 16.7919 -0.4397
v -7.1361 13.7705 3.9349
v -3.4134 16.7919 -0.4397
v -7.8622 16.7919 0.5009
v -3.0108 13.8667 3.5928
v -3.9514 13.8667 -0.8560
v -7.5388 16.6958 -0.0975
v -3.0108 13.8667 3.5928
v -7.5388 16.6958 -0.0975
v -6.5982 16.6958 4.3512
v -12.4101 14.2860 -0.7116
v -8.4660 14.2860 1.0068
v -7.5267 17.7337 -1.1490
v -12.4101 14.2860 -0.7116
v -7.5267 17.7337 -1.1490
v -11.4709 17.7337 -2.8674
v -9.1665 14.9749 1.7655
v -7.4480 14.9749 -2.1786
v -10.7703 17.0448 -3.6261
v -9.1665 14.9749 1.7655
v -10.7703 17.0448 -3.6261
v -12.4888 17.0448 0.3180
v -3.2539 27.1572 -13.6226
v -5.2326 27.1572 -9.8189
v -2.4684 29.7732 -8.3811
v -3.2539 27.1572 -13.6226
v -2.4684 29.7732 -8.3811
v -0.4898 29.7732 -12.1848
v -5.4393 27.0545 -10.6911
v -1.6356 27.0545 -8.7124
v -0.2830 29.8759 -11.3126
v -5.4393 27.0545 -10.6911
v -0.2830 29.8759 -11.3126
v -4.0867 29.8759 -13.2913
v -4.9514 26.5559 -5.2756
v -4.2413 26.5559 -9.3563
v -7.5547 27.9203 -9.9329
v -4.9514 26.5559 -5.2756
v -7.5547 27.9203 -9.9329
v -8.2648 27.9203 -5.8523
v -4.0032 25.8966 -8.4532
v -8.0838 25.8966 -9.1634
v -8.5029 28.5796 -6.7554
v -4.0032 25.8966 -8.4532
v -8.5029 28.5796 -6.7554
v -4.4223 28.5796 -6.0452
v 0.4886 15.4253 -5.4561
v 3.7951 15.4253 -6.0586
v 3.1530 16.9083 -9.5825
v 0.4886 15.4253 -5.4561
v 3.1530 16.9083 -9.5825
v -0.1535 16.9083 -8.9800
v 3.6849 15.0561 -6.1508
v 3.0824 15.0561 -9.4574
v -0.0433 17.2776 -8.8878
v 3.6849 15.0561 -6.1508
v -0.0433 17.2776 -8.8878
v 0.5592 17.2776 -5.5812
v 5.6326 28.7358 2.1370
v 2.5863 28.7358 1.7735
v 2.3417 31.8627 3.8237
v 5.6326 28.7358 2.1370
v 2.3417 31.8627 3.8237
v 5.3880 31.8627 4.1872
v 2.7713 29.0627 1.2905
v 2.4078 29.0627 4.3368
v 5.2031 31.5358 4.6703
v 2.7713 29.0627 1.2905
v 5.2031 31.5358 4.6703
v 5.5665 31.5358 1.6239
v -10.9113 29.7944 -6.9476
v -10.7208 29.7944 -3.4669
v -8.3954 32.4328 -3.5941
v -10.9113 29.7944 -6.9476
v -8.3954 32.4328 -3.5941
v -8.5859 32.4328 -7.0749
v -11.3342 29.7323 -4.0872
v -7.8534 29.7323 -4.2777
v -7.9726 32.4948 -6.4546
v -11.3342 29.7323 -4.0872
v -7.9726 32.4948 -6.4546
v -11.4533 32.4948 -6.2641
v 8.9984 11.3574 4.8515
v 9.0132 11.3574 0.6231
v 5.5656 13.5529 0.6110
v 8.9984 11.3574 4.8515
v 5.5656 13.5529 0.6110
v 5.5508 13.5529 4.8394
v 9.4018 11.1696 1.1499
v 5.1733 11.1696 1.1351
v 5.1622 13.7407 4.3126
v 9.4018 11.1696 1.1499
v 5.1622 13.7407 4.3126
v 9.3907 13.7407 4.3274
v 1.5269 35.1642 4.6024
v 2.9857 35.1642 1.9895
v 1.0338 38.3204 0.8997
v 1.5269 35.1642 4.6024
v 1.0338 38.3204 0.8997
v -0.4251 38.3204 3.5126
v 3.4097 35.7986 2.0067
v 0.7968 35.7986 0.5478
v -0.8490 37.6860 3.4955
v 3.4097 35.7986 2.0067
v -0.8490 37.6860 3.4955
v 1.7639 37.6860 4.9544
v 1.1604 29.2529 -7.2044
v 4.9826 29.2529 -7.6132
v 4.7062 30.3510 -10.1981
v 1.1604 29.2529 -7.2044
v 4.7062 30.3510 -10.1981
v 0.8840 30.3510 -9.7893
v 4.2223 28.9068 -6.9061
v 3.8135 28.9068 -10.7283
v 1.6444 30.6971 -10.4963
v 4.2223 28.9068 -6.9061
v 1.6444 30.6971 -10.4963
v 2.0532 30.6971 -6.6741
v -2.5596 19.1508 -5.7754
v 0.2444 19.1508 -8.7337
v -1.1495 22.3782 -10.0549
v -2.5596 19.1508 -5.7754
v -1.1495 22.3782 -10.0549
v -3.9535 22.3782 -7.0966
v 0.5747 19.4923 -7.5155
v -2.3835 19.4923 -10.3195
v -4.2838 22.0368 -8.3148
v 0.5747 19.4923 -7.5155
v -4.2838 22.0368 -8.3148
v -1.3255 22.0368 -5.5107
v -4.3147 28.5793 -2.6531
v -0.0948 28.5793 -4.1570
v -1.1164 30.5533 -7.0234
v -4.3147 28.5793 -2.6531
v -1.1164 30.5533 -7.0234
v -5.3362 30.5533 -5.5195
v -0.5480 28.5510 -3.2328
v -2.0519 28.5510 -7.4527
v -4.8830 30.5816 -6.4437
v -0.5480 28.5510 -3.2328
v -4.8830 30.5816 -6.4437
v -3.3791 30.5816 -2.2239
v 1.4944 12.2869 9.5229
v 5.3232 12.2869 8.6203
v 4.8336 15.5634 6.5435
v 1.4944 12.2869 9.5229
v 4.8336 15.5634 6.5435
v 1.0048 15.5634 7.4461
v 4.8848 12.4688 9.6483
v 3.9822 12.4688 5.8195
v 1.4432 15.3815 6.4181
v 4.8848 12.4688 9.6483
v 1.4432 15.3815 6.4181
v 2.3458 15.3815 10.2469
v -0.9498 12.4775 6.3178
v -0.9442 12.4775 1.3466
v -4.4360 14.1820 1.3427
v -0.9498 12.4775 6.3178
v -4.4360 14.1820 1.3427
v -4.4417 14.1820 6.3138
v -0.2053 12.6314 2.0201
v -5.1764 12.6314 2.0144
v -5.1806 14.0280 5.6404
v -0.2053 12.6314 2.0201
v -5.1806 14.0280 5.6404
v -0.2094 14.0280 5.6461
v 0.0259 32.6862 6.5652
v -0.2349 32.6862 2.7168
v -3.8884 36.0529 2.9644
v 0.0259 32.6862 6.5652
v -3.8884 36.0529 2.9644
v -3.6276 36.0529 6.8128
v -0.1301 32.6744 2.8185
v -3.9785 32.6744 3.0793
v -3.7324 36.0647 6.7111
v -0.1301 32.6744 2.8185
v -3.7324 36.0647 6.7111
v 0.1160 36.0647 6.4503
v -10.1473 20.9886 2.1713
v -6.9512 20.9886 3.3590
v -5.9761 22.6813 0.7350
v -10.1473 20.9886 2.1713
v -5.9761 22.6813 0.7350
v -9.1723 22.6813 -0.4527
v -7.3121 21.0468 3.5504
v -6.1244 21.0468 0.3543
v -8.8114 22.6231 -0.6441
v -7.3121 21.0468 3.5504
v -8.8114 22.6231 -0.6441
v -9.9990 22.6231 2.5520
v -6.5565 15.0053 -11.0260
v -3.9746 15.0053 -13.3633
v -5.2702 17.8909 -14.7946
v -6.5565 15.0053 -11.0260
v -5.2702 17.8909 -14.7946
v -7.8521 17.8909 -12.4573
v -3.7264 15.3866 -12.5412
v -6.0637 15.3866 -15.1231
v -8.1003 17.5096 -13.2794
v -3.7264 15.3866 -12.5412
v -8.1003 17.5096 -13.2794
v -5.7630 17.5096 -10.6975
v 9.3402 20.2984 2.2247
v 9.9890 20.2984 -1.2446
v 6.8619 22.7364 -1.8293
v 9.3402 20.2984 2.2247
v 6.8619 22.7364 -1.8293
v 6.2131 22.7364 1.6399
v 10.0382 19.8436 -0.5612
v 6.5690 19.8436 -1.2100
v 6.1639 23.1911 0.9566
v 10.0382 19.8436 -0.5612
v 6.1639 23.1911 0.9566
v 9.6331 23.1911 1.6054
v -1.7874 19.3385 2.1357
v -1.1548 19.3385 6.6431
v 2.6652 21.1472 6.1069
v -1.7874 19.3385 2.1357
v 2.6652 21.1472 6.1069
v 2.0326 21.1472 1.5996
v -1.6316 18.5696 5.7432
v 2.8758 18.5696 5.1106
v 2.5093 21.9161 2.4995
v -1.6316 18.5696 5.7432
v 2.5093 21.9161 2.4995
v -1.9980 21.9161 3.1320
v -1.9945 33.0950 -1.5534
v -5.4484 33.0950 0.4761
v -3.4527 35.0734 3.8724
v -1.9945 33.0950 -1.5534
v -3.4527 35.0734 3.8724
v 0.0012 35.0734 1.8429
v -5.1042 32.5517 0.2351
v -3.0747 32.5517 3.6890
v -0.3431 35.6166 2.0839
v -5.1042 32.5517 0.2351
v -0.3431 35.6166 2.0839
v -2.3726 35.6166 -1.3700
v 8.0252 11.2995 -4.9108
v 4.9678 11.2995 -0.8816
v 7.1736 12.4957 0.7922
v 8.0252 11.2995 -4.9108
v 7.1736 12.4957 0.7922
v 10.2310 12.4957 -3.2371
v 4.8077 11.1091 -2.5639
v 8.8369 11.1091 0.4935
v 10.3911 12.6861 -1.5547
v 4.8077 11.1091 -2.5639
v 10.3911 12.6861 -1.5547
v 6.3618 12.6861 -4.6121
v -3.9788 37.0096 -0.0862
v -1.5219 37.0096 2.8180
v 2.4337 38.9476 -0.5284
v -3.9788 37.0096 -0.0862
v 2.4337 38.9476 -0.5284
v -0.0232 38.9476 -3.4326
v -0.7295 36.4650 2.6885
v 2.1747 36.4650 0.2316
v -0.8156 39.4922 -3.3031
v -0.7295 36.4650 2.6885
v -0.8156 39.4922 -3.3031
v -3.7198 39.4922 -0.8462
v -4.4517 22.8649 -12.6413
v -1.8206 22.8649 -9.2524
v 0.9877 24.5814 -11.4327
v -4.4517 22.8649 -12.6413
v 0.9877 24.5814 -11.4327
v -1.6434 24.5814 -14.8216
v -2.2958 23.0178 -9.2652
v 1.0931 23.0178 -11.8963
v -1.1682 24.4285 -14.8088
v -2.2958 23.0178 -9.2652
v -1.1682 24.4285 -14.8088
v -4.5571 24.4285 -12.1777
v -0.8893 14.4843 -3.4597
v -4.2908 14.4843 -4.3382
v -5.1830 16.8138 -0.8836
v -0.8893 14.4843 -3.4597
v -5.1830 16.8138 -0.8836
v -1.7815 16.8138 -0.0052
v -3.8963 13.9943 -4.2080
v -4.7747 13.9943 -0.8065
v -2.1760 17.3038 -0.1353
v -3.8963 13.9943 -4.2080
v -2.1760 17.3038 -0.1353
v -1.2976 17.3038 -3.5369
v -8.8964 26.4695 0.9227
v -13.3987 26.4695 0.6770
v -13.5105 29.5065 2.7253
v -8.8964 26.4695 0.9227
v -13.5105 29.5065 2.7253
v -9.0082 29.5065 2.9711
v -12.7184 27.1712 -0.5166
v -12.9642 27.1712 3.9858
v -9.6885 28.8049 4.1646
v -12.7184 27.1712 -0.5166
v -9.6885 28.8049 4.1646
v -9.4427 28.8049 -0.3378
v 10.9028 18.1488 1.4256
v 9.6568 18.1488 5.4467
v 11.5335 20.6870 6.0282
v 10.9028 18.1488 1.4256
v 11.5335 20.6870 6.0282
v 12.7796 20.6870 2.0071
v 8.7692 18.7996 4.5185
v 12.7904 18.7996 5.7646
v 13.6671 20.0362 2.9353
v 8.7692 18.7996 4.5185
v 13.6671 20.0362 2.9353
v 9.6460 20.0362 1.6892
v 2.9487 26.7485 3.7819
v 0.7369 26.7485 7.3496
v 3.9339 30.5603 9.3315
v 2.9487 26.7485 3.7819
v 3.9339 30.5603 9.3315
v 6.1457 30.5603 5.7638
v 0.4517 27.2639 7.3957
v 4.0194 27.2639 9.6074
v 6.4308 30.0449 5.7177
v 0.4517 27.2639 7.3957
v 6.4308 30.0449 5.7177
v 2.8631 30.0449 3.5059
v 5.7242 13.6086 2.3202
v 9.7224 13.6086 1.8797
v 9.3195 15.8096 -1.7777
v 5.7242 13.6086 2.3202
v 9.3195 15.8096 -1.7777
v 5.3213 15.8096 -1.3373
v 9.0671 13.0301 2.1244
v 8.6266 13.0301 -1.8739
v 5.9767 16.3881 -1.5820
v 9.0671 13.0301 2.1244
v 5.9767 16.3881 -1.5820
v 6.4171 16.3881 2.4163
v 0.8625 19.1425 12.0194
v -1.1111 19.1425 8.7960
v -4.5096 21.7060 10.8768
v 0.8625 19.1425 12.0194
v -4.5096 21.7060 10.8768
v -2.5361 21.7060 14.1002
v -1.0680 18.7141 9.0630
v -4.2914 18.7141 11.0365
v -2.5791 22.1343 13.8332
v -1.0680 18.7141 9.0630
v -2.5791 22.1343 13.8332
v 0.6443 22.1343 11.8597
v -4.4809 14.9097 -7.9850
v -7.7993 14.9097 -7.1876
v -7.0158 17.4578 -3.9268
v -4.4809 14.9097 -7.9850
v -7.0158 17.4578 -3.9268
v -3.6974 17.4578 -4.7243
v -7.8250 14.9768 -7.2120
v -7.0276 14.9768 -3.8935
v -3.6717 17.3908 -4.6999
v -7.8250 14.9768 -7.2120
v -3.6717 17.3908 -4.6999
v -4.4691 17.3908 -8.0184
v -9.4037 27.9493 0.9745
v -7.5609 27.9493 4.4718
v -4.7283 31.9683 2.9791
v -9.4037 27.9493 0.9745
v -4.7283 31.9683 2.9791
v -6.5711 31.9683 -0.5181
v -7.9287 28.2297 4.5794
v -4.4315 28.2297 2.7366
v -6.2033 31.6879 -0.6258
v -7.9287 28.2297 4.5794
v -6.2033 31.6879 -0.6258
v -9.7005 31.6879 1.2171
v -6.8497 22.9797 -3.3253
v -3.0153 22.9797 -3.9766
v -3.5076 26.9231 -6.8755
v -6.8497 22.9797 -3.3253
v -3.5076 26.9231 -6.8755
v -7.3421 26.9231 -6.2242
v -2.6806 23.8590 -3.5522
v -3.3318 23.8590 -7.3866
v -7.6768 26.0437 -6.6487
v -2.6806 23.8590 -3.5522
v -7.6768 26.0437 -6.6487
v -7.0255 26.0437 -2.8142
v -6.6544 12.3605 -6.4413
v -9.9144 12.3605 -8.7287
v -11.8283 13.7128 -6.0009
v -6.6544 12.3605 -6.4413
v -11.8283 13.7128 -6.0009
v -8.5683 13.7128 -3.7136
v -9.1557 11.7867 -8.5935
v -11.4431 11.7867 -5.3335
v -9.3269 14.2866 -3.8487
v -9.1557 11.7867 -8.5935
v -9.3269 14.2866 -3.8487
v -7.0395 14.2866 -7.1087
v -6.8475 31.9206 6.9245
v -4.4976 31.9206 3.6117
v -7.0475 33.5541 1.8028
v -6.8475 31.9206 6.9245
v -7.0475 33.5541 1.8028
v -9.3975 33.5541 5.1157
v -4.6222 31.4054 4.5957
v -7.9350 31.4054 2.2457
v -9.2729 34.0692 4.1317
v -4.6222 31.4054 4.5957
v -9.2729 34.0692 4.1317
v -5.9600 34.0692 6.4817
v -12.5765 16.6220 4.4456
v -8.9376 16.6220 1.2409
v -11.2726 18.6459 -1.4106
v -12.5765 16.6220 4.4456
v -11.2726 18.6459 -1.4106
v -14.9116 18.6459 1.7941
v -9.1471 16.3329 2.3021
v -12.3517 16.3329 -1.3369
v -14.7021 18.9350 0.7329
v -9.1471 16.3329 2.3021
v -14.7021 18.9350 0.7329
v -11.4974 18.9350 4.3719
v 11.2902 14.1765 6.6591
v 7.6879 14.1765 4.5074
v 6.7430 17.2058 6.0893
v 11.2902 14.1765 6.6591
v 6.7430 17.2058 6.0893
v 10.3453 17.2058 8.2410
v 9.2230 14.2360 4.0537
v 7.0713 14.2360 7.6560
v 8.8102 17.1462 8.6947
v 9.2230 14.2360 4.0537
v 8.8102 17.1462 8.6947
v 10.9619 17.1462 5.0924
v -5.7042 23.6543 6.6730
v -5.7788 23.6543 10.3912
v -2.2520 26.9357 10.4619
v -5.7042 23.6543 6.6730
v -2.2520 26.9357 10.4619
v -2.1774 26.9357 6.7438
v -5.8695 23.5015 10.1380
v -2.1513 23.5015 10.2126
v -2.0868 27.0885 6.9969
v -5.8695 23.5015 10.1380
v -2.0868 27.0885 6.9969
v -5.8050 27.0885 6.9223
v 10.2527 22.2534 -7.0876
v 6.2343 22.2534 -8.6595
v 5.1638 23.9962 -5.9226
v 10.2527 22.2534 -7.0876
v 5.1638 23.9962 -5.9226
v 9.1821 23.9962 -4.3508
v 7.0583 22.3889 -9.0759
v 5.4865 22.3889 -5.0576
v 8.3581 23.8607 -3.9343
v 7.0583 22.3889 -9.0759
v 8.3581 23.8607 -3.9343
v 9.9299 23.8607 -7.9527
v 0.0961 13.3609 7.5741
v 2.1637 13.3609 4.3481
v -0.0736 15.6836 2.9142
v 0.0961 13.3609 7.5741
v -0.0736 15.6836 2.9142
v -2.1411 15.6836 6.1403
v 2.1912 13.1045 5.3934
v -1.0349 13.1045 3.3259
v -2.1687 15.9401 5.0949
v 2.1912 13.1045 5.3934
v -2.1687 15.9401 5.0949
v 1.0574 15.9401 7.1625
v 9.8072 15.6147 -5.7739
v 9.4174 15.6147 -10.6157
v 7.0846 18.9099 -10.4279
v 9.8072 15.6147 -5.7739
v 7.0846 18.9099 -10.4279
v 7.4744 18.9099 -5.5861
v 10.7695 15.6454 -9.5041
v 5.9277 15.6454 -9.1143
v 6.1223 18.8792 -6.6976
v 10.7695 15.6454 -9.5041
v 6.1223 18.8792 -6.6976
v 10.9641 18.8792 -7.0874
v -7.8998 14.5764 8.3865
v -3.7863 14.5764 9.5445
v -3.0000 16.2775 6.7514
v -7.8998 14.5764 8.3865
v -3.0000 16.2775 6.7514
v -7.1135 16.2775 5.5934
v -4.5297 14.7922 10.0477
v -3.3717 14.7922 5.9342
v -6.3700 16.0616 5.0901
v -4.5297 14.7922 10.0477
v -6.3700 16.0616 5.0901
v -7.5280 16.0616 9.2037
v -8.1867 25.9998 1.1696
v -11.6648 25.9998 2.3406
v -10.5537 27.4952 5.6406
v -8.1867 25.9998 1.1696
v -10.5537 27.4952 5.6406
v -7.0757 27.4952 4.4696
v -10.9534 25.1720 2.0020
v -9.7824 25.1720 5.4800
v -7.7871 28.3229 4.8082
v -10.9534 25.1720 2.0020
v -7.7871 28.3229 4.8082
v -8.9580 28.3229 1.3302
v -7.3570 20.9531 -10.3754
v -5.8307 20.9531 -6.1352
v -2.2564 22.3880 -7.4217
v -7.3570 20.9531 -10.3754
v -2.2564 22.3880 -7.4217
v -3.7827 22.3880 -11.6619
v -6.4662 20.1632 -6.8556
v -2.2259 20.1632 -8.3818
v -3.1472 23.1779 -10.9415
v -6.4662 20.1632 -6.8556
v -3.1472 23.1779 -10.9415
v -7.3875 23.1779 -9.4153
v -0.2530 15.4899 -11.2773
v 3.3656 15.4899 -10.9753
v 3.6829 18.0774 -14.7770
v -0.2530 15.4899 -11.2773
v 3.6829 18.0774 -14.7770
v 0.0643 18.0774 -15.0790
v 3.7077 15.9562 -11.0389
v 4.0097 15.9562 -14.6575
v -0.2778 17.6111 -15.0154
v 3.7077 15.9562 -11.0389
v -0.2778 17.6111 -15.0154
v -0.5798 17.6111 -11.3968
v -2.5979 23.7461 -2.4440
v 0.4967 23.7461 -1.1000
v 1.4556 25.9006 -3.3077
v -2.5979 23.7461 -2.4440
v 1.4556 25.9006 -3.3077
v -1.6390 25.9006 -4.6517
v 0.1205 24.1922 -0.7363
v 1.4645 24.1922 -3.8309
v -1.2628 25.4546 -5.0154
v 0.1205 24.1922 -0.7363
v -1.2628 25.4546 -5.0154
v -2.6068 25.4546 -1.9208
v 5.9943 26.9132 -1.3702
v 5.9791 26.9132 -5.8031
v 2.0221 28.7496 -5.7896
v 5.9943 26.9132 -1.3702
v 2.0221 28.7496 -5.7896
v 2.0373 28.7496 -1.3567
v 6.2178 26.9922 -5.6008
v 1.7848 26.9922 -5.5856
v 1.7986 28.6706 -1.5590
v 6.2178 26.9922 -5.6008
v 1.7986 28.6706 -1.5590
v 6.2316 28.6706 -1.5742
v -11.2291 17.0761 5.1354
v -8.9080 17.0761 8.3595
v -6.5693 19.2998 6.6758
v -11.2291 17.0761 5.1354
v -6.5693 19.2998 6.6758
v -8.8904 19.2998 3.4518
v -9.8619 16.7467 7.9681
v -6.6378 16.7467 5.6470
v -7.9364 19.6292 3.8432
v -9.8619 16.7467 7.9681
v -7.9364 19.6292 3.8432
v -11.1605 19.6292 6.1643
v 8.2752 18.2096 8.2010
v 7.6566 18.2096 3.5685
v 3.8337 20.5470 4.0790
v 8.2752 18.2096 8.2010
v 3.8337 20.5470 4.0790
v 4.4524 20.5470 8.7116
v 8.1896 17.5858 4.4746
v 3.5571 17.5858 5.0933
v 3.9193 21.1707 7.8054
v 8.1896 17.5858 4.4746
v 3.9193 21.1707 7.8054
v 8.5518 21.1707 7.1868
v -4.7598 13.7375 -13.4584
v -2.0734 13.7375 -10.3787
v 0.3302 17.6243 -12.4752
v -4.7598 13.7375 -13.4584
v 0.3302 17.6243 -12.4752
v -2.3562 17.6243 -15.5549
v -2.4568 14.1247 -10.1357
v 0.6229 14.1247 -12.8220
v -1.9728 17.2371 -15.7979
v -2.4568 14.1247 -10.1357
v -1.9728 17.2371 -15.7979
v -5.0525 17.2371 -13.1116
v 4.9469 19.8284 -2.4854
v 5.2302 19.8284 1.1574
v 7.2179 22.9074 1.0028
v 4.9469 19.8284 -2.4854
v 7.2179 22.9074 1.0028
v 6.9346 22.9074 -2.6400
v 4.3915 20.6414 1.0793
v 8.0343 20.6414 0.7961
v 7.7733 22.0944 -2.5619
v 4.3915 20.6414 1.0793
v 7.7733 22.0944 -2.5619
v 4.1305 22.0944 -2.2787
v -7.3443 33.3990 6.4544
v -3.2455 33.3990 5.9253
v -3.5950 36.4366 3.2181
v -7.3443 33.3990 6.4544
v -3.5950 36.4366 3.2181
v -7.6938 36.4366 3.7472
v -3.9542 33.3120 6.7242
v -4.4833 33.3120 2.6254
v -6.9851 36.5236 2.9483
v -3.9542 33.3120 6.7242
v -6.9851 36.5236 2.9483
v -6.4560 36.5236 7.0471
v 2.3709 34.1110 -3.1335
v 0.3787 34.1110 0.3732
v 3.3638 37.6875 2.0690
v 2.3709 34.1110 -3.1335
v 3.3638 37.6875 2.0690
v 5.3560 37.6875 -1.4377
v 0.3702 33.9301 -0.2192
v 3.8769 33.9301 1.7730
v 5.3644 37.8683 -0.8453
v 0.3702 33.9301 -0.2192
v 5.3644 37.8683 -0.8453
v 1.8577 37.8683 -2.8375
v -6.7559 20.8923 -0.8375
v -6.7352 20.8923 -4.6597
v -9.2082 23.9425 -4.6731
v -6.7559 20.8923 -0.8375
v -9.2082 23.9425 -4.6731
v -9.2289 23.9425 -0.8509
v -6.0624 21.2670 -4.3361
v -9.8845 21.2670 -4.3568
v -9.9018 23.5677 -1.1746
v -6.0624 21.2670 -4.3361
v -9.9018 23.5677 -1.1746
v -6.0796 23.5677 -1.1538
v 2.9650 18.1765 -7.2328
v 5.7365 18.1765 -4.1456
v 7.6372 21.2688 -5.8518
v 2.9650 18.1765 -7.2328
v 7.6372 21.2688 -5.8518
v 4.8657 21.2688 -8.9390
v 4.7139 18.3185 -4.0911
v 7.8012 18.3185 -6.8626
v 5.8883 21.1267 -8.9935
v 4.7139 18.3185 -4.0911
v 5.8883 21.1267 -8.9935
v 2.8010 21.1267 -6.2220
v -8.2446 25.1436 -2.5833
v -10.8087 25.1436 0.7702
v -9.0595 28.6003 2.1077
v -8.2446 25.1436 -2.5833
v -9.0595 28.6003 2.1077
v -6.4953 28.6003 -1.2457
v -11.2403 25.4766 -0.3277
v -7.8869 25.4766 2.2365
v -6.0637 28.2673 -0.1479
v -11.2403 25.4766 -0.3277
v -6.0637 28.2673 -0.1479
v -9.4171 28.2673 -2.7121
v 6.3604 11.6334 7.5663
v 2.9703 11.6334 9.0992
v 3.7868 14.0963 10.9047
v 6.3604 11.6334 7.5663
v 3.7868 14.0963 10.9047
v 7.1768 14.0963 9.3717
v 3.1385 11.9411 8.0689
v 4.6715 11.9411 11.4589
v 7.0086 13.7886 10.4021
v 3.1385 11.9411 8.0689
v 7.0086 13.7886 10.4021
v 5.4756 13.7886 7.0120
v -3.6820 13.9738 -5.8785
v -0.3363 13.9738 -6.5298
v -0.6211 16.2236 -7.9931
v -3.6820 13.9738 -5.8785
v -0.6211 16.2236 -7.9931
v -3.9669 16.2236 -7.3418
v -0.8710 14.1634 -5.4488
v -1.5223 14.1634 -8.7946
v -3.4321 16.0339 -8.4228
v -0.8710 14.1634 -5.4488
v -3.4321 16.0339 -8.4228
v -2.7808 16.0339 -5.0770
v -1.4636 31.4218 -3.6659
v -4.6661 31.4218 -1.9800
v -3.5160 34.1618 0.2047
v -1.4636 31.4218 -3.6659
v -3.5160 34.1618 0.2047
v -0.3135 34.1618 -1.4811
v -4.4004 31.3971 -2.7698
v -2.7145 31.3971 0.4327
v -0.5792 34.1865 -0.6913
v -4.4004 31.3971 -2.7698
v -0.5792 34.1865 -0.6913
v -2.2651 34.1865 -3.8939
v -5.2113 31.4456 -7.1554
v -1.9188 31.4456 -8.2847
v -2.7572 32.6797 -10.7294
v -5.2113 31.4456 -7.1554
v -2.7572 32.6797 -10.7294
v -6.0498 32.6797 -9.6001
v -2.6523 30.8826 -7.5593
v -3.7815 30.8826 -10.8519
v -5.3163 33.2427 -10.3255
v -2.6523 30.8826 -7.5593
v -5.3163 33.2427 -10.3255
v -4.1870 33.2427 -7.0330
v 5.5536 9.4284 8.1378
v 1.8197 9.4284 7.5404
v 1.5176 12.3371 9.4288
v 5.5536 9.4284 8.1378
v 1.5176 12.3371 9.4288
v 5.2515 12.3371 10.0262
v 2.9052 9.4185 6.7677
v 2.3078 9.4185 10.5016
v 4.1660 12.3470 10.7989
v 2.9052 9.4185 6.7677
v 4.1660 12.3470 10.7989
v 4.7635 12.3470 7.0650
v -9.3898 15.7280 12.7665
v -6.4491 15.7280 10.8588
v -8.6269 18.4979 7.5016
v -9.3898 15.7280 12.7665
v -8.6269 18.4979 7.5016
v -11.5676 18.4979 9.4092
v -6.5559 15.4605 10.6322
v -8.4635 15.4605 7.6915
v -11.4608 18.7654 9.6358
v -6.5559 15.4605 10.6322
v -11.4608 18.7654 9.6358
v -9.5532 18.7654 12.5766
v 10.4773 23.2483 1.2626
v 6.7581 23.2483 -0.4290
v 5.5173 25.7002 2.2990
v 10.4773 23.2483 1.2626
v 5.5173 25.7002 2.2990
v 9.2365 25.7002 3.9906
v 7.2496 23.6472 -0.8036
v 5.5580 23.6472 2.9156
v 8.7450 25.3013 4.3651
v 7.2496 23.6472 -0.8036
v 8.7450 25.3013 4.3651
v 10.4366 25.3013 0.6460
v -2.9205 25.2573 -6.9804
v 0.1292 25.2573 -9.3873
v -1.2387 28.2331 -11.1205
v -2.9205 25.2573 -6.9804
v -1.2387 28.2331 -11.1205
v -4.2884 28.2331 -8.7136
v 0.3508 25.7505 -8.4939
v -2.0561 25.7505 -11.5436
v -4.5100 27.7399 -9.6070
v 0.3508 25.7505 -8.4939
v -4.5100 27.7399 -9.6070
v -2.1031 27.7399 -6.5573
v -0.9077 28.1156 -0.2490
v 3.8670 28.1156 -0.5777
v 3.7345 30.5749 -2.5023
v -0.9077 28.1156 -0.2490
v 3.7345 30.5749 -2.5023
v -1.0402 30.5749 -2.1736
v 2.9349 28.5759 0.9183
v 2.6062 28.5759 -3.8564
v -0.1081 30.1145 -3.6696
v 2.9349 28.5759 0.9183
v -0.1081 30.1145 -3.6696
v 0.2206 30.1145 1.1051
v -8.5337 22.9472 -4.2999
v -6.4638 22.9472 -8.5110
v -8.2436 25.8913 -9.3858
v -8.5337 22.9472 -4.2999
v -8.2436 25.8913 -9.3858
v -10.3135 25.8913 -5.1747
v -5.6736 23.3051 -7.0479
v -9.8847 23.3051 -9.1178
v -11.1037 25.5333 -6.6379
v -5.6736 23.3051 -7.0479
v -11.1037 25.5333 -6.6379
v -6.8926 25.5333 -4.5679
v -3.9775 30.8402 4.9541
v -8.1628 30.8402 7.0764
v -6.8395 33.5509 9.6860
v -3.9775 30.8402 4.9541
v -6.8395 33.5509 9.6860
v -2.6542 33.5509 7.5637
v -7.6741 30.7280 5.8381
v -5.5518 30.7280 10.0234
v -3.1430 33.6631 8.8019
v -7.6741 30.7280 5.8381
v -3.1430 33.6631 8.8019
v -5.2653 33.6631 4.6166
v -9.8714 30.8473 0.5150
v -6.4161 30.8473 -0.8686
v -7.9495 32.7270 -4.6978
v -9.8714 30.8473 0.5150
v -7.9495 32.7270 -4.6978
v -11.4048 32.7270 -3.3142
v -6.3187 30.8134 -1.1245
v -7.7023 30.8134 -4.5798
v -11.5022 32.7609 -3.0582
v -6.3187 30.8134 -1.1245
v -11.5022 32.7609 -3.0582
v -10.1186 32.7609 0.3971
v 0.5023 36.0567 1.7492
v -2.4566 36.0567 -0.2770
v -4.7540 38.5978 3.0779
v 0.5023 36.0567 1.7492
v -4.7540 38.5978 3.0779
v -1.7951 38.5978 5.1041
v -2.8057 36.0872 -0.2252
v -4.8319 36.0872 2.7338
v -1.4461 38.5674 5.0523
v -2.8057 36.0872 -0.2252
v -1.4461 38.5674 5.0523
v 0.5801 38.5674 2.0934
v 5.1751 22.2217 2.5584
v 3.5700 22.2217 6.8185
v 6.7037 23.9415 7.9992
v 5.1751 22.2217 2.5584
v 6.7037 23.9415 7.9992
v 8.3088 23.9415 3.7391
v 3.4227 21.5518 5.5025
v 7.6828 21.5518 7.1077
v 8.4561 24.6114 5.0551
v 3.4227 21.5518 5.5025
v 8.4561 24.6114 5.0551
v 4.1960 24.6114 3.4500
v 1.3470 13.6976 11.9192
v 4.5712 13.6976 9.9414
v 3.4987 16.0826 8.1930
v 1.3470 13.6976 11.9192
v 3.4987 16.0826 8.1930
v 0.2745 16.0826 10.1709
v 4.5655 14.0889 10.9605
v 2.5877 14.0889 7.7363
v 0.2802 15.6913 9.1518
v 4.5655 14.0889 10.9605
v 0.2802 15.6913 9.1518
v 2.2580 15.6913 12.3760
v -0.3567 16.4295 -4.3015
v 3.4601 16.4295 -6.0515
v 2.7202 19.0186 -7.6653
v -0.3567 16.4295 -4.3015
v 2.7202 19.0186 -7.6653
v -1.0966 19.0186 -5.9153
v 3.2492 16.8622 -4.6217
v 1.4993 16.8622 -8.4385
v -0.8857 18.5859 -7.3450
v 3.2492 16.8622 -4.6217
v -0.8857 18.5859 -7.3450
v 0.8642 18.5859 -3.5282
v -4.9119 8.9634 -0.7203
v -5.9353 8.9634 2.5671
v -3.5522 12.5891 3.3090
v -4.9119 8.9634 -0.7203
v -3.5522 12.5891 3.3090
v -2.5287 12.5891 0.0216
v -6.4745 9.8897 2.7060
v -3.1871 9.8897 3.7294
v -1.9896 11.6629 -0.1172
v -6.4745 9.8897 2.7060
v -1.9896 11.6629 -0.1172
v -5.2770 11.6629 -1.1407
v -12.0704 12.9120 2.6273
v -10.7413 12.9120 7.3111
v -7.2682 16.1515 6.3256
v -12.0704 12.9120 2.6273
v -7.2682 16.1515 6.3256
v -8.5973 16.1515 1.6418
v -11.5848 12.6764 6.6435
v -6.9010 12.6764 5.3145
v -7.7538 16.3872 2.3093
v -11.5848 12.6764 6.6435
v -7.7538 16.3872 2.3093
v -12.4376 16.3872 3.6384
v 0.3227 15.7784 1.1620
v -1.7677 15.7784 5.3823
v 0.4716 18.4026 6.4914
v 0.3227 15.7784 1.1620
v 0.4716 18.4026 6.4914
v 2.5619 18.4026 2.2712
v -2.3418 15.9612 4.0512
v 1.8784 15.9612 6.1415
v 3.1361 18.2198 3.6023
v -2.3418 15.9612 4.0512
v 3.1361 18.2198 3.6023
v -1.0841 18.2198 1.5120
v 9.4939 20.1325 -6.0230
v 11.0060 20.1325 -8.7978
v 6.3740 22.2084 -11.3219
v 9.4939 20.1325 -6.0230
v 6.3740 22.2084 -11.3219
v 4.8619 22.2084 -8.5471
v 10.5465 19.9545 -10.1647
v 7.7717 19.9545 -11.6767
v 5.3214 22.3864 -7.1802
v 10.5465 19.9545 -10.1647
v 5.3214 22.3864 -7.1802
v 8.0962 22.3864 -5.6682
v 1.5621 26.8596 5.0665
v -2.5878 26.8596 7.7529
v -1.1094 29.3101 10.0365
v 1.5621 26.8596 5.0665
v -1.1094 29.3101 10.0365
v 3.0404 29.3101 7.3501
v -2.4941 27.2727 6.3681
v 0.1923 27.2727 10.5180
v 2.9468 28.8970 8.7349
v -2.4941 27.2727 6.3681
v 2.9468 28.8970 8.7349
v 0.2604 28.8970 4.5850
v -10.6799 23.8843 2.7714
v -10.4367 23.8843 7.3793
v -8.7572 26.4737 7.2907
v -10.6799 23.8843 2.7714
v -8.7572 26.4737 7.2907
v -9.0003 26.4737 2.6828
v -11.9789 23.8746 5.9772
v -7.3711 23.8746 5.7341
v -7.4581 26.4834 4.0849
v -11.9789 23.8746 5.9772
v -7.4581 26.4834 4.0849
v -12.0660 26.4834 4.3281
v -7.9734 19.4150 7.2593
v -12.4487 19.4150 8.3026
v -11.7509 20.7064 11.2956
v -7.9734 19.4150 7.2593
v -11.7509 20.7064 11.2956
v -7.2756 20.7064 10.2524
v -11.8998 19.4648 7.3932
v -10.8565 19.4648 11.8685
v -7.8245 20.6566 11.1617
v -11.8998 19.4648 7.3932
v -7.8245 20.6566 11.1617
v -8.8678 20.6566 6.6864
v 7.4890 17.8091 1.5873
v 9.0478 17.8091 4.5967
v 11.1790 20.1577 3.4928
v 7.4890 17.8091 1.5873
v 11.1790 20.1577 3.4928
v 9.6201 20.1577 0.4834
v 8.3792 17.8046 4.3812
v 11.3886 17.8046 2.8223
v 10.2887 20.1622 0.6990
v 8.3792 17.8046 4.3812
v 10.2887 20.1622 0.6990
v 7.2793 20.1622 2.2578
v -5.6166 33.2659 -3.7574
v -6.9347 33.2659 -7.4372
v -10.0811 35.0749 -6.3101
v -5.6166 33.2659 -3.7574
v -10.0811 35.0749 -6.3101
v -8.7629 35.0749 -2.6303
v -6.5112 32.9905 -7.0950
v -10.1910 32.9905 -5.7768
v -9.1864 35.3503 -2.9725
v -6.5112 32.9905 -7.0950
v -9.1864 35.3503 -2.9725
v -5.5067 35.3503 -4.2907
v 3.1089 14.0644 3.5943
v 6.3278 14.0644 5.2057
v 8.0535 16.2470 1.7584
v 3.1089 14.0644 3.5943
v 8.0535 16.2470 1.7584
v 4.8346 16.2470 0.1470
v 6.4516 13.9754 5.1249
v 8.0630 13.9754 1.9059
v 4.7108 16.3359 0.2278
v 6.4516 13.9754 5.1249
v 4.7108 16.3359 0.2278
v 3.0994 16.3359 3.4467
v -0.8156 30.9686 -8.4851
v -4.5835 30.9686 -6.2171
v -2.8403 33.5239 -3.3210
v -0.8156 30.9686 -8.4851
v -2.8403 33.5239 -3.3210
v 0.9276 33.5239 -5.5890
v -4.0753 30.5728 -7.1168
v -1.8073 30.5728 -3.3490
v 0.4194 33.9197 -4.6893
v -4.0753 30.5728 -7.1168
v 0.4194 33.9197 -4.6893
v -1.8486 33.9197 -8.4571
v -8.5895 29.8699 -10.3109
v -11.1397 29.8699 -7.7725
v -8.0740 31.5339 -4.6925
v -8.5895 29.8699 -10.3109
v -8.0740 31.5339 -4.6925
v -5.5238 31.5339 -7.2309
v -10.4752 28.7291 -7.9067
v -7.9367 28.7291 -5.3564
v -6.1883 32.6748 -7.0968
v -10.4752 28.7291 -7.9067
v -6.1883 32.6748 -7.0968
v -8.7268 32.6748 -9.6470
v -2.2416 9.6341 5.8571
v -0.1729 9.6341 9.1456
v 3.2006 12.0691 7.0234
v -2.2416 9.6341 5.8571
v 3.2006 12.0691 7.0234
v 1.1319 12.0691 3.7349
v -0.1064 9.6258 9.1570
v 3.1821 9.6258 7.0883
v 1.0654 12.0774 3.7235
v -0.1064 9.6258 9.1570
v 1.0654 12.0774 3.7235
v -2.2231 12.0774 5.7922
v -5.9870 19.0975 8.0021
v -6.1547 19.0975 11.7767
v -2.6507 21.8797 11.9323
v -5.9870 19.0975 8.0021
v -2.6507 21.8797 11.9323
v -2.4830 21.8797 8.1577
v -6.2590 18.5923 11.0717
v -2.4844 18.5923 11.2394
v -2.3788 22.3848 8.8627
v -6.2590 18.5923 11.0717
v -2.3788 22.3848 8.8627
v -6.1534 22.3848 8.6950
v 9.4927 21.6521 2.3242
v 12.1913 21.6521 0.7378
v 11.2264 24.2208 -0.9034
v 9.4927 21.6521 2.3242
v 11.2264 24.2208 -0.9034
v 8.5278 24.2208 0.6829
v 12.1789 21.8694 1.4564
v 10.5925 21.8694 -1.2422
v 8.5402 24.0036 -0.0357
v 12.1789 21.8694 1.4564
v 8.5402 24.0036 -0.0357
v 10.1266 24.0036 2.6629
v -2.0795 16.1948 9.6179
v -2.3289 16.1948 5.8711
v -4.5427 19.0304 6.0185
v -2.0795 16.1948 9.6179
v -4.5427 19.0304 6.0185
v -4.2933 19.0304 9.7652
v -1.5011 16.0858 6.7419
v -5.2478 16.0858 6.9913
v -5.1211 19.1394 8.8945
v -1.5011 16.0858 6.7419
v -5.1211 19.1394 8.8945
v -1.3744 19.1394 8.6451
v 8.7497 20.5049 3.5329
v 12.0923 20.5049 5.0529
v 13.3117 22.1253 2.3715
v 8.7497 20.5049 3.5329
v 13.3117 22.1253 2.3715
v 9.9691 22.1253 0.8514
v 11.5006 20.3149 5.1827
v 13.0206 20.3149 1.8402
v 10.5609 22.3152 0.7216
v 11.5006 20.3149 5.1827
v 10.5609 22.3152 0.7216
v 9.0408 22.3152 4.0642
v 2.7986 15.9199 7.7295
v 3.1823 15.9199 10.8842
v 6.4980 19.0752 10.4810
v 2.7986 15.9199 7.7295
v 6.4980 19.0752 10.4810
v 6.1144 19.0752 7.3263
v 3.2864 16.0503 11.0683
v 6.4411 16.0503 10.6847
v 6.0103 18.9448 7.1422
v 3.2864 16.0503 11.0683
v 6.0103 18.9448 7.1422
v 2.8556 18.9448 7.5259
v -6.3060 23.4622 8.5916
v -4.3805 23.4622 4.9692
v -7.7698 25.3391 3.1676
v -6.3060 23.4622 8.5916
v -7.7698 25.3391 3.1676
v -9.6953 25.3391 6.7900
v -4.4639 23.0140 5.4073
v -8.0863 23.0140 3.4818
v -9.6119 25.7873 6.3519
v -4.4639 23.0140 5.4073
v -9.6119 25.7873 6.3519
v -5.9895 25.7873 8.2774
v -1.4926 25.6687 -12.9630
v -0.2967 25.6687 -8.4593
v 2.4578 28.6758 -9.1907
v -1.4926 25.6687 -12.9630
v 2.4578 28.6758 -9.1907
v 1.2619 28.6758 -13.6944
v -1.4846 25.4227 -9.4068
v 3.0192 25.4227 -10.6027
v 2.4498 28.9218 -12.7469
v -1.4846 25.4227 -9.4068
v 2.4498 28.9218 -12.7469
v -2.0539 28.9218 -11.5510
v -4.8664 22.1823 8.2153
v -0.7375 22.1823 9.1262
v -0.1816 23.7210 6.6061
v -4.8664 22.1823 8.2153
v -0.1816 23.7210 6.6061
v -4.3104 23.7210 5.6952
v -1.6626 22.2894 9.7656
v -0.7517 22.2894 5.6368
v -3.3854 23.6138 5.0558
v -1.6626 22.2894 9.7656
v -3.3854 23.6138 5.0558
v -4.2962 23.6138 9.1846
v 2.7255 19.1005 -9.8234
v 0.5882 19.1005 -13.0630
v -1.6796 21.9533 -11.5668
v 2.7255 19.1005 -9.8234
v -1.6796 21.9533 -11.5668
v 0.4578 21.9533 -8.3272
v 1.3243 19.2340 -13.0042
v -1.9152 19.2340 -10.8668
v -0.2784 21.8198 -8.3860
v 1.3243 19.2340 -13.0042
v -0.2784 21.8198 -8.3860
v 2.9611 21.8198 -10.5234
v 1.6633 21.0961 0.8978
v 4.4748 21.0961 3.5511
v 6.4226 23.5926 1.4872
v 1.6633 21.0961 0.8978
v 6.4226 23.5926 1.4872
v 3.6111 23.5926 -1.1661
v 3.6638 20.9753 3.4924
v 6.3171 20.9753 0.6809
v 4.4222 23.7134 -1.1074
v 3.6638 20.9753 3.4924
v 4.4222 23.7134 -1.1074
v 1.7688 23.7134 1.7041
v -7.7476 21.7287 2.2705
v -8.9346 21.7287 -1.6151
v -11.6263 23.5347 -0.7929
v -7.7476 21.7287 2.2705
v -11.6263 23.5347 -0.7929
v -10.4393 23.5347 3.0927
v -8.1962 21.9977 -1.3344
v -12.0818 21.9977 -0.1474
v -11.1777 23.2656 2.8120
v -8.1962 21.9977 -1.3344
v -11.1777 23.2656 2.8120
v -7.2921 23.2656 1.6250
v 3.0299 21.4788 -6.1717
v -0.7216 21.4788 -7.5272
v -1.8787 23.3189 -4.3248
v 3.0299 21.4788 -6.1717
v -1.8787 23.3189 -4.3248
v 1.8729 23.3189 -2.9693
v 0.0389 20.9574 -7.5628
v -1.3166 20.9574 -3.8113
v 1.1124 23.8402 -2.9337
v 0.0389 20.9574 -7.5628
v 1.1124 23.8402 -2.9337
v 2.4678 23.8402 -6.6852
v -4.9480 29.4826 -9.0662
v -6.5220 29.4826 -12.2037
v -8.8593 31.2467 -11.0312
v -4.9480 29.4826 -9.0662
v -8.8593 31.2467 -11.0312
v -7.2853 31.2467 -7.8937
v -5.7906 29.1586 -11.7441
v -8.9281 29.1586 -10.1701
v -8.0167 31.5707 -8.3533
v -5.7906 29.1586 -11.7441
v -8.0167 31.5707 -8.3533
v -4.8792 31.5707 -9.9273
v -6.6393 12.8895 -11.9138
v -10.2551 12.8895 -11.9482
v -10.2854 14.8734 -8.7621
v -6.6393 12.8895 -11.9138
v -10.2854 14.8734 -8.7621
v -6.6696 14.8734 -8.7278
v -9.5428 12.3593 -12.1563
v -9.5771 12.3593 -8.5405
v -7.3820 15.4037 -8.5196
v -9.5428 12.3593 -12.1563
v -7.3820 15.4037 -8.5196
v -7.3476 15.4037 -12.1354
v -13.2126 19.0642 5.2445
v -9.6365 19.0642 7.8765
v -8.2442 22.3138 5.9848
v -13.2126 19.0642 5.2445
v -8.2442 22.3138 5.9848
v -11.8204 22.3138 3.3528
v -11.2266 18.9605 8.0047
v -8.5945 18.9605 4.4285
v -10.2302 22.4176 3.2246
v -11.2266 18.9605 8.0047
v -10.2302 22.4176 3.2246
v -12.8623 22.4176 6.8008
v -2.0356 23.5777 -11.6386
v -5.9757 23.5777 -12.9416
v -7.1064 26.3136 -9.5226
v -2.0356 23.5777 -11.6386
v -7.1064 26.3136 -9.5226
v -3.1663 26.3136 -8.2196
v -5.6850 23.6590 -13.1345
v -6.9880 23.6590 -9.1944
v -3.4570 26.2323 -8.0267
v -5.6850 23.6590 -13.1345
v -3.4570 26.2323 -8.0267
v -2.1540 26.2323 -11.9668
v -9.2390 15.5540 -6.0390
v -13.1089 15.5540 -5.9807
v -13.0474 17.5602 -1.8951
v -9.2390 15.5540 -6.0390
v -13.0474 17.5602 -1.8951
v -9.1775 17.5602 -1.9534
v -13.2481 15.6241 -5.8707
v -13.1898 15.6241 -2.0008
v -9.0383 17.4901 -2.0634
v -13.2481 15.6241 -5.8707
v -9.0383 17.4901 -2.0634
v -9.0966 17.4901 -5.9332
v -8.9311 16.2124 -8.3304
v -4.8126 16.2124 -6.4305
v -3.5754 17.7738 -9.1125
v -8.9311 16.2124 -8.3304
v -3.5754 17.7738 -9.1125
v -7.6939 17.7738 -11.0124
v -6.0302 15.9340 -6.1210
v -4.1303 15.9340 -10.2396
v -6.4763 18.0522 -11.3218
v -6.0302 15.9340 -6.1210
v -6.4763 18.0522 -11.3218
v -8.3762 18.0522 -7.2033
v -8.3647 11.3910 -7.5966
v -6.2892 11.3910 -3.0918
v -4.2177 13.2500 -4.0462
v -8.3647 11.3910 -7.5966
v -4.2177 13.2500 -4.0462
v -6.2932 13.2500 -8.5510
v -8.1726 11.1463 -3.9785
v -3.6678 11.1463 -6.0540
v -4.4097 13.4946 -7.6643
v -8.1726 11.1463 -3.9785
v -4.4097 13.4946 -7.6643
v -8.9145 13.4946 -5.5888
v 0.4167 32.0826 0.6971
v 1.5876 32.0826 4.0730
v 4.2418 33.1796 3.1524
v 0.4167 32.0826 0.6971
v 4.2418 33.1796 3.1524
v 3.0709 33.1796 -0.2235
v 1.0750 31.9088 3.7608
v 4.4510 31.9088 2.5899
v 3.5835 33.3534 0.0887
v 1.0750 31.9088 3.7608
v 3.5835 33.3534 0.0887
v 0.2075 33.3534 1.2596
v 8.5731 21.0717 -2.3776
v 11.5446 21.0717 -0.3253
v 13.0940 22.6909 -2.5687
v 8.5731 21.0717 -2.3776
v 13.0940 22.6909 -2.5687
v 10.1225 22.6909 -4.6209
v 10.4756 20.5196 -0.5259
v 12.5279 20.5196 -3.4974
v 11.1915 23.2430 -4.4204
v 10.4756 20.5196 -0.5259
v 11.1915 23.2430 -4.4204
v 9.1392 23.2430 -1.4489
v -0.9885 13.1162 -8.9500
v -0.7334 13.1162 -5.9552
v 0.7040 15.6072 -6.0776
v -0.9885 13.1162 -8.9500
v 0.7040 15.6072 -6.0776
v 0.4489 15.6072 -9.0724
v -1.5505 13.3780 -6.3395
v 1.4443 13.3780 -6.5945
v 1.2660 15.3454 -8.6881
v -1.5505 13.3780 -6.3395
v 1.2660 15.3454 -8.6881
v -1.7288 15.3454 -8.4331
v 3.5446 15.2006 -6.5258
v 6.4645 15.2006 -3.9938
v 7.6479 17.8668 -5.3584
v 3.5446 15.2006 -6.5258
v 7.6479 17.8668 -5.3584
v 4.7280 17.8668 -7.8904
v 5.4189 15.8152 -3.5381
v 7.9510 15.8152 -6.4579
v 5.7736 17.2522 -8.3461
v 5.4189 15.8152 -3.5381
v 5.7736 17.2522 -8.3461
v 3.2415 17.2522 -5.4263
v -9.2149 21.4667 -0.3237
v -7.1608 21.4667 2.0982
v -4.7970 24.3707 0.0934
v -9.2149 21.4667 -0.3237
v -4.7970 24.3707 0.0934
v -6.8511 24.3707 -2.3285
v -6.9773 22.0038 2.3735
v -4.5553 22.0038 0.3194
v -7.0346 23.8336 -2.6038
v -6.9773 22.0038 2.3735
v -7.0346 23.8336 -2.6038
v -9.4565 23.8336 -0.5497
v 2.8106 20.9565 -4.7781
v 6.1384 20.9565 -4.8452
v 6.0861 24.7993 -7.4416
v 2.8106 20.9565 -4.7781
v 6.0861 24.7993 -7.4416
v 2.7583 24.7993 -7.3745
v 6.3628 21.5219 -4.4839
v 6.2957 21.5219 -7.8117
v 2.5339 24.2339 -7.7358
v 6.3628 21.5219 -4.4839
v 2.5339 24.2339 -7.7358
v 2.6010 24.2339 -4.4080
v -7.3558 18.5733 3.4123
v -7.3367 18.5733 7.4941
v -3.8849 21.5240 7.4780
v -7.3558 18.5733 3.4123
v -3.8849 21.5240 7.4780
v -3.9040 21.5240 3.3961
v -7.6544 18.3135 6.9192
v -3.5726 18.3135 6.9001
v -3.5863 21.7838 3.9711
v -7.6544 18.3135 6.9192
v -3.5863 21.7838 3.9711
v -7.6682 21.7838 3.9902
v 2.0213 12.2607 -2.7333
v 4.6473 12.2607 0.4528
v 6.7001 15.1445 -1.2391
v 2.0213 12.2607 -2.7333
v 6.7001 15.1445 -1.2391
v 4.0740 15.1445 -4.4252
v 3.7543 12.5020 0.5240
v 6.9404 12.5020 -2.1021
v 4.9671 14.9032 -4.4963
v 3.7543 12.5020 0.5240
v 4.9671 14.9032 -4.4963
v 1.7809 14.9032 -1.8703
v -11.5309 27.8527 -4.6631
v -9.1524 27.8527 -1.4395
v -7.0288 30.2187 -3.0063
v -11.5309 27.8527 -4.6631
v -7.0288 30.2187 -3.0063
v -9.4074 30.2187 -6.2300
v -9.9947 28.1095 -1.4297
v -6.7710 28.1095 -3.8083
v -8.5651 29.9619 -6.2397
v -9.9947 28.1095 -1.4297
v -8.5651 29.9619 -6.2397
v -11.7887 29.9619 -3.8612
v 2.6510 27.5513 -8.0958
v -0.8566 27.5513 -6.8484
v -0.0745 29.9890 -4.6491
v 2.6510 27.5513 -8.0958
v -0.0745 29.9890 -4.6491
v 3.4331 29.9890 -5.8965
v -0.2424 27.3841 -7.8037
v 1.0051 27.3841 -4.2961
v 2.8189 30.1562 -4.9412
v -0.2424 27.3841 -7.8037
v 2.8189 30.1562 -4.9412
v 1.5715 30.1562 -8.4488
v 0.7837 24.3261 -1.3547
v -0.8455 24.3261 2.5025
v 2.2322 26.4590 3.8024
v 0.7837 24.3261 -1.3547
v 2.2322 26.4590 3.8024
v 3.8614 26.4590 -0.0548
v -1.0943 24.4279 2.0041
v 2.7629 24.4279 3.6333
v 4.1102 26.3573 0.4436
v -1.0943 24.4279 2.0041
v 4.1102 26.3573 0.4436
v 0.2530 26.3573 -1.1856
v -7.3191 19.2172 0.6150
v -10.1955 19.2172 -2.7641
v -12.7002 20.8275 -0.6321
v -7.3191 19.2172 0.6150
v -12.7002 20.8275 -0.6321
v -9.8237 20.8275 2.7470
v -8.9552 18.4755 -2.1929
v -12.3343 18.4755 0.6835
v -11.0640 21.5693 2.1758
v -8.9552 18.4755 -2.1929
v -11.0640 21.5693 2.1758
v -7.6849 21.5693 -0.7006
v -5.1391 25.1230 1.1686
v -8.6982 25.1230 2.6733
v -7.4676 27.0059 5.5839
v -5.1391 25.1230 1.1686
v -7.4676 27.0059 5.5839
v -3.9085 27.0059 4.0793
v -8.2515 24.7616 2.1023
v -6.7468 24.7616 5.6614
v -4.3552 27.3673 4.6503
v -8.2515 24.7616 2.1023
v -4.3552 27.3673 4.6503
v -5.8599 27.3673 1.0912
v -12.2249 18.2353 5.5712
v -11.4973 18.2353 1.9185
v -14.2898 20.6779 1.3623
v -12.2249 18.2353 5.5712
v -14.2898 20.6779 1.3623
v -15.0173 20.6779 5.0150
v -11.0912 18.7550 2.1245
v -14.7439 18.7550 1.3969
v -15.4235 20.1582 4.8091
v -11.0912 18.7550 2.1245
v -15.4235 20.1582 4.8091
v -11.7708 20.1582 5.5366
v -12.1037 27.8844 6.5984
v -8.3121 27.8844 8.7605
v -6.1552 29.8998 4.9780
v -12.1037 27.8844 6.5984
v -6.1552 29.8998 4.9780
v -9.9468 29.8998 2.8160
v -8.8983 27.0284 8.4323
v -6.7362 27.0284 4.6407
v -9.3606 30.7559 3.1442
v -8.8983 27.0284 8.4323
v -9.3606 30.7559 3.1442
v -11.5227 30.7559 6.9358
v -0.1654 28.4521 -1.5939
v -3.8319 28.4521 -0.9799
v -3.1732 31.2737 2.9537
v -0.1654 28.4521 -1.5939
v -3.1732 31.2737 2.9537
v 0.4932 31.2737 2.3397
v -3.9300 28.4335 -0.8262
v -3.3161 28.4335 2.8403
v 0.5914 31.2923 2.1860
v -3.9300 28.4335 -0.8262
v 0.5914 31.2923 2.1860
v -0.0225 31.2923 -1.4805
v 7.8172 24.7029 5.2125
v 6.5862 24.7029 1.4797
v 3.5740 26.6939 2.4731
v 7.8172 24.7029 5.2125
v 3.5740 26.6939 2.4731
v 4.8050 26.6939 6.2059
v 7.1481 24.3721 1.9720
v 3.4153 24.3721 3.2030
v 4.2432 27.0247 5.7136
v 7.1481 24.3721 1.9720
v 4.2432 27.0247 5.7136
v 7.9760 27.0247 4.4826
v 0.9928 14.6086 -9.6259
v 5.0656 14.6086 -10.0884
v 4.7425 16.5207 -12.9340
v 0.9928 14.6086 -9.6259
v 4.7425 16.5207 -12.9340
v 0.6696 16.5207 -12.4714
v 4.4775 14.5452 -9.4001
v 4.0150 14.5452 -13.4729
v 1.2578 16.5842 -13.1598
v 4.4775 14.5452 -9.4001
v 1.2578 16.5842 -13.1598
v 1.7203 16.5842 -9.0870
v 2.9190 34.3714 -1.3324
v 0.9580 34.3714 -5.6151
v -2.2957 36.1304 -4.1252
v 2.9190 34.3714 -1.3324
v -2.2957 36.1304 -4.1252
v -0.3347 36.1304 0.1574
v 1.8075 33.9974 -5.1190
v -2.4752 33.9974 -3.1580
v -1.1842 36.5044 -0.3386
v 1.8075 33.9974 -5.1190
v -1.1842 36.5044 -0.3386
v 3.0985 36.5044 -2.2997
v 0.8838 33.3674 5.9969
v 2.8729 33.3674 2.8701
v 0.2323 35.4788 1.1903
v 0.8838 33.3674 5.9969
v 0.2323 35.4788 1.1903
v -1.7568 35.4788 4.3170
v 2.8320 33.0775 3.4711
v -0.2948 33.0775 1.4820
v -1.7159 35.7687 3.7160
v 2.8320 33.0775 3.4711
v -1.7159 35.7687 3.7160
v 1.4109 35.7687 5.7051
v 1.9665 24.5168 9.1150
v -0.3654 24.5168 6.2180
v -3.1383 26.8025 8.4501
v 1.9665 24.5168 9.1150
v -3.1383 26.8025 8.4501
v -0.8064 26.8025 11.3471
v -0.0066 24.0620 6.5368
v -2.9036 24.0620 8.8688
v -1.1652 27.2573 11.0283
v -0.0066 24.0620 6.5368
v -1.1652 27.2573 11.0283
v 1.7318 27.2573 8.6964
v 8.1832 18.8794 -0.4998
v 11.3835 18.8794 -2.9051
v 10.2216 21.4120 -4.4511
v 8.1832 18.8794 -0.4998
v 10.2216 21.4120 -4.4511
v 7.0213 21.4120 -2.0457
v 11.2323 18.9342 -1.4970
v 8.8269 18.9342 -4.6973
v 7.1726 21.3572 -3.4539
v 11.2323 18.9342 -1.4970
v 7.1726 21.3572 -3.4539
v 9.5779 21.3572 -0.2536
v 0.5297 16.3987 12.8963
v 3.0351 16.3987 10.7575
v 1.9529 18.4372 9.4898
v 0.5297 16.3987 12.8963
v 1.9529 18.4372 9.4898
v -0.5525 18.4372 11.6285
v 2.8613 16.3183 11.9757
v 0.7226 16.3183 9.4703
v -0.3787 18.5177 10.4104
v 2.8613 16.3183 11.9757
v -0.3787 18.5177 10.4104
v 1.7600 18.5177 12.9158
v -2.0650 14.2728 -4.4400
v -4.7388 14.2728 -6.8074
v -6.6855 16.0229 -4.6086
v -2.0650 14.2728 -4.4400
v -6.6855 16.0229 -4.6086
v -4.0117 16.0229 -2.2412
v -4.1077 13.9542 -6.6723
v -6.4750 13.9542 -3.9985
v -4.6428 16.3415 -2.3763
v -4.1077 13.9542 -6.6723
v -4.6428 16.3415 -2.3763
v -2.2755 16.3415 -5.0501
v -4.0754 12.1008 6.0256
v -5.2431 12.1008 10.2934
v -1.4103 14.7607 11.3421
v -4.0754 12.1008 6.0256
v -1.4103 14.7607 11.3421
v -0.2427 14.7607 7.0743
v -5.2082 11.3963 9.3113
v -0.9404 11.3963 10.4790
v -0.2776 15.4652 8.0564
v -5.2082 11.3963 9.3113
v -0.2776 15.4652 8.0564
v -4.5453 15.4652 6.8887
v -5.3070 18.8665 -5.2329
v -8.2496 18.8665 -8.0830
v -10.8649 20.5365 -5.3829
v -5.3070 18.8665 -5.2329
v -10.8649 20.5365 -5.3829
v -7.9223 20.5365 -2.5328
v -7.9776 18.7690 -8.0545
v -10.8277 18.7690 -5.1120
v -8.1943 20.6340 -2.5612
v -7.9776 18.7690 -8.0545
v -8.1943 20.6340 -2.5612
v -5.3442 20.6340 -5.5038
v 0.3824 23.7276 8.4099
v 3.5487 23.7276 9.8891
v 5.2433 26.5699 6.2618
v 0.3824 23.7276 8.4099
v 5.2433 26.5699 6.2618
v 2.0771 26.5699 4.7825
v 3.8536 23.6771 9.7507
v 5.3328 23.6771 6.5844
v 1.7722 26.6204 4.9209
v 3.8536 23.6771 9.7507
v 1.7722 26.6204 4.9209
v 0.2930 26.6204 8.0872
v 1.4173 25.5351 -7.3759
v 4.5583 25.5351 -5.7844
v 6.0356 28.2129 -8.7000
v 1.4173 25.5351 -7.3759
v 6.0356 28.2129 -8.7000
v 2.8946 28.2129 -10.2915
v 4.5069 25.7158 -5.6688
v 6.0984 25.7158 -8.8098
v 2.9460 28.0322 -10.4071
v 4.5069 25.7158 -5.6688
v 2.9460 28.0322 -10.4071
v 1.3545 28.0322 -7.2661
v 7.6577 13.6564 2.0235
v 4.9260 13.6564 3.7801
v 6.4773 16.5675 6.1926
v 7.6577 13.6564 2.0235
v 6.4773 16.5675 6.1926
v 9.2090 16.5675 4.4360
v 4.7977 13.9126 3.6369
v 6.5543 13.9126 6.3686
v 9.3373 16.3113 4.5791
v 4.7977 13.9126 3.6369
v 9.3373 16.3113 4.5791
v 7.5807 16.3113 1.8474
v -7.1591 33.4405 -2.9550
v -3.6243 33.4405 -0.1629
v -2.1605 36.6202 -2.0160
v -7.1591 33.4405 -2.9550
v -2.1605 36.6202 -2.0160
v -5.6954 36.6202 -4.8081
v -4.9444 33.6463 0.1599
v -2.1523 33.6463 -3.3750
v -4.3753 36.4144 -5.1309
v -4.9444 33.6463 0.1599
v -4.3753 36.4144 -5.1309
v -7.1674 36.4144 -1.5960
v -9.6144 25.1565 -5.5549
v -11.7255 25.1565 -2.4084
v -9.1125 27.2265 -0.6552
v -9.6144 25.1565 -5.5549
v -9.1125 27.2265 -0.6552
v -7.0014 27.2265 -3.8017
v -11.7752 25.0595 -2.9107
v -8.6288 25.0595 -0.7997
v -6.9516 27.3234 -3.2993
v -11.7752 25.0595 -2.9107
v -6.9516 27.3234 -3.2993
v -10.0981 27.3234 -5.4104
v 6.3115 14.8259 11.1746
v 9.5636 14.8259 8.7275
v 7.6290 16.0048 6.1566
v 6.3115 14.8259 11.1746
v 7.6290 16.0048 6.1566
v 4.3770 16.0048 8.6038
v 9.4171 14.6459 9.3712
v 6.9699 14.6459 6.1191
v 4.5235 16.1848 7.9600
v 9.4171 14.6459 9.3712
v 4.5235 16.1848 7.9600
v 6.9707 16.1848 11.2121
v -9.0354 27.4670 -4.8573
v -6.2289 27.4670 -3.2387
v -4.9775 31.4257 -5.4083
v -9.0354 27.4670 -4.8573
v -4.9775 31.4257 -5.4083
v -7.7839 31.4257 -7.0270
v -6.7656 27.4422 -3.1239
v -5.1469 27.4422 -5.9303
v -7.2473 31.4504 -7.1418
v -6.7656 27.4422 -3.1239
v -7.2473 31.4504 -7.1418
v -8.8660 31.4504 -4.3354
v -3.2627 12.6754 -10.6327
v -0.7655 12.6754 -7.9044
v 0.6483 15.8456 -9.1985
v -3.2627 12.6754 -10.6327
v 0.6483 15.8456 -9.1985
v -1.8488 15.8456 -11.9268
v -1.6645 13.1617 -7.5671
v 1.0637 13.1617 -10.0642
v -0.9498 15.3593 -12.2641
v -1.6645 13.1617 -7.5671
v -0.9498 15.3593 -12.2641
v -3.6781 15.3593 -9.7670
v 0.7376 8.5525 -0.9680
v -3.2310 8.5525 -3.4820
v -4.0838 10.5383 -2.1357
v 0.7376 8.5525 -0.9680
v -4.0838 10.5383 -2.1357
v -0.1153 10.5383 0.3783
v -1.0364 8.5053 -3.9290
v -3.5503 8.5053 0.0396
v -2.3099 10.5855 0.8253
v -1.0364 8.5053 -3.9290
v -2.3099 10.5855 0.8253
v 0.2041 10.5855 -3.1432
v -10.6751 13.8074 -3.4153
v -8.6155 13.8074 0.1237
v -6.5128 16.5723 -1.0999
v -10.6751 13.8074 -3.4153
v -6.5128 16.5723 -1.0999
v -8.5724 16.5723 -4.6389
v -9.7963 13.7339 -0.2534
v -6.2573 13.7339 -2.3130
v -7.3915 16.6458 -4.2618
v -9.7963 13.7339 -0.2534
v -7.3915 16.6458 -4.2618
v -10.9305 16.6458 -2.2022
v -3.9999 35.3600 -0.8317
v -7.9315 35.3600 0.7047
v -6.8505 38.4427 3.4709
v -3.9999 35.3600 -0.8317
v -6.8505 38.4427 3.4709
v -2.9189 38.4427 1.9345
v -7.5599 35.3431 -0.1122
v -6.0235 35.3431 3.8194
v -3.2905 38.4597 2.7514
v -7.5599 35.3431 -0.1122
v -3.2905 38.4597 2.7514
v -4.8269 38.4597 -1.1802
v 4.6870 16.3869 -2.9549
v 3.1443 16.3869 -0.8631
v 4.8286 19.1777 0.3791
v 4.6870 16.3869 -2.9549
v 4.8286 19.1777 0.3791
v 6.3713 19.1777 -1.7128
v 2.7465 17.1524 -0.7503
v 4.8383 17.1524 0.7924
v 6.7691 18.4121 -1.8255
v 2.7465 17.1524 -0.7503
v 6.7691 18.4121 -1.8255
v 4.6772 18.4121 -3.3683
v 3.5121 21.1957 9.5639
v -0.2896 21.1957 7.1170
v -2.3008 23.5073 10.2417
v 3.5121 21.1957 9.5639
v -2.3008 23.5073 10.2417
v 1.5008 23.5073 12.6887
v 0.6614 20.6604 7.2504
v -1.7855 20.6604 11.0521
v 0.5498 24.0427 12.5552
v 0.6614 20.6604 7.2504
v 0.5498 24.0427 12.5552
v 2.9968 24.0427 8.7536
v -4.7963 20.2953 -9.5980
v -1.0060 20.2953 -11.7087
v -3.2484 22.1800 -15.7355
v -4.7963 20.2953 -9.5980
v -3.2484 22.1800 -15.7355
v -7.0387 22.1800 -13.6248
v -1.1132 19.9352 -11.8040
v -3.2239 19.9352 -15.5942
v -6.9315 22.5401 -13.5295
v -1.1132 19.9352 -11.8040
v -6.9315 22.5401 -13.5295
v -4.8208 22.5401 -9.7393
v 4.8605 13.9030 -5.1057
v 2.8087 13.9030 -7.9307
v 0.8489 15.8660 -6.5073
v 4.8605 13.9030 -5.1057
v 0.8489 15.8660 -6.5073
v 2.9007 15.8660 -3.6823
v 3.5678 13.8778 -7.7954
v 0.7428 13.8778 -5.7436
v 2.1416 15.8912 -3.8176
v 3.5678 13.8778 -7.7954
v 2.1416 15.8912 -3.8176
v 4.9666 15.8912 -5.8694
v 2.0045 28.8419 1.4722
v 5.4498 28.8419 1.6420
v 5.5976 31.0560 -1.3573
v 2.0045 28.8419 1.4722
v 5.5976 31.0560 -1.3573
v 2.1523 31.0560 -1.5271
v 4.9211 28.5261 1.8395
v 5.0909 28.5261 -1.6058
v 2.6810 31.3718 -1.7245
v 4.9211 28.5261 1.8395
v 2.6810 31.3718 -1.7245
v 2.5112 31.3718 1.7207
v 5.1640 23.4877 0.3140
v 9.0821 23.4877 -0.3668
v 8.5056 25.2128 -3.6849
v 5.1640 23.4877 0.3140
v 8.5056 25.2128 -3.6849
v 4.5875 25.2128 -3.0041
v 8.1715 22.7512 0.1005
v 7.4908 22.7512 -3.8176
v 5.4980 25.9492 -3.4714
v 8.1715 22.7512 0.1005
v 5.4980 25.9492 -3.4714
v 6.1788 25.9492 0.4467
v 4.4716 30.2976 -5.4615
v 1.1473 30.2976 -7.6679
v -0.3429 31.4452 -5.4227
v 4.4716 30.2976 -5.4615
v -0.3429 31.4452 -5.4227
v 2.9815 31.4452 -3.2163
v 2.2564 29.8974 -7.7090
v 0.0501 29.8974 -4.3846
v 1.8723 31.8454 -3.1752
v 2.2564 29.8974 -7.7090
v 1.8723 31.8454 -3.1752
v 4.0787 31.8454 -6.4996
v 2.7139 29.0412 -10.4313
v -0.8553 29.0412 -11.7974
v -2.0982 31.4619 -8.5500
v 2.7139 29.0412 -10.4313
v -2.0982 31.4619 -8.5500
v 1.4710 31.4619 -7.1839
v -0.3509 28.6948 -11.7888
v -1.7170 28.6948 -8.2196
v 0.9666 31.8083 -7.1925
v -0.3509 28.6948 -11.7888
v 0.9666 31.8083 -7.1925
v 2.3327 31.8083 -10.7617
v -7.2182 30.6384 -5.5219
v -3.3396 30.6384 -4.1958
v -2.7386 33.8536 -5.9533
v -7.2182 30.6384 -5.5219
v -2.7386 33.8536 -5.9533
v -6.6173 33.8536 -7.2795
v -4.6742 30.6962 -3.4676
v -3.3480 30.6962 -7.3462
v -5.2827 33.7957 -8.0077
v -4.6742 30.6962 -3.4676
v -5.2827 33.7957 -8.0077
v -6.6089 33.7957 -4.1290
v 4.5466 25.2303 -4.5680
v 2.6060 25.2303 -7.7345
v -0.5863 27.1763 -5.7781
v 4.5466 25.2303 -4.5680
v -0.5863 27.1763 -5.7781
v 1.3543 27.1763 -2.6116
v 2.7010 24.8891 -7.5506
v -0.4655 24.8891 -5.6100
v 1.2594 27.5175 -2.7955
v 2.7010 24.8891 -7.5506
v 1.2594 27.5175 -2.7955
v 4.4258 27.5175 -4.7361
v 2.1673 9.6637 5.8887
v 5.5217 9.6637 8.1995
v 7.0005 11.1462 6.0529
v 2.1673 9.6637 5.8887
v 7.0005 11.1462 6.0529
v 3.6461 11.1462 3.7420
v 4.4935 9.6462 8.3816
v 6.8043 9.6462 5.0273
v 4.6743 11.1637 3.5599
v 4.4935 9.6462 8.3816
v 4.6743 11.1637 3.5599
v 2.3635 11.1637 6.9143
v 3.2711 13.0330 -2.2619
v -1.2845 13.0330 -1.3616
v -0.5837 15.3035 2.1843
v 3.2711 13.0330 -2.2619
v -0.5837 15.3035 2.1843
v 3.9718 15.3035 1.2841
v -1.0229 13.3088 -1.9378
v -0.1227 13.3088 2.6177
v 3.7103 15.0277 1.8603
v -1.0229 13.3088 -1.9378
v 3.7103 15.0277 1.8603
v 2.8101 15.0277 -2.6953
vt 0.00000 0.00000
vt 1.00000 0.00000
vt 1.00000 1.00000
vt 0.00000 0.00000
vt 1.00000 1.00000
vt 0.00000 1.00000
vt 0.00000 0.00000
vt 1.00000 0.00000
vt 1.00000 1.00000
vt 0.00000 0.00000
vt 1.00000 1.00000
vt 0.00000 1.00000
vt 0.00000 0.00000
vt 1.00000 0.00000
vt 1.00000 1.00000
vt 0.00000 0.00000
vt 1.00000 1.00000
vt 0.00000 1.00000
vt 0.00000 0.00000
vt 1.00000 0.00000
vt 1.00000 1.00000
vt 0.00000 0.00000
vt 1.00000 1.00000
vt 0.00000 1.00000
vt 0.00000 0.00000
vt 1.00000 0.00000
vt 1.00000 1.00000
vt 0.00000 0.00000
vt 1.00000 1.00000
vt 0.00000 1.00000
vt 0.00000 0.00000
vt 1.00000 0.00000
vt 1.00000 1.00000
vt 0.00000 0.00000
vt 1.00000 1.00000
vt 0.00000 1.00000
vt 0.00000 0.00000
vt 1.00000 0.00000
vt 1.00000 1.00000
vt 0.00000 0.00000
vt 1.00000 1.00000
vt 0.00000 1.00000
vt 0.00000 0.00000
vt 1.00000 0.00000
vt 1.00000 1.00000
vt 0.00000 0.00000
vt 1.00000 1.00000
vt 0.00000 1.00000
vt 0.00000 0.00000
vt 1.00000 0.00000
vt 1.00000 1.00000
vt 0.00000 0.00000
vt 1.00000 1.00000
vt 0.00000 1.00000
vt 0.00000 0.00000
vt 1.00000 0.00000
vt 1.00000 1.00000
vt 0.00000 0.00000
vt 1.00000 1.00000
vt 0.00000 1.00000
vt 0.00000 0.00000
vt 1.00000 0.00000
vt 1.00000 1.00000
vt 0.00000 0.00000
vt 1.00000 1.00000
vt 0.00000 1.00000
vt 0.00000 0.00000
vt 1.00000 0.00000
vt 1.00000 1.00000
vt 0.00000 0.00000
vt 1.00000 1.00000
vt 0.00000 1.00000
vt 0.00000 0.00000
vt 1.00000 0.00000
vt 1.00000 1.00000
vt 0.00000 0.00000
vt 1.00000 1.00000
vt 0.00000 1.00000
vt 0.00000 0.00000
vt 1.00000 0.00000
vt 1.00000 1.00000
vt 0.00000 0.00000
vt 1.00000 1.00000
vt 0.00000 1.00000
vt 0.00000 0.00000
vt 1.00000 0.00000
vt 1.00000 1.00000
vt 0.00000 0.00000
vt 1.00000 1.00000
vt 0.00000 1.00000
vt 0.00000 0.00000
vt 1.00000 0.00000
vt 1.00000 1.00000
vt 0.00000 0.00000
vt 1.00000 1.00000
vt 0.00000 1.00000
vt 0.00000 0.00000
vt 1.00000 0.00000
vt 1.00000 1.00000
vt 0.00000 0.00000
vt 1.00000 1.00000
vt 0.00000 1.00000
vt 0.00000 0.00000
vt 1.00000 0.00000
vt 1.00000 1.00000
vt 0.00000 0.00000
vt 1.00000 1.00000
vt 0.00000 1.00000
vt 0.00000 0.00000
vt 1.00000 0.00000
vt 1.00000 1.00000
vt 0.00000 0.00000
vt 1.00000 1.00000
vt 0.00000 1.00000
vt 0.00000 0.00000
vt 1.00000 0.00000
vt 1.00000 1.00000
vt 0.00000 0.00000
vt 1.00000 1.00000
vt 0.00000 1.00000
vt 0.00000 0.00000
vt 1.00000 0.00000
vt 1.00000 1.00000
vt 0.00000 0.00000
vt 1.00000 1.00000
vt 0.00000 1.00000
vt 0.00000 0.00000
vt 1.00000 0.00000
vt 1.00000 1.00000
vt 0.00000 0.00000
vt 1.00000 1.00000
vt 0.00000 1.00000
vt 0.00000 0.00000
vt 1.00000 0.00000
vt 1.00000 1.00000
vt 0.00000 0.00000
vt 1.00000 1.00000
vt 0.00000 1.00000
vt 0.00000 0.00000
vt 1.00000 0.00000
vt 1.00000 1.00000
vt 0.00000 0.00000
vt 1.00000 1.00000
vt 0.00000 1.00000
vt 0.00000 0.00000
vt 1.00000 0.00000
vt 1.00000 1.00000
vt 0.00000 0.00000
vt 1.00000 1.00000
vt 0.00000 1.00000
vt 0.00000 0.00000
vt 1.00000 0.00000
vt 1.00000 1.00000
vt 0.00000 0.00000
vt 1.00000 1.00000
vt 0.00000 1.00000
vt 0.00000 0.00000
vt 1.00000 0.00000
vt 1.00000 1.00000
vt 0.00000 0.00000
vt 1.00000 1.00000
vt 0.00000 1.00000
vt 0.00000 0.00000
vt 1.00000 0.00000
vt 1.00000 1.00000
vt 0.00000 0.00000
vt 1.00000 1.00000
vt 0.00000 1.00000
vt 0.00000 0.00000
vt 1.00000 0.00000
vt 1.00000 1.00000
vt 0.00000 0.00000
vt 1.00000 1.00000
vt 0.00000 1.00000
vt 0.00000 0.00000
vt 1.00000 0.00000
vt 1.00000 1.00000
vt 0.00000 0.00000
vt 1.00000 1.00000
vt 0.00000 1.00000
vt 0.00000 0.00000
vt 1.00000 0.00000
vt 1.00000 1.00000
vt 0.00000 0.00000
vt 1.00000 1.00000
vt 0.00000 1.00000
vt 0.00000 0.00000
vt 1.00000 0.00000
vt 1.00000 1.00000
vt 0.00000 0.00000
vt 1.00000 1.00000
vt 0.00000 1.00000
vt 0.00000 0.00000
vt 1.00000 0.00000
vt 1.00000 1.00000
vt 0.00000 0.00000
vt 1.00000 1.00000
vt 0.00000 1.00000
vt 0.00000 0.00000
vt 1.00000 0.00000
vt 1.00000 1.00000
vt 0.00000 0.00000
vt 1.00000 1.00000
vt 0.00000 1.00000
vt 0.00000 0.00000
vt 1.00000 0.00000
vt 1.00000 1.00000
vt 0.00000 0.00000
vt 1.00000 1.00000
vt 0.00000 1.00000
vt 0.00000 0.00000
vt 1.00000 0.00000
vt 1.00000 1.00000
vt 0.00000 0.00000
vt 1.00000 1.00000
vt 0.00000 1.00000
vt 0.00000 0.00000
vt 1.00000 0.00000
vt 1.00000 1.00000
vt 0.00000 0.00000
vt 1.00000 1.00000
vt 0.00000 1.00000
vt 0.00000 0.00000
vt 1.00000 0.00000
vt 1.00000 1.00000
vt 0.00000 0.00000
vt 1.00000 1.00000
vt 0.00000 1.00000
vt 0.00000 0.00000
vt 1.00000 0.00000
vt 1.00000 1.00000
vt 0.00000 0.00000
vt 1.00000 1.00000
vt 0.00000 1.00000
vt 0.00000 0.00000
vt 1.00000 0.00000
vt 1.00000 1.00000
vt 0.00000 0.00000
vt 1.00000 1.00000
vt 0.00000 1.00000
vt 0.00000 0.00000
vt 1.00000 0.00000
vt 1.00000 1.00000
vt 0.00000 0.00000
vt 1.00000 1.00000
vt 0.00000 1.00000
vt 0.00000 0.00000
vt 1.00000 0.00000
vt 1.00000 1.00000
vt 0.00000 0.00000
vt 1.00000 1.00000
vt 0.00000 1.00000
vt 0.00000 0.00000
vt 1.00000 0.00000
vt 1.00000 1.00000
vt 0.00000 0.00000
vt 1.00000 1.00000
vt 0.00000 1.00000
vt 0.00000 0.00000
vt 1.00000 0.00000
vt 1.00000 1.00000
vt 0.00000 0.00000
vt 1.00000 1.00000
vt 0.00000 1.00000
vt 0.00000 0.00000
vt 1.00000 0.00000
vt 1.00000 1.00000
vt 0.00000 0.00000
vt 1.00000 1.00000
vt 0.00000 1.00000
vt 0.00000 0.00000
vt 1.00000 0.00000
vt 1.00000 1.00000
vt 0.00000 0.00000
vt 1.00000 1.00000
vt 0.00000 1.00000
vt 0.00000 0.00000
vt 1.00000 0.00000
vt 1.00000 1.00000
vt 0.00000 0.00000
vt 1.00000 1.00000
vt 0.00000 1.00000
vt 0.00000 0.00000
vt 1.00000 0.00000
vt 1.00000 1.00000
vt 0.00000 0.00000
vt 1.00000 1.00000
vt 0.00000 1.00000
vt 0.00000 0.00000
vt 1.00000 0.00000
vt 1.00000 1.00000
vt 0.00000 0.00000
vt 1.00000 1.00000
vt 0.00000 1.00000
vt 0.00000 0.00000
vt 1.00000 0.00000
vt 1.00000 1.00000
vt 0.00000 0.00000
vt 1.00000 1.00000
vt 0.00000 1.00000
vt 0.00000 0.00000
vt 1.00000 0.00000
vt 1.00000 1.00000
vt 0.00000 0.00000
vt 1.00000 1.00000
vt 0.00000 1.00000
vt 0.00000 0.00000
vt 1.00000 0.00000
vt 1.00000 1.00000
vt 0.00000 0.00000
vt 1.00000 1.00000
vt 0.00000 1.00000
vt 0.00000 0.00000
vt 1.00000 0.00000
vt 1.00000 1.00000
vt 0.00000 0.00000
vt 1.00000 1.00000
vt 0.00000 1.00000
vt 0.00000 0.00000
vt 1.00000 0.00000
vt 1.00000 1.00000
vt 0.00000 0.00000
vt 1.00000 1.00000
vt 0.00000 1.00000
vt 0.00000 0.00000
vt 1.00000 0.00000
vt 1.00000 1.00000
vt 0.00000 0.00000
vt 1.00000 1.00000
vt 0.00000 1.00000
vt 0.00000 0.00000
vt 1.00000 0.00000
vt 1.00000 1.00000
vt 0.00000 0.00000
vt 1.00000 1.00000
vt 0.00000 1.00000
vt 0.00000 0.00000
vt 1.00000 0.00000
vt 1.00000 1.00000
vt 0.00000 0.00000
vt 1.00000 1.00000
vt 0.00000 1.00000
vt 0.00000 0.00000
vt 1.00000 0.00000
vt 1.00000 1.00000
vt 0.00000 0.00000
vt 1.00000 1.00000
vt 0.00000 1.00000
vt 0.00000 0.00000
vt 1.00000 0.00000
vt 1.00000 1.00000
vt 0.00000 0.00000
vt 1.00000 1.00000
vt 0.00000 1.00000
vt 0.00000 0.00000
vt 1.00000 0.00000
vt 1.00000 1.00000
vt 0.00000 0.00000
vt 1.00000 1.00000
vt 0.00000 1.00000
vt 0.00000 0.00000
vt 1.00000 0.00000
vt 1.00000 1.00000
vt 0.00000 0.00000
vt 1.00000 1.00000
vt 0.00000 1.00000
vt 0.00000 0.00000
vt 1.00000 0.00000
vt 1.00000 1.00000
vt 0.00000 0.00000
vt 1.00000 1.00000
vt 0.00000 1.00000
vt 0.00000 0.00000
vt 1.00000 0.00000
vt 1.00000 1.00000
vt 0.00000 0.00000
vt 1.00000 1.00000
vt 0.00000 1.00000
vt 0.00000 0.00000
vt 1.00000 0.00000
vt 1.00000 1.00000
vt 0.00000 0.00000
vt 1.00000 1.00000
vt 0.00000 1.00000
vt 0.00000 0.00000
vt 1.00000 0.00000
vt 1.00000 1.00000
vt 0.00000 0.00000
vt 1.00000 1.00000
vt 0.00000 1.00000
vt 0.00000 0.00000
vt 1.00000 0.00000
vt 1.00000 1.00000
vt 0.00000 0.00000
vt 1.00000 1.00000
vt 0.00000 1.00000
vt 0.00000 0.00000
vt 1.00000 0.00000
vt 1.00000 1.00000
vt 0.00000 0.00000
vt 1.00000 1.00000
vt 0.00000 1.00000
vt 0.00000 0.00000
vt 1.00000 0.00000
vt 1.00000 1.00000
vt 0.00000 0.00000
vt 1.00000 1.00000
vt 0.00000 1.00000
vt 0.00000 0.00000
vt 1.00000 0.00000
vt 1.00000 1.00000
vt 0.00000 0.00000
vt 1.00000 1.00000
vt 0.00000 1.00000
vt 0.00000 0.00000
vt 1.00000 0.00000
vt 1.00000 1.00000
vt 0.00000 0.00000
vt 1.00000 1.00000
vt 0.00000 1.00000
vt 0.00000 0.00000
vt 1.00000 0.00000
vt 1.00000 1.00000
vt 0.00000 0.00000
vt 1.00000 1.00000
vt 0.00000 1.00000
vt 0.00000 0.00000
vt 1.00000 0.00000
vt 1.00000 1.00000
vt 0.00000 0.00000
vt 1.00000 1.00000
vt 0.00000 1.00000
vt 0.00000 0.00000
vt 1.00000 0.00000
vt 1.00000 1.00000
vt 0.00000 0.00000
vt 1.00000 1.00000
vt 0.00000 1.00000
vt 0.00000 0.00000
vt 1.00000 0.00000
vt 1.00000 1.00000
vt 0.00000 0.00000
vt 1.00000 1.00000
vt 0.00000 1.00000
vt 0.00000 0.00000
vt 1.00000 0.00000
vt 1.00000 1.00000
vt 0.00000 0.00000
vt 1.00000 1.00000
vt 0.00000 1.00000
vt 0.00000 0.00000
vt 1.00000 0.00000
vt 1.00000 1.00000
vt 0.00000 0.00000
vt 1.00000 1.00000
vt 0.00000 1.00000
vt 0.00000 0.00000
vt 1.00000 0.00000
vt 1.00000 1.00000
vt 0.00000 0.00000
vt 1.00000 1.00000
vt 0.00000 1.00000
vt 0.00000 0.00000
vt 1.00000 0.00000
vt 1.00000 1.00000
vt 0.00000 0.00000
vt 1.00000 1.00000
vt 0.00000 1.00000
vt 0.00000 0.00000
vt 1.00000 0.00000
vt 1.00000 1.00000
vt 0.00000 0.00000
vt 1.00000 1.00000
vt 0.00000 1.00000
vt 0.00000 0.00000
vt 1.00000 0.00000
vt 1.00000 1.00000
vt 0.00000 0.00000
vt 1.00000 1.00000
vt 0.00000 1.00000
vt 0.00000 0.00000
vt 1.00000 0.00000
vt 1.00000 1.00000
vt 0.00000 0.00000
vt 1.00000 1.00000
vt 0.00000 1.00000
vt 0.00000 0.00000
vt 1.00000 0.00000
vt 1.00000 1.00000
vt 0.00000 0.00000
vt 1.00000 1.00000
vt 0.00000 1.00000
vt 0.00000 0.00000
vt 1.00000 0.00000
vt 1.00000 1.00000
vt 0.00000 0.00000
vt 1.00000 1.00000
vt 0.00000 1.00000
vt 0.00000 0.00000
vt 1.00000 0.00000
vt 1.00000 1.00000
vt 0.00000 0.00000
vt 1.00000 1.00000
vt 0.00000 1.00000
vt 0.00000 0.00000
vt 1.00000 0.00000
vt 1.00000 1.00000
vt 0.00000 0.00000
vt 1.00000 1.00000
vt 0.00000 1.00000
vt 0.00000 0.00000
vt 1.00000 0.00000
vt 1.00000 1.00000
vt 0.00000 0.00000
vt 1.00000 1.00000
vt 0.00000 1.00000
vt 0.00000 0.00000
vt 1.00000 0.00000
vt 1.00000 1.00000
vt 0.00000 0.00000
vt 1.00000 1.00000
vt 0.00000 1.00000
vt 0.00000 0.00000
vt 1.00000 0.00000
vt 1.00000 1.00000
vt 0.00000 0.00000
vt 1.00000 1.00000
vt 0.00000 1.00000
vt 0.00000 0.00000
vt 1.00000 0.00000
vt 1.00000 1.00000
vt 0.00000 0.00000
vt 1.00000 1.00000
vt 0.00000 1.00000
vt 0.00000 0.00000
vt 1.00000 0.00000
vt 1.00000 1.00000
vt 0.00000 0.00000
vt 1.00000 1.00000
vt 0.00000 1.00000
vt 0.00000 0.00000
vt 1.00000 0.00000
vt 1.00000 1.00000
vt 0.00000 0.00000
vt 1.00000 1.00000
vt 0.00000 1.00000
vt 0.00000 0.00000
vt 1.00000 0.00000
vt 1.00000 1.00000
vt 0.00000 0.00000
vt 1.00000 1.00000
vt 0.00000 1.00000
vt 0.00000 0.00000
vt 1.00000 0.00000
vt 1.00000 1.00000
vt 0.00000 0.00000
vt 1.00000 1.00000
vt 0.00000 1.00000
vt 0.00000 0.00000
vt 1.00000 0.00000
vt 1.00000 1.00000
vt 0.00000 0.00000
vt 1.00000 1.00000
vt 0.00000 1.00000
vt 0.00000 0.00000
vt 1.00000 0.00000
vt 1.00000 1.00000
vt 0.00000 0.00000
vt 1.00000 1.00000
vt 0.00000 1.00000
vt 0.00000 0.00000
vt 1.00000 0.00000
vt 1.00000 1.00000
vt 0.00000 0.00000
vt 1.00000 1.00000
vt 0.00000 1.00000
vt 0.00000 0.00000
vt 1.00000 0.00000
vt 1.00000 1.00000
vt 0.00000 0.00000
vt 1.00000 1.00000
vt 0.00000 1.00000
vt 0.00000 0.00000
vt 1.00000 0.00000
vt 1.00000 1.00000
vt 0.00000 0.00000
vt 1.00000 1.00000
vt 0.00000 1.00000
vt 0.00000 0.00000
vt 1.00000 0.00000
vt 1.00000 1.00000
vt 0.00000 0.00000
vt 1.00000 1.00000
vt 0.00000 1.00000
vt 0.00000 0.00000
vt 1.00000 0.00000
vt 1.00000 1.00000
vt 0.00000 0.00000
vt 1.00000 1.00000
vt 0.00000 1.00000
vt 0.00000 0.00000
vt 1.00000 0.00000
vt 1.00000 1.00000
vt 0.00000 0.00000
vt 1.00000 1.00000
vt 0.00000 1.00000
vt 0.00000 0.00000
vt 1.00000 0.00000
vt 1.00000 1.00000
vt 0.00000 0.00000
vt 1.00000 1.00000
vt 0.00000 1.00000
vt 0.00000 0.00000
vt 1.00000 0.00000
vt 1.00000 1.00000
vt 0.00000 0.00000
vt 1.00000 1.00000
vt 0.00000 1.00000
vt 0.00000 0.00000
vt 1.00000 0.00000
vt 1.00000 1.00000
vt 0.00000 0.00000
vt 1.00000 1.00000
vt 0.00000 1.00000
vt 0.00000 0.00000
vt 1.00000 0.00000
vt 1.00000 1.00000
vt 0.00000 0.00000
vt 1.00000 1.00000
vt 0.00000 1.00000
vt 0.00000 0.00000
vt 1.00000 0.00000
vt 1.00000 1.00000
vt 0.00000 0.00000
vt 1.00000 1.00000
vt 0.00000 1.00000
vt 0.00000 0.00000
vt 1.00000 0.00000
vt 1.00000 1.00000
vt 0.00000 0.00000
vt 1.00000 1.00000
vt 0.00000 1.00000
vt 0.00000 0.00000
vt 1.00000 0.00000
vt 1.00000 1.00000
vt 0.00000 0.00000
vt 1.00000 1.00000
vt 0.00000 1.00000
vt 0.00000 0.00000
vt 1.00000 0.00000
vt 1.00000 1.00000
vt 0.00000 0.00000
vt 1.00000 1.00000
vt 0.00000 1.00000
vt 0.00000 0.00000
vt 1.00000 0.00000
vt 1.00000 1.00000
vt 0.00000 0.00000
vt 1.00000 1.00000
vt 0.00000 1.00000
vt 0.00000 0.00000
vt 1.00000 0.00000
vt 1.00000 1.00000
vt 0.00000 0.00000
vt 1.00000 1.00000
vt 0.00000 1.00000
vt 0.00000 0.00000
vt 1.00000 0.00000
vt 1.00000 1.00000
vt 0.00000 0.00000
vt 1.00000 1.00000
vt 0.00000 1.00000
vt 0.00000 0.00000
vt 1.00000 0.00000
vt 1.00000 1.00000
vt 0.00000 0.00000
vt 1.00000 1.00000
vt 0.00000 1.00000
vt 0.00000 0.00000
vt 1.00000 0.00000
vt 1.00000 1.00000
vt 0.00000 0.00000
vt 1.00000 1.00000
vt 0.00000 1.00000
vt 0.00000 0.00000
vt 1.00000 0.00000
vt 1.00000 1.00000
vt 0.00000 0.00000
vt 1.00000 1.00000
vt 0.00000 1.00000
vt 0.00000 0.00000
vt 1.00000 0.00000
vt 1.00000 1.00000
vt 0.00000 0.00000
vt 1.00000 1.00000
vt 0.00000 1.00000
vt 0.00000 0.00000
vt 1.00000 0.00000
vt 1.00000 1.00000
vt 0.00000 0.00000
vt 1.00000 1.00000
vt 0.00000 1.00000
vt 0.00000 0.00000
vt 1.00000 0.00000
vt 1.00000 1.00000
vt 0.00000 0.00000
vt 1.00000 1.00000
vt 0.00000 1.00000
vt 0.00000 0.00000
vt 1.00000 0.00000
vt 1.00000 1.00000
vt 0.00000 0.00000
vt 1.00000 1.00000
vt 0.00000 1.00000
vt 0.00000 0.00000
vt 1.00000 0.00000
vt 1.00000 1.00000
vt 0.00000 0.00000
vt 1.00000 1.00000
vt 0.00000 1.00000
vt 0.00000 0.00000
vt 1.00000 0.00000
vt 1.00000 1.00000
vt 0.00000 0.00000
vt 1.00000 1.00000
vt 0.00000 1.00000
vt 0.00000 0.00000
vt 1.00000 0.00000
vt 1.00000 1.00000
vt 0.00000 0.00000
vt 1.00000 1.00000
vt 0.00000 1.00000
vt 0.00000 0.00000
vt 1.00000 0.00000
vt 1.00000 1.00000
vt 0.00000 0.00000
vt 1.00000 1.00000
vt 0.00000 1.00000
vt 0.00000 0.00000
vt 1.00000 0.00000
vt 1.00000 1.00000
vt 0.00000 0.00000
vt 1.00000 1.00000
vt 0.00000 1.00000
vt 0.00000 0.00000
vt 1.00000 0.00000
vt 1.00000 1.00000
vt 0.00000 0.00000
vt 1.00000 1.00000
vt 0.00000 1.00000
vt 0.00000 0.00000
vt 1.00000 0.00000
vt 1.00000 1.00000
vt 0.00000 0.00000
vt 1.00000 1.00000
vt 0.00000 1.00000
vt 0.00000 0.00000
vt 1.00000 0.00000
vt 1.00000 1.00000
vt 0.00000 0.00000
vt 1.00000 1.00000
vt 0.00000 1.00000
vt 0.00000 0.00000
vt 1.00000 0.00000
vt 1.00000 1.00000
vt 0.00000 0.00000
vt 1.00000 1.00000
vt 0.00000 1.00000
vt 0.00000 0.00000
vt 1.00000 0.00000
vt 1.00000 1.00000
vt 0.00000 0.00000
vt 1.00000 1.00000
vt 0.00000 1.00000
vt 0.00000 0.00000
vt 1.00000 0.00000
vt 1.00000 1.00000
vt 0.00000 0.00000
vt 1.00000 1.00000
vt 0.00000 1.00000
vt 0.00000 0.00000
vt 1.00000 0.00000
vt 1.00000 1.00000
vt 0.00000 0.00000
vt 1.00000 1.00000
vt 0.00000 1.00000
vt 0.00000 0.00000
vt 1.00000 0.00000
vt 1.00000 1.00000
vt 0.00000 0.00000
vt 1.00000 1.00000
vt 0.00000 1.00000
vt 0.00000 0.00000
vt 1.00000 0.00000
vt 1.00000 1.00000
vt 0.00000 0.00000
vt 1.00000 1.00000
vt 0.00000 1.00000
vt 0.00000 0.00000
vt 1.00000 0.00000
vt 1.00000 1.00000
vt 0.00000 0.00000
vt 1.00000 1.00000
vt 0.00000 1.00000
vt 0.00000 0.00000
vt 1.00000 0.00000
vt 1.00000 1.00000
vt 0.00000 0.00000
vt 1.00000 1.00000
vt 0.00000 1.00000
vt 0.00000 0.00000
vt 1.00000 0.00000
vt 1.00000 1.00000
vt 0.00000 0.00000
vt 1.00000 1.00000
vt 0.00000 1.00000
vt 0.00000 0.00000
vt 1.00000 0.00000
vt 1.00000 1.00000
vt 0.00000 0.00000
vt 1.00000 1.00000
vt 0.00000 1.00000
vt 0.00000 0.00000
vt 1.00000 0.00000
vt 1.00000 1.00000
vt 0.00000 0.00000
vt 1.00000 1.00000
vt 0.00000 1.00000
vt 0.00000 0.00000
vt 1.00000 0.00000
vt 1.00000 1.00000
vt 0.00000 0.00000
vt 1.00000 1.00000
vt 0.00000 1.00000
vt 0.00000 0.00000
vt 1.00000 0.00000
vt 1.00000 1.00000
vt 0.00000 0.00000
vt 1.00000 1.00000
vt 0.00000 1.00000
vt 0.00000 0.00000
vt 1.00000 0.00000
vt 1.00000 1.00000
vt 0.00000 0.00000
vt 1.00000 1.00000
vt 0.00000 1.00000
vt 0.00000 0.00000
vt 1.00000 0.00000
vt 1.00000 1.00000
vt 0.00000 0.00000
vt 1.00000 1.00000
vt 0.00000 1.00000
vt 0.00000 0.00000
vt 1.00000 0.00000
vt 1.00000 1.00000
vt 0.00000 0.00000
vt 1.00000 1.00000
vt 0.00000 1.00000
vt 0.00000 0.00000
vt 1.00000 0.00000
vt 1.00000 1.00000
vt 0.00000 0.00000
vt 1.00000 1.00000
vt 0.00000 1.00000
vt 0.00000 0.00000
vt 1.00000 0.00000
vt 1.00000 1.00000
vt 0.00000 0.00000
vt 1.00000 1.00000
vt 0.00000 1.00000
vt 0.00000 0.00000
vt 1.00000 0.00000
vt 1.00000 1.00000
vt 0.00000 0.00000
vt 1.00000 1.00000
vt 0.00000 1.00000
vt 0.00000 0.00000
vt 1.00000 0.00000
vt 1.00000 1.00000
vt 0.00000 0.00000
vt 1.00000 1.00000
vt 0.00000 1.00000
vt 0.00000 0.00000
vt 1.00000 0.00000
vt 1.00000 1.00000
vt 0.00000 0.00000
vt 1.00000 1.00000
vt 0.00000 1.00000
vt 0.00000 0.00000
vt 1.00000 0.00000
vt 1.00000 1.00000
vt 0.00000 0.00000
vt 1.00000 1.00000
vt 0.00000 1.00000
vt 0.00000 0.00000
vt 1.00000 0.00000
vt 1.00000 1.00000
vt 0.00000 0.00000
vt 1.00000 1.00000
vt 0.00000 1.00000
vt 0.00000 0.00000
vt 1.00000 0.00000
vt 1.00000 1.00000
vt 0.00000 0.00000
vt 1.00000 1.00000
vt 0.00000 1.00000
vt 0.00000 0.00000
vt 1.00000 0.00000
vt 1.00000 1.00000
vt 0.00000 0.00000
vt 1.00000 1.00000
vt 0.00000 1.00000
vt 0.00000 0.00000
vt 1.00000 0.00000
vt 1.00000 1.00000
vt 0.00000 0.00000
vt 1.00000 1.00000
vt 0.00000 1.00000
vt 0.00000 0.00000
vt 1.00000 0.00000
vt 1.00000 1.00000
vt 0.00000 0.00000
vt 1.00000 1.00000
vt 0.00000 1.00000
vt 0.00000 0.00000
vt 1.00000 0.00000
vt 1.00000 1.00000
vt 0.00000 0.00000
vt 1.00000 1.00000
vt 0.00000 1.00000
vt 0.00000 0.00000
vt 1.00000 0.00000
vt 1.00000 1.00000
vt 0.00000 0.00000
vt 1.00000 1.00000
vt 0.00000 1.00000
vt 0.00000 0.00000
vt 1.00000 0.00000
vt 1.00000 1.00000
vt 0.00000 0.00000
vt 1.00000 1.00000
vt 0.00000 1.00000
vt 0.00000 0.00000
vt 1.00000 0.00000
vt 1.00000 1.00000
vt 0.00000 0.00000
vt 1.00000 1.00000
vt 0.00000 1.00000
vt 0.00000 0.00000
vt 1.00000 0.00000
vt 1.00000 1.00000
vt 0.00000 0.00000
vt 1.00000 1.00000
vt 0.00000 1.00000
vt 0.00000 0.00000
vt 1.00000 0.00000
vt 1.00000 1.00000
vt 0.00000 0.00000
vt 1.00000 1.00000
vt 0.00000 1.00000
vt 0.00000 0.00000
vt 1.00000 0.00000
vt 1.00000 1.00000
vt 0.00000 0.00000
vt 1.00000 1.00000
vt 0.00000 1.00000
vt 0.00000 0.00000
vt 1.00000 0.00000
vt 1.00000 1.00000
vt 0.00000 0.00000
vt 1.00000 1.00000
vt 0.00000 1.00000
vt 0.00000 0.00000
vt 1.00000 0.00000
vt 1.00000 1.00000
vt 0.00000 0.00000
vt 1.00000 1.00000
vt 0.00000 1.00000
vt 0.00000 0.00000
vt 1.00000 0.00000
vt 1.00000 1.00000
vt 0.00000 0.00000
vt 1.00000 1.00000
vt 0.00000 1.00000
vt 0.00000 0.00000
vt 1.00000 0.00000
vt 1.00000 1.00000
vt 0.00000 0.00000
vt 1.00000 1.00000
vt 0.00000 1.00000
vt 0.00000 0.00000
vt 1.00000 0.00000
vt 1.00000 1.00000
vt 0.00000 0.00000
vt 1.00000 1.00000
vt 0.00000 1.00000
vt 0.00000 0.00000
vt 1.00000 0.00000
vt 1.00000 1.00000
vt 0.00000 0.00000
vt 1.00000 1.00000
vt 0.00000 1.00000
vt 0.00000 0.00000
vt 1.00000 0.00000
vt 1.00000 1.00000
vt 0.00000 0.00000
vt 1.00000 1.00000
vt 0.00000 1.00000
vt 0.00000 0.00000
vt 1.00000 0.00000
vt 1.00000 1.00000
vt 0.00000 0.00000
vt 1.00000 1.00000
vt 0.00000 1.00000
vt 0.00000 0.00000
vt 1.00000 0.00000
vt 1.00000 1.00000
vt 0.00000 0.00000
vt 1.00000 1.00000
vt 0.00000 1.00000
vt 0.00000 0.00000
vt 1.00000 0.00000
vt 1.00000 1.00000
vt 0.00000 0.00000
vt 1.00000 1.00000
vt 0.00000 1.00000
vt 0.00000 0.00000
vt 1.00000 0.00000
vt 1.00000 1.00000
vt 0.00000 0.00000
vt 1.00000 1.00000
vt 0.00000 1.00000
vt 0.00000 0.00000
vt 1.00000 0.00000
vt 1.00000 1.00000
vt 0.00000 0.00000
vt 1.00000 1.00000
vt 0.00000 1.00000
vt 0.00000 0.00000
vt 1.00000 0.00000
vt 1.00000 1.00000
vt 0.00000 0.00000
vt 1.00000 1.00000
vt 0.00000 1.00000
vt 0.00000 0.00000
vt 1.00000 0.00000
vt 1.00000 1.00000
vt 0.00000 0.00000
vt 1.00000 1.00000
vt 0.00000 1.00000
vt 0.00000 0.00000
vt 1.00000 0.00000
vt 1.00000 1.00000
vt 0.00000 0.00000
vt 1.00000 1.00000
vt 0.00000 1.00000
vt 0.00000 0.00000
vt 1.00000 0.00000
vt 1.00000 1.00000
vt 0.00000 0.00000
vt 1.00000 1.00000
vt 0.00000 1.00000
vt 0.00000 0.00000
vt 1.00000 0.00000
vt 1.00000 1.00000
vt 0.00000 0.00000
vt 1.00000 1.00000
vt 0.00000 1.00000
vt 0.00000 0.00000
vt 1.00000 0.00000
vt 1.00000 1.00000
vt 0.00000 0.00000
vt 1.00000 1.00000
vt 0.00000 1.00000
vt 0.00000 0.00000
vt 1.00000 0.00000
vt 1.00000 1.00000
vt 0.00000 0.00000
vt 1.00000 1.00000
vt 0.00000 1.00000
vt 0.00000 0.00000
vt 1.00000 0.00000
vt 1.00000 1.00000
vt 0.00000 0.00000
vt 1.00000 1.00000
vt 0.00000 1.00000
vt 0.00000 0.00000
vt 1.00000 0.00000
vt 1.00000 1.00000
vt 0.00000 0.00000
vt 1.00000 1.00000
vt 0.00000 1.00000
vt 0.00000 0.00000
vt 1.00000 0.00000
vt 1.00000 1.00000
vt 0.00000 0.00000
vt 1.00000 1.00000
vt 0.00000 1.00000
vt 0.00000 0.00000
vt 1.00000 0.00000
vt 1.00000 1.00000
vt 0.00000 0.00000
vt 1.00000 1.00000
vt 0.00000 1.00000
vt 0.00000 0.00000
vt 1.00000 0.00000
vt 1.00000 1.00000
vt 0.00000 0.00000
vt 1.00000 1.00000
vt 0.00000 1.00000
vt 0.00000 0.00000
vt 1.00000 0.00000
vt 1.00000 1.00000
vt 0.00000 0.00000
vt 1.00000 1.00000
vt 0.00000 1.00000
vt 0.00000 0.00000
vt 1.00000 0.00000
vt 1.00000 1.00000
vt 0.00000 0.00000
vt 1.00000 1.00000
vt 0.00000 1.00000
vt 0.00000 0.00000
vt 1.00000 0.00000
vt 1.00000 1.00000
vt 0.00000 0.00000
vt 1.00000 1.00000
vt 0.00000 1.00000
vt 0.00000 0.00000
vt 1.00000 0.00000
vt 1.00000 1.00000
vt 0.00000 0.00000
vt 1.00000 1.00000
vt 0.00000 1.00000
vt 0.00000 0.00000
vt 1.00000 0.00000
vt 1.00000 1.00000
vt 0.00000 0.00000
vt 1.00000 1.00000
vt 0.00000 1.00000
vt 0.00000 0.00000
vt 1.00000 0.00000
vt 1.00000 1.00000
vt 0.00000 0.00000
vt 1.00000 1.00000
vt 0.00000 1.00000
vt 0.00000 0.00000
vt 1.00000 0.00000
vt 1.00000 1.00000
vt 0.00000 0.00000
vt 1.00000 1.00000
vt 0.00000 1.00000
vt 0.00000 0.00000
vt 1.00000 0.00000
vt 1.00000 1.00000
vt 0.00000 0.00000
vt 1.00000 1.00000
vt 0.00000 1.00000
vt 0.00000 0.00000
vt 1.00000 0.00000
vt 1.00000 1.00000
vt 0.00000 0.00000
vt 1.00000 1.00000
vt 0.00000 1.00000
vt 0.00000 0.00000
vt 1.00000 0.00000
vt 1.00000 1.00000
vt 0.00000 0.00000
vt 1.00000 1.00000
vt 0.00000 1.00000
vt 0.00000 0.00000
vt 1.00000 0.00000
vt 1.00000 1.00000
vt 0.00000 0.00000
vt 1.00000 1.00000
vt 0.00000 1.00000
vt 0.00000 0.00000
vt 1.00000 0.00000
vt 1.00000 1.00000
vt 0.00000 0.00000
vt 1.00000 1.00000
vt 0.00000 1.00000
vt 0.00000 0.00000
vt 1.00000 0.00000
vt 1.00000 1.00000
vt 0.00000 0.00000
vt 1.00000 1.00000
vt 0.00000 1.00000
vt 0.00000 0.00000
vt 1.00000 0.00000
vt 1.00000 1.00000
vt 0.00000 0.00000
vt 1.00000 1.00000
vt 0.00000 1.00000
vt 0.00000 0.00000
vt 1.00000 0.00000
vt 1.00000 1.00000
vt 0.00000 0.00000
vt 1.00000 1.00000
vt 0.00000 1.00000
vt 0.00000 0.00000
vt 1.00000 0.00000
vt 1.00000 1.00000
vt 0.00000 0.00000
vt 1.00000 1.00000
vt 0.00000 1.00000
vt 0.00000 0.00000
vt 1.00000 0.00000
vt 1.00000 1.00000
vt 0.00000 0.00000
vt 1.00000 1.00000
vt 0.00000 1.00000
vt 0.00000 0.00000
vt 1.00000 0.00000
vt 1.00000 1.00000
vt 0.00000 0.00000
vt 1.00000 1.00000
vt 0.00000 1.00000
vt 0.00000 0.00000
vt 1.00000 0.00000
vt 1.00000 1.00000
vt 0.00000 0.00000
vt 1.00000 1.00000
vt 0.00000 1.00000
vt 0.00000 0.00000
vt 1.00000 0.00000
vt 1.00000 1.00000
vt 0.00000 0.00000
vt 1.00000 1.00000
vt 0.00000 1.00000
vt 0.00000 0.00000
vt 1.00000 0.00000
vt 1.00000 1.00000
vt 0.00000 0.00000
vt 1.00000 1.00000
vt 0.00000 1.00000
vt 0.00000 0.00000
vt 1.00000 0.00000
vt 1.00000 1.00000
vt 0.00000 0.00000
vt 1.00000 1.00000
vt 0.00000 1.00000
vt 0.00000 0.00000
vt 1.00000 0.00000
vt 1.00000 1.00000
vt 0.00000 0.00000
vt 1.00000 1.00000
vt 0.00000 1.00000
vt 0.00000 0.00000
vt 1.00000 0.00000
vt 1.00000 1.00000
vt 0.00000 0.00000
vt 1.00000 1.00000
vt 0.00000 1.00000
vt 0.00000 0.00000
vt 1.00000 0.00000
vt 1.00000 1.00000
vt 0.00000 0.00000
vt 1.00000 1.00000
vt 0.00000 1.00000
vt 0.00000 0.00000
vt 1.00000 0.00000
vt 1.00000 1.00000
vt 0.00000 0.00000
vt 1.00000 1.00000
vt 0.00000 1.00000
vt 0.00000 0.00000
vt 1.00000 0.00000
vt 1.00000 1.00000
vt 0.00000 0.00000
vt 1.00000 1.00000
vt 0.00000 1.00000
vt 0.00000 0.00000
vt 1.00000 0.00000
vt 1.00000 1.00000
vt 0.00000 0.00000
vt 1.00000 1.00000
vt 0.00000 1.00000
vt 0.00000 0.00000
vt 1.00000 0.00000
vt 1.00000 1.00000
vt 0.00000 0.00000
vt 1.00000 1.00000
vt 0.00000 1.00000
vt 0.00000 0.00000
vt 1.00000 0.00000
vt 1.00000 1.00000
vt 0.00000 0.00000
vt 1.00000 1.00000
vt 0.00000 1.00000
vt 0.00000 0.00000
vt 1.00000 0.00000
vt 1.00000 1.00000
vt 0.00000 0.00000
vt 1.00000 1.00000
vt 0.00000 1.00000
vt 0.00000 0.00000
vt 1.00000 0.00000
vt 1.00000 1.00000
vt 0.00000 0.00000
vt 1.00000 1.00000
vt 0.00000 1.00000
vt 0.00000 0.00000
vt 1.00000 0.00000
vt 1.00000 1.00000
vt 0.00000 0.00000
vt 1.00000 1.00000
vt 0.00000 1.00000
vt 0.00000 0.00000
vt 1.00000 0.00000
vt 1.00000 1.00000
vt 0.00000 0.00000
vt 1.00000 1.00000
vt 0.00000 1.00000
vt 0.00000 0.00000
vt 1.00000 0.00000
vt 1.00000 1.00000
vt 0.00000 0.00000
vt 1.00000 1.00000
vt 0.00000 1.00000
vt 0.00000 0.00000
vt 1.00000 0.00000
vt 1.00000 1.00000
vt 0.00000 0.00000
vt 1.00000 1.00000
vt 0.00000 1.00000
vt 0.00000 0.00000
vt 1.00000 0.00000
vt 1.00000 1.00000
vt 0.00000 0.00000
vt 1.00000 1.00000
vt 0.00000 1.00000
vt 0.00000 0.00000
vt 1.00000 0.00000
vt 1.00000 1.00000
vt 0.00000 0.00000
vt 1.00000 1.00000
vt 0.00000 1.00000
vt 0.00000 0.00000
vt 1.00000 0.00000
vt 1.00000 1.00000
vt 0.00000 0.00000
vt 1.00000 1.00000
vt 0.00000 1.00000
vt 0.00000 0.00000
vt 1.00000 0.00000
vt 1.00000 1.00000
vt 0.00000 0.00000
vt 1.00000 1.00000
vt 0.00000 1.00000
vt 0.00000 0.00000
vt 1.00000 0.00000
vt 1.00000 1.00000
vt 0.00000 0.00000
vt 1.00000 1.00000
vt 0.00000 1.00000
vt 0.00000 0.00000
vt 1.00000 0.00000
vt 1.00000 1.00000
vt 0.00000 0.00000
vt 1.00000 1.00000
vt 0.00000 1.00000
vt 0.00000 0.00000
vt 1.00000 0.00000
vt 1.00000 1.00000
vt 0.00000 0.00000
vt 1.00000 1.00000
vt 0.00000 1.00000
vt 0.00000 0.00000
vt 1.00000 0.00000
vt 1.00000 1.00000
vt 0.00000 0.00000
vt 1.00000 1.00000
vt 0.00000 1.00000
vt 0.00000 0.00000
vt 1.00000 0.00000
vt 1.00000 1.00000
vt 0.00000 0.00000
vt 1.00000 1.00000
vt 0.00000 1.00000
vt 0.00000 0.00000
vt 1.00000 0.00000
vt 1.00000 1.00000
vt 0.00000 0.00000
vt 1.00000 1.00000
vt 0.00000 1.00000
vt 0.00000 0.00000
vt 1.00000 0.00000
vt 1.00000 1.00000
vt 0.00000 0.00000
vt 1.00000 1.00000
vt 0.00000 1.00000
vt 0.00000 0.00000
vt 1.00000 0.00000
vt 1.00000 1.00000
vt 0.00000 0.00000
vt 1.00000 1.00000
vt 0.00000 1.00000
vt 0.00000 0.00000
vt 1.00000 0.00000
vt 1.00000 1.00000
vt 0.00000 0.00000
vt 1.00000 1.00000
vt 0.00000 1.00000
vt 0.00000 0.00000
vt 1.00000 0.00000
vt 1.00000 1.00000
vt 0.00000 0.00000
vt 1.00000 1.00000
vt 0.00000 1.00000
vt 0.00000 0.00000
vt 1.00000 0.00000
vt 1.00000 1.00000
vt 0.00000 0.00000
vt 1.00000 1.00000
vt 0.00000 1.00000
vt 0.00000 0.00000
vt 1.00000 0.00000
vt 1.00000 1.00000
vt 0.00000 0.00000
vt 1.00000 1.00000
vt 0.00000 1.00000
vt 0.00000 0.00000
vt 1.00000 0.00000
vt 1.00000 1.00000
vt 0.00000 0.00000
vt 1.00000 1.00000
vt 0.00000 1.00000
vt 0.00000 0.00000
vt 1.00000 0.00000
vt 1.00000 1.00000
vt 0.00000 0.00000
vt 1.00000 1.00000
vt 0.00000 1.00000
vt 0.00000 0.00000
vt 1.00000 0.00000
vt 1.00000 1.00000
vt 0.00000 0.00000
vt 1.00000 1.00000
vt 0.00000 1.00000
vt 0.00000 0.00000
vt 1.00000 0.00000
vt 1.00000 1.00000
vt 0.00000 0.00000
vt 1.00000 1.00000
vt 0.00000 1.00000
vt 0.00000 0.00000
vt 1.00000 0.00000
vt 1.00000 1.00000
vt 0.00000 0.00000
vt 1.00000 1.00000
vt 0.00000 1.00000
vt 0.00000 0.00000
vt 1.00000 0.00000
vt 1.00000 1.00000
vt 0.00000 0.00000
vt 1.00000 1.00000
vt 0.00000 1.00000
vt 0.00000 0.00000
vt 1.00000 0.00000
vt 1.00000 1.00000
vt 0.00000 0.00000
vt 1.00000 1.00000
vt 0.00000 1.00000
vt 0.00000 0.00000
vt 1.00000 0.00000
vt 1.00000 1.00000
vt 0.00000 0.00000
vt 1.00000 1.00000
vt 0.00000 1.00000
vt 0.00000 0.00000
vt 1.00000 0.00000
vt 1.00000 1.00000
vt 0.00000 0.00000
vt 1.00000 1.00000
vt 0.00000 1.00000
vt 0.00000 0.00000
vt 1.00000 0.00000
vt 1.00000 1.00000
vt 0.00000 0.00000
vt 1.00000 1.00000
vt 0.00000 1.00000
vt 0.00000 0.00000
vt 1.00000 0.00000
vt 1.00000 1.00000
vt 0.00000 0.00000
vt 1.00000 1.00000
vt 0.00000 1.00000
vt 0.00000 0.00000
vt 1.00000 0.00000
vt 1.00000 1.00000
vt 0.00000 0.00000
vt 1.00000 1.00000
vt 0.00000 1.00000
vt 0.00000 0.00000
vt 1.00000 0.00000
vt 1.00000 1.00000
vt 0.00000 0.00000
vt 1.00000 1.00000
vt 0.00000 1.00000
vt 0.00000 0.00000
vt 1.00000 0.00000
vt 1.00000 1.00000
vt 0.00000 0.00000
vt 1.00000 1.00000
vt 0.00000 1.00000
vt 0.00000 0.00000
vt 1.00000 0.00000
vt 1.00000 1.00000
vt 0.00000 0.00000
vt 1.00000 1.00000
vt 0.00000 1.00000
vt 0.00000 0.00000
vt 1.00000 0.00000
vt 1.00000 1.00000
vt 0.00000 0.00000
vt 1.00000 1.00000
vt 0.00000 1.00000
vt 0.00000 0.00000
vt 1.00000 0.00000
vt 1.00000 1.00000
vt 0.00000 0.00000
vt 1.00000 1.00000
vt 0.00000 1.00000
vt 0.00000 0.00000
vt 1.00000 0.00000
vt 1.00000 1.00000
vt 0.00000 0.00000
vt 1.00000 1.00000
vt 0.00000 1.00000
vt 0.00000 0.00000
vt 1.00000 0.00000
vt 1.00000 1.00000
vt 0.00000 0.00000
vt 1.00000 1.00000
vt 0.00000 1.00000
vt 0.00000 0.00000
vt 1.00000 0.00000
vt 1.00000 1.00000
vt 0.00000 0.00000
vt 1.00000 1.00000
vt 0.00000 1.00000
vt 0.00000 0.00000
vt 1.00000 0.00000
vt 1.00000 1.00000
vt 0.00000 0.00000
vt 1.00000 1.00000
vt 0.00000 1.00000
vt 0.00000 0.00000
vt 1.00000 0.00000
vt 1.00000 1.00000
vt 0.00000 0.00000
vt 1.00000 1.00000
vt 0.00000 1.00000
vt 0.00000 0.00000
vt 1.00000 0.00000
vt 1.00000 1.00000
vt 0.00000 0.00000
vt 1.00000 1.00000
vt 0.00000 1.00000
vt 0.00000 0.00000
vt 1.00000 0.00000
vt 1.00000 1.00000
vt 0.00000 0.00000
vt 1.00000 1.00000
vt 0.00000 1.00000
vt 0.00000 0.00000
vt 1.00000 0.00000
vt 1.00000 1.00000
vt 0.00000 0.00000
vt 1.00000 1.00000
vt 0.00000 1.00000
vt 0.00000 0.00000
vt 1.00000 0.00000
vt 1.00000 1.00000
vt 0.00000 0.00000
vt 1.00000 1.00000
vt 0.00000 1.00000
vt 0.00000 0.00000
vt 1.00000 0.00000
vt 1.00000 1.00000
vt 0.00000 0.00000
vt 1.00000 1.00000
vt 0.00000 1.00000
vt 0.00000 0.00000
vt 1.00000 0.00000
vt 1.00000 1.00000
vt 0.00000 0.00000
vt 1.00000 1.00000
vt 0.00000 1.00000
vt 0.00000 0.00000
vt 1.00000 0.00000
vt 1.00000 1.00000
vt 0.00000 0.00000
vt 1.00000 1.00000
vt 0.00000 1.00000
vt 0.00000 0.00000
vt 1.00000 0.00000
vt 1.00000 1.00000
vt 0.00000 0.00000
vt 1.00000 1.00000
vt 0.00000 1.00000
vt 0.00000 0.00000
vt 1.00000 0.00000
vt 1.00000 1.00000
vt 0.00000 0.00000
vt 1.00000 1.00000
vt 0.00000 1.00000
vt 0.00000 0.00000
vt 1.00000 0.00000
vt 1.00000 1.00000
vt 0.00000 0.00000
vt 1.00000 1.00000
vt 0.00000 1.00000
vt 0.00000 0.00000
vt 1.00000 0.00000
vt 1.00000 1.00000
vt 0.00000 0.00000
vt 1.00000 1.00000
vt 0.00000 1.00000
vt 0.00000 0.00000
vt 1.00000 0.00000
vt 1.00000 1.00000
vt 0.00000 0.00000
vt 1.00000 1.00000
vt 0.00000 1.00000
vt 0.00000 0.00000
vt 1.00000 0.00000
vt 1.00000 1.00000
vt 0.00000 0.00000
vt 1.00000 1.00000
vt 0.00000 1.00000
vt 0.00000 0.00000
vt 1.00000 0.00000
vt 1.00000 1.00000
vt 0.00000 0.00000
vt 1.00000 1.00000
vt 0.00000 1.00000
vt 0.00000 0.00000
vt 1.00000 0.00000
vt 1.00000 1.00000
vt 0.00000 0.00000
vt 1.00000 1.00000
vt 0.00000 1.00000
vt 0.00000 0.00000
vt 1.00000 0.00000
vt 1.00000 1.00000
vt 0.00000 0.00000
vt 1.00000 1.00000
vt 0.00000 1.00000
vt 0.00000 0.00000
vt 1.00000 0.00000
vt 1.00000 1.00000
vt 0.00000 0.00000
vt 1.00000 1.00000
vt 0.00000 1.00000
vt 0.00000 0.00000
vt 1.00000 0.00000
vt 1.00000 1.00000
vt 0.00000 0.00000
vt 1.00000 1.00000
vt 0.00000 1.00000
vt 0.00000 0.00000
vt 1.00000 0.00000
vt 1.00000 1.00000
vt 0.00000 0.00000
vt 1.00000 1.00000
vt 0.00000 1.00000
vt 0.00000 0.00000
vt 1.00000 0.00000
vt 1.00000 1.00000
vt 0.00000 0.00000
vt 1.00000 1.00000
vt 0.00000 1.00000
vt 0.00000 0.00000
vt 1.00000 0.00000
vt 1.00000 1.00000
vt 0.00000 0.00000
vt 1.00000 1.00000
vt 0.00000 1.00000
vt 0.00000 0.00000
vt 1.00000 0.00000
vt 1.00000 1.00000
vt 0.00000 0.00000
vt 1.00000 1.00000
vt 0.00000 1.00000
vt 0.00000 0.00000
vt 1.00000 0.00000
vt 1.00000 1.00000
vt 0.00000 0.00000
vt 1.00000 1.00000
vt 0.00000 1.00000
vt 0.00000 0.00000
vt 1.00000 0.00000
vt 1.00000 1.00000
vt 0.00000 0.00000
vt 1.00000 1.00000
vt 0.00000 1.00000
vt 0.00000 0.00000
vt 1.00000 0.00000
vt 1.00000 1.00000
vt 0.00000 0.00000
vt 1.00000 1.00000
vt 0.00000 1.00000
vt 0.00000 0.00000
vt 1.00000 0.00000
vt 1.00000 1.00000
vt 0.00000 0.00000
vt 1.00000 1.00000
vt 0.00000 1.00000
vt 0.00000 0.00000
vt 1.00000 0.00000
vt 1.00000 1.00000
vt 0.00000 0.00000
vt 1.00000 1.00000
vt 0.00000 1.00000
vt 0.00000 0.00000
vt 1.00000 0.00000
vt 1.00000 1.00000
vt 0.00000 0.00000
vt 1.00000 1.00000
vt 0.00000 1.00000
vt 0.00000 0.00000
vt 1.00000 0.00000
vt 1.00000 1.00000
vt 0.00000 0.00000
vt 1.00000 1.00000
vt 0.00000 1.00000
vt 0.00000 0.00000
vt 1.00000 0.00000
vt 1.00000 1.00000
vt 0.00000 0.00000
vt 1.00000 1.00000
vt 0.00000 1.00000
vt 0.00000 0.00000
vt 1.00000 0.00000
vt 1.00000 1.00000
vt 0.00000 0.00000
vt 1.00000 1.00000
vt 0.00000 1.00000
vt 0.00000 0.00000
vt 1.00000 0.00000
vt 1.00000 1.00000
vt 0.00000 0.00000
vt 1.00000 1.00000
vt 0.00000 1.00000
vt 0.00000 0.00000
vt 1.00000 0.00000
vt 1.00000 1.00000
vt 0.00000 0.00000
vt 1.00000 1.00000
vt 0.00000 1.00000
vt 0.00000 0.00000
vt 1.00000 0.00000
vt 1.00000 1.00000
vt 0.00000 0.00000
vt 1.00000 1.00000
vt 0.00000 1.00000
vt 0.00000 0.00000
vt 1.00000 0.00000
vt 1.00000 1.00000
vt 0.00000 0.00000
vt 1.00000 1.00000
vt 0.00000 1.00000
vt 0.00000 0.00000
vt 1.00000 0.00000
vt 1.00000 1.00000
vt 0.00000 0.00000
vt 1.00000 1.00000
vt 0.00000 1.00000
vt 0.00000 0.00000
vt 1.00000 0.00000
vt 1.00000 1.00000
vt 0.00000 0.00000
vt 1.00000 1.00000
vt 0.00000 1.00000
vt 0.00000 0.00000
vt 1.00000 0.00000
vt 1.00000 1.00000
vt 0.00000 0.00000
vt 1.00000 1.00000
vt 0.00000 1.00000
vt 0.00000 0.00000
vt 1.00000 0.00000
vt 1.00000 1.00000
vt 0.00000 0.00000
vt 1.00000 1.00000
vt 0.00000 1.00000
vt 0.00000 0.00000
vt 1.00000 0.00000
vt 1.00000 1.00000
vt 0.00000 0.00000
vt 1.00000 1.00000
vt 0.00000 1.00000
vt 0.00000 0.00000
vt 1.00000 0.00000
vt 1.00000 1.00000
vt 0.00000 0.00000
vt 1.00000 1.00000
vt 0.00000 1.00000
vt 0.00000 0.00000
vt 1.00000 0.00000
vt 1.00000 1.00000
vt 0.00000 0.00000
vt 1.00000 1.00000
vt 0.00000 1.00000
vt 0.00000 0.00000
vt 1.00000 0.00000
vt 1.00000 1.00000
vt 0.00000 0.00000
vt 1.00000 1.00000
vt 0.00000 1.00000
vt 0.00000 0.00000
vt 1.00000 0.00000
vt 1.00000 1.00000
vt 0.00000 0.00000
vt 1.00000 1.00000
vt 0.00000 1.00000
vt 0.00000 0.00000
vt 1.00000 0.00000
vt 1.00000 1.00000
vt 0.00000 0.00000
vt 1.00000 1.00000
vt 0.00000 1.00000
vt 0.00000 0.00000
vt 1.00000 0.00000
vt 1.00000 1.00000
vt 0.00000 0.00000
vt 1.00000 1.00000
vt 0.00000 1.00000
vt 0.00000 0.00000
vt 1.00000 0.00000
vt 1.00000 1.00000
vt 0.00000 0.00000
vt 1.00000 1.00000
vt 0.00000 1.00000
vt 0.00000 0.00000
vt 1.00000 0.00000
vt 1.00000 1.00000
vt 0.00000 0.00000
vt 1.00000 1.00000
vt 0.00000 1.00000
vt 0.00000 0.00000
vt 1.00000 0.00000
vt 1.00000 1.00000
vt 0.00000 0.00000
vt 1.00000 1.00000
vt 0.00000 1.00000
vt 0.00000 0.00000
vt 1.00000 0.00000
vt 1.00000 1.00000
vt 0.00000 0.00000
vt 1.00000 1.00000
vt 0.00000 1.00000
vt 0.00000 0.00000
vt 1.00000 0.00000
vt 1.00000 1.00000
vt 0.00000 0.00000
vt 1.00000 1.00000
vt 0.00000 1.00000
vt 0.00000 0.00000
vt 1.00000 0.00000
vt 1.00000 1.00000
vt 0.00000 0.00000
vt 1.00000 1.00000
vt 0.00000 1.00000
vt 0.00000 0.00000
vt 1.00000 0.00000
vt 1.00000 1.00000
vt 0.00000 0.00000
vt 1.00000 1.00000
vt 0.00000 1.00000
vt 0.00000 0.00000
vt 1.00000 0.00000
vt 1.00000 1.00000
vt 0.00000 0.00000
vt 1.00000 1.00000
vt 0.00000 1.00000
vt 0.00000 0.00000
vt 1.00000 0.00000
vt 1.00000 1.00000
vt 0.00000 0.00000
vt 1.00000 1.00000
vt 0.00000 1.00000
vt 0.00000 0.00000
vt 1.00000 0.00000
vt 1.00000 1.00000
vt 0.00000 0.00000
vt 1.00000 1.00000
vt 0.00000 1.00000
vt 0.00000 0.00000
vt 1.00000 0.00000
vt 1.00000 1.00000
vt 0.00000 0.00000
vt 1.00000 1.00000
vt 0.00000 1.00000
vt 0.00000 0.00000
vt 1.00000 0.00000
vt 1.00000 1.00000
vt 0.00000 0.00000
vt 1.00000 1.00000
vt 0.00000 1.00000
vt 0.00000 0.00000
vt 1.00000 0.00000
vt 1.00000 1.00000
vt 0.00000 0.00000
vt 1.00000 1.00000
vt 0.00000 1.00000
vt 0.00000 0.00000
vt 1.00000 0.00000
vt 1.00000 1.00000
vt 0.00000 0.00000
vt 1.00000 1.00000
vt 0.00000 1.00000
vt 0.00000 0.00000
vt 1.00000 0.00000
vt 1.00000 1.00000
vt 0.00000 0.00000
vt 1.00000 1.00000
vt 0.00000 1.00000
vt 0.00000 0.00000
vt 1.00000 0.00000
vt 1.00000 1.00000
vt 0.00000 0.00000
vt 1.00000 1.00000
vt 0.00000 1.00000
vt 0.00000 0.00000
vt 1.00000 0.00000
vt 1.00000 1.00000
vt 0.00000 0.00000
vt 1.00000 1.00000
vt 0.00000 1.00000
vt 0.00000 0.00000
vt 1.00000 0.00000
vt 1.00000 1.00000
vt 0.00000 0.00000
vt 1.00000 1.00000
vt 0.00000 1.00000
vt 0.00000 0.00000
vt 1.00000 0.00000
vt 1.00000 1.00000
vt 0.00000 0.00000
vt 1.00000 1.00000
vt 0.00000 1.00000
vt 0.00000 0.00000
vt 1.00000 0.00000
vt 1.00000 1.00000
vt 0.00000 0.00000
vt 1.00000 1.00000
vt 0.00000 1.00000
vt 0.00000 0.00000
vt 1.00000 0.00000
vt 1.00000 1.00000
vt 0.00000 0.00000
vt 1.00000 1.00000
vt 0.00000 1.00000
vt 0.00000 0.00000
vt 1.00000 0.00000
vt 1.00000 1.00000
vt 0.00000 0.00000
vt 1.00000 1.00000
vt 0.00000 1.00000
vt 0.00000 0.00000
vt 1.00000 0.00000
vt 1.00000 1.00000
vt 0.00000 0.00000
vt 1.00000 1.00000
vt 0.00000 1.00000
vt 0.00000 0.00000
vt 1.00000 0.00000
vt 1.00000 1.00000
vt 0.00000 0.00000
vt 1.00000 1.00000
vt 0.00000 1.00000
vt 0.00000 0.00000
vt 1.00000 0.00000
vt 1.00000 1.00000
vt 0.00000 0.00000
vt 1.00000 1.00000
vt 0.00000 1.00000
vt 0.00000 0.00000
vt 1.00000 0.00000
vt 1.00000 1.00000
vt 0.00000 0.00000
vt 1.00000 1.00000
vt 0.00000 1.00000
vt 0.00000 0.00000
vt 1.00000 0.00000
vt 1.00000 1.00000
vt 0.00000 0.00000
vt 1.00000 1.00000
vt 0.00000 1.00000
vt 0.00000 0.00000
vt 1.00000 0.00000
vt 1.00000 1.00000
vt 0.00000 0.00000
vt 1.00000 1.00000
vt 0.00000 1.00000
vt 0.00000 0.00000
vt 1.00000 0.00000
vt 1.00000 1.00000
vt 0.00000 0.00000
vt 1.00000 1.00000
vt 0.00000 1.00000
vt 0.00000 0.00000
vt 1.00000 0.00000
vt 1.00000 1.00000
vt 0.00000 0.00000
vt 1.00000 1.00000
vt 0.00000 1.00000
vt 0.00000 0.00000
vt 1.00000 0.00000
vt 1.00000 1.00000
vt 0.00000 0.00000
vt 1.00000 1.00000
vt 0.00000 1.00000
vt 0.00000 0.00000
vt 1.00000 0.00000
vt 1.00000 1.00000
vt 0.00000 0.00000
vt 1.00000 1.00000
vt 0.00000 1.00000
vt 0.00000 0.00000
vt 1.00000 0.00000
vt 1.00000 1.00000
vt 0.00000 0.00000
vt 1.00000 1.00000
vt 0.00000 1.00000
vt 0.00000 0.00000
vt 1.00000 0.00000
vt 1.00000 1.00000
vt 0.00000 0.00000
vt 1.00000 1.00000
vt 0.00000 1.00000
vt 0.00000 0.00000
vt 1.00000 0.00000
vt 1.00000 1.00000
vt 0.00000 0.00000
vt 1.00000 1.00000
vt 0.00000 1.00000
vt 0.00000 0.00000
vt 1.00000 0.00000
vt 1.00000 1.00000
vt 0.00000 0.00000
vt 1.00000 1.00000
vt 0.00000 1.00000
vt 0.00000 0.00000
vt 1.00000 0.00000
vt 1.00000 1.00000
vt 0.00000 0.00000
vt 1.00000 1.00000
vt 0.00000 1.00000
vt 0.00000 0.00000
vt 1.00000 0.00000
vt 1.00000 1.00000
vt 0.00000 0.00000
vt 1.00000 1.00000
vt 0.00000 1.00000
vt 0.00000 0.00000
vt 1.00000 0.00000
vt 1.00000 1.00000
vt 0.00000 0.00000
vt 1.00000 1.00000
vt 0.00000 1.00000
vt 0.00000 0.00000
vt 1.00000 0.00000
vt 1.00000 1.00000
vt 0.00000 0.00000
vt 1.00000 1.00000
vt 0.00000 1.00000
vt 0.00000 0.00000
vt 1.00000 0.00000
vt 1.00000 1.00000
vt 0.00000 0.00000
vt 1.00000 1.00000
vt 0.00000 1.00000
vt 0.00000 0.00000
vt 1.00000 0.00000
vt 1.00000 1.00000
vt 0.00000 0.00000
vt 1.00000 1.00000
vt 0.00000 1.00000
vt 0.00000 0.00000
vt 1.00000 0.00000
vt 1.00000 1.00000
vt 0.00000 0.00000
vt 1.00000 1.00000
vt 0.00000 1.00000
vt 0.00000 0.00000
vt 1.00000 0.00000
vt 1.00000 1.00000
vt 0.00000 0.00000
vt 1.00000 1.00000
vt 0.00000 1.00000
vt 0.00000 0.00000
vt 1.00000 0.00000
vt 1.00000 1.00000
vt 0.00000 0.00000
vt 1.00000 1.00000
vt 0.00000 1.00000
vt 0.00000 0.00000
vt 1.00000 0.00000
vt 1.00000 1.00000
vt 0.00000 0.00000
vt 1.00000 1.00000
vt 0.00000 1.00000
vt 0.00000 0.00000
vt 1.00000 0.00000
vt 1.00000 1.00000
vt 0.00000 0.00000
vt 1.00000 1.00000
vt 0.00000 1.00000
vt 0.00000 0.00000
vt 1.00000 0.00000
vt 1.00000 1.00000
vt 0.00000 0.00000
vt 1.00000 1.00000
vt 0.00000 1.00000
vt 0.00000 0.00000
vt 1.00000 0.00000
vt 1.00000 1.00000
vt 0.00000 0.00000
vt 1.00000 1.00000
vt 0.00000 1.00000
vt 0.00000 0.00000
vt 1.00000 0.00000
vt 1.00000 1.00000
vt 0.00000 0.00000
vt 1.00000 1.00000
vt 0.00000 1.00000
vt 0.00000 0.00000
vt 1.00000 0.00000
vt 1.00000 1.00000
vt 0.00000 0.00000
vt 1.00000 1.00000
vt 0.00000 1.00000
vt 0.00000 0.00000
vt 1.00000 0.00000
vt 1.00000 1.00000
vt 0.00000 0.00000
vt 1.00000 1.00000
vt 0.00000 1.00000
vt 0.00000 0.00000
vt 1.00000 0.00000
vt 1.00000 1.00000
vt 0.00000 0.00000
vt 1.00000 1.00000
vt 0.00000 1.00000
vt 0.00000 0.00000
vt 1.00000 0.00000
vt 1.00000 1.00000
vt 0.00000 0.00000
vt 1.00000 1.00000
vt 0.00000 1.00000
vt 0.00000 0.00000
vt 1.00000 0.00000
vt 1.00000 1.00000
vt 0.00000 0.00000
vt 1.00000 1.00000
vt 0.00000 1.00000
vt 0.00000 0.00000
vt 1.00000 0.00000
vt 1.00000 1.00000
vt 0.00000 0.00000
vt 1.00000 1.00000
vt 0.00000 1.00000
vt 0.00000 0.00000
vt 1.00000 0.00000
vt 1.00000 1.00000
vt 0.00000 0.00000
vt 1.00000 1.00000
vt 0.00000 1.00000
vt 0.00000 0.00000
vt 1.00000 0.00000
vt 1.00000 1.00000
vt 0.00000 0.00000
vt 1.00000 1.00000
vt 0.00000 1.00000
vt 0.00000 0.00000
vt 1.00000 0.00000
vt 1.00000 1.00000
vt 0.00000 0.00000
vt 1.00000 1.00000
vt 0.00000 1.00000
vt 0.00000 0.00000
vt 1.00000 0.00000
vt 1.00000 1.00000
vt 0.00000 0.00000
vt 1.00000 1.00000
vt 0.00000 1.00000
vt 0.00000 0.00000
vt 1.00000 0.00000
vt 1.00000 1.00000
vt 0.00000 0.00000
vt 1.00000 1.00000
vt 0.00000 1.00000
vt 0.00000 0.00000
vt 1.00000 0.00000
vt 1.00000 1.00000
vt 0.00000 0.00000
vt 1.00000 1.00000
vt 0.00000 1.00000
vt 0.00000 0.00000
vt 1.00000 0.00000
vt 1.00000 1.00000
vt 0.00000 0.00000
vt 1.00000 1.00000
vt 0.00000 1.00000
vt 0.00000 0.00000
vt 1.00000 0.00000
vt 1.00000 1.00000
vt 0.00000 0.00000
vt 1.00000 1.00000
vt 0.00000 1.00000
vt 0.00000 0.00000
vt 1.00000 0.00000
vt 1.00000 1.00000
vt 0.00000 0.00000
vt 1.00000 1.00000
vt 0.00000 1.00000
vt 0.00000 0.00000
vt 1.00000 0.00000
vt 1.00000 1.00000
vt 0.00000 0.00000
vt 1.00000 1.00000
vt 0.00000 1.00000
vt 0.00000 0.00000
vt 1.00000 0.00000
vt 1.00000 1.00000
vt 0.00000 0.00000
vt 1.00000 1.00000
vt 0.00000 1.00000
vt 0.00000 0.00000
vt 1.00000 0.00000
vt 1.00000 1.00000
vt 0.00000 0.00000
vt 1.00000 1.00000
vt 0.00000 1.00000
vt 0.00000 0.00000
vt 1.00000 0.00000
vt 1.00000 1.00000
vt 0.00000 0.00000
vt 1.00000 1.00000
vt 0.00000 1.00000
vt 0.00000 0.00000
vt 1.00000 0.00000
vt 1.00000 1.00000
vt 0.00000 0.00000
vt 1.00000 1.00000
vt 0.00000 1.00000
vt 0.00000 0.00000
vt 1.00000 0.00000
vt 1.00000 1.00000
vt 0.00000 0.00000
vt 1.00000 1.00000
vt 0.00000 1.00000
vt 0.00000 0.00000
vt 1.00000 0.00000
vt 1.00000 1.00000
vt 0.00000 0.00000
vt 1.00000 1.00000
vt 0.00000 1.00000
vt 0.00000 0.00000
vt 1.00000 0.00000
vt 1.00000 1.00000
vt 0.00000 0.00000
vt 1.00000 1.00000
vt 0.00000 1.00000
vt 0.00000 0.00000
vt 1.00000 0.00000
vt 1.00000 1.00000
vt 0.00000 0.00000
vt 1.00000 1.00000
vt 0.00000 1.00000
vt 0.00000 0.00000
vt 1.00000 0.00000
vt 1.00000 1.00000
vt 0.00000 0.00000
vt 1.00000 1.00000
vt 0.00000 1.00000
vt 0.00000 0.00000
vt 1.00000 0.00000
vt 1.00000 1.00000
vt 0.00000 0.00000
vt 1.00000 1.00000
vt 0.00000 1.00000
vt 0.00000 0.00000
vt 1.00000 0.00000
vt 1.00000 1.00000
vt 0.00000 0.00000
vt 1.00000 1.00000
vt 0.00000 1.00000
vt 0.00000 0.00000
vt 1.00000 0.00000
vt 1.00000 1.00000
vt 0.00000 0.00000
vt 1.00000 1.00000
vt 0.00000 1.00000
vt 0.00000 0.00000
vt 1.00000 0.00000
vt 1.00000 1.00000
vt 0.00000 0.00000
vt 1.00000 1.00000
vt 0.00000 1.00000
vt 0.00000 0.00000
vt 1.00000 0.00000
vt 1.00000 1.00000
vt 0.00000 0.00000
vt 1.00000 1.00000
vt 0.00000 1.00000
vt 0.00000 0.00000
vt 1.00000 0.00000
vt 1.00000 1.00000
vt 0.00000 0.00000
vt 1.00000 1.00000
vt 0.00000 1.00000
vt 0.00000 0.00000
vt 1.00000 0.00000
vt 1.00000 1.00000
vt 0.00000 0.00000
vt 1.00000 1.00000
vt 0.00000 1.00000
vt 0.00000 0.00000
vt 1.00000 0.00000
vt 1.00000 1.00000
vt 0.00000 0.00000
vt 1.00000 1.00000
vt 0.00000 1.00000
vt 0.00000 0.00000
vt 1.00000 0.00000
vt 1.00000 1.00000
vt 0.00000 0.00000
vt 1.00000 1.00000
vt 0.00000 1.00000
vt 0.00000 0.00000
vt 1.00000 0.00000
vt 1.00000 1.00000
vt 0.00000 0.00000
vt 1.00000 1.00000
vt 0.00000 1.00000
vt 0.00000 0.00000
vt 1.00000 0.00000
vt 1.00000 1.00000
vt 0.00000 0.00000
vt 1.00000 1.00000
vt 0.00000 1.00000
vt 0.00000 0.00000
vt 1.00000 0.00000
vt 1.00000 1.00000
vt 0.00000 0.00000
vt 1.00000 1.00000
vt 0.00000 1.00000
vt 0.00000 0.00000
vt 1.00000 0.00000
vt 1.00000 1.00000
vt 0.00000 0.00000
vt 1.00000 1.00000
vt 0.00000 1.00000
vt 0.00000 0.00000
vt 1.00000 0.00000
vt 1.00000 1.00000
vt 0.00000 0.00000
vt 1.00000 1.00000
vt 0.00000 1.00000
vt 0.00000 0.00000
vt 1.00000 0.00000
vt 1.00000 1.00000
vt 0.00000 0.00000
vt 1.00000 1.00000
vt 0.00000 1.00000
vt 0.00000 0.00000
vt 1.00000 0.00000
vt 1.00000 1.00000
vt 0.00000 0.00000
vt 1.00000 1.00000
vt 0.00000 1.00000
vt 0.00000 0.00000
vt 1.00000 0.00000
vt 1.00000 1.00000
vt 0.00000 0.00000
vt 1.00000 1.00000
vt 0.00000 1.00000
vt 0.00000 0.00000
vt 1.00000 0.00000
vt 1.00000 1.00000
vt 0.00000 0.00000
vt 1.00000 1.00000
vt 0.00000 1.00000
vt 0.00000 0.00000
vt 1.00000 0.00000
vt 1.00000 1.00000
vt 0.00000 0.00000
vt 1.00000 1.00000
vt 0.00000 1.00000
vt 0.00000 0.00000
vt 1.00000 0.00000
vt 1.00000 1.00000
vt 0.00000 0.00000
vt 1.00000 1.00000
vt 0.00000 1.00000
vt 0.00000 0.00000
vt 1.00000 0.00000
vt 1.00000 1.00000
vt 0.00000 0.00000
vt 1.00000 1.00000
vt 0.00000 1.00000
vt 0.00000 0.00000
vt 1.00000 0.00000
vt 1.00000 1.00000
vt 0.00000 0.00000
vt 1.00000 1.00000
vt 0.00000 1.00000
vt 0.00000 0.00000
vt 1.00000 0.00000
vt 1.00000 1.00000
vt 0.00000 0.00000
vt 1.00000 1.00000
vt 0.00000 1.00000
vt 0.00000 0.00000
vt 1.00000 0.00000
vt 1.00000 1.00000
vt 0.00000 0.00000
vt 1.00000 1.00000
vt 0.00000 1.00000
vt 0.00000 0.00000
vt 1.00000 0.00000
vt 1.00000 1.00000
vt 0.00000 0.00000
vt 1.00000 1.00000
vt 0.00000 1.00000
vt 0.00000 0.00000
vt 1.00000 0.00000
vt 1.00000 1.00000
vt 0.00000 0.00000
vt 1.00000 1.00000
vt 0.00000 1.00000
vt 0.00000 0.00000
vt 1.00000 0.00000
vt 1.00000 1.00000
vt 0.00000 0.00000
vt 1.00000 1.00000
vt 0.00000 1.00000
vt 0.00000 0.00000
vt 1.00000 0.00000
vt 1.00000 1.00000
vt 0.00000 0.00000
vt 1.00000 1.00000
vt 0.00000 1.00000
vt 0.00000 0.00000
vt 1.00000 0.00000
vt 1.00000 1.00000
vt 0.00000 0.00000
vt 1.00000 1.00000
vt 0.00000 1.00000
vt 0.00000 0.00000
vt 1.00000 0.00000
vt 1.00000 1.00000
vt 0.00000 0.00000
vt 1.00000 1.00000
vt 0.00000 1.00000
vt 0.00000 0.00000
vt 1.00000 0.00000
vt 1.00000 1.00000
vt 0.00000 0.00000
vt 1.00000 1.00000
vt 0.00000 1.00000
vt 0.00000 0.00000
vt 1.00000 0.00000
vt 1.00000 1.00000
vt 0.00000 0.00000
vt 1.00000 1.00000
vt 0.00000 1.00000
vt 0.00000 0.00000
vt 1.00000 0.00000
vt 1.00000 1.00000
vt 0.00000 0.00000
vt 1.00000 1.00000
vt 0.00000 1.00000
vt 0.00000 0.00000
vt 1.00000 0.00000
vt 1.00000 1.00000
vt 0.00000 0.00000
vt 1.00000 1.00000
vt 0.00000 1.00000
vt 0.00000 0.00000
vt 1.00000 0.00000
vt 1.00000 1.00000
vt 0.00000 0.00000
vt 1.00000 1.00000
vt 0.00000 1.00000
vt 0.00000 0.00000
vt 1.00000 0.00000
vt 1.00000 1.00000
vt 0.00000 0.00000
vt 1.00000 1.00000
vt 0.00000 1.00000
vt 0.00000 0.00000
vt 1.00000 0.00000
vt 1.00000 1.00000
vt 0.00000 0.00000
vt 1.00000 1.00000
vt 0.00000 1.00000
vt 0.00000 0.00000
vt 1.00000 0.00000
vt 1.00000 1.00000
vt 0.00000 0.00000
vt 1.00000 1.00000
vt 0.00000 1.00000
vt 0.00000 0.00000
vt 1.00000 0.00000
vt 1.00000 1.00000
vt 0.00000 0.00000
vt 1.00000 1.00000
vt 0.00000 1.00000
vt 0.00000 0.00000
vt 1.00000 0.00000
vt 1.00000 1.00000
vt 0.00000 0.00000
vt 1.00000 1.00000
vt 0.00000 1.00000
vt 0.00000 0.00000
vt 1.00000 0.00000
vt 1.00000 1.00000
vt 0.00000 0.00000
vt 1.00000 1.00000
vt 0.00000 1.00000
vt 0.00000 0.00000
vt 1.00000 0.00000
vt 1.00000 1.00000
vt 0.00000 0.00000
vt 1.00000 1.00000
vt 0.00000 1.00000
vt 0.00000 0.00000
vt 1.00000 0.00000
vt 1.00000 1.00000
vt 0.00000 0.00000
vt 1.00000 1.00000
vt 0.00000 1.00000
vt 0.00000 0.00000
vt 1.00000 0.00000
vt 1.00000 1.00000
vt 0.00000 0.00000
vt 1.00000 1.00000
vt 0.00000 1.00000
vt 0.00000 0.00000
vt 1.00000 0.00000
vt 1.00000 1.00000
vt 0.00000 0.00000
vt 1.00000 1.00000
vt 0.00000 1.00000
vt 0.00000 0.00000
vt 1.00000 0.00000
vt 1.00000 1.00000
vt 0.00000 0.00000
vt 1.00000 1.00000
vt 0.00000 1.00000
vt 0.00000 0.00000
vt 1.00000 0.00000
vt 1.00000 1.00000
vt 0.00000 0.00000
vt 1.00000 1.00000
vt 0.00000 1.00000
vt 0.00000 0.00000
vt 1.00000 0.00000
vt 1.00000 1.00000
vt 0.00000 0.00000
vt 1.00000 1.00000
vt 0.00000 1.00000
vt 0.00000 0.00000
vt 1.00000 0.00000
vt 1.00000 1.00000
vt 0.00000 0.00000
vt 1.00000 1.00000
vt 0.00000 1.00000
vt 0.00000 0.00000
vt 1.00000 0.00000
vt 1.00000 1.00000
vt 0.00000 0.00000
vt 1.00000 1.00000
vt 0.00000 1.00000
vt 0.00000 0.00000
vt 1.00000 0.00000
vt 1.00000 1.00000
vt 0.00000 0.00000
vt 1.00000 1.00000
vt 0.00000 1.00000
vt 0.00000 0.00000
vt 1.00000 0.00000
vt 1.00000 1.00000
vt 0.00000 0.00000
vt 1.00000 1.00000
vt 0.00000 1.00000
vt 0.00000 0.00000
vt 1.00000 0.00000
vt 1.00000 1.00000
vt 0.00000 0.00000
vt 1.00000 1.00000
vt 0.00000 1.00000
vt 0.00000 0.00000
vt 1.00000 0.00000
vt 1.00000 1.00000
vt 0.00000 0.00000
vt 1.00000 1.00000
vt 0.00000 1.00000
vt 0.00000 0.00000
vt 1.00000 0.00000
vt 1.00000 1.00000
vt 0.00000 0.00000
vt 1.00000 1.00000
vt 0.00000 1.00000
vt 0.00000 0.00000
vt 1.00000 0.00000
vt 1.00000 1.00000
vt 0.00000 0.00000
vt 1.00000 1.00000
vt 0.00000 1.00000
vt 0.00000 0.00000
vt 1.00000 0.00000
vt 1.00000 1.00000
vt 0.00000 0.00000
vt 1.00000 1.00000
vt 0.00000 1.00000
vt 0.00000 0.00000
vt 1.00000 0.00000
vt 1.00000 1.00000
vt 0.00000 0.00000
vt 1.00000 1.00000
vt 0.00000 1.00000
vt 0.00000 0.00000
vt 1.00000 0.00000
vt 1.00000 1.00000
vt 0.00000 0.00000
vt 1.00000 1.00000
vt 0.00000 1.00000
vt 0.00000 0.00000
vt 1.00000 0.00000
vt 1.00000 1.00000
vt 0.00000 0.00000
vt 1.00000 1.00000
vt 0.00000 1.00000
vt 0.00000 0.00000
vt 1.00000 0.00000
vt 1.00000 1.00000
vt 0.00000 0.00000
vt 1.00000 1.00000
vt 0.00000 1.00000
vt 0.00000 0.00000
vt 1.00000 0.00000
vt 1.00000 1.00000
vt 0.00000 0.00000
vt 1.00000 1.00000
vt 0.00000 1.00000
vt 0.00000 0.00000
vt 1.00000 0.00000
vt 1.00000 1.00000
vt 0.00000 0.00000
vt 1.00000 1.00000
vt 0.00000 1.00000
vt 0.00000 0.00000
vt 1.00000 0.00000
vt 1.00000 1.00000
vt 0.00000 0.00000
vt 1.00000 1.00000
vt 0.00000 1.00000
vt 0.00000 0.00000
vt 1.00000 0.00000
vt 1.00000 1.00000
vt 0.00000 0.00000
vt 1.00000 1.00000
vt 0.00000 1.00000
vt 0.00000 0.00000
vt 1.00000 0.00000
vt 1.00000 1.00000
vt 0.00000 0.00000
vt 1.00000 1.00000
vt 0.00000 1.00000
vt 0.00000 0.00000
vt 1.00000 0.00000
vt 1.00000 1.00000
vt 0.00000 0.00000
vt 1.00000 1.00000
vt 0.00000 1.00000
vt 0.00000 0.00000
vt 1.00000 0.00000
vt 1.00000 1.00000
vt 0.00000 0.00000
vt 1.00000 1.00000
vt 0.00000 1.00000
vt 0.00000 0.00000
vt 1.00000 0.00000
vt 1.00000 1.00000
vt 0.00000 0.00000
vt 1.00000 1.00000
vt 0.00000 1.00000
vt 0.00000 0.00000
vt 1.00000 0.00000
vt 1.00000 1.00000
vt 0.00000 0.00000
vt 1.00000 1.00000
vt 0.00000 1.00000
vt 0.00000 0.00000
vt 1.00000 0.00000
vt 1.00000 1.00000
vt 0.00000 0.00000
vt 1.00000 1.00000
vt 0.00000 1.00000
vt 0.00000 0.00000
vt 1.00000 0.00000
vt 1.00000 1.00000
vt 0.00000 0.00000
vt 1.00000 1.00000
vt 0.00000 1.00000
vt 0.00000 0.00000
vt 1.00000 0.00000
vt 1.00000 1.00000
vt 0.00000 0.00000
vt 1.00000 1.00000
vt 0.00000 1.00000
vt 0.00000 0.00000
vt 1.00000 0.00000
vt 1.00000 1.00000
vt 0.00000 0.00000
vt 1.00000 1.00000
vt 0.00000 1.00000
vt 0.00000 0.00000
vt 1.00000 0.00000
vt 1.00000 1.00000
vt 0.00000 0.00000
vt 1.00000 1.00000
vt 0.00000 1.00000
vt 0.00000 0.00000
vt 1.00000 0.00000
vt 1.00000 1.00000
vt 0.00000 0.00000
vt 1.00000 1.00000
vt 0.00000 1.00000
vt 0.00000 0.00000
vt 1.00000 0.00000
vt 1.00000 1.00000
vt 0.00000 0.00000
vt 1.00000 1.00000
vt 0.00000 1.00000
vt 0.00000 0.00000
vt 1.00000 0.00000
vt 1.00000 1.00000
vt 0.00000 0.00000
vt 1.00000 1.00000
vt 0.00000 1.00000
vt 0.00000 0.00000
vt 1.00000 0.00000
vt 1.00000 1.00000
vt 0.00000 0.00000
vt 1.00000 1.00000
vt 0.00000 1.00000
vt 0.00000 0.00000
vt 1.00000 0.00000
vt 1.00000 1.00000
vt 0.00000 0.00000
vt 1.00000 1.00000
vt 0.00000 1.00000
vt 0.00000 0.00000
vt 1.00000 0.00000
vt 1.00000 1.00000
vt 0.00000 0.00000
vt 1.00000 1.00000
vt 0.00000 1.00000
vt 0.00000 0.00000
vt 1.00000 0.00000
vt 1.00000 1.00000
vt 0.00000 0.00000
vt 1.00000 1.00000
vt 0.00000 1.00000
vt 0.00000 0.00000
vt 1.00000 0.00000
vt 1.00000 1.00000
vt 0.00000 0.00000
vt 1.00000 1.00000
vt 0.00000 1.00000
vt 0.00000 0.00000
vt 1.00000 0.00000
vt 1.00000 1.00000
vt 0.00000 0.00000
vt 1.00000 1.00000
vt 0.00000 1.00000
vt 0.00000 0.00000
vt 1.00000 0.00000
vt 1.00000 1.00000
vt 0.00000 0.00000
vt 1.00000 1.00000
vt 0.00000 1.00000
vt 0.00000 0.00000
vt 1.00000 0.00000
vt 1.00000 1.00000
vt 0.00000 0.00000
vt 1.00000 1.00000
vt 0.00000 1.00000
vt 0.00000 0.00000
vt 1.00000 0.00000
vt 1.00000 1.00000
vt 0.00000 0.00000
vt 1.00000 1.00000
vt 0.00000 1.00000
vt 0.00000 0.00000
vt 1.00000 0.00000
vt 1.00000 1.00000
vt 0.00000 0.00000
vt 1.00000 1.00000
vt 0.00000 1.00000
vt 0.00000 0.00000
vt 1.00000 0.00000
vt 1.00000 1.00000
vt 0.00000 0.00000
vt 1.00000 1.00000
vt 0.00000 1.00000
vt 0.00000 0.00000
vt 1.00000 0.00000
vt 1.00000 1.00000
vt 0.00000 0.00000
vt 1.00000 1.00000
vt 0.00000 1.00000
vt 0.00000 0.00000
vt 1.00000 0.00000
vt 1.00000 1.00000
vt 0.00000 0.00000
vt 1.00000 1.00000
vt 0.00000 1.00000
vt 0.00000 0.00000
vt 1.00000 0.00000
vt 1.00000 1.00000
vt 0.00000 0.00000
vt 1.00000 1.00000
vt 0.00000 1.00000
vt 0.00000 0.00000
vt 1.00000 0.00000
vt 1.00000 1.00000
vt 0.00000 0.00000
vt 1.00000 1.00000
vt 0.00000 1.00000
vt 0.00000 0.00000
vt 1.00000 0.00000
vt 1.00000 1.00000
vt 0.00000 0.00000
vt 1.00000 1.00000
vt 0.00000 1.00000
vt 0.00000 0.00000
vt 1.00000 0.00000
vt 1.00000 1.00000
vt 0.00000 0.00000
vt 1.00000 1.00000
vt 0.00000 1.00000
vt 0.00000 0.00000
vt 1.00000 0.00000
vt 1.00000 1.00000
vt 0.00000 0.00000
vt 1.00000 1.00000
vt 0.00000 1.00000
vt 0.00000 0.00000
vt 1.00000 0.00000
vt 1.00000 1.00000
vt 0.00000 0.00000
vt 1.00000 1.00000
vt 0.00000 1.00000
vt 0.00000 0.00000
vt 1.00000 0.00000
vt 1.00000 1.00000
vt 0.00000 0.00000
vt 1.00000 1.00000
vt 0.00000 1.00000
vt 0.00000 0.00000
vt 1.00000 0.00000
vt 1.00000 1.00000
vt 0.00000 0.00000
vt 1.00000 1.00000
vt 0.00000 1.00000
vt 0.00000 0.00000
vt 1.00000 0.00000
vt 1.00000 1.00000
vt 0.00000 0.00000
vt 1.00000 1.00000
vt 0.00000 1.00000
vt 0.00000 0.00000
vt 1.00000 0.00000
vt 1.00000 1.00000
vt 0.00000 0.00000
vt 1.00000 1.00000
vt 0.00000 1.00000
vt 0.00000 0.00000
vt 1.00000 0.00000
vt 1.00000 1.00000
vt 0.00000 0.00000
vt 1.00000 1.00000
vt 0.00000 1.00000
vt 0.00000 0.00000
vt 1.00000 0.00000
vt 1.00000 1.00000
vt 0.00000 0.00000
vt 1.00000 1.00000
vt 0.00000 1.00000
vt 0.00000 0.00000
vt 1.00000 0.00000
vt 1.00000 1.00000
vt 0.00000 0.00000
vt 1.00000 1.00000
vt 0.00000 1.00000
vt 0.00000 0.00000
vt 1.00000 0.00000
vt 1.00000 1.00000
vt 0.00000 0.00000
vt 1.00000 1.00000
vt 0.00000 1.00000
vt 0.00000 0.00000
vt 1.00000 0.00000
vt 1.00000 1.00000
vt 0.00000 0.00000
vt 1.00000 1.00000
vt 0.00000 1.00000
vt 0.00000 0.00000
vt 1.00000 0.00000
vt 1.00000 1.00000
vt 0.00000 0.00000
vt 1.00000 1.00000
vt 0.00000 1.00000
vt 0.00000 0.00000
vt 1.00000 0.00000
vt 1.00000 1.00000
vt 0.00000 0.00000
vt 1.00000 1.00000
vt 0.00000 1.00000
vt 0.00000 0.00000
vt 1.00000 0.00000
vt 1.00000 1.00000
vt 0.00000 0.00000
vt 1.00000 1.00000
vt 0.00000 1.00000
vt 0.00000 0.00000
vt 1.00000 0.00000
vt 1.00000 1.00000
vt 0.00000 0.00000
vt 1.00000 1.00000
vt 0.00000 1.00000
vt 0.00000 0.00000
vt 1.00000 0.00000
vt 1.00000 1.00000
vt 0.00000 0.00000
vt 1.00000 1.00000
vt 0.00000 1.00000
vt 0.00000 0.00000
vt 1.00000 0.00000
vt 1.00000 1.00000
vt 0.00000 0.00000
vt 1.00000 1.00000
vt 0.00000 1.00000
vt 0.00000 0.00000
vt 1.00000 0.00000
vt 1.00000 1.00000
vt 0.00000 0.00000
vt 1.00000 1.00000
vt 0.00000 1.00000
vt 0.00000 0.00000
vt 1.00000 0.00000
vt 1.00000 1.00000
vt 0.00000 0.00000
vt 1.00000 1.00000
vt 0.00000 1.00000
vt 0.00000 0.00000
vt 1.00000 0.00000
vt 1.00000 1.00000
vt 0.00000 0.00000
vt 1.00000 1.00000
vt 0.00000 1.00000
vt 0.00000 0.00000
vt 1.00000 0.00000
vt 1.00000 1.00000
vt 0.00000 0.00000
vt 1.00000 1.00000
vt 0.00000 1.00000
vt 0.00000 0.00000
vt 1.00000 0.00000
vt 1.00000 1.00000
vt 0.00000 0.00000
vt 1.00000 1.00000
vt 0.00000 1.00000
vt 0.00000 0.00000
vt 1.00000 0.00000
vt 1.00000 1.00000
vt 0.00000 0.00000
vt 1.00000 1.00000
vt 0.00000 1.00000
vt 0.00000 0.00000
vt 1.00000 0.00000
vt 1.00000 1.00000
vt 0.00000 0.00000
vt 1.00000 1.00000
vt 0.00000 1.00000
vt 0.00000 0.00000
vt 1.00000 0.00000
vt 1.00000 1.00000
vt 0.00000 0.00000
vt 1.00000 1.00000
vt 0.00000 1.00000
vt 0.00000 0.00000
vt 1.00000 0.00000
vt 1.00000 1.00000
vt 0.00000 0.00000
vt 1.00000 1.00000
vt 0.00000 1.00000
vt 0.00000 0.00000
vt 1.00000 0.00000
vt 1.00000 1.00000
vt 0.00000 0.00000
vt 1.00000 1.00000
vt 0.00000 1.00000
vt 0.00000 0.00000
vt 1.00000 0.00000
vt 1.00000 1.00000
vt 0.00000 0.00000
vt 1.00000 1.00000
vt 0.00000 1.00000
vt 0.00000 0.00000
vt 1.00000 0.00000
vt 1.00000 1.00000
vt 0.00000 0.00000
vt 1.00000 1.00000
vt 0.00000 1.00000
vt 0.00000 0.00000
vt 1.00000 0.00000
vt 1.00000 1.00000
vt 0.00000 0.00000
vt 1.00000 1.00000
vt 0.00000 1.00000
vt 0.00000 0.00000
vt 1.00000 0.00000
vt 1.00000 1.00000
vt 0.00000 0.00000
vt 1.00000 1.00000
vt 0.00000 1.00000
vt 0.00000 0.00000
vt 1.00000 0.00000
vt 1.00000 1.00000
vt 0.00000 0.00000
vt 1.00000 1.00000
vt 0.00000 1.00000
vt 0.00000 0.00000
vt 1.00000 0.00000
vt 1.00000 1.00000
vt 0.00000 0.00000
vt 1.00000 1.00000
vt 0.00000 1.00000
vt 0.00000 0.00000
vt 1.00000 0.00000
vt 1.00000 1.00000
vt 0.00000 0.00000
vt 1.00000 1.00000
vt 0.00000 1.00000
vt 0.00000 0.00000
vt 1.00000 0.00000
vt 1.00000 1.00000
vt 0.00000 0.00000
vt 1.00000 1.00000
vt 0.00000 1.00000
vt 0.00000 0.00000
vt 1.00000 0.00000
vt 1.00000 1.00000
vt 0.00000 0.00000
vt 1.00000 1.00000
vt 0.00000 1.00000
vt 0.00000 0.00000
vt 1.00000 0.00000
vt 1.00000 1.00000
vt 0.00000 0.00000
vt 1.00000 1.00000
vt 0.00000 1.00000
vt 0.00000 0.00000
vt 1.00000 0.00000
vt 1.00000 1.00000
vt 0.00000 0.00000
vt 1.00000 1.00000
vt 0.00000 1.00000
vt 0.00000 0.00000
vt 1.00000 0.00000
vt 1.00000 1.00000
vt 0.00000 0.00000
vt 1.00000 1.00000
vt 0.00000 1.00000
vt 0.00000 0.00000
vt 1.00000 0.00000
vt 1.00000 1.00000
vt 0.00000 0.00000
vt 1.00000 1.00000
vt 0.00000 1.00000
vt 0.00000 0.00000
vt 1.00000 0.00000
vt 1.00000 1.00000
vt 0.00000 0.00000
vt 1.00000 1.00000
vt 0.00000 1.00000
vt 0.00000 0.00000
vt 1.00000 0.00000
vt 1.00000 1.00000
vt 0.00000 0.00000
vt 1.00000 1.00000
vt 0.00000 1.00000
vt 0.00000 0.00000
vt 1.00000 0.00000
vt 1.00000 1.00000
vt 0.00000 0.00000
vt 1.00000 1.00000
vt 0.00000 1.00000
vt 0.00000 0.00000
vt 1.00000 0.00000
vt 1.00000 1.00000
vt 0.00000 0.00000
vt 1.00000 1.00000
vt 0.00000 1.00000
vt 0.00000 0.00000
vt 1.00000 0.00000
vt 1.00000 1.00000
vt 0.00000 0.00000
vt 1.00000 1.00000
vt 0.00000 1.00000
vt 0.00000 0.00000
vt 1.00000 0.00000
vt 1.00000 1.00000
vt 0.00000 0.00000
vt 1.00000 1.00000
vt 0.00000 1.00000
vt 0.00000 0.00000
vt 1.00000 0.00000
vt 1.00000 1.00000
vt 0.00000 0.00000
vt 1.00000 1.00000
vt 0.00000 1.00000
vt 0.00000 0.00000
vt 1.00000 0.00000
vt 1.00000 1.00000
vt 0.00000 0.00000
vt 1.00000 1.00000
vt 0.00000 1.00000
vt 0.00000 0.00000
vt 1.00000 0.00000
vt 1.00000 1.00000
vt 0.00000 0.00000
vt 1.00000 1.00000
vt 0.00000 1.00000
vt 0.00000 0.00000
vt 1.00000 0.00000
vt 1.00000 1.00000
vt 0.00000 0.00000
vt 1.00000 1.00000
vt 0.00000 1.00000
vt 0.00000 0.00000
vt 1.00000 0.00000
vt 1.00000 1.00000
vt 0.00000 0.00000
vt 1.00000 1.00000
vt 0.00000 1.00000
vt 0.00000 0.00000
vt 1.00000 0.00000
vt 1.00000 1.00000
vt 0.00000 0.00000
vt 1.00000 1.00000
vt 0.00000 1.00000
vt 0.00000 0.00000
vt 1.00000 0.00000
vt 1.00000 1.00000
vt 0.00000 0.00000
vt 1.00000 1.00000
vt 0.00000 1.00000
vt 0.00000 0.00000
vt 1.00000 0.00000
vt 1.00000 1.00000
vt 0.00000 0.00000
vt 1.00000 1.00000
vt 0.00000 1.00000
vt 0.00000 0.00000
vt 1.00000 0.00000
vt 1.00000 1.00000
vt 0.00000 0.00000
vt 1.00000 1.00000
vt 0.00000 1.00000
vt 0.00000 0.00000
vt 1.00000 0.00000
vt 1.00000 1.00000
vt 0.00000 0.00000
vt 1.00000 1.00000
vt 0.00000 1.00000
vt 0.00000 0.00000
vt 1.00000 0.00000
vt 1.00000 1.00000
vt 0.00000 0.00000
vt 1.00000 1.00000
vt 0.00000 1.00000
vt 0.00000 0.00000
vt 1.00000 0.00000
vt 1.00000 1.00000
vt 0.00000 0.00000
vt 1.00000 1.00000
vt 0.00000 1.00000
vt 0.00000 0.00000
vt 1.00000 0.00000
vt 1.00000 1.00000
vt 0.00000 0.00000
vt 1.00000 1.00000
vt 0.00000 1.00000
vt 0.00000 0.00000
vt 1.00000 0.00000
vt 1.00000 1.00000
vt 0.00000 0.00000
vt 1.00000 1.00000
vt 0.00000 1.00000
vt 0.00000 0.00000
vt 1.00000 0.00000
vt 1.00000 1.00000
vt 0.00000 0.00000
vt 1.00000 1.00000
vt 0.00000 1.00000
vt 0.00000 0.00000
vt 1.00000 0.00000
vt 1.00000 1.00000
vt 0.00000 0.00000
vt 1.00000 1.00000
vt 0.00000 1.00000
vt 0.00000 0.00000
vt 1.00000 0.00000
vt 1.00000 1.00000
vt 0.00000 0.00000
vt 1.00000 1.00000
vt 0.00000 1.00000
vt 0.00000 0.00000
vt 1.00000 0.00000
vt 1.00000 1.00000
vt 0.00000 0.00000
vt 1.00000 1.00000
vt 0.00000 1.00000
vt 0.00000 0.00000
vt 1.00000 0.00000
vt 1.00000 1.00000
vt 0.00000 0.00000
vt 1.00000 1.00000
vt 0.00000 1.00000
vt 0.00000 0.00000
vt 1.00000 0.00000
vt 1.00000 1.00000
vt 0.00000 0.00000
vt 1.00000 1.00000
vt 0.00000 1.00000
vt 0.00000 0.00000
vt 1.00000 0.00000
vt 1.00000 1.00000
vt 0.00000 0.00000
vt 1.00000 1.00000
vt 0.00000 1.00000
vt 0.00000 0.00000
vt 1.00000 0.00000
vt 1.00000 1.00000
vt 0.00000 0.00000
vt 1.00000 1.00000
vt 0.00000 1.00000
vt 0.00000 0.00000
vt 1.00000 0.00000
vt 1.00000 1.00000
vt 0.00000 0.00000
vt 1.00000 1.00000
vt 0.00000 1.00000
vt 0.00000 0.00000
vt 1.00000 0.00000
vt 1.00000 1.00000
vt 0.00000 0.00000
vt 1.00000 1.00000
vt 0.00000 1.00000
vt 0.00000 0.00000
vt 1.00000 0.00000
vt 1.00000 1.00000
vt 0.00000 0.00000
vt 1.00000 1.00000
vt 0.00000 1.00000
vt 0.00000 0.00000
vt 1.00000 0.00000
vt 1.00000 1.00000
vt 0.00000 0.00000
vt 1.00000 1.00000
vt 0.00000 1.00000
vt 0.00000 0.00000
vt 1.00000 0.00000
vt 1.00000 1.00000
vt 0.00000 0.00000
vt 1.00000 1.00000
vt 0.00000 1.00000
vt 0.00000 0.00000
vt 1.00000 0.00000
vt 1.00000 1.00000
vt 0.00000 0.00000
vt 1.00000 1.00000
vt 0.00000 1.00000
vt 0.00000 0.00000
vt 1.00000 0.00000
vt 1.00000 1.00000
vt 0.00000 0.00000
vt 1.00000 1.00000
vt 0.00000 1.00000
vt 0.00000 0.00000
vt 1.00000 0.00000
vt 1.00000 1.00000
vt 0.00000 0.00000
vt 1.00000 1.00000
vt 0.00000 1.00000
vt 0.00000 0.00000
vt 1.00000 0.00000
vt 1.00000 1.00000
vt 0.00000 0.00000
vt 1.00000 1.00000
vt 0.00000 1.00000
vt 0.00000 0.00000
vt 1.00000 0.00000
vt 1.00000 1.00000
vt 0.00000 0.00000
vt 1.00000 1.00000
vt 0.00000 1.00000
vt 0.00000 0.00000
vt 1.00000 0.00000
vt 1.00000 1.00000
vt 0.00000 0.00000
vt 1.00000 1.00000
vt 0.00000 1.00000
vt 0.00000 0.00000
vt 1.00000 0.00000
vt 1.00000 1.00000
vt 0.00000 0.00000
vt 1.00000 1.00000
vt 0.00000 1.00000
vt 0.00000 0.00000
vt 1.00000 0.00000
vt 1.00000 1.00000
vt 0.00000 0.00000
vt 1.00000 1.00000
vt 0.00000 1.00000
vt 0.00000 0.00000
vt 1.00000 0.00000
vt 1.00000 1.00000
vt 0.00000 0.00000
vt 1.00000 1.00000
vt 0.00000 1.00000
vt 0.00000 0.00000
vt 1.00000 0.00000
vt 1.00000 1.00000
vt 0.00000 0.00000
vt 1.00000 1.00000
vt 0.00000 1.00000
vt 0.00000 0.00000
vt 1.00000 0.00000
vt 1.00000 1.00000
vt 0.00000 0.00000
vt 1.00000 1.00000
vt 0.00000 1.00000
vt 0.00000 0.00000
vt 1.00000 0.00000
vt 1.00000 1.00000
vt 0.00000 0.00000
vt 1.00000 1.00000
vt 0.00000 1.00000
vt 0.00000 0.00000
vt 1.00000 0.00000
vt 1.00000 1.00000
vt 0.00000 0.00000
vt 1.00000 1.00000
vt 0.00000 1.00000
vt 0.00000 0.00000
vt 1.00000 0.00000
vt 1.00000 1.00000
vt 0.00000 0.00000
vt 1.00000 1.00000
vt 0.00000 1.00000
vt 0.00000 0.00000
vt 1.00000 0.00000
vt 1.00000 1.00000
vt 0.00000 0.00000
vt 1.00000 1.00000
vt 0.00000 1.00000
vt 0.00000 0.00000
vt 1.00000 0.00000
vt 1.00000 1.00000
vt 0.00000 0.00000
vt 1.00000 1.00000
vt 0.00000 1.00000
vt 0.00000 0.00000
vt 1.00000 0.00000
vt 1.00000 1.00000
vt 0.00000 0.00000
vt 1.00000 1.00000
vt 0.00000 1.00000
vt 0.00000 0.00000
vt 1.00000 0.00000
vt 1.00000 1.00000
vt 0.00000 0.00000
vt 1.00000 1.00000
vt 0.00000 1.00000
vt 0.00000 0.00000
vt 1.00000 0.00000
vt 1.00000 1.00000
vt 0.00000 0.00000
vt 1.00000 1.00000
vt 0.00000 1.00000
vt 0.00000 0.00000
vt 1.00000 0.00000
vt 1.00000 1.00000
vt 0.00000 0.00000
vt 1.00000 1.00000
vt 0.00000 1.00000
vt 0.00000 0.00000
vt 1.00000 0.00000
vt 1.00000 1.00000
vt 0.00000 0.00000
vt 1.00000 1.00000
vt 0.00000 1.00000
vt 0.00000 0.00000
vt 1.00000 0.00000
vt 1.00000 1.00000
vt 0.00000 0.00000
vt 1.00000 1.00000
vt 0.00000 1.00000
vt 0.00000 0.00000
vt 1.00000 0.00000
vt 1.00000 1.00000
vt 0.00000 0.00000
vt 1.00000 1.00000
vt 0.00000 1.00000
vt 0.00000 0.00000
vt 1.00000 0.00000
vt 1.00000 1.00000
vt 0.00000 0.00000
vt 1.00000 1.00000
vt 0.00000 1.00000
vt 0.00000 0.00000
vt 1.00000 0.00000
vt 1.00000 1.00000
vt 0.00000 0.00000
vt 1.00000 1.00000
vt 0.00000 1.00000
vt 0.00000 0.00000
vt 1.00000 0.00000
vt 1.00000 1.00000
vt 0.00000 0.00000
vt 1.00000 1.00000
vt 0.00000 1.00000
vt 0.00000 0.00000
vt 1.00000 0.00000
vt 1.00000 1.00000
vt 0.00000 0.00000
vt 1.00000 1.00000
vt 0.00000 1.00000
vt 0.00000 0.00000
vt 1.00000 0.00000
vt 1.00000 1.00000
vt 0.00000 0.00000
vt 1.00000 1.00000
vt 0.00000 1.00000
vt 0.00000 0.00000
vt 1.00000 0.00000
vt 1.00000 1.00000
vt 0.00000 0.00000
vt 1.00000 1.00000
vt 0.00000 1.00000
vt 0.00000 0.00000
vt 1.00000 0.00000
vt 1.00000 1.00000
vt 0.00000 0.00000
vt 1.00000 1.00000
vt 0.00000 1.00000
vt 0.00000 0.00000
vt 1.00000 0.00000
vt 1.00000 1.00000
vt 0.00000 0.00000
vt 1.00000 1.00000
vt 0.00000 1.00000
vt 0.00000 0.00000
vt 1.00000 0.00000
vt 1.00000 1.00000
vt 0.00000 0.00000
vt 1.00000 1.00000
vt 0.00000 1.00000
vt 0.00000 0.00000
vt 1.00000 0.00000
vt 1.00000 1.00000
vt 0.00000 0.00000
vt 1.00000 1.00000
vt 0.00000 1.00000
vt 0.00000 0.00000
vt 1.00000 0.00000
vt 1.00000 1.00000
vt 0.00000 0.00000
vt 1.00000 1.00000
vt 0.00000 1.00000
vt 0.00000 0.00000
vt 1.00000 0.00000
vt 1.00000 1.00000
vt 0.00000 0.00000
vt 1.00000 1.00000
vt 0.00000 1.00000
vt 0.00000 0.00000
vt 1.00000 0.00000
vt 1.00000 1.00000
vt 0.00000 0.00000
vt 1.00000 1.00000
vt 0.00000 1.00000
vt 0.00000 0.00000
vt 1.00000 0.00000
vt 1.00000 1.00000
vt 0.00000 0.00000
vt 1.00000 1.00000
vt 0.00000 1.00000
vt 0.00000 0.00000
vt 1.00000 0.00000
vt 1.00000 1.00000
vt 0.00000 0.00000
vt 1.00000 1.00000
vt 0.00000 1.00000
vt 0.00000 0.00000
vt 1.00000 0.00000
vt 1.00000 1.00000
vt 0.00000 0.00000
vt 1.00000 1.00000
vt 0.00000 1.00000
vt 0.00000 0.00000
vt 1.00000 0.00000
vt 1.00000 1.00000
vt 0.00000 0.00000
vt 1.00000 1.00000
vt 0.00000 1.00000
vt 0.00000 0.00000
vt 1.00000 0.00000
vt 1.00000 1.00000
vt 0.00000 0.00000
vt 1.00000 1.00000
vt 0.00000 1.00000
vt 0.00000 0.00000
vt 1.00000 0.00000
vt 1.00000 1.00000
vt 0.00000 0.00000
vt 1.00000 1.00000
vt 0.00000 1.00000
vt 0.00000 0.00000
vt 1.00000 0.00000
vt 1.00000 1.00000
vt 0.00000 0.00000
vt 1.00000 1.00000
vt 0.00000 1.00000
vt 0.00000 0.00000
vt 1.00000 0.00000
vt 1.00000 1.00000
vt 0.00000 0.00000
vt 1.00000 1.00000
vt 0.00000 1.00000
vt 0.00000 0.00000
vt 1.00000 0.00000
vt 1.00000 1.00000
vt 0.00000 0.00000
vt 1.00000 1.00000
vt 0.00000 1.00000
vt 0.00000 0.00000
vt 1.00000 0.00000
vt 1.00000 1.00000
vt 0.00000 0.00000
vt 1.00000 1.00000
vt 0.00000 1.00000
vt 0.00000 0.00000
vt 1.00000 0.00000
vt 1.00000 1.00000
vt 0.00000 0.00000
vt 1.00000 1.00000
vt 0.00000 1.00000
vt 0.00000 0.00000
vt 1.00000 0.00000
vt 1.00000 1.00000
vt 0.00000 0.00000
vt 1.00000 1.00000
vt 0.00000 1.00000
vt 0.00000 0.00000
vt 1.00000 0.00000
vt 1.00000 1.00000
vt 0.00000 0.00000
vt 1.00000 1.00000
vt 0.00000 1.00000
vt 0.00000 0.00000
vt 1.00000 0.00000
vt 1.00000 1.00000
vt 0.00000 0.00000
vt 1.00000 1.00000
vt 0.00000 1.00000
vt 0.00000 0.00000
vt 1.00000 0.00000
vt 1.00000 1.00000
vt 0.00000 0.00000
vt 1.00000 1.00000
vt 0.00000 1.00000
vt 0.00000 0.00000
vt 1.00000 0.00000
vt 1.00000 1.00000
vt 0.00000 0.00000
vt 1.00000 1.00000
vt 0.00000 1.00000
vt 0.00000 0.00000
vt 1.00000 0.00000
vt 1.00000 1.00000
vt 0.00000 0.00000
vt 1.00000 1.00000
vt 0.00000 1.00000
vt 0.00000 0.00000
vt 1.00000 0.00000
vt 1.00000 1.00000
vt 0.00000 0.00000
vt 1.00000 1.00000
vt 0.00000 1.00000
vt 0.00000 0.00000
vt 1.00000 0.00000
vt 1.00000 1.00000
vt 0.00000 0.00000
vt 1.00000 1.00000
vt 0.00000 1.00000
vt 0.00000 0.00000
vt 1.00000 0.00000
vt 1.00000 1.00000
vt 0.00000 0.00000
vt 1.00000 1.00000
vt 0.00000 1.00000
vt 0.00000 0.00000
vt 1.00000 0.00000
vt 1.00000 1.00000
vt 0.00000 0.00000
vt 1.00000 1.00000
vt 0.00000 1.00000
vt 0.00000 0.00000
vt 1.00000 0.00000
vt 1.00000 1.00000
vt 0.00000 0.00000
vt 1.00000 1.00000
vt 0.00000 1.00000
vt 0.00000 0.00000
vt 1.00000 0.00000
vt 1.00000 1.00000
vt 0.00000 0.00000
vt 1.00000 1.00000
vt 0.00000 1.00000
vt 0.00000 0.00000
vt 1.00000 0.00000
vt 1.00000 1.00000
vt 0.00000 0.00000
vt 1.00000 1.00000
vt 0.00000 1.00000
vt 0.00000 0.00000
vt 1.00000 0.00000
vt 1.00000 1.00000
vt 0.00000 0.00000
vt 1.00000 1.00000
vt 0.00000 1.00000
vt 0.00000 0.00000
vt 1.00000 0.00000
vt 1.00000 1.00000
vt 0.00000 0.00000
vt 1.00000 1.00000
vt 0.00000 1.00000
vt 0.00000 0.00000
vt 1.00000 0.00000
vt 1.00000 1.00000
vt 0.00000 0.00000
vt 1.00000 1.00000
vt 0.00000 1.00000
vt 0.00000 0.00000
vt 1.00000 0.00000
vt 1.00000 1.00000
vt 0.00000 0.00000
vt 1.00000 1.00000
vt 0.00000 1.00000
vt 0.00000 0.00000
vt 1.00000 0.00000
vt 1.00000 1.00000
vt 0.00000 0.00000
vt 1.00000 1.00000
vt 0.00000 1.00000
vt 0.00000 0.00000
vt 1.00000 0.00000
vt 1.00000 1.00000
vt 0.00000 0.00000
vt 1.00000 1.00000
vt 0.00000 1.00000
vt 0.00000 0.00000
vt 1.00000 0.00000
vt 1.00000 1.00000
vt 0.00000 0.00000
vt 1.00000 1.00000
vt 0.00000 1.00000
vt 0.00000 0.00000
vt 1.00000 0.00000
vt 1.00000 1.00000
vt 0.00000 0.00000
vt 1.00000 1.00000
vt 0.00000 1.00000
vt 0.00000 0.00000
vt 1.00000 0.00000
vt 1.00000 1.00000
vt 0.00000 0.00000
vt 1.00000 1.00000
vt 0.00000 1.00000
vt 0.00000 0.00000
vt 1.00000 0.00000
vt 1.00000 1.00000
vt 0.00000 0.00000
vt 1.00000 1.00000
vt 0.00000 1.00000
vt 0.00000 0.00000
vt 1.00000 0.00000
vt 1.00000 1.00000
vt 0.00000 0.00000
vt 1.00000 1.00000
vt 0.00000 1.00000
vt 0.00000 0.00000
vt 1.00000 0.00000
vt 1.00000 1.00000
vt 0.00000 0.00000
vt 1.00000 1.00000
vt 0.00000 1.00000
vt 0.00000 0.00000
vt 1.00000 0.00000
vt 1.00000 1.00000
vt 0.00000 0.00000
vt 1.00000 1.00000
vt 0.00000 1.00000
vt 0.00000 0.00000
vt 1.00000 0.00000
vt 1.00000 1.00000
vt 0.00000 0.00000
vt 1.00000 1.00000
vt 0.00000 1.00000
vt 0.00000 0.00000
vt 1.00000 0.00000
vt 1.00000 1.00000
vt 0.00000 0.00000
vt 1.00000 1.00000
vt 0.00000 1.00000
vt 0.00000 0.00000
vt 1.00000 0.00000
vt 1.00000 1.00000
vt 0.00000 0.00000
vt 1.00000 1.00000
vt 0.00000 1.00000
vt 0.00000 0.00000
vt 1.00000 0.00000
vt 1.00000 1.00000
vt 0.00000 0.00000
vt 1.00000 1.00000
vt 0.00000 1.00000
vt 0.00000 0.00000
vt 1.00000 0.00000
vt 1.00000 1.00000
vt 0.00000 0.00000
vt 1.00000 1.00000
vt 0.00000 1.00000
vt 0.00000 0.00000
vt 1.00000 0.00000
vt 1.00000 1.00000
vt 0.00000 0.00000
vt 1.00000 1.00000
vt 0.00000 1.00000
vt 0.00000 0.00000
vt 1.00000 0.00000
vt 1.00000 1.00000
vt 0.00000 0.00000
vt 1.00000 1.00000
vt 0.00000 1.00000
vt 0.00000 0.00000
vt 1.00000 0.00000
vt 1.00000 1.00000
vt 0.00000 0.00000
vt 1.00000 1.00000
vt 0.00000 1.00000
vt 0.00000 0.00000
vt 1.00000 0.00000
vt 1.00000 1.00000
vt 0.00000 0.00000
vt 1.00000 1.00000
vt 0.00000 1.00000
vt 0.00000 0.00000
vt 1.00000 0.00000
vt 1.00000 1.00000
vt 0.00000 0.00000
vt 1.00000 1.00000
vt 0.00000 1.00000
vt 0.00000 0.00000
vt 1.00000 0.00000
vt 1.00000 1.00000
vt 0.00000 0.00000
vt 1.00000 1.00000
vt 0.00000 1.00000
vt 0.00000 0.00000
vt 1.00000 0.00000
vt 1.00000 1.00000
vt 0.00000 0.00000
vt 1.00000 1.00000
vt 0.00000 1.00000
vt 0.00000 0.00000
vt 1.00000 0.00000
vt 1.00000 1.00000
vt 0.00000 0.00000
vt 1.00000 1.00000
vt 0.00000 1.00000
vt 0.00000 0.00000
vt 1.00000 0.00000
vt 1.00000 1.00000
vt 0.00000 0.00000
vt 1.00000 1.00000
vt 0.00000 1.00000
vt 0.00000 0.00000
vt 1.00000 0.00000
vt 1.00000 1.00000
vt 0.00000 0.00000
vt 1.00000 1.00000
vt 0.00000 1.00000
vt 0.00000 0.00000
vt 1.00000 0.00000
vt 1.00000 1.00000
vt 0.00000 0.00000
vt 1.00000 1.00000
vt 0.00000 1.00000
vt 0.00000 0.00000
vt 1.00000 0.00000
vt 1.00000 1.00000
vt 0.00000 0.00000
vt 1.00000 1.00000
vt 0.00000 1.00000
vt 0.00000 0.00000
vt 1.00000 0.00000
vt 1.00000 1.00000
vt 0.00000 0.00000
vt 1.00000 1.00000
vt 0.00000 1.00000
vt 0.00000 0.00000
vt 1.00000 0.00000
vt 1.00000 1.00000
vt 0.00000 0.00000
vt 1.00000 1.00000
vt 0.00000 1.00000
vt 0.00000 0.00000
vt 1.00000 0.00000
vt 1.00000 1.00000
vt 0.00000 0.00000
vt 1.00000 1.00000
vt 0.00000 1.00000
vt 0.00000 0.00000
vt 1.00000 0.00000
vt 1.00000 1.00000
vt 0.00000 0.00000
vt 1.00000 1.00000
vt 0.00000 1.00000
vt 0.00000 0.00000
vt 1.00000 0.00000
vt 1.00000 1.00000
vt 0.00000 0.00000
vt 1.00000 1.00000
vt 0.00000 1.00000
vt 0.00000 0.00000
vt 1.00000 0.00000
vt 1.00000 1.00000
vt 0.00000 0.00000
vt 1.00000 1.00000
vt 0.00000 1.00000
vt 0.00000 0.00000
vt 1.00000 0.00000
vt 1.00000 1.00000
vt 0.00000 0.00000
vt 1.00000 1.00000
vt 0.00000 1.00000
vt 0.00000 0.00000
vt 1.00000 0.00000
vt 1.00000 1.00000
vt 0.00000 0.00000
vt 1.00000 1.00000
vt 0.00000 1.00000
vt 0.00000 0.00000
vt 1.00000 0.00000
vt 1.00000 1.00000
vt 0.00000 0.00000
vt 1.00000 1.00000
vt 0.00000 1.00000
vt 0.00000 0.00000
vt 1.00000 0.00000
vt 1.00000 1.00000
vt 0.00000 0.00000
vt 1.00000 1.00000
vt 0.00000 1.00000
vt 0.00000 0.00000
vt 1.00000 0.00000
vt 1.00000 1.00000
vt 0.00000 0.00000
vt 1.00000 1.00000
vt 0.00000 1.00000
vt 0.00000 0.00000
vt 1.00000 0.00000
vt 1.00000 1.00000
vt 0.00000 0.00000
vt 1.00000 1.00000
vt 0.00000 1.00000
vt 0.00000 0.00000
vt 1.00000 0.00000
vt 1.00000 1.00000
vt 0.00000 0.00000
vt 1.00000 1.00000
vt 0.00000 1.00000
vt 0.00000 0.00000
vt 1.00000 0.00000
vt 1.00000 1.00000
vt 0.00000 0.00000
vt 1.00000 1.00000
vt 0.00000 1.00000
vt 0.00000 0.00000
vt 1.00000 0.00000
vt 1.00000 1.00000
vt 0.00000 0.00000
vt 1.00000 1.00000
vt 0.00000 1.00000
vt 0.00000 0.00000
vt 1.00000 0.00000
vt 1.00000 1.00000
vt 0.00000 0.00000
vt 1.00000 1.00000
vt 0.00000 1.00000
vt 0.00000 0.00000
vt 1.00000 0.00000
vt 1.00000 1.00000
vt 0.00000 0.00000
vt 1.00000 1.00000
vt 0.00000 1.00000
vt 0.00000 0.00000
vt 1.00000 0.00000
vt 1.00000 1.00000
vt 0.00000 0.00000
vt 1.00000 1.00000
vt 0.00000 1.00000
vt 0.00000 0.00000
vt 1.00000 0.00000
vt 1.00000 1.00000
vt 0.00000 0.00000
vt 1.00000 1.00000
vt 0.00000 1.00000
vt 0.00000 0.00000
vt 1.00000 0.00000
vt 1.00000 1.00000
vt 0.00000 0.00000
vt 1.00000 1.00000
vt 0.00000 1.00000
vt 0.00000 0.00000
vt 1.00000 0.00000
vt 1.00000 1.00000
vt 0.00000 0.00000
vt 1.00000 1.00000
vt 0.00000 1.00000
vt 0.00000 0.00000
vt 1.00000 0.00000
vt 1.00000 1.00000
vt 0.00000 0.00000
vt 1.00000 1.00000
vt 0.00000 1.00000
vt 0.00000 0.00000
vt 1.00000 0.00000
vt 1.00000 1.00000
vt 0.00000 0.00000
vt 1.00000 1.00000
vt 0.00000 1.00000
vt 0.00000 0.00000
vt 1.00000 0.00000
vt 1.00000 1.00000
vt 0.00000 0.00000
vt 1.00000 1.00000
vt 0.00000 1.00000
vt 0.00000 0.00000
vt 1.00000 0.00000
vt 1.00000 1.00000
vt 0.00000 0.00000
vt 1.00000 1.00000
vt 0.00000 1.00000
vt 0.00000 0.00000
vt 1.00000 0.00000
vt 1.00000 1.00000
vt 0.00000 0.00000
vt 1.00000 1.00000
vt 0.00000 1.00000
vt 0.00000 0.00000
vt 1.00000 0.00000
vt 1.00000 1.00000
vt 0.00000 0.00000
vt 1.00000 1.00000
vt 0.00000 1.00000
vt 0.00000 0.00000
vt 1.00000 0.00000
vt 1.00000 1.00000
vt 0.00000 0.00000
vt 1.00000 1.00000
vt 0.00000 1.00000
vt 0.00000 0.00000
vt 1.00000 0.00000
vt 1.00000 1.00000
vt 0.00000 0.00000
vt 1.00000 1.00000
vt 0.00000 1.00000
vt 0.00000 0.00000
vt 1.00000 0.00000
vt 1.00000 1.00000
vt 0.00000 0.00000
vt 1.00000 1.00000
vt 0.00000 1.00000
vt 0.00000 0.00000
vt 1.00000 0.00000
vt 1.00000 1.00000
vt 0.00000 0.00000
vt 1.00000 1.00000
vt 0.00000 1.00000
vt 0.00000 0.00000
vt 1.00000 0.00000
vt 1.00000 1.00000
vt 0.00000 0.00000
vt 1.00000 1.00000
vt 0.00000 1.00000
vt 0.00000 0.00000
vt 1.00000 0.00000
vt 1.00000 1.00000
vt 0.00000 0.00000
vt 1.00000 1.00000
vt 0.00000 1.00000
vt 0.00000 0.00000
vt 1.00000 0.00000
vt 1.00000 1.00000
vt 0.00000 0.00000
vt 1.00000 1.00000
vt 0.00000 1.00000
vt 0.00000 0.00000
vt 1.00000 0.00000
vt 1.00000 1.00000
vt 0.00000 0.00000
vt 1.00000 1.00000
vt 0.00000 1.00000
vt 0.00000 0.00000
vt 1.00000 0.00000
vt 1.00000 1.00000
vt 0.00000 0.00000
vt 1.00000 1.00000
vt 0.00000 1.00000
vt 0.00000 0.00000
vt 1.00000 0.00000
vt 1.00000 1.00000
vt 0.00000 0.00000
vt 1.00000 1.00000
vt 0.00000 1.00000
vt 0.00000 0.00000
vt 1.00000 0.00000
vt 1.00000 1.00000
vt 0.00000 0.00000
vt 1.00000 1.00000
vt 0.00000 1.00000
vt 0.00000 0.00000
vt 1.00000 0.00000
vt 1.00000 1.00000
vt 0.00000 0.00000
vt 1.00000 1.00000
vt 0.00000 1.00000
vt 0.00000 0.00000
vt 1.00000 0.00000
vt 1.00000 1.00000
vt 0.00000 0.00000
vt 1.00000 1.00000
vt 0.00000 1.00000
vt 0.00000 0.00000
vt 1.00000 0.00000
vt 1.00000 1.00000
vt 0.00000 0.00000
vt 1.00000 1.00000
vt 0.00000 1.00000
vt 0.00000 0.00000
vt 1.00000 0.00000
vt 1.00000 1.00000
vt 0.00000 0.00000
vt 1.00000 1.00000
vt 0.00000 1.00000
vt 0.00000 0.00000
vt 1.00000 0.00000
vt 1.00000 1.00000
vt 0.00000 0.00000
vt 1.00000 1.00000
vt 0.00000 1.00000
vt 0.00000 0.00000
vt 1.00000 0.00000
vt 1.00000 1.00000
vt 0.00000 0.00000
vt 1.00000 1.00000
vt 0.00000 1.00000
vt 0.00000 0.00000
vt 1.00000 0.00000
vt 1.00000 1.00000
vt 0.00000 0.00000
vt 1.00000 1.00000
vt 0.00000 1.00000
vt 0.00000 0.00000
vt 1.00000 0.00000
vt 1.00000 1.00000
vt 0.00000 0.00000
vt 1.00000 1.00000
vt 0.00000 1.00000
vt 0.00000 0.00000
vt 1.00000 0.00000
vt 1.00000 1.00000
vt 0.00000 0.00000
vt 1.00000 1.00000
vt 0.00000 1.00000
vt 0.00000 0.00000
vt 1.00000 0.00000
vt 1.00000 1.00000
vt 0.00000 0.00000
vt 1.00000 1.00000
vt 0.00000 1.00000
vt 0.00000 0.00000
vt 1.00000 0.00000
vt 1.00000 1.00000
vt 0.00000 0.00000
vt 1.00000 1.00000
vt 0.00000 1.00000
vt 0.00000 0.00000
vt 1.00000 0.00000
vt 1.00000 1.00000
vt 0.00000 0.00000
vt 1.00000 1.00000
vt 0.00000 1.00000
vt 0.00000 0.00000
vt 1.00000 0.00000
vt 1.00000 1.00000
vt 0.00000 0.00000
vt 1.00000 1.00000
vt 0.00000 1.00000
vt 0.00000 0.00000
vt 1.00000 0.00000
vt 1.00000 1.00000
vt 0.00000 0.00000
vt 1.00000 1.00000
vt 0.00000 1.00000
vt 0.00000 0.00000
vt 1.00000 0.00000
vt 1.00000 1.00000
vt 0.00000 0.00000
vt 1.00000 1.00000
vt 0.00000 1.00000
vt 0.00000 0.00000
vt 1.00000 0.00000
vt 1.00000 1.00000
vt 0.00000 0.00000
vt 1.00000 1.00000
vt 0.00000 1.00000
vt 0.00000 0.00000
vt 1.00000 0.00000
vt 1.00000 1.00000
vt 0.00000 0.00000
vt 1.00000 1.00000
vt 0.00000 1.00000
vt 0.00000 0.00000
vt 1.00000 0.00000
vt 1.00000 1.00000
vt 0.00000 0.00000
vt 1.00000 1.00000
vt 0.00000 1.00000
vt 0.00000 0.00000
vt 1.00000 0.00000
vt 1.00000 1.00000
vt 0.00000 0.00000
vt 1.00000 1.00000
vt 0.00000 1.00000
vt 0.00000 0.00000
vt 1.00000 0.00000
vt 1.00000 1.00000
vt 0.00000 0.00000
vt 1.00000 1.00000
vt 0.00000 1.00000
vt 0.00000 0.00000
vt 1.00000 0.00000
vt 1.00000 1.00000
vt 0.00000 0.00000
vt 1.00000 1.00000
vt 0.00000 1.00000
vt 0.00000 0.00000
vt 1.00000 0.00000
vt 1.00000 1.00000
vt 0.00000 0.00000
vt 1.00000 1.00000
vt 0.00000 1.00000
vt 0.00000 0.00000
vt 1.00000 0.00000
vt 1.00000 1.00000
vt 0.00000 0.00000
vt 1.00000 1.00000
vt 0.00000 1.00000
vt 0.00000 0.00000
vt 1.00000 0.00000
vt 1.00000 1.00000
vt 0.00000 0.00000
vt 1.00000 1.00000
vt 0.00000 1.00000
vt 0.00000 0.00000
vt 1.00000 0.00000
vt 1.00000 1.00000
vt 0.00000 0.00000
vt 1.00000 1.00000
vt 0.00000 1.00000
vt 0.00000 0.00000
vt 1.00000 0.00000
vt 1.00000 1.00000
vt 0.00000 0.00000
vt 1.00000 1.00000
vt 0.00000 1.00000
vt 0.00000 0.00000
vt 1.00000 0.00000
vt 1.00000 1.00000
vt 0.00000 0.00000
vt 1.00000 1.00000
vt 0.00000 1.00000
vt 0.00000 0.00000
vt 1.00000 0.00000
vt 1.00000 1.00000
vt 0.00000 0.00000
vt 1.00000 1.00000
vt 0.00000 1.00000
vt 0.00000 0.00000
vt 1.00000 0.00000
vt 1.00000 1.00000
vt 0.00000 0.00000
vt 1.00000 1.00000
vt 0.00000 1.00000
vt 0.00000 0.00000
vt 1.00000 0.00000
vt 1.00000 1.00000
vt 0.00000 0.00000
vt 1.00000 1.00000
vt 0.00000 1.00000
vt 0.00000 0.00000
vt 1.00000 0.00000
vt 1.00000 1.00000
vt 0.00000 0.00000
vt 1.00000 1.00000
vt 0.00000 1.00000
vt 0.00000 0.00000
vt 1.00000 0.00000
vt 1.00000 1.00000
vt 0.00000 0.00000
vt 1.00000 1.00000
vt 0.00000 1.00000
vt 0.00000 0.00000
vt 1.00000 0.00000
vt 1.00000 1.00000
vt 0.00000 0.00000
vt 1.00000 1.00000
vt 0.00000 1.00000
vt 0.00000 0.00000
vt 1.00000 0.00000
vt 1.00000 1.00000
vt 0.00000 0.00000
vt 1.00000 1.00000
vt 0.00000 1.00000
vt 0.00000 0.00000
vt 1.00000 0.00000
vt 1.00000 1.00000
vt 0.00000 0.00000
vt 1.00000 1.00000
vt 0.00000 1.00000
vt 0.00000 0.00000
vt 1.00000 0.00000
vt 1.00000 1.00000
vt 0.00000 0.00000
vt 1.00000 1.00000
vt 0.00000 1.00000
vt 0.00000 0.00000
vt 1.00000 0.00000
vt 1.00000 1.00000
vt 0.00000 0.00000
vt 1.00000 1.00000
vt 0.00000 1.00000
vt 0.00000 0.00000
vt 1.00000 0.00000
vt 1.00000 1.00000
vt 0.00000 0.00000
vt 1.00000 1.00000
vt 0.00000 1.00000
vt 0.00000 0.00000
vt 1.00000 0.00000
vt 1.00000 1.00000
vt 0.00000 0.00000
vt 1.00000 1.00000
vt 0.00000 1.00000
vt 0.00000 0.00000
vt 1.00000 0.00000
vt 1.00000 1.00000
vt 0.00000 0.00000
vt 1.00000 1.00000
vt 0.00000 1.00000
vt 0.00000 0.00000
vt 1.00000 0.00000
vt 1.00000 1.00000
vt 0.00000 0.00000
vt 1.00000 1.00000
vt 0.00000 1.00000
vt 0.00000 0.00000
vt 1.00000 0.00000
vt 1.00000 1.00000
vt 0.00000 0.00000
vt 1.00000 1.00000
vt 0.00000 1.00000
vt 0.00000 0.00000
vt 1.00000 0.00000
vt 1.00000 1.00000
vt 0.00000 0.00000
vt 1.00000 1.00000
vt 0.00000 1.00000
vt 0.00000 0.00000
vt 1.00000 0.00000
vt 1.00000 1.00000
vt 0.00000 0.00000
vt 1.00000 1.00000
vt 0.00000 1.00000
vt 0.00000 0.00000
vt 1.00000 0.00000
vt 1.00000 1.00000
vt 0.00000 0.00000
vt 1.00000 1.00000
vt 0.00000 1.00000
vt 0.00000 0.00000
vt 1.00000 0.00000
vt 1.00000 1.00000
vt 0.00000 0.00000
vt 1.00000 1.00000
vt 0.00000 1.00000
vt 0.00000 0.00000
vt 1.00000 0.00000
vt 1.00000 1.00000
vt 0.00000 0.00000
vt 1.00000 1.00000
vt 0.00000 1.00000
vt 0.00000 0.00000
vt 1.00000 0.00000
vt 1.00000 1.00000
vt 0.00000 0.00000
vt 1.00000 1.00000
vt 0.00000 1.00000
vt 0.00000 0.00000
vt 1.00000 0.00000
vt 1.00000 1.00000
vt 0.00000 0.00000
vt 1.00000 1.00000
vt 0.00000 1.00000
vt 0.00000 0.00000
vt 1.00000 0.00000
vt 1.00000 1.00000
vt 0.00000 0.00000
vt 1.00000 1.00000
vt 0.00000 1.00000
vt 0.00000 0.00000
vt 1.00000 0.00000
vt 1.00000 1.00000
vt 0.00000 0.00000
vt 1.00000 1.00000
vt 0.00000 1.00000
vt 0.00000 0.00000
vt 1.00000 0.00000
vt 1.00000 1.00000
vt 0.00000 0.00000
vt 1.00000 1.00000
vt 0.00000 1.00000
vt 0.00000 0.00000
vt 1.00000 0.00000
vt 1.00000 1.00000
vt 0.00000 0.00000
vt 1.00000 1.00000
vt 0.00000 1.00000
vt 0.00000 0.00000
vt 1.00000 0.00000
vt 1.00000 1.00000
vt 0.00000 0.00000
vt 1.00000 1.00000
vt 0.00000 1.00000
vt 0.00000 0.00000
vt 1.00000 0.00000
vt 1.00000 1.00000
vt 0.00000 0.00000
vt 1.00000 1.00000
vt 0.00000 1.00000
vt 0.00000 0.00000
vt 1.00000 0.00000
vt 1.00000 1.00000
vt 0.00000 0.00000
vt 1.00000 1.00000
vt 0.00000 1.00000
vt 0.00000 0.00000
vt 1.00000 0.00000
vt 1.00000 1.00000
vt 0.00000 0.00000
vt 1.00000 1.00000
vt 0.00000 1.00000
vt 0.00000 0.00000
vt 1.00000 0.00000
vt 1.00000 1.00000
vt 0.00000 0.00000
vt 1.00000 1.00000
vt 0.00000 1.00000
vt 0.00000 0.00000
vt 1.00000 0.00000
vt 1.00000 1.00000
vt 0.00000 0.00000
vt 1.00000 1.00000
vt 0.00000 1.00000
vt 0.00000 0.00000
vt 1.00000 0.00000
vt 1.00000 1.00000
vt 0.00000 0.00000
vt 1.00000 1.00000
vt 0.00000 1.00000
vt 0.00000 0.00000
vt 1.00000 0.00000
vt 1.00000 1.00000
vt 0.00000 0.00000
vt 1.00000 1.00000
vt 0.00000 1.00000
vt 0.00000 0.00000
vt 1.00000 0.00000
vt 1.00000 1.00000
vt 0.00000 0.00000
vt 1.00000 1.00000
vt 0.00000 1.00000
vt 0.00000 0.00000
vt 1.00000 0.00000
vt 1.00000 1.00000
vt 0.00000 0.00000
vt 1.00000 1.00000
vt 0.00000 1.00000
vt 0.00000 0.00000
vt 1.00000 0.00000
vt 1.00000 1.00000
vt 0.00000 0.00000
vt 1.00000 1.00000
vt 0.00000 1.00000
vn -0.5078 0.8349 0.2122
vn -0.5078 0.8349 0.2122
vn -0.5078 0.8349 0.2122
vn -0.5078 0.8349 0.2122
vn -0.5078 0.8349 0.2122
vn -0.5078 0.8349 0.2122
vn 0.2438 0.7747 0.5834
vn 0.2438 0.7747 0.5834
vn 0.2438 0.7747 0.5834
vn 0.2438 0.7747 0.5834
vn 0.2438 0.7747 0.5834
vn 0.2438 0.7747 0.5834
vn 0.5319 0.7069 -0.4661
vn 0.5319 0.7069 -0.4661
vn 0.5319 0.7069 -0.4661
vn 0.5319 0.7069 -0.4661
vn 0.5319 0.7069 -0.4661
vn 0.5319 0.7069 -0.4661
vn -0.2952 0.8940 -0.3369
vn -0.2952 0.8940 -0.3369
vn -0.2952 0.8940 -0.3369
vn -0.2952 0.8940 -0.3369
vn -0.2952 0.8940 -0.3369
vn -0.2952 0.8940 -0.3369
vn 0.3158 0.8964 0.3111
vn 0.3158 0.8964 0.3111
vn 0.3158 0.8964 0.3111
vn 0.3158 0.8964 0.3111
vn 0.3158 0.8964 0.3111
vn 0.3158 0.8964 0.3111
vn 0.4394 0.7798 -0.4460
vn 0.4394 0.7798 -0.4460
vn 0.4394 0.7798 -0.4460
vn 0.4394 0.7798 -0.4460
vn 0.4394 0.7798 -0.4460
vn 0.4394 0.7798 -0.4460
vn -0.6006 0.7881 -0.1344
vn -0.6006 0.7881 -0.1344
vn -0.6006 0.7881 -0.1344
vn -0.6006 0.7881 -0.1344
vn -0.6006 0.7881 -0.1344
vn -0.6006 0.7881 -0.1344
vn -0.0797 0.9310 0.3561
vn -0.0797 0.9310 0.3561
vn -0.0797 0.9310 0.3561
vn -0.0797 0.9310 0.3561
vn -0.0797 0.9310 0.3561
vn -0.0797 0.9310 0.3561
vn -0.1381 0.6313 -0.7632
vn -0.1381 0.6313 -0.7632
vn -0.1381 0.6313 -0.7632
vn -0.1381 0.6313 -0.7632
vn -0.1381 0.6313 -0.7632
vn -0.1381 0.6313 -0.7632
vn -0.5316 0.8415 0.0962
vn -0.5316 0.8415 0.0962
vn -0.5316 0.8415 0.0962
vn -0.5316 0.8415 0.0962
vn -0.5316 0.8415 0.0962
vn -0.5316 0.8415 0.0962
vn -0.7992 0.5990 0.0496
vn -0.7992 0.5990 0.0496
vn -0.7992 0.5990 0.0496
vn -0.7992 0.5990 0.0496
vn -0.7992 0.5990 0.0496
vn -0.7992 0.5990 0.0496
vn 0.0346 0.8296 0.5573
vn 0.0346 0.8296 0.5573
vn 0.0346 0.8296 0.5573
vn 0.0346 0.8296 0.5573
vn 0.0346 0.8296 0.5573
vn 0.0346 0.8296 0.5573
vn -0.1894 0.7974 -0.5729
vn -0.1894 0.7974 -0.5729
vn -0.1894 0.7974 -0.5729
vn -0.1894 0.7974 -0.5729
vn -0.1894 0.7974 -0.5729
vn -0.1894 0.7974 -0.5729
vn -0.5040 0.8475 0.1666
vn -0.5040 0.8475 0.1666
vn -0.5040 0.8475 0.1666
vn -0.5040 0.8475 0.1666
vn -0.5040 0.8475 0.1666
vn -0.5040 0.8475 0.1666
vn 0.5325 0.5475 0.6455
vn 0.5325 0.5475 0.6455
vn 0.5325 0.5475 0.6455
vn 0.5325 0.5475 0.6455
vn 0.5325 0.5475 0.6455
vn 0.5325 0.5475 0.6455
vn 0.4014 0.8540 -0.3311
vn 0.4014 0.8540 -0.3311
vn 0.4014 0.8540 -0.3311
vn 0.4014 0.8540 -0.3311
vn 0.4014 0.8540 -0.3311
vn 0.4014 0.8540 -0.3311
vn -0.5012 0.6686 0.5493
vn -0.5012 0.6686 0.5493
vn -0.5012 0.6686 0.5493
vn -0.5012 0.6686 0.5493
vn -0.5012 0.6686 0.5493
vn -0.5012 0.6686 0.5493
vn 0.5996 0.5842 0.5470
vn 0.5996 0.5842 0.5470
vn 0.5996 0.5842 0.5470
vn 0.5996 0.5842 0.5470
vn 0.5996 0.5842 0.5470
vn 0.5996 0.5842 0.5470
vn -0.4586 0.8850 -0.0798
vn -0.4586 0.8850 -0.0798
vn -0.4586 0.8850 -0.0798
vn -0.4586 0.8850 -0.0798
vn -0.4586 0.8850 -0.0798
vn -0.4586 0.8850 -0.0798
vn -0.0616 0.9332 0.3541
vn -0.0616 0.9332 0.3541
vn -0.0616 0.9332 0.3541
vn -0.0616 0.9332 0.3541
vn -0.0616 0.9332 0.3541
vn -0.0616 0.9332 0.3541
vn -0.5073 0.6377 -0.5797
vn -0.5073 0.6377 -0.5797
vn -0.5073 0.6377 -0.5797
vn -0.5073 0.6377 -0.5797
vn -0.5073 0.6377 -0.5797
vn -0.5073 0.6377 -0.5797
vn -0.6236 0.5597 0.5457
vn -0.6236 0.5597 0.5457
vn -0.6236 0.5597 0.5457
vn -0.6236 0.5597 0.5457
vn -0.6236 0.5597 0.5457
vn -0.6236 0.5597 0.5457
vn 0.3366 0.8414 0.4227
vn 0.3366 0.8414 0.4227
vn 0.3366 0.8414 0.4227
vn 0.3366 0.8414 0.4227
vn 0.3366 0.8414 0.4227
vn 0.3366 0.8414 0.4227
vn 0.5996 0.6422 -0.4775
vn 0.5996 0.6422 -0.4775
vn 0.5996 0.6422 -0.4775
vn 0.5996 0.6422 -0.4775
vn 0.5996 0.6422 -0.4775
vn 0.5996 0.6422 -0.4775
vn -0.6385 0.7522 0.1626
vn -0.6385 0.7522 0.1626
vn -0.6385 0.7522 0.1626
vn -0.6385 0.7522 0.1626
vn -0.6385 0.7522 0.1626
vn -0.6385 0.7522 0.1626
vn 0.2051 0.5564 0.8052
vn 0.2051 0.5564 0.8052
vn 0.2051 0.5564 0.8052
vn 0.2051 0.5564 0.8052
vn 0.2051 0.5564 0.8052
vn 0.2051 0.5564 0.8052
vn -0.2587 0.8249 0.5026
vn -0.2587 0.8249 0.5026
vn -0.2587 0.8249 0.5026
vn -0.2587 0.8249 0.5026
vn -0.2587 0.8249 0.5026
vn -0.2587 0.8249 0.5026
vn 0.7209 0.5853 0.3711
vn 0.7209 0.5853 0.3711
vn 0.7209 0.5853 0.3711
vn 0.7209 0.5853 0.3711
vn 0.7209 0.5853 0.3711
vn 0.7209 0.5853 0.3711
vn 0.2268 0.8188 -0.5274
vn 0.2268 0.8188 -0.5274
vn 0.2268 0.8188 -0.5274
vn 0.2268 0.8188 -0.5274
vn 0.2268 0.8188 -0.5274
vn 0.2268 0.8188 -0.5274
vn -0.5097 0.8320 -0.2191
vn -0.5097 0.8320 -0.2191
vn -0.5097 0.8320 -0.2191
vn -0.5097 0.8320 -0.2191
vn -0.5097 0.8320 -0.2191
vn -0.5097 0.8320 -0.2191
vn -0.2608 0.6435 -0.7197
vn -0.2608 0.6435 -0.7197
vn -0.2608 0.6435 -0.7197
vn -0.2608 0.6435 -0.7197
vn -0.2608 0.6435 -0.7197
vn -0.2608 0.6435 -0.7197
vn -0.7104 0.6550 0.2574
vn -0.7104 0.6550 0.2574
vn -0.7104 0.6550 0.2574
vn -0.7104 0.6550 0.2574
vn -0.7104 0.6550 0.2574
vn -0.7104 0.6550 0.2574
vn 0.1205 0.8886 -0.4426
vn 0.1205 0.8886 -0.4426
vn 0.1205 0.8886 -0.4426
vn 0.1205 0.8886 -0.4426
vn 0.1205 0.8886 -0.4426
vn 0.1205 0.8886 -0.4426
vn -0.5166 0.8446 -0.1407
vn -0.5166 0.8446 -0.1407
vn -0.5166 0.8446 -0.1407
vn -0.5166 0.8446 -0.1407
vn -0.5166 0.8446 -0.1407
vn -0.5166 0.8446 -0.1407
vn -0.2222 0.9159 -0.3342
vn -0.2222 0.9159 -0.3342
vn -0.2222 0.9159 -0.3342
vn -0.2222 0.9159 -0.3342
vn -0.2222 0.9159 -0.3342
vn -0.2222 0.9159 -0.3342
vn -0.7160 0.5107 0.4760
vn -0.7160 0.5107 0.4760
vn -0.7160 0.5107 0.4760
vn -0.7160 0.5107 0.4760
vn -0.7160 0.5107 0.4760
vn -0.7160 0.5107 0.4760
vn 0.3495 0.9367 0.0209
vn 0.3495 0.9367 0.0209
vn 0.3495 0.9367 0.0209
vn 0.3495 0.9367 0.0209
vn 0.3495 0.9367 0.0209
vn 0.3495 0.9367 0.0209
vn 0.0492 0.5646 -0.8239
vn 0.0492 0.5646 -0.8239
vn 0.0492 0.5646 -0.8239
vn 0.0492 0.5646 -0.8239
vn 0.0492 0.5646 -0.8239
vn 0.0492 0.5646 -0.8239
vn 0.1871 0.5243 -0.8307
vn 0.1871 0.5243 -0.8307
vn 0.1871 0.5243 -0.8307
vn 0.1871 0.5243 -0.8307
vn 0.1871 0.5243 -0.8307
vn 0.1871 0.5243 -0.8307
vn -0.4336 0.8958 -0.0976
vn -0.4336 0.8958 -0.0976
vn -0.4336 0.8958 -0.0976
vn -0.4336 0.8958 -0.0976
vn -0.4336 0.8958 -0.0976
vn -0.4336 0.8958 -0.0976
vn -0.4769 0.6475 -0.5943
vn -0.4769 0.6475 -0.5943
vn -0.4769 0.6475 -0.5943
vn -0.4769 0.6475 -0.5943
vn -0.4769 0.6475 -0.5943
vn -0.4769 0.6475 -0.5943
vn -0.3848 0.8698 0.3088
vn -0.3848 0.8698 0.3088
vn -0.3848 0.8698 0.3088
vn -0.3848 0.8698 0.3088
vn -0.3848 0.8698 0.3088
vn -0.3848 0.8698 0.3088
vn 0.3572 0.8117 -0.4622
vn 0.3572 0.8117 -0.4622
vn 0.3572 0.8117 -0.4622
vn 0.3572 0.8117 -0.4622
vn 0.3572 0.8117 -0.4622
vn 0.3572 0.8117 -0.4622
vn -0.4586 0.8149 -0.3544
vn -0.4586 0.8149 -0.3544
vn -0.4586 0.8149 -0.3544
vn -0.4586 0.8149 -0.3544
vn -0.4586 0.8149 -0.3544
vn -0.4586 0.8149 -0.3544
vn 0.6307 0.7581 -0.1658
vn 0.6307 0.7581 -0.1658
vn 0.6307 0.7581 -0.1658
vn 0.6307 0.7581 -0.1658
vn 0.6307 0.7581 -0.1658
vn 0.6307 0.7581 -0.1658
vn -0.2071 0.5796 -0.7881
vn -0.2071 0.5796 -0.7881
vn -0.2071 0.5796 -0.7881
vn -0.2071 0.5796 -0.7881
vn -0.2071 0.5796 -0.7881
vn -0.2071 0.5796 -0.7881
vn 0.2756 0.5082 -0.8159
vn 0.2756 0.5082 -0.8159
vn 0.2756 0.5082 -0.8159
vn 0.2756 0.5082 -0.8159
vn 0.2756 0.5082 -0.8159
vn 0.2756 0.5082 -0.8159
vn -0.6977 0.6766 -0.2357
vn -0.6977 0.6766 -0.2357
vn -0.6977 0.6766 -0.2357
vn -0.6977 0.6766 -0.2357
vn -0.6977 0.6766 -0.2357
vn -0.6977 0.6766 -0.2357
vn 0.6177 0.5586 -0.5535
vn 0.6177 0.5586 -0.5535
vn 0.6177 0.5586 -0.5535
vn 0.6177 0.5586 -0.5535
vn 0.6177 0.5586 -0.5535
vn 0.6177 0.5586 -0.5535
vn -0.2674 0.9162 -0.2984
vn -0.2674 0.9162 -0.2984
vn -0.2674 0.9162 -0.2984
vn -0.2674 0.9162 -0.2984
vn -0.2674 0.9162 -0.2984
vn -0.2674 0.9162 -0.2984
vn 0.5930 0.8040 -0.0440
vn 0.5930 0.8040 -0.0440
vn 0.5930 0.8040 -0.0440
vn 0.5930 0.8040 -0.0440
vn 0.5930 0.8040 -0.0440
vn 0.5930 0.8040 -0.0440
vn -0.0550 0.6695 -0.7408
vn -0.0550 0.6695 -0.7408
vn -0.0550 0.6695 -0.7408
vn -0.0550 0.6695 -0.7408
vn -0.0550 0.6695 -0.7408
vn -0.0550 0.6695 -0.7408
vn -0.3203 0.8404 -0.4371
vn -0.3203 0.8404 -0.4371
vn -0.3203 0.8404 -0.4371
vn -0.3203 0.8404 -0.4371
vn -0.3203 0.8404 -0.4371
vn -0.3203 0.8404 -0.4371
vn -0.5863 0.6868 0.4296
vn -0.5863 0.6868 0.4296
vn -0.5863 0.6868 0.4296
vn -0.5863 0.6868 0.4296
vn -0.5863 0.6868 0.4296
vn -0.5863 0.6868 0.4296
vn -0.1073 0.6247 -0.7735
vn -0.1073 0.6247 -0.7735
vn -0.1073 0.6247 -0.7735
vn -0.1073 0.6247 -0.7735
vn -0.1073 0.6247 -0.7735
vn -0.1073 0.6247 -0.7735
vn -0.8534 0.5077 0.1184
vn -0.8534 0.5077 0.1184
vn -0.8534 0.5077 0.1184
vn -0.8534 0.5077 0.1184
vn -0.8534 0.5077 0.1184
vn -0.8534 0.5077 0.1184
vn 0.7405 0.5622 -0.3682
vn 0.7405 0.5622 -0.3682
vn 0.7405 0.5622 -0.3682
vn 0.7405 0.5622 -0.3682
vn 0.7405 0.5622 -0.3682
vn 0.7405 0.5622 -0.3682
vn -0.3597 0.5892 -0.7235
vn -0.3597 0.5892 -0.7235
vn -0.3597 0.5892 -0.7235
vn -0.3597 0.5892 -0.7235
vn -0.3597 0.5892 -0.7235
vn -0.3597 0.5892 -0.7235
vn 0.4122 0.7135 0.5667
vn 0.4122 0.7135 0.5667
vn 0.4122 0.7135 0.5667
vn 0.4122 0.7135 0.5667
vn 0.4122 0.7135 0.5667
vn 0.4122 0.7135 0.5667
vn 0.6891 0.5233 -0.5012
vn 0.6891 0.5233 -0.5012
vn 0.6891 0.5233 -0.5012
vn 0.6891 0.5233 -0.5012
vn 0.6891 0.5233 -0.5012
vn 0.6891 0.5233 -0.5012
vn 0.6037 0.7020 0.3778
vn 0.6037 0.7020 0.3778
vn 0.6037 0.7020 0.3778
vn 0.6037 0.7020 0.3778
vn 0.6037 0.7020 0.3778
vn 0.6037 0.7020 0.3778
vn 0.3365 0.7732 -0.5376
vn 0.3365 0.7732 -0.5376
vn 0.3365 0.7732 -0.5376
vn 0.3365 0.7732 -0.5376
vn 0.3365 0.7732 -0.5376
vn 0.3365 0.7732 -0.5376
vn -0.8420 0.5368 0.0534
vn -0.8420 0.5368 0.0534
vn -0.8420 0.5368 0.0534
vn -0.8420 0.5368 0.0534
vn -0.8420 0.5368 0.0534
vn -0.8420 0.5368 0.0534
vn 0.0333 0.8500 0.5258
vn 0.0333 0.8500 0.5258
vn 0.0333 0.8500 0.5258
vn 0.0333 0.8500 0.5258
vn 0.0333 0.8500 0.5258
vn 0.0333 0.8500 0.5258
vn 0.5628 0.8142 0.1425
vn 0.5628 0.8142 0.1425
vn 0.5628 0.8142 0.1425
vn 0.5628 0.8142 0.1425
vn 0.5628 0.8142 0.1425
vn 0.5628 0.8142 0.1425
vn 0.1648 0.7414 -0.6505
vn 0.1648 0.7414 -0.6505
vn 0.1648 0.7414 -0.6505
vn 0.1648 0.7414 -0.6505
vn 0.1648 0.7414 -0.6505
vn 0.1648 0.7414 -0.6505
vn 0.1350 0.7579 0.6383
vn 0.1350 0.7579 0.6383
vn 0.1350 0.7579 0.6383
vn 0.1350 0.7579 0.6383
vn 0.1350 0.7579 0.6383
vn 0.1350 0.7579 0.6383
vn 0.5977 0.7917 -0.1264
vn 0.5977 0.7917 -0.1264
vn 0.5977 0.7917 -0.1264
vn 0.5977 0.7917 -0.1264
vn 0.5977 0.7917 -0.1264
vn 0.5977 0.7917 -0.1264
vn -0.3300 0.5635 0.7574
vn -0.3300 0.5635 0.7574
vn -0.3300 0.5635 0.7574
vn -0.3300 0.5635 0.7574
vn -0.3300 0.5635 0.7574
vn -0.3300 0.5635 0.7574
vn 0.4547 0.8683 0.1981
vn 0.4547 0.8683 0.1981
vn 0.4547 0.8683 0.1981
vn 0.4547 0.8683 0.1981
vn 0.4547 0.8683 0.1981
vn 0.4547 0.8683 0.1981
vn -0.5704 0.7659 -0.2967
vn -0.5704 0.7659 -0.2967
vn -0.5704 0.7659 -0.2967
vn -0.5704 0.7659 -0.2967
vn -0.5704 0.7659 -0.2967
vn -0.5704 0.7659 -0.2967
vn -0.3200 0.7204 0.6152
vn -0.3200 0.7204 0.6152
vn -0.3200 0.7204 0.6152
vn -0.3200 0.7204 0.6152
vn -0.3200 0.7204 0.6152
vn -0.3200 0.7204 0.6152
vn 0.3703 0.9267 0.0645
vn 0.3703 0.9267 0.0645
vn 0.3703 0.9267 0.0645
vn 0.3703 0.9267 0.0645
vn 0.3703 0.9267 0.0645
vn 0.3703 0.9267 0.0645
vn 0.1268 0.6734 -0.7283
vn 0.1268 0.6734 -0.7283
vn 0.1268 0.6734 -0.7283
vn 0.1268 0.6734 -0.7283
vn 0.1268 0.6734 -0.7283
vn 0.1268 0.6734 -0.7283
vn 0.0686 0.9239 0.3764
vn 0.0686 0.9239 0.3764
vn 0.0686 0.9239 0.3764
vn 0.0686 0.9239 0.3764
vn 0.0686 0.9239 0.3764
vn 0.0686 0.9239 0.3764
vn 0.5637 0.8195 -0.1027
vn 0.5637 0.8195 -0.1027
vn 0.5637 0.8195 -0.1027
vn 0.5637 0.8195 -0.1027
vn 0.5637 0.8195 -0.1027
vn 0.5637 0.8195 -0.1027
vn 0.0989 0.5510 -0.8286
vn 0.0989 0.5510 -0.8286
vn 0.0989 0.5510 -0.8286
vn 0.0989 0.5510 -0.8286
vn 0.0989 0.5510 -0.8286
vn 0.0989 0.5510 -0.8286
vn -0.6554 0.7513 -0.0782
vn -0.6554 0.7513 -0.0782
vn -0.6554 0.7513 -0.0782
vn -0.6554 0.7513 -0.0782
vn -0.6554 0.7513 -0.0782
vn -0.6554 0.7513 -0.0782
vn -0.7486 0.6618 0.0410
vn -0.7486 0.6618 0.0410
vn -0.7486 0.6618 0.0410
vn -0.7486 0.6618 0.0410
vn -0.7486 0.6618 0.0410
vn -0.7486 0.6618 0.0410
vn 0.0429 0.6195 0.7838
vn 0.0429 0.6195 0.7838
vn 0.0429 0.6195 0.7838
vn 0.0429 0.6195 0.7838
vn 0.0429 0.6195 0.7838
vn 0.0429 0.6195 0.7838
vn 0.5371 0.8435 0.0019
vn 0.5371 0.8435 0.0019
vn 0.5371 0.8435 0.0019
vn 0.5371 0.8435 0.0019
vn 0.5371 0.8435 0.0019
vn 0.5371 0.8435 0.0019
vn 0.0022 0.7774 -0.6290
vn 0.0022 0.7774 -0.6290
vn 0.0022 0.7774 -0.6290
vn 0.0022 0.7774 -0.6290
vn 0.0022 0.7774 -0.6290
vn 0.0022 0.7774 -0.6290
vn 0.7125 0.5780 0.3978
vn 0.7125 0.5780 0.3978
vn 0.7125 0.5780 0.3978
vn 0.7125 0.5780 0.3978
vn 0.7125 0.5780 0.3978
vn 0.7125 0.5780 0.3978
vn 0.2379 0.8729 -0.4261
vn 0.2379 0.8729 -0.4261
vn 0.2379 0.8729 -0.4261
vn 0.2379 0.8729 -0.4261
vn 0.2379 0.8729 -0.4261
vn 0.2379 0.8729 -0.4261
vn 0.0414 0.9212 0.3869
vn 0.0414 0.9212 0.3869
vn 0.0414 0.9212 0.3869
vn 0.0414 0.9212 0.3869
vn 0.0414 0.9212 0.3869
vn 0.0414 0.9212 0.3869
vn 0.6308 0.7730 -0.0675
vn 0.6308 0.7730 -0.0675
vn 0.6308 0.7730 -0.0675
vn 0.6308 0.7730 -0.0675
vn 0.6308 0.7730 -0.0675
vn 0.6308 0.7730 -0.0675
vn 0.6237 0.5114 0.5912
vn 0.6237 0.5114 0.5912
vn 0.6237 0.5114 0.5912
vn 0.6237 0.5114 0.5912
vn 0.6237 0.5114 0.5912
vn 0.6237 0.5114 0.5912
vn 0.4661 0.7355 -0.4917
vn 0.4661 0.7355 -0.4917
vn 0.4661 0.7355 -0.4917
vn 0.4661 0.7355 -0.4917
vn 0.4661 0.7355 -0.4917
vn 0.4661 0.7355 -0.4917
vn 0.1827 0.8389 0.5126
vn 0.1827 0.8389 0.5126
vn 0.1827 0.8389 0.5126
vn 0.1827 0.8389 0.5126
vn 0.1827 0.8389 0.5126
vn 0.1827 0.8389 0.5126
vn 0.5274 0.8286 -0.1879
vn 0.5274 0.8286 -0.1879
vn 0.5274 0.8286 -0.1879
vn 0.5274 0.8286 -0.1879
vn 0.5274 0.8286 -0.1879
vn 0.5274 0.8286 -0.1879
vn 0.1923 0.5457 0.8156
vn 0.1923 0.5457 0.8156
vn 0.1923 0.5457 0.8156
vn 0.1923 0.5457 0.8156
vn 0.1923 0.5457 0.8156
vn 0.1923 0.5457 0.8156
vn 0.7251 0.6671 -0.1709
vn 0.7251 0.6671 -0.1709
vn 0.7251 0.6671 -0.1709
vn 0.7251 0.6671 -0.1709
vn 0.7251 0.6671 -0.1709
vn 0.7251 0.6671 -0.1709
vn 0.4387 0.8987 0.0005
vn 0.4387 0.8987 0.0005
vn 0.4387 0.8987 0.0005
vn 0.4387 0.8987 0.0005
vn 0.4387 0.8987 0.0005
vn 0.4387 0.8987 0.0005
vn 0.0004 0.9332 -0.3594
vn 0.0004 0.9332 -0.3594
vn 0.0004 0.9332 -0.3594
vn 0.0004 0.9332 -0.3594
vn 0.0004 0.9332 -0.3594
vn 0.0004 0.9332 -0.3594
vn 0.6753 0.7361 -0.0458
vn 0.6753 0.7361 -0.0458
vn 0.6753 0.7361 -0.0458
vn 0.6753 0.7361 -0.0458
vn 0.6753 0.7361 -0.0458
vn 0.6753 0.7361 -0.0458
vn -0.0461 0.7318 -0.6800
vn -0.0461 0.7318 -0.6800
vn -0.0461 0.7318 -0.6800
vn -0.0461 0.7318 -0.6800
vn -0.0461 0.7318 -0.6800
vn -0.0461 0.7318 -0.6800
vn -0.1802 0.8557 0.4850
vn -0.1802 0.8557 0.4850
vn -0.1802 0.8557 0.4850
vn -0.1802 0.8557 0.4850
vn -0.1802 0.8557 0.4850
vn -0.1802 0.8557 0.4850
vn 0.4517 0.8762 0.1678
vn 0.4517 0.8762 0.1678
vn 0.4517 0.8762 0.1678
vn 0.4517 0.8762 0.1678
vn 0.4517 0.8762 0.1678
vn 0.4517 0.8762 0.1678
vn 0.5578 0.5561 0.6162
vn 0.5578 0.5561 0.6162
vn 0.5578 0.5561 0.6162
vn 0.5578 0.5561 0.6162
vn 0.5578 0.5561 0.6162
vn 0.5578 0.5561 0.6162
vn 0.4533 0.7913 -0.4104
vn 0.4533 0.7913 -0.4104
vn 0.4533 0.7913 -0.4104
vn 0.4533 0.7913 -0.4104
vn 0.4533 0.7913 -0.4104
vn 0.4533 0.7913 -0.4104
vn 0.5979 0.7937 0.1118
vn 0.5979 0.7937 0.1118
vn 0.5979 0.7937 0.1118
vn 0.5979 0.7937 0.1118
vn 0.5979 0.7937 0.1118
vn 0.5979 0.7937 0.1118
vn 0.1535 0.5499 -0.8210
vn 0.1535 0.5499 -0.8210
vn 0.1535 0.5499 -0.8210
vn 0.1535 0.5499 -0.8210
vn 0.1535 0.5499 -0.8210
vn 0.1535 0.5499 -0.8210
vn -0.4204 0.9054 0.0590
vn -0.4204 0.9054 0.0590
vn -0.4204 0.9054 0.0590
vn -0.4204 0.9054 0.0590
vn -0.4204 0.9054 0.0590
vn -0.4204 0.9054 0.0590
vn 0.1092 0.6189 0.7779
vn 0.1092 0.6189 0.7779
vn 0.1092 0.6189 0.7779
vn 0.1092 0.6189 0.7779
vn 0.1092 0.6189 0.7779
vn 0.1092 0.6189 0.7779
vn -0.2274 0.8936 -0.3869
vn -0.2274 0.8936 -0.3869
vn -0.2274 0.8936 -0.3869
vn -0.2274 0.8936 -0.3869
vn -0.2274 0.8936 -0.3869
vn -0.2274 0.8936 -0.3869
vn -0.5995 0.7187 0.3522
vn -0.5995 0.7187 0.3522
vn -0.5995 0.7187 0.3522
vn -0.5995 0.7187 0.3522
vn -0.5995 0.7187 0.3522
vn -0.5995 0.7187 0.3522
vn -0.3159 0.9180 -0.2397
vn -0.3159 0.9180 -0.2397
vn -0.3159 0.9180 -0.2397
vn -0.3159 0.9180 -0.2397
vn -0.3159 0.9180 -0.2397
vn -0.3159 0.9180 -0.2397
vn -0.3160 0.8524 0.4165
vn -0.3160 0.8524 0.4165
vn -0.3160 0.8524 0.4165
vn -0.3160 0.8524 0.4165
vn -0.3160 0.8524 0.4165
vn -0.3160 0.8524 0.4165
vn -0.2675 0.9366 0.2263
vn -0.2675 0.9366 0.2263
vn -0.2675 0.9366 0.2263
vn -0.2675 0.9366 0.2263
vn -0.2675 0.9366 0.2263
vn -0.2675 0.9366 0.2263
vn 0.3534 0.8370 0.4178
vn 0.3534 0.8370 0.4178
vn 0.3534 0.8370 0.4178
vn 0.3534 0.8370 0.4178
vn 0.3534 0.8370 0.4178
vn 0.3534 0.8370 0.4178
vn -0.3434 0.9005 0.2666
vn -0.3434 0.9005 0.2666
vn -0.3434 0.9005 0.2666
vn -0.3434 0.9005 0.2666
vn -0.3434 0.9005 0.2666
vn -0.3434 0.9005 0.2666
vn 0.2191 0.9340 0.2822
vn 0.2191 0.9340 0.2822
vn 0.2191 0.9340 0.2822
vn 0.2191 0.9340 0.2822
vn 0.2191 0.9340 0.2822
vn 0.2191 0.9340 0.2822
vn 0.1367 0.8373 -0.5293
vn 0.1367 0.8373 -0.5293
vn 0.1367 0.8373 -0.5293
vn 0.1367 0.8373 -0.5293
vn 0.1367 0.8373 -0.5293
vn 0.1367 0.8373 -0.5293
vn -0.7520 0.6299 -0.1942
vn -0.7520 0.6299 -0.1942
vn -0.7520 0.6299 -0.1942
vn -0.7520 0.6299 -0.1942
vn -0.7520 0.6299 -0.1942
vn -0.7520 0.6299 -0.1942
vn 0.0452 0.5597 -0.8274
vn 0.0452 0.5597 -0.8274
vn 0.0452 0.5597 -0.8274
vn 0.0452 0.5597 -0.8274
vn 0.0452 0.5597 -0.8274
vn 0.0452 0.5597 -0.8274
vn -0.4451 0.8951 -0.0243
vn -0.4451 0.8951 -0.0243
vn -0.4451 0.8951 -0.0243
vn -0.4451 0.8951 -0.0243
vn -0.4451 0.8951 -0.0243
vn -0.4451 0.8951 -0.0243
vn -0.7553 0.6121 -0.2341
vn -0.7553 0.6121 -0.2341
vn -0.7553 0.6121 -0.2341
vn -0.7553 0.6121 -0.2341
vn -0.7553 0.6121 -0.2341
vn -0.7553 0.6121 -0.2341
vn -0.1140 0.9228 0.3680
vn -0.1140 0.9228 0.3680
vn -0.1140 0.9228 0.3680
vn -0.1140 0.9228 0.3680
vn -0.1140 0.9228 0.3680
vn -0.1140 0.9228 0.3680
vn -0.6050 0.7024 -0.3750
vn -0.6050 0.7024 -0.3750
vn -0.6050 0.7024 -0.3750
vn -0.6050 0.7024 -0.3750
vn -0.6050 0.7024 -0.3750
vn -0.6050 0.7024 -0.3750
vn -0.2736 0.8546 0.4414
vn -0.2736 0.8546 0.4414
vn -0.2736 0.8546 0.4414
vn -0.2736 0.8546 0.4414
vn -0.2736 0.8546 0.4414
vn -0.2736 0.8546 0.4414
vn 0.0562 0.8582 0.5102
vn 0.0562 0.8582 0.5102
vn 0.0562 0.8582 0.5102
vn 0.0562 0.8582 0.5102
vn 0.0562 0.8582 0.5102
vn 0.0562 0.8582 0.5102
vn 0.7785 0.6218 -0.0858
vn 0.7785 0.6218 -0.0858
vn 0.7785 0.6218 -0.0858
vn 0.7785 0.6218 -0.0858
vn 0.7785 0.6218 -0.0858
vn 0.7785 0.6218 -0.0858
vn 0.4614 0.8410 -0.2825
vn 0.4614 0.8410 -0.2825
vn 0.4614 0.8410 -0.2825
vn 0.4614 0.8410 -0.2825
vn 0.4614 0.8410 -0.2825
vn 0.4614 0.8410 -0.2825
vn -0.3769 0.6921 -0.6156
vn -0.3769 0.6921 -0.6156
vn -0.3769 0.6921 -0.6156
vn -0.3769 0.6921 -0.6156
vn -0.3769 0.6921 -0.6156
vn -0.3769 0.6921 -0.6156
vn -0.1414 0.7962 -0.5882
vn -0.1414 0.7962 -0.5882
vn -0.1414 0.7962 -0.5882
vn -0.1414 0.7962 -0.5882
vn -0.1414 0.7962 -0.5882
vn -0.1414 0.7962 -0.5882
vn -0.5573 0.8195 0.1339
vn -0.5573 0.8195 0.1339
vn -0.5573 0.8195 0.1339
vn -0.5573 0.8195 0.1339
vn -0.5573 0.8195 0.1339
vn -0.5573 0.8195 0.1339
vn -0.6919 0.6231 0.3646
vn -0.6919 0.6231 0.3646
vn -0.6919 0.6231 0.3646
vn -0.6919 0.6231 0.3646
vn -0.6919 0.6231 0.3646
vn -0.6919 0.6231 0.3646
vn 0.3137 0.7396 0.5954
vn 0.3137 0.7396 0.5954
vn 0.3137 0.7396 0.5954
vn 0.3137 0.7396 0.5954
vn 0.3137 0.7396 0.5954
vn 0.3137 0.7396 0.5954
vn 0.1342 0.5978 0.7903
vn 0.1342 0.5978 0.7903
vn 0.1342 0.5978 0.7903
vn 0.1342 0.5978 0.7903
vn 0.1342 0.5978 0.7903
vn 0.1342 0.5978 0.7903
vn 0.4379 0.8960 -0.0744
vn 0.4379 0.8960 -0.0744
vn 0.4379 0.8960 -0.0744
vn 0.4379 0.8960 -0.0744
vn 0.4379 0.8960 -0.0744
vn 0.4379 0.8960 -0.0744
vn 0.2160 0.9266 -0.3078
vn 0.2160 0.9266 -0.3078
vn 0.2160 0.9266 -0.3078
vn 0.2160 0.9266 -0.3078
vn 0.2160 0.9266 -0.3078
vn 0.2160 0.9266 -0.3078
vn -0.5691 0.7189 -0.3993
vn -0.5691 0.7189 -0.3993
vn -0.5691 0.7189 -0.3993
vn -0.5691 0.7189 -0.3993
vn -0.5691 0.7189 -0.3993
vn -0.5691 0.7189 -0.3993
vn 0.3777 0.8863 0.2679
vn 0.3777 0.8863 0.2679
vn 0.3777 0.8863 0.2679
vn 0.3777 0.8863 0.2679
vn 0.3777 0.8863 0.2679
vn 0.3777 0.8863 0.2679
vn 0.4369 0.6555 -0.6159
vn 0.4369 0.6555 -0.6159
vn 0.4369 0.6555 -0.6159
vn 0.4369 0.6555 -0.6159
vn 0.4369 0.6555 -0.6159
vn 0.4369 0.6555 -0.6159
vn 0.3285 0.8677 0.3730
vn 0.3285 0.8677 0.3730
vn 0.3285 0.8677 0.3730
vn 0.3285 0.8677 0.3730
vn 0.3285 0.8677 0.3730
vn 0.3285 0.8677 0.3730
vn 0.4796 0.7691 -0.4224
vn 0.4796 0.7691 -0.4224
vn 0.4796 0.7691 -0.4224
vn 0.4796 0.7691 -0.4224
vn 0.4796 0.7691 -0.4224
vn 0.4796 0.7691 -0.4224
vn 0.4381 0.5197 -0.7335
vn 0.4381 0.5197 -0.7335
vn 0.4381 0.5197 -0.7335
vn 0.4381 0.5197 -0.7335
vn 0.4381 0.5197 -0.7335
vn 0.4381 0.5197 -0.7335
vn -0.7046 0.5713 -0.4209
vn -0.7046 0.5713 -0.4209
vn -0.7046 0.5713 -0.4209
vn -0.7046 0.5713 -0.4209
vn -0.7046 0.5713 -0.4209
vn -0.7046 0.5713 -0.4209
vn -0.6810 0.7322 -0.0137
vn -0.6810 0.7322 -0.0137
vn -0.6810 0.7322 -0.0137
vn -0.6810 0.7322 -0.0137
vn -0.6810 0.7322 -0.0137
vn -0.6810 0.7322 -0.0137
vn -0.0149 0.6676 0.7444
vn -0.0149 0.6676 0.7444
vn -0.0149 0.6676 0.7444
vn -0.0149 0.6676 0.7444
vn -0.0149 0.6676 0.7444
vn -0.0149 0.6676 0.7444
vn 0.1858 0.8601 -0.4750
vn 0.1858 0.8601 -0.4750
vn 0.1858 0.8601 -0.4750
vn 0.1858 0.8601 -0.4750
vn 0.1858 0.8601 -0.4750
vn 0.1858 0.8601 -0.4750
vn -0.4012 0.9025 -0.1569
vn -0.4012 0.9025 -0.1569
vn -0.4012 0.9025 -0.1569
vn -0.4012 0.9025 -0.1569
vn -0.4012 0.9025 -0.1569
vn -0.4012 0.9025 -0.1569
vn 0.5541 0.7529 0.3551
vn 0.5541 0.7529 0.3551
vn 0.5541 0.7529 0.3551
vn 0.5541 0.7529 0.3551
vn 0.5541 0.7529 0.3551
vn 0.5541 0.7529 0.3551
vn 0.4335 0.5954 -0.6765
vn 0.4335 0.5954 -0.6765
vn 0.4335 0.5954 -0.6765
vn 0.4335 0.5954 -0.6765
vn 0.4335 0.5954 -0.6765
vn 0.4335 0.5954 -0.6765
vn 0.8127 0.5791 -0.0654
vn 0.8127 0.5791 -0.0654
vn 0.8127 0.5791 -0.0654
vn 0.8127 0.5791 -0.0654
vn 0.8127 0.5791 -0.0654
vn 0.8127 0.5791 -0.0654
vn -0.0642 0.5999 -0.7975
vn -0.0642 0.5999 -0.7975
vn -0.0642 0.5999 -0.7975
vn -0.0642 0.5999 -0.7975
vn -0.0642 0.5999 -0.7975
vn -0.0642 0.5999 -0.7975
vn -0.1370 0.8627 0.4868
vn -0.1370 0.8627 0.4868
vn -0.1370 0.8627 0.4868
vn -0.1370 0.8627 0.4868
vn -0.1370 0.8627 0.4868
vn -0.1370 0.8627 0.4868
vn 0.3633 0.9261 0.1023
vn 0.3633 0.9261 0.1023
vn 0.3633 0.9261 0.1023
vn 0.3633 0.9261 0.1023
vn 0.3633 0.9261 0.1023
vn 0.3633 0.9261 0.1023
vn -0.1259 0.9189 -0.3740
vn -0.1259 0.9189 -0.3740
vn -0.1259 0.9189 -0.3740
vn -0.1259 0.9189 -0.3740
vn -0.1259 0.9189 -0.3740
vn -0.1259 0.9189 -0.3740
vn -0.7880 0.5556 0.2653
vn -0.7880 0.5556 0.2653
vn -0.7880 0.5556 0.2653
vn -0.7880 0.5556 0.2653
vn -0.7880 0.5556 0.2653
vn -0.7880 0.5556 0.2653
vn -0.3325 0.9355 0.1197
vn -0.3325 0.9355 0.1197
vn -0.3325 0.9355 0.1197
vn -0.3325 0.9355 0.1197
vn -0.3325 0.9355 0.1197
vn -0.3325 0.9355 0.1197
vn 0.2514 0.6699 0.6985
vn 0.2514 0.6699 0.6985
vn 0.2514 0.6699 0.6985
vn 0.2514 0.6699 0.6985
vn 0.2514 0.6699 0.6985
vn 0.2514 0.6699 0.6985
vn -0.0467 0.8276 0.5594
vn -0.0467 0.8276 0.5594
vn -0.0467 0.8276 0.5594
vn -0.0467 0.8276 0.5594
vn -0.0467 0.8276 0.5594
vn -0.0467 0.8276 0.5594
vn 0.3577 0.9333 0.0299
vn 0.3577 0.9333 0.0299
vn 0.3577 0.9333 0.0299
vn 0.3577 0.9333 0.0299
vn 0.3577 0.9333 0.0299
vn 0.3577 0.9333 0.0299
vn -0.2657 0.7451 0.6117
vn -0.2657 0.7451 0.6117
vn -0.2657 0.7451 0.6117
vn -0.2657 0.7451 0.6117
vn -0.2657 0.7451 0.6117
vn -0.2657 0.7451 0.6117
vn 0.3585 0.9205 0.1557
vn 0.3585 0.9205 0.1557
vn 0.3585 0.9205 0.1557
vn 0.3585 0.9205 0.1557
vn 0.3585 0.9205 0.1557
vn 0.3585 0.9205 0.1557
vn 0.4210 0.9071 -0.0014
vn 0.4210 0.9071 -0.0014
vn 0.4210 0.9071 -0.0014
vn 0.4210 0.9071 -0.0014
vn 0.4210 0.9071 -0.0014
vn 0.4210 0.9071 -0.0014
vn -0.0013 0.9230 -0.3848
vn -0.0013 0.9230 -0.3848
vn -0.0013 0.9230 -0.3848
vn -0.0013 0.9230 -0.3848
vn -0.0013 0.9230 -0.3848
vn -0.0013 0.9230 -0.3848
vn -0.4958 0.7917 0.3569
vn -0.4958 0.7917 0.3569
vn -0.4958 0.7917 0.3569
vn -0.4958 0.7917 0.3569
vn -0.4958 0.7917 0.3569
vn -0.4958 0.7917 0.3569
vn 0.4627 0.6106 0.6427
vn 0.4627 0.6106 0.6427
vn 0.4627 0.6106 0.6427
vn 0.4627 0.6106 0.6427
vn 0.4627 0.6106 0.6427
vn 0.4627 0.6106 0.6427
vn 0.5137 0.8552 -0.0686
vn 0.5137 0.8552 -0.0686
vn 0.5137 0.8552 -0.0686
vn 0.5137 0.8552 -0.0686
vn 0.5137 0.8552 -0.0686
vn 0.5137 0.8552 -0.0686
vn -0.1052 0.6067 -0.7879
vn -0.1052 0.6067 -0.7879
vn -0.1052 0.6067 -0.7879
vn -0.1052 0.6067 -0.7879
vn -0.1052 0.6067 -0.7879
vn -0.1052 0.6067 -0.7879
vn -0.5826 0.6344 0.5081
vn -0.5826 0.6344 0.5081
vn -0.5826 0.6344 0.5081
vn -0.5826 0.6344 0.5081
vn -0.5826 0.6344 0.5081
vn -0.5826 0.6344 0.5081
vn 0.4069 0.7854 0.4665
vn 0.4069 0.7854 0.4665
vn 0.4069 0.7854 0.4665
vn 0.4069 0.7854 0.4665
vn 0.4069 0.7854 0.4665
vn 0.4069 0.7854 0.4665
vn -0.8369 0.5435 0.0651
vn -0.8369 0.5435 0.0651
vn -0.8369 0.5435 0.0651
vn -0.8369 0.5435 0.0651
vn -0.8369 0.5435 0.0651
vn -0.8369 0.5435 0.0651
vn 0.0307 0.9182 0.3949
vn 0.0307 0.9182 0.3949
vn 0.0307 0.9182 0.3949
vn 0.0307 0.9182 0.3949
vn 0.0307 0.9182 0.3949
vn 0.0307 0.9182 0.3949
vn 0.0952 0.6684 0.7377
vn 0.0952 0.6684 0.7377
vn 0.0952 0.6684 0.7377
vn 0.0952 0.6684 0.7377
vn 0.0952 0.6684 0.7377
vn 0.0952 0.6684 0.7377
vn 0.7799 0.6177 -0.1007
vn 0.7799 0.6177 -0.1007
vn 0.7799 0.6177 -0.1007
vn 0.7799 0.6177 -0.1007
vn 0.7799 0.6177 -0.1007
vn 0.7799 0.6177 -0.1007
vn -0.6273 0.6925 -0.3564
vn -0.6273 0.6925 -0.3564
vn -0.6273 0.6925 -0.3564
vn -0.6273 0.6925 -0.3564
vn -0.6273 0.6925 -0.3564
vn -0.6273 0.6925 -0.3564
vn -0.3924 0.6074 0.6907
vn -0.3924 0.6074 0.6907
vn -0.3924 0.6074 0.6907
vn -0.3924 0.6074 0.6907
vn -0.3924 0.6074 0.6907
vn -0.3924 0.6074 0.6907
vn 0.7768 0.6298 0.0042
vn 0.7768 0.6298 0.0042
vn 0.7768 0.6298 0.0042
vn 0.7768 0.6298 0.0042
vn 0.7768 0.6298 0.0042
vn 0.7768 0.6298 0.0042
vn 0.0032 0.8104 -0.5859
vn 0.0032 0.8104 -0.5859
vn 0.0032 0.8104 -0.5859
vn 0.0032 0.8104 -0.5859
vn 0.0032 0.8104 -0.5859
vn 0.0032 0.8104 -0.5859
vn -0.5737 0.6368 0.5150
vn -0.5737 0.6368 0.5150
vn -0.5737 0.6368 0.5150
vn -0.5737 0.6368 0.5150
vn -0.5737 0.6368 0.5150
vn -0.5737 0.6368 0.5150
vn 0.4677 0.7140 0.5210
vn 0.4677 0.7140 0.5210
vn 0.4677 0.7140 0.5210
vn 0.4677 0.7140 0.5210
vn 0.4677 0.7140 0.5210
vn 0.4677 0.7140 0.5210
vn -0.6700 0.5373 -0.5123
vn -0.6700 0.5373 -0.5123
vn -0.6700 0.5373 -0.5123
vn -0.6700 0.5373 -0.5123
vn -0.6700 0.5373 -0.5123
vn -0.6700 0.5373 -0.5123
vn -0.4136 0.7324 0.5409
vn -0.4136 0.7324 0.5409
vn -0.4136 0.7324 0.5409
vn -0.4136 0.7324 0.5409
vn -0.4136 0.7324 0.5409
vn -0.4136 0.7324 0.5409
vn -0.3210 0.6268 -0.7099
vn -0.3210 0.6268 -0.7099
vn -0.3210 0.6268 -0.7099
vn -0.3210 0.6268 -0.7099
vn -0.3210 0.6268 -0.7099
vn -0.3210 0.6268 -0.7099
vn -0.5325 0.8114 0.2408
vn -0.5325 0.8114 0.2408
vn -0.5325 0.8114 0.2408
vn -0.5325 0.8114 0.2408
vn -0.5325 0.8114 0.2408
vn -0.5325 0.8114 0.2408
vn 0.1593 0.5524 0.8182
vn 0.1593 0.5524 0.8182
vn 0.1593 0.5524 0.8182
vn 0.1593 0.5524 0.8182
vn 0.1593 0.5524 0.8182
vn 0.1593 0.5524 0.8182
vn 0.6803 0.7209 -0.1324
vn 0.6803 0.7209 -0.1324
vn 0.6803 0.7209 -0.1324
vn 0.6803 0.7209 -0.1324
vn 0.6803 0.7209 -0.1324
vn 0.6803 0.7209 -0.1324
vn -0.3461 0.6694 -0.6574
vn -0.3461 0.6694 -0.6574
vn -0.3461 0.6694 -0.6574
vn -0.3461 0.6694 -0.6574
vn -0.3461 0.6694 -0.6574
vn -0.3461 0.6694 -0.6574
vn -0.6692 0.6542 0.3523
vn -0.6692 0.6542 0.3523
vn -0.6692 0.6542 0.3523
vn -0.6692 0.6542 0.3523
vn -0.6692 0.6542 0.3523
vn -0.6692 0.6542 0.3523
vn 0.1398 0.9024 0.4076
vn 0.1398 0.9024 0.4076
vn 0.1398 0.9024 0.4076
vn 0.1398 0.9024 0.4076
vn 0.1398 0.9024 0.4076
vn 0.1398 0.9024 0.4076
vn 0.7795 0.5665 -0.2673
vn 0.7795 0.5665 -0.2673
vn 0.7795 0.5665 -0.2673
vn 0.7795 0.5665 -0.2673
vn 0.7795 0.5665 -0.2673
vn 0.7795 0.5665 -0.2673
vn 0.1320 0.5494 -0.8251
vn 0.1320 0.5494 -0.8251
vn 0.1320 0.5494 -0.8251
vn 0.1320 0.5494 -0.8251
vn 0.1320 0.5494 -0.8251
vn 0.1320 0.5494 -0.8251
vn -0.8307 0.5406 -0.1329
vn -0.8307 0.5406 -0.1329
vn -0.8307 0.5406 -0.1329
vn -0.8307 0.5406 -0.1329
vn -0.8307 0.5406 -0.1329
vn -0.8307 0.5406 -0.1329
vn 0.3097 0.8222 0.4775
vn 0.3097 0.8222 0.4775
vn 0.3097 0.8222 0.4775
vn 0.3097 0.8222 0.4775
vn 0.3097 0.8222 0.4775
vn 0.3097 0.8222 0.4775
vn 0.5697 0.7341 -0.3696
vn 0.5697 0.7341 -0.3696
vn 0.5697 0.7341 -0.3696
vn 0.5697 0.7341 -0.3696
vn 0.5697 0.7341 -0.3696
vn 0.5697 0.7341 -0.3696
vn 0.2622 0.7740 -0.5764
vn 0.2622 0.7740 -0.5764
vn 0.2622 0.7740 -0.5764
vn 0.2622 0.7740 -0.5764
vn 0.2622 0.7740 -0.5764
vn 0.2622 0.7740 -0.5764
vn -0.3888 0.9042 -0.1769
vn -0.3888 0.9042 -0.1769
vn -0.3888 0.9042 -0.1769
vn -0.3888 0.9042 -0.1769
vn -0.3888 0.9042 -0.1769
vn -0.3888 0.9042 -0.1769
vn 0.4975 0.5959 0.6304
vn 0.4975 0.5959 0.6304
vn 0.4975 0.5959 0.6304
vn 0.4975 0.5959 0.6304
vn 0.4975 0.5959 0.6304
vn 0.4975 0.5959 0.6304
vn 0.4214 0.8437 -0.3326
vn 0.4214 0.8437 -0.3326
vn 0.4214 0.8437 -0.3326
vn 0.4214 0.8437 -0.3326
vn 0.4214 0.8437 -0.3326
vn 0.4214 0.8437 -0.3326
vn 0.0540 0.6172 0.7849
vn 0.0540 0.6172 0.7849
vn 0.0540 0.6172 0.7849
vn 0.0540 0.6172 0.7849
vn 0.0540 0.6172 0.7849
vn 0.0540 0.6172 0.7849
vn 0.4911 0.8704 -0.0338
vn 0.4911 0.8704 -0.0338
vn 0.4911 0.8704 -0.0338
vn 0.4911 0.8704 -0.0338
vn 0.4911 0.8704 -0.0338
vn 0.4911 0.8704 -0.0338
vn 0.7443 0.5587 0.3659
vn 0.7443 0.5587 0.3659
vn 0.7443 0.5587 0.3659
vn 0.7443 0.5587 0.3659
vn 0.7443 0.5587 0.3659
vn 0.7443 0.5587 0.3659
vn 0.2769 0.7785 -0.5633
vn 0.2769 0.7785 -0.5633
vn 0.2769 0.7785 -0.5633
vn 0.2769 0.7785 -0.5633
vn 0.2769 0.7785 -0.5633
vn 0.2769 0.7785 -0.5633
vn -0.3074 0.7336 -0.6061
vn -0.3074 0.7336 -0.6061
vn -0.3074 0.7336 -0.6061
vn -0.3074 0.7336 -0.6061
vn -0.3074 0.7336 -0.6061
vn -0.3074 0.7336 -0.6061
vn -0.6563 0.6771 0.3328
vn -0.6563 0.6771 0.3328
vn -0.6563 0.6771 0.3328
vn -0.6563 0.6771 0.3328
vn -0.6563 0.6771 0.3328
vn -0.6563 0.6771 0.3328
vn 0.1541 0.9100 0.3850
vn 0.1541 0.9100 0.3850
vn 0.1541 0.9100 0.3850
vn 0.1541 0.9100 0.3850
vn 0.1541 0.9100 0.3850
vn 0.1541 0.9100 0.3850
vn 0.3988 0.9030 -0.1597
vn 0.3988 0.9030 -0.1597
vn 0.3988 0.9030 -0.1597
vn 0.3988 0.9030 -0.1597
vn 0.3988 0.9030 -0.1597
vn 0.3988 0.9030 -0.1597
vn 0.2994 0.8480 -0.4373
vn 0.2994 0.8480 -0.4373
vn 0.2994 0.8480 -0.4373
vn 0.2994 0.8480 -0.4373
vn 0.2994 0.8480 -0.4373
vn 0.2994 0.8480 -0.4373
vn -0.4268 0.8558 -0.2922
vn -0.4268 0.8558 -0.2922
vn -0.4268 0.8558 -0.2922
vn -0.4268 0.8558 -0.2922
vn -0.4268 0.8558 -0.2922
vn -0.4268 0.8558 -0.2922
vn -0.4275 0.8895 -0.1611
vn -0.4275 0.8895 -0.1611
vn -0.4275 0.8895 -0.1611
vn -0.4275 0.8895 -0.1611
vn -0.4275 0.8895 -0.1611
vn -0.4275 0.8895 -0.1611
vn -0.2866 0.5826 0.7605
vn -0.2866 0.5826 0.7605
vn -0.2866 0.5826 0.7605
vn -0.2866 0.5826 0.7605
vn -0.2866 0.5826 0.7605
vn -0.2866 0.5826 0.7605
vn 0.3965 0.6520 0.6463
vn 0.3965 0.6520 0.6463
vn 0.3965 0.6520 0.6463
vn 0.3965 0.6520 0.6463
vn 0.3965 0.6520 0.6463
vn 0.3965 0.6520 0.6463
vn 0.4342 0.8605 -0.2663
vn 0.4342 0.8605 -0.2663
vn 0.4342 0.8605 -0.2663
vn 0.4342 0.8605 -0.2663
vn 0.4342 0.8605 -0.2663
vn 0.4342 0.8605 -0.2663
vn 0.3437 0.5655 0.7497
vn 0.3437 0.5655 0.7497
vn 0.3437 0.5655 0.7497
vn 0.3437 0.5655 0.7497
vn 0.3437 0.5655 0.7497
vn 0.3437 0.5655 0.7497
vn 0.4991 0.8358 -0.2288
vn 0.4991 0.8358 -0.2288
vn 0.4991 0.8358 -0.2288
vn 0.4991 0.8358 -0.2288
vn 0.4991 0.8358 -0.2288
vn 0.4991 0.8358 -0.2288
vn -0.7865 0.5670 -0.2448
vn -0.7865 0.5670 -0.2448
vn -0.7865 0.5670 -0.2448
vn -0.7865 0.5670 -0.2448
vn -0.7865 0.5670 -0.2448
vn -0.7865 0.5670 -0.2448
vn -0.1197 0.9153 0.3846
vn -0.1197 0.9153 0.3846
vn -0.1197 0.9153 0.3846
vn -0.1197 0.9153 0.3846
vn -0.1197 0.9153 0.3846
vn -0.1197 0.9153 0.3846
vn -0.6425 0.7443 0.1823
vn -0.6425 0.7443 0.1823
vn -0.6425 0.7443 0.1823
vn -0.6425 0.7443 0.1823
vn -0.6425 0.7443 0.1823
vn -0.6425 0.7443 0.1823
vn 0.2088 0.6440 0.7360
vn 0.2088 0.6440 0.7360
vn 0.2088 0.6440 0.7360
vn 0.2088 0.6440 0.7360
vn 0.2088 0.6440 0.7360
vn 0.2088 0.6440 0.7360
vn -0.6489 0.6896 -0.3214
vn -0.6489 0.6896 -0.3214
vn -0.6489 0.6896 -0.3214
vn -0.6489 0.6896 -0.3214
vn -0.6489 0.6896 -0.3214
vn -0.6489 0.6896 -0.3214
vn -0.2767 0.7820 0.5585
vn -0.2767 0.7820 0.5585
vn -0.2767 0.7820 0.5585
vn -0.2767 0.7820 0.5585
vn -0.2767 0.7820 0.5585
vn -0.2767 0.7820 0.5585
vn 0.3216 0.9305 0.1752
vn 0.3216 0.9305 0.1752
vn 0.3216 0.9305 0.1752
vn 0.3216 0.9305 0.1752
vn 0.3216 0.9305 0.1752
vn 0.3216 0.9305 0.1752
vn 0.2053 0.9033 -0.3767
vn 0.2053 0.9033 -0.3767
vn 0.2053 0.9033 -0.3767
vn 0.2053 0.9033 -0.3767
vn 0.2053 0.9033 -0.3767
vn 0.2053 0.9033 -0.3767
vn -0.3637 0.7430 -0.5618
vn -0.3637 0.7430 -0.5618
vn -0.3637 0.7430 -0.5618
vn -0.3637 0.7430 -0.5618
vn -0.3637 0.7430 -0.5618
vn -0.3637 0.7430 -0.5618
vn -0.3724 0.8962 0.2411
vn -0.3724 0.8962 0.2411
vn -0.3724 0.8962 0.2411
vn -0.3724 0.8962 0.2411
vn -0.3724 0.8962 0.2411
vn -0.3724 0.8962 0.2411
vn -0.8374 0.5447 0.0442
vn -0.8374 0.5447 0.0442
vn -0.8374 0.5447 0.0442
vn -0.8374 0.5447 0.0442
vn -0.8374 0.5447 0.0442
vn -0.8374 0.5447 0.0442
vn 0.0445 0.5349 0.8438
vn 0.0445 0.5349 0.8438
vn 0.0445 0.5349 0.8438
vn 0.0445 0.5349 0.8438
vn 0.0445 0.5349 0.8438
vn 0.0445 0.5349 0.8438
vn -0.0879 0.9219 -0.3773
vn -0.0879 0.9219 -0.3773
vn -0.0879 0.9219 -0.3773
vn -0.0879 0.9219 -0.3773
vn -0.0879 0.9219 -0.3773
vn -0.0879 0.9219 -0.3773
vn -0.3482 0.9339 0.0812
vn -0.3482 0.9339 0.0812
vn -0.3482 0.9339 0.0812
vn -0.3482 0.9339 0.0812
vn -0.3482 0.9339 0.0812
vn -0.3482 0.9339 0.0812
vn -0.6210 0.7147 0.3217
vn -0.6210 0.7147 0.3217
vn -0.6210 0.7147 0.3217
vn -0.6210 0.7147 0.3217
vn -0.6210 0.7147 0.3217
vn -0.6210 0.7147 0.3217
vn 0.3229 0.7121 0.6234
vn 0.3229 0.7121 0.6234
vn 0.3229 0.7121 0.6234
vn 0.3229 0.7121 0.6234
vn 0.3229 0.7121 0.6234
vn 0.3229 0.7121 0.6234
vn 0.4481 0.8794 -0.1605
vn 0.4481 0.8794 -0.1605
vn 0.4481 0.8794 -0.1605
vn 0.4481 0.8794 -0.1605
vn 0.4481 0.8794 -0.1605
vn 0.4481 0.8794 -0.1605
vn -0.2094 0.7838 -0.5846
vn -0.2094 0.7838 -0.5846
vn -0.2094 0.7838 -0.5846
vn -0.2094 0.7838 -0.5846
vn -0.2094 0.7838 -0.5846
vn -0.2094 0.7838 -0.5846
vn -0.2206 0.8702 0.4406
vn -0.2206 0.8702 0.4406
vn -0.2206 0.8702 0.4406
vn -0.2206 0.8702 0.4406
vn -0.2206 0.8702 0.4406
vn -0.2206 0.8702 0.4406
vn 0.4765 0.8462 0.2385
vn 0.4765 0.8462 0.2385
vn 0.4765 0.8462 0.2385
vn 0.4765 0.8462 0.2385
vn 0.4765 0.8462 0.2385
vn 0.4765 0.8462 0.2385
vn -0.3110 0.7977 -0.5167
vn -0.3110 0.7977 -0.5167
vn -0.3110 0.7977 -0.5167
vn -0.3110 0.7977 -0.5167
vn -0.3110 0.7977 -0.5167
vn -0.3110 0.7977 -0.5167
vn -0.6767 0.6133 0.4073
vn -0.6767 0.6133 0.4073
vn -0.6767 0.6133 0.4073
vn -0.6767 0.6133 0.4073
vn -0.6767 0.6133 0.4073
vn -0.6767 0.6133 0.4073
vn -0.2523 0.9339 -0.2534
vn -0.2523 0.9339 -0.2534
vn -0.2523 0.9339 -0.2534
vn -0.2523 0.9339 -0.2534
vn -0.2523 0.9339 -0.2534
vn -0.2523 0.9339 -0.2534
vn -0.6010 0.5301 0.5982
vn -0.6010 0.5301 0.5982
vn -0.6010 0.5301 0.5982
vn -0.6010 0.5301 0.5982
vn -0.6010 0.5301 0.5982
vn -0.6010 0.5301 0.5982
vn -0.4413 0.8533 0.2776
vn -0.4413 0.8533 0.2776
vn -0.4413 0.8533 0.2776
vn -0.4413 0.8533 0.2776
vn -0.4413 0.8533 0.2776
vn -0.4413 0.8533 0.2776
vn 0.2795 0.8512 0.4443
vn 0.2795 0.8512 0.4443
vn 0.2795 0.8512 0.4443
vn 0.2795 0.8512 0.4443
vn 0.2795 0.8512 0.4443
vn 0.2795 0.8512 0.4443
vn -0.6209 0.7834 -0.0276
vn -0.6209 0.7834 -0.0276
vn -0.6209 0.7834 -0.0276
vn -0.6209 0.7834 -0.0276
vn -0.6209 0.7834 -0.0276
vn -0.6209 0.7834 -0.0276
vn -0.0376 0.5314 0.8463
vn -0.0376 0.5314 0.8463
vn -0.0376 0.5314 0.8463
vn -0.0376 0.5314 0.8463
vn -0.0376 0.5314 0.8463
vn -0.0376 0.5314 0.8463
vn 0.4071 0.5954 0.6926
vn 0.4071 0.5954 0.6926
vn 0.4071 0.5954 0.6926
vn 0.4071 0.5954 0.6926
vn 0.4071 0.5954 0.6926
vn 0.4071 0.5954 0.6926
vn 0.5754 0.7446 -0.3383
vn 0.5754 0.7446 -0.3383
vn 0.5754 0.7446 -0.3383
vn 0.5754 0.7446 -0.3383
vn 0.5754 0.7446 -0.3383
vn 0.5754 0.7446 -0.3383
vn 0.7858 0.6162 -0.0523
vn 0.7858 0.6162 -0.0523
vn 0.7858 0.6162 -0.0523
vn 0.7858 0.6162 -0.0523
vn 0.7858 0.6162 -0.0523
vn 0.7858 0.6162 -0.0523
vn -0.0563 0.5298 -0.8463
vn -0.0563 0.5298 -0.8463
vn -0.0563 0.5298 -0.8463
vn -0.0563 0.5298 -0.8463
vn -0.0563 0.5298 -0.8463
vn -0.0563 0.5298 -0.8463
vn -0.1995 0.8762 0.4387
vn -0.1995 0.8762 0.4387
vn -0.1995 0.8762 0.4387
vn -0.1995 0.8762 0.4387
vn -0.1995 0.8762 0.4387
vn -0.1995 0.8762 0.4387
vn 0.5416 0.8037 0.2463
vn 0.5416 0.8037 0.2463
vn 0.5416 0.8037 0.2463
vn 0.5416 0.8037 0.2463
vn 0.5416 0.8037 0.2463
vn 0.5416 0.8037 0.2463
vn -0.6817 0.7269 0.0829
vn -0.6817 0.7269 0.0829
vn -0.6817 0.7269 0.0829
vn -0.6817 0.7269 0.0829
vn -0.6817 0.7269 0.0829
vn -0.6817 0.7269 0.0829
vn 0.0760 0.7766 0.6253
vn 0.0760 0.7766 0.6253
vn 0.0760 0.7766 0.6253
vn 0.0760 0.7766 0.6253
vn 0.0760 0.7766 0.6253
vn 0.0760 0.7766 0.6253
vn 0.3879 0.8983 0.2062
vn 0.3879 0.8983 0.2062
vn 0.3879 0.8983 0.2062
vn 0.3879 0.8983 0.2062
vn 0.3879 0.8983 0.2062
vn 0.3879 0.8983 0.2062
vn 0.3046 0.7607 -0.5731
vn 0.3046 0.7607 -0.5731
vn 0.3046 0.7607 -0.5731
vn 0.3046 0.7607 -0.5731
vn 0.3046 0.7607 -0.5731
vn 0.3046 0.7607 -0.5731
vn -0.7015 0.6879 0.1863
vn -0.7015 0.6879 0.1863
vn -0.7015 0.6879 0.1863
vn -0.7015 0.6879 0.1863
vn -0.7015 0.6879 0.1863
vn -0.7015 0.6879 0.1863
vn 0.2167 0.5355 0.8163
vn 0.2167 0.5355 0.8163
vn 0.2167 0.5355 0.8163
vn 0.2167 0.5355 0.8163
vn 0.2167 0.5355 0.8163
vn 0.2167 0.5355 0.8163
vn -0.1103 0.8589 0.5001
vn -0.1103 0.8589 0.5001
vn -0.1103 0.8589 0.5001
vn -0.1103 0.8589 0.5001
vn -0.1103 0.8589 0.5001
vn -0.1103 0.8589 0.5001
vn 0.4304 0.8976 0.0950
vn 0.4304 0.8976 0.0950
vn 0.4304 0.8976 0.0950
vn 0.4304 0.8976 0.0950
vn 0.4304 0.8976 0.0950
vn 0.4304 0.8976 0.0950
vn 0.6044 0.6896 -0.3988
vn 0.6044 0.6896 -0.3988
vn 0.6044 0.6896 -0.3988
vn 0.6044 0.6896 -0.3988
vn 0.6044 0.6896 -0.3988
vn 0.6044 0.6896 -0.3988
vn -0.3615 0.7544 -0.5479
vn -0.3615 0.7544 -0.5479
vn -0.3615 0.7544 -0.5479
vn -0.3615 0.7544 -0.5479
vn -0.3615 0.7544 -0.5479
vn -0.3615 0.7544 -0.5479
vn -0.4533 0.7508 0.4804
vn -0.4533 0.7508 0.4804
vn -0.4533 0.7508 0.4804
vn -0.4533 0.7508 0.4804
vn -0.4533 0.7508 0.4804
vn -0.4533 0.7508 0.4804
vn 0.5268 0.6894 0.4972
vn 0.5268 0.6894 0.4972
vn 0.5268 0.6894 0.4972
vn 0.5268 0.6894 0.4972
vn 0.5268 0.6894 0.4972
vn 0.5268 0.6894 0.4972
vn 0.5165 0.8416 -0.1578
vn 0.5165 0.8416 -0.1578
vn 0.5165 0.8416 -0.1578
vn 0.5165 0.8416 -0.1578
vn 0.5165 0.8416 -0.1578
vn 0.5165 0.8416 -0.1578
vn -0.1108 0.9253 -0.3626
vn -0.1108 0.9253 -0.3626
vn -0.1108 0.9253 -0.3626
vn -0.1108 0.9253 -0.3626
vn -0.1108 0.9253 -0.3626
vn -0.1108 0.9253 -0.3626
vn 0.1616 0.8798 -0.4471
vn 0.1616 0.8798 -0.4471
vn 0.1616 0.8798 -0.4471
vn 0.1616 0.8798 -0.4471
vn 0.1616 0.8798 -0.4471
vn 0.1616 0.8798 -0.4471
vn -0.7005 0.6673 -0.2531
vn -0.7005 0.6673 -0.2531
vn -0.7005 0.6673 -0.2531
vn -0.7005 0.6673 -0.2531
vn -0.7005 0.6673 -0.2531
vn -0.7005 0.6673 -0.2531
vn 0.4999 0.8290 -0.2508
vn 0.4999 0.8290 -0.2508
vn 0.4999 0.8290 -0.2508
vn 0.4999 0.8290 -0.2508
vn 0.4999 0.8290 -0.2508
vn 0.4999 0.8290 -0.2508
vn -0.3429 0.6444 -0.6835
vn -0.3429 0.6444 -0.6835
vn -0.3429 0.6444 -0.6835
vn -0.3429 0.6444 -0.6835
vn -0.3429 0.6444 -0.6835
vn -0.3429 0.6444 -0.6835
vn 0.0050 0.8489 -0.5285
vn 0.0050 0.8489 -0.5285
vn 0.0050 0.8489 -0.5285
vn 0.0050 0.8489 -0.5285
vn 0.0050 0.8489 -0.5285
vn 0.0050 0.8489 -0.5285
vn -0.8111 0.5849 -0.0077
vn -0.8111 0.5849 -0.0077
vn -0.8111 0.5849 -0.0077
vn -0.8111 0.5849 -0.0077
vn -0.8111 0.5849 -0.0077
vn -0.8111 0.5849 -0.0077
vn -0.4804 0.5858 0.6527
vn -0.4804 0.5858 0.6527
vn -0.4804 0.5858 0.6527
vn -0.4804 0.5858 0.6527
vn -0.4804 0.5858 0.6527
vn -0.4804 0.5858 0.6527
vn 0.6944 0.5065 0.5111
vn 0.6944 0.5065 0.5111
vn 0.6944 0.5065 0.5111
vn 0.6944 0.5065 0.5111
vn 0.6944 0.5065 0.5111
vn 0.6944 0.5065 0.5111
vn 0.1899 0.7963 -0.5744
vn 0.1899 0.7963 -0.5744
vn 0.1899 0.7963 -0.5744
vn 0.1899 0.7963 -0.5744
vn 0.1899 0.7963 -0.5744
vn 0.1899 0.7963 -0.5744
vn -0.5402 0.8223 -0.1786
vn -0.5402 0.8223 -0.1786
vn -0.5402 0.8223 -0.1786
vn -0.5402 0.8223 -0.1786
vn -0.5402 0.8223 -0.1786
vn -0.5402 0.8223 -0.1786
vn -0.0066 0.8976 -0.4407
vn -0.0066 0.8976 -0.4407
vn -0.0066 0.8976 -0.4407
vn -0.0066 0.8976 -0.4407
vn -0.0066 0.8976 -0.4407
vn -0.0066 0.8976 -0.4407
vn -0.4099 0.9121 0.0062
vn -0.4099 0.9121 0.0062
vn -0.4099 0.9121 0.0062
vn -0.4099 0.9121 0.0062
vn -0.4099 0.9121 0.0062
vn -0.4099 0.9121 0.0062
vn -0.1958 0.8841 0.4244
vn -0.1958 0.8841 0.4244
vn -0.1958 0.8841 0.4244
vn -0.1958 0.8841 0.4244
vn -0.1958 0.8841 0.4244
vn -0.1958 0.8841 0.4244
vn 0.5757 0.7733 0.2656
vn 0.5757 0.7733 0.2656
vn 0.5757 0.7733 0.2656
vn 0.5757 0.7733 0.2656
vn 0.5757 0.7733 0.2656
vn 0.5757 0.7733 0.2656
vn -0.5738 0.7751 0.2644
vn -0.5738 0.7751 0.2644
vn -0.5738 0.7751 0.2644
vn -0.5738 0.7751 0.2644
vn -0.5738 0.7751 0.2644
vn -0.5738 0.7751 0.2644
vn 0.3340 0.6025 0.7249
vn 0.3340 0.6025 0.7249
vn 0.3340 0.6025 0.7249
vn 0.3340 0.6025 0.7249
vn 0.3340 0.6025 0.7249
vn 0.3340 0.6025 0.7249
vn -0.3436 0.9315 0.1192
vn -0.3436 0.9315 0.1192
vn -0.3436 0.9315 0.1192
vn -0.3436 0.9315 0.1192
vn -0.3436 0.9315 0.1192
vn -0.3436 0.9315 0.1192
vn 0.1570 0.8778 0.4526
vn 0.1570 0.8778 0.4526
vn 0.1570 0.8778 0.4526
vn 0.1570 0.8778 0.4526
vn 0.1570 0.8778 0.4526
vn 0.1570 0.8778 0.4526
vn -0.2902 0.8598 0.4202
vn -0.2902 0.8598 0.4202
vn -0.2902 0.8598 0.4202
vn -0.2902 0.8598 0.4202
vn -0.2902 0.8598 0.4202
vn -0.2902 0.8598 0.4202
vn 0.7067 0.5122 0.4881
vn 0.7067 0.5122 0.4881
vn 0.7067 0.5122 0.4881
vn 0.7067 0.5122 0.4881
vn 0.7067 0.5122 0.4881
vn 0.7067 0.5122 0.4881
vn -0.8622 0.5012 0.0734
vn -0.8622 0.5012 0.0734
vn -0.8622 0.5012 0.0734
vn -0.8622 0.5012 0.0734
vn -0.8622 0.5012 0.0734
vn -0.8622 0.5012 0.0734
vn 0.0580 0.7300 0.6810
vn 0.0580 0.7300 0.6810
vn 0.0580 0.7300 0.6810
vn 0.0580 0.7300 0.6810
vn 0.0580 0.7300 0.6810
vn 0.0580 0.7300 0.6810
vn -0.5424 0.5609 0.6255
vn -0.5424 0.5609 0.6255
vn -0.5424 0.5609 0.6255
vn -0.5424 0.5609 0.6255
vn -0.5424 0.5609 0.6255
vn -0.5424 0.5609 0.6255
vn 0.3371 0.8949 0.2923
vn 0.3371 0.8949 0.2923
vn 0.3371 0.8949 0.2923
vn 0.3371 0.8949 0.2923
vn 0.3371 0.8949 0.2923
vn 0.3371 0.8949 0.2923
vn -0.5214 0.7298 0.4422
vn -0.5214 0.7298 0.4422
vn -0.5214 0.7298 0.4422
vn -0.5214 0.7298 0.4422
vn -0.5214 0.7298 0.4422
vn -0.5214 0.7298 0.4422
vn 0.2786 0.9024 0.3285
vn 0.2786 0.9024 0.3285
vn 0.2786 0.9024 0.3285
vn 0.2786 0.9024 0.3285
vn 0.2786 0.9024 0.3285
vn 0.2786 0.9024 0.3285
vn 0.0167 0.5599 0.8284
vn 0.0167 0.5599 0.8284
vn 0.0167 0.5599 0.8284
vn 0.0167 0.5599 0.8284
vn 0.0167 0.5599 0.8284
vn 0.0167 0.5599 0.8284
vn 0.5846 0.8112 -0.0118
vn 0.5846 0.8112 -0.0118
vn 0.5846 0.8112 -0.0118
vn 0.5846 0.8112 -0.0118
vn 0.5846 0.8112 -0.0118
vn 0.5846 0.8112 -0.0118
vn -0.6498 0.7601 0.0030
vn -0.6498 0.7601 0.0030
vn -0.6498 0.7601 0.0030
vn -0.6498 0.7601 0.0030
vn -0.6498 0.7601 0.0030
vn -0.6498 0.7601 0.0030
vn 0.0036 0.6450 0.7642
vn 0.0036 0.6450 0.7642
vn 0.0036 0.6450 0.7642
vn 0.0036 0.6450 0.7642
vn 0.0036 0.6450 0.7642
vn 0.0036 0.6450 0.7642
vn -0.5672 0.6780 0.4675
vn -0.5672 0.6780 0.4675
vn -0.5672 0.6780 0.4675
vn -0.5672 0.6780 0.4675
vn -0.5672 0.6780 0.4675
vn -0.5672 0.6780 0.4675
vn 0.3893 0.7908 0.4723
vn 0.3893 0.7908 0.4723
vn 0.3893 0.7908 0.4723
vn 0.3893 0.7908 0.4723
vn 0.3893 0.7908 0.4723
vn 0.3893 0.7908 0.4723
vn -0.5372 0.7446 0.3963
vn -0.5372 0.7446 0.3963
vn -0.5372 0.7446 0.3963
vn -0.5372 0.7446 0.3963
vn -0.5372 0.7446 0.3963
vn -0.5372 0.7446 0.3963
vn 0.3103 0.8525 0.4206
vn 0.3103 0.8525 0.4206
vn 0.3103 0.8525 0.4206
vn 0.3103 0.8525 0.4206
vn 0.3103 0.8525 0.4206
vn 0.3103 0.8525 0.4206
vn -0.2420 0.6916 -0.6805
vn -0.2420 0.6916 -0.6805
vn -0.2420 0.6916 -0.6805
vn -0.2420 0.6916 -0.6805
vn -0.2420 0.6916 -0.6805
vn -0.2420 0.6916 -0.6805
vn -0.7739 0.5704 0.2752
vn -0.7739 0.5704 0.2752
vn -0.7739 0.5704 0.2752
vn -0.7739 0.5704 0.2752
vn -0.7739 0.5704 0.2752
vn -0.7739 0.5704 0.2752
vn -0.4957 0.8429 -0.2094
vn -0.4957 0.8429 -0.2094
vn -0.4957 0.8429 -0.2094
vn -0.4957 0.8429 -0.2094
vn -0.4957 0.8429 -0.2094
vn -0.4957 0.8429 -0.2094
vn -0.1894 0.8735 0.4484
vn -0.1894 0.8735 0.4484
vn -0.1894 0.8735 0.4484
vn -0.1894 0.8735 0.4484
vn -0.1894 0.8735 0.4484
vn -0.1894 0.8735 0.4484
vn 0.3348 0.8981 -0.2850
vn 0.3348 0.8981 -0.2850
vn 0.3348 0.8981 -0.2850
vn 0.3348 0.8981 -0.2850
vn 0.3348 0.8981 -0.2850
vn 0.3348 0.8981 -0.2850
vn -0.5476 0.5351 -0.6433
vn -0.5476 0.5351 -0.6433
vn -0.5476 0.5351 -0.6433
vn -0.5476 0.5351 -0.6433
vn -0.5476 0.5351 -0.6433
vn -0.5476 0.5351 -0.6433
vn -0.1993 0.8591 -0.4714
vn -0.1993 0.8591 -0.4714
vn -0.1993 0.8591 -0.4714
vn -0.1993 0.8591 -0.4714
vn -0.1993 0.8591 -0.4714
vn -0.1993 0.8591 -0.4714
vn -0.6524 0.7059 0.2758
vn -0.6524 0.7059 0.2758
vn -0.6524 0.7059 0.2758
vn -0.6524 0.7059 0.2758
vn -0.6524 0.7059 0.2758
vn -0.6524 0.7059 0.2758
vn 0.6386 0.7590 0.1272
vn 0.6386 0.7590 0.1272
vn 0.6386 0.7590 0.1272
vn 0.6386 0.7590 0.1272
vn 0.6386 0.7590 0.1272
vn 0.6386 0.7590 0.1272
vn 0.0731 0.9274 -0.3668
vn 0.0731 0.9274 -0.3668
vn 0.0731 0.9274 -0.3668
vn 0.0731 0.9274 -0.3668
vn 0.0731 0.9274 -0.3668
vn 0.0731 0.9274 -0.3668
vn -0.2081 0.9075 0.3649
vn -0.2081 0.9075 0.3649
vn -0.2081 0.9075 0.3649
vn -0.2081 0.9075 0.3649
vn -0.2081 0.9075 0.3649
vn -0.2081 0.9075 0.3649
vn 0.6749 0.6297 0.3848
vn 0.6749 0.6297 0.3848
vn 0.6749 0.6297 0.3848
vn 0.6749 0.6297 0.3848
vn 0.6749 0.6297 0.3848
vn 0.6749 0.6297 0.3848
vn -0.0954 0.8164 -0.5696
vn -0.0954 0.8164 -0.5696
vn -0.0954 0.8164 -0.5696
vn -0.0954 0.8164 -0.5696
vn -0.0954 0.8164 -0.5696
vn -0.0954 0.8164 -0.5696
vn -0.5771 0.8109 0.0966
vn -0.5771 0.8109 0.0966
vn -0.5771 0.8109 0.0966
vn -0.5771 0.8109 0.0966
vn -0.5771 0.8109 0.0966
vn -0.5771 0.8109 0.0966
vn 0.5049 0.8470 -0.1665
vn 0.5049 0.8470 -0.1665
vn 0.5049 0.8470 -0.1665
vn 0.5049 0.8470 -0.1665
vn 0.5049 0.8470 -0.1665
vn 0.5049 0.8470 -0.1665
vn -0.2218 0.7059 -0.6727
vn -0.2218 0.7059 -0.6727
vn -0.2218 0.7059 -0.6727
vn -0.2218 0.7059 -0.6727
vn -0.2218 0.7059 -0.6727
vn -0.2218 0.7059 -0.6727
vn 0.0627 0.8317 0.5517
vn 0.0627 0.8317 0.5517
vn 0.0627 0.8317 0.5517
vn 0.0627 0.8317 0.5517
vn 0.0627 0.8317 0.5517
vn 0.0627 0.8317 0.5517
vn 0.5883 0.8059 -0.0668
vn 0.5883 0.8059 -0.0668
vn 0.5883 0.8059 -0.0668
vn 0.5883 0.8059 -0.0668
vn 0.5883 0.8059 -0.0668
vn 0.5883 0.8059 -0.0668
vn 0.4011 0.8975 -0.1837
vn 0.4011 0.8975 -0.1837
vn 0.4011 0.8975 -0.1837
vn 0.4011 0.8975 -0.1837
vn 0.4011 0.8975 -0.1837
vn 0.4011 0.8975 -0.1837
vn -0.2618 0.7776 -0.5716
vn -0.2618 0.7776 -0.5716
vn -0.2618 0.7776 -0.5716
vn -0.2618 0.7776 -0.5716
vn -0.2618 0.7776 -0.5716
vn -0.2618 0.7776 -0.5716
vn 0.4719 0.8290 0.3002
vn 0.4719 0.8290 0.3002
vn 0.4719 0.8290 0.3002
vn 0.4719 0.8290 0.3002
vn 0.4719 0.8290 0.3002
vn 0.4719 0.8290 0.3002
vn 0.3826 0.7013 -0.6015
vn 0.3826 0.7013 -0.6015
vn 0.3826 0.7013 -0.6015
vn 0.3826 0.7013 -0.6015
vn 0.3826 0.7013 -0.6015
vn 0.3826 0.7013 -0.6015
vn 0.4209 0.8415 -0.3388
vn 0.4209 0.8415 -0.3388
vn 0.4209 0.8415 -0.3388
vn 0.4209 0.8415 -0.3388
vn 0.4209 0.8415 -0.3388
vn 0.4209 0.8415 -0.3388
vn -0.4736 0.6553 -0.5884
vn -0.4736 0.6553 -0.5884
vn -0.4736 0.6553 -0.5884
vn -0.4736 0.6553 -0.5884
vn -0.4736 0.6553 -0.5884
vn -0.4736 0.6553 -0.5884
vn 0.4775 0.6069 0.6353
vn 0.4775 0.6069 0.6353
vn 0.4775 0.6069 0.6353
vn 0.4775 0.6069 0.6353
vn 0.4775 0.6069 0.6353
vn 0.4775 0.6069 0.6353
vn 0.6078 0.6495 -0.4569
vn 0.6078 0.6495 -0.4569
vn 0.6078 0.6495 -0.4569
vn 0.6078 0.6495 -0.4569
vn 0.6078 0.6495 -0.4569
vn 0.6078 0.6495 -0.4569
vn 0.5026 0.6330 0.5888
vn 0.5026 0.6330 0.5888
vn 0.5026 0.6330 0.5888
vn 0.5026 0.6330 0.5888
vn 0.5026 0.6330 0.5888
vn 0.5026 0.6330 0.5888
vn 0.6353 0.5499 -0.5423
vn 0.6353 0.5499 -0.5423
vn 0.6353 0.5499 -0.5423
vn 0.6353 0.5499 -0.5423
vn 0.6353 0.5499 -0.5423
vn 0.6353 0.5499 -0.5423
vn 0.3393 0.8590 -0.3833
vn 0.3393 0.8590 -0.3833
vn 0.3393 0.8590 -0.3833
vn 0.3393 0.8590 -0.3833
vn 0.3393 0.8590 -0.3833
vn 0.3393 0.8590 -0.3833
vn -0.5228 0.7158 -0.4629
vn -0.5228 0.7158 -0.4629
vn -0.5228 0.7158 -0.4629
vn -0.5228 0.7158 -0.4629
vn -0.5228 0.7158 -0.4629
vn -0.5228 0.7158 -0.4629
vn -0.5365 0.8310 -0.1468
vn -0.5365 0.8310 -0.1468
vn -0.5365 0.8310 -0.1468
vn -0.5365 0.8310 -0.1468
vn -0.5365 0.8310 -0.1468
vn -0.5365 0.8310 -0.1468
vn -0.2246 0.5253 0.8208
vn -0.2246 0.5253 0.8208
vn -0.2246 0.5253 0.8208
vn -0.2246 0.5253 0.8208
vn -0.2246 0.5253 0.8208
vn -0.2246 0.5253 0.8208
vn 0.2825 0.9139 -0.2916
vn 0.2825 0.9139 -0.2916
vn 0.2825 0.9139 -0.2916
vn 0.2825 0.9139 -0.2916
vn 0.2825 0.9139 -0.2916
vn 0.2825 0.9139 -0.2916
vn -0.3257 0.8913 -0.3154
vn -0.3257 0.8913 -0.3154
vn -0.3257 0.8913 -0.3154
vn -0.3257 0.8913 -0.3154
vn -0.3257 0.8913 -0.3154
vn -0.3257 0.8913 -0.3154
vn -0.2450 0.8154 0.5245
vn -0.2450 0.8154 0.5245
vn -0.2450 0.8154 0.5245
vn -0.2450 0.8154 0.5245
vn -0.2450 0.8154 0.5245
vn -0.2450 0.8154 0.5245
vn 0.5431 0.8004 0.2537
vn 0.5431 0.8004 0.2537
vn 0.5431 0.8004 0.2537
vn 0.5431 0.8004 0.2537
vn 0.5431 0.8004 0.2537
vn 0.5431 0.8004 0.2537
vn -0.2864 0.7736 0.5653
vn -0.2864 0.7736 0.5653
vn -0.2864 0.7736 0.5653
vn -0.2864 0.7736 0.5653
vn -0.2864 0.7736 0.5653
vn -0.2864 0.7736 0.5653
vn 0.4890 0.8363 0.2478
vn 0.4890 0.8363 0.2478
vn 0.4890 0.8363 0.2478
vn 0.4890 0.8363 0.2478
vn 0.4890 0.8363 0.2478
vn 0.4890 0.8363 0.2478
vn -0.3853 0.7018 -0.5992
vn -0.3853 0.7018 -0.5992
vn -0.3853 0.7018 -0.5992
vn -0.3853 0.7018 -0.5992
vn -0.3853 0.7018 -0.5992
vn -0.3853 0.7018 -0.5992
vn -0.4937 0.8096 0.3175
vn -0.4937 0.8096 0.3175
vn -0.4937 0.8096 0.3175
vn -0.4937 0.8096 0.3175
vn -0.4937 0.8096 0.3175
vn -0.4937 0.8096 0.3175
vn -0.4976 0.5962 0.6300
vn -0.4976 0.5962 0.6300
vn -0.4976 0.5962 0.6300
vn -0.4976 0.5962 0.6300
vn -0.4976 0.5962 0.6300
vn -0.4976 0.5962 0.6300
vn 0.5484 0.7152 0.4332
vn 0.5484 0.7152 0.4332
vn 0.5484 0.7152 0.4332
vn 0.5484 0.7152 0.4332
vn 0.5484 0.7152 0.4332
vn 0.5484 0.7152 0.4332
vn -0.4564 0.8354 -0.3062
vn -0.4564 0.8354 -0.3062
vn -0.4564 0.8354 -0.3062
vn -0.4564 0.8354 -0.3062
vn -0.4564 0.8354 -0.3062
vn -0.4564 0.8354 -0.3062
vn -0.3349 0.7992 0.4991
vn -0.3349 0.7992 0.4991
vn -0.3349 0.7992 0.4991
vn -0.3349 0.7992 0.4991
vn -0.3349 0.7992 0.4991
vn -0.3349 0.7992 0.4991
vn 0.2069 0.9390 0.2749
vn 0.2069 0.9390 0.2749
vn 0.2069 0.9390 0.2749
vn 0.2069 0.9390 0.2749
vn 0.2069 0.9390 0.2749
vn 0.2069 0.9390 0.2749
vn 0.3588 0.8935 -0.2700
vn 0.3588 0.8935 -0.2700
vn 0.3588 0.8935 -0.2700
vn 0.3588 0.8935 -0.2700
vn 0.3588 0.8935 -0.2700
vn 0.3588 0.8935 -0.2700
vn -0.4222 0.5347 0.7320
vn -0.4222 0.5347 0.7320
vn -0.4222 0.5347 0.7320
vn -0.4222 0.5347 0.7320
vn -0.4222 0.5347 0.7320
vn -0.4222 0.5347 0.7320
vn 0.7412 0.5176 0.4275
vn 0.7412 0.5176 0.4275
vn 0.7412 0.5176 0.4275
vn 0.7412 0.5176 0.4275
vn 0.7412 0.5176 0.4275
vn 0.7412 0.5176 0.4275
vn -0.6313 0.5174 0.5778
vn -0.6313 0.5174 0.5778
vn -0.6313 0.5174 0.5778
vn -0.6313 0.5174 0.5778
vn -0.6313 0.5174 0.5778
vn -0.6313 0.5174 0.5778
vn 0.4005 0.8050 0.4376
vn 0.4005 0.8050 0.4376
vn 0.4005 0.8050 0.4376
vn 0.4005 0.8050 0.4376
vn 0.4005 0.8050 0.4376
vn 0.4005 0.8050 0.4376
vn 0.4174 0.6259 -0.6588
vn 0.4174 0.6259 -0.6588
vn 0.4174 0.6259 -0.6588
vn 0.4174 0.6259 -0.6588
vn 0.4174 0.6259 -0.6588
vn 0.4174 0.6259 -0.6588
vn -0.6902 0.5767 -0.4372
vn -0.6902 0.5767 -0.4372
vn -0.6902 0.5767 -0.4372
vn -0.6902 0.5767 -0.4372
vn -0.6902 0.5767 -0.4372
vn -0.6902 0.5767 -0.4372
vn -0.6489 0.6606 0.3776
vn -0.6489 0.6606 0.3776
vn -0.6489 0.6606 0.3776
vn -0.6489 0.6606 0.3776
vn -0.6489 0.6606 0.3776
vn -0.6489 0.6606 0.3776
vn 0.3977 0.6123 0.6834
vn 0.3977 0.6123 0.6834
vn 0.3977 0.6123 0.6834
vn 0.3977 0.6123 0.6834
vn 0.3977 0.6123 0.6834
vn 0.3977 0.6123 0.6834
vn -0.2621 0.6938 -0.6708
vn -0.2621 0.6938 -0.6708
vn -0.2621 0.6938 -0.6708
vn -0.2621 0.6938 -0.6708
vn -0.2621 0.6938 -0.6708
vn -0.2621 0.6938 -0.6708
vn -0.6781 0.6855 0.2650
vn -0.6781 0.6855 0.2650
vn -0.6781 0.6855 0.2650
vn -0.6781 0.6855 0.2650
vn -0.6781 0.6855 0.2650
vn -0.6781 0.6855 0.2650
vn -0.6439 0.5999 -0.4749
vn -0.6439 0.5999 -0.4749
vn -0.6439 0.5999 -0.4749
vn -0.6439 0.5999 -0.4749
vn -0.6439 0.5999 -0.4749
vn -0.6439 0.5999 -0.4749
vn -0.2143 0.9325 0.2906
vn -0.2143 0.9325 0.2906
vn -0.2143 0.9325 0.2906
vn -0.2143 0.9325 0.2906
vn -0.2143 0.9325 0.2906
vn -0.2143 0.9325 0.2906
vn 0.2859 0.8491 -0.4441
vn 0.2859 0.8491 -0.4441
vn 0.2859 0.8491 -0.4441
vn 0.2859 0.8491 -0.4441
vn 0.2859 0.8491 -0.4441
vn 0.2859 0.8491 -0.4441
vn -0.6499 0.6346 -0.4183
vn -0.6499 0.6346 -0.4183
vn -0.6499 0.6346 -0.4183
vn -0.6499 0.6346 -0.4183
vn -0.6499 0.6346 -0.4183
vn -0.6499 0.6346 -0.4183
vn 0.1841 0.9256 0.3307
vn 0.1841 0.9256 0.3307
vn 0.1841 0.9256 0.3307
vn 0.1841 0.9256 0.3307
vn 0.1841 0.9256 0.3307
vn 0.1841 0.9256 0.3307
vn 0.4570 0.8523 -0.2545
vn 0.4570 0.8523 -0.2545
vn 0.4570 0.8523 -0.2545
vn 0.4570 0.8523 -0.2545
vn 0.4570 0.8523 -0.2545
vn 0.4570 0.8523 -0.2545
vn 0.5094 0.7769 -0.3700
vn 0.5094 0.7769 -0.3700
vn 0.5094 0.7769 -0.3700
vn 0.5094 0.7769 -0.3700
vn 0.5094 0.7769 -0.3700
vn 0.5094 0.7769 -0.3700
vn -0.3795 0.7635 -0.5225
vn -0.3795 0.7635 -0.5225
vn -0.3795 0.7635 -0.5225
vn -0.3795 0.7635 -0.5225
vn -0.3795 0.7635 -0.5225
vn -0.3795 0.7635 -0.5225
vn -0.0292 0.8049 0.5927
vn -0.0292 0.8049 0.5927
vn -0.0292 0.8049 0.5927
vn -0.0292 0.8049 0.5927
vn -0.0292 0.8049 0.5927
vn -0.0292 0.8049 0.5927
vn 0.7618 0.6467 0.0375
vn 0.7618 0.6467 0.0375
vn 0.7618 0.6467 0.0375
vn 0.7618 0.6467 0.0375
vn 0.7618 0.6467 0.0375
vn 0.7618 0.6467 0.0375
vn 0.0780 0.8900 0.4492
vn 0.0780 0.8900 0.4492
vn 0.0780 0.8900 0.4492
vn 0.0780 0.8900 0.4492
vn 0.0780 0.8900 0.4492
vn 0.0780 0.8900 0.4492
vn 0.8327 0.5345 -0.1447
vn 0.8327 0.5345 -0.1447
vn 0.8327 0.5345 -0.1447
vn 0.8327 0.5345 -0.1447
vn 0.8327 0.5345 -0.1447
vn 0.8327 0.5345 -0.1447
vn 0.2167 0.9200 -0.3264
vn 0.2167 0.9200 -0.3264
vn 0.2167 0.9200 -0.3264
vn 0.2167 0.9200 -0.3264
vn 0.2167 0.9200 -0.3264
vn 0.2167 0.9200 -0.3264
vn -0.5542 0.7467 -0.3678
vn -0.5542 0.7467 -0.3678
vn -0.5542 0.7467 -0.3678
vn -0.5542 0.7467 -0.3678
vn -0.5542 0.7467 -0.3678
vn -0.5542 0.7467 -0.3678
vn 0.2042 0.8207 -0.5336
vn 0.2042 0.8207 -0.5336
vn 0.2042 0.8207 -0.5336
vn 0.2042 0.8207 -0.5336
vn 0.2042 0.8207 -0.5336
vn 0.2042 0.8207 -0.5336
vn -0.6863 0.6782 -0.2627
vn -0.6863 0.6782 -0.2627
vn -0.6863 0.6782 -0.2627
vn -0.6863 0.6782 -0.2627
vn -0.6863 0.6782 -0.2627
vn -0.6863 0.6782 -0.2627
vn -0.2801 0.5002 0.8193
vn -0.2801 0.5002 0.8193
vn -0.2801 0.5002 0.8193
vn -0.2801 0.5002 0.8193
vn -0.2801 0.5002 0.8193
vn -0.2801 0.5002 0.8193
vn 0.7898 0.5506 0.2701
vn 0.7898 0.5506 0.2701
vn 0.7898 0.5506 0.2701
vn 0.7898 0.5506 0.2701
vn 0.7898 0.5506 0.2701
vn 0.7898 0.5506 0.2701
vn 0.3932 0.8873 -0.2410
vn 0.3932 0.8873 -0.2410
vn 0.3932 0.8873 -0.2410
vn 0.3932 0.8873 -0.2410
vn 0.3932 0.8873 -0.2410
vn 0.3932 0.8873 -0.2410
vn -0.3255 0.7823 -0.5311
vn -0.3255 0.7823 -0.5311
vn -0.3255 0.7823 -0.5311
vn -0.3255 0.7823 -0.5311
vn -0.3255 0.7823 -0.5311
vn -0.3255 0.7823 -0.5311
vn -0.2805 0.8693 0.4071
vn -0.2805 0.8693 0.4071
vn -0.2805 0.8693 0.4071
vn -0.2805 0.8693 0.4071
vn -0.2805 0.8693 0.4071
vn -0.2805 0.8693 0.4071
vn 0.4167 0.8625 0.2871
vn 0.4167 0.8625 0.2871
vn 0.4167 0.8625 0.2871
vn 0.4167 0.8625 0.2871
vn 0.4167 0.8625 0.2871
vn 0.4167 0.8625 0.2871
vn -0.1031 0.8468 -0.5218
vn -0.1031 0.8468 -0.5218
vn -0.1031 0.8468 -0.5218
vn -0.1031 0.8468 -0.5218
vn -0.1031 0.8468 -0.5218
vn -0.1031 0.8468 -0.5218
vn -0.3950 0.9153 0.0781
vn -0.3950 0.9153 0.0781
vn -0.3950 0.9153 0.0781
vn -0.3950 0.9153 0.0781
vn -0.3950 0.9153 0.0781
vn -0.3950 0.9153 0.0781
vn 0.5078 -0.8349 -0.2122
vn 0.5078 -0.8349 -0.2122
vn 0.5078 -0.8349 -0.2122
vn 0.5078 -0.8349 -0.2122
vn 0.5078 -0.8349 -0.2122
vn 0.5078 -0.8349 -0.2122
vn -0.2438 -0.7747 -0.5834
vn -0.2438 -0.7747 -0.5834
vn -0.2438 -0.7747 -0.5834
vn -0.2438 -0.7747 -0.5834
vn -0.2438 -0.7747 -0.5834
vn -0.2438 -0.7747 -0.5834
vn -0.5319 -0.7069 0.4661
vn -0.5319 -0.7069 0.4661
vn -0.5319 -0.7069 0.4661
vn -0.5319 -0.7069 0.4661
vn -0.5319 -0.7069 0.4661
vn -0.5319 -0.7069 0.4661
vn 0.2952 -0.8940 0.3369
vn 0.2952 -0.8940 0.3369
vn 0.2952 -0.8940 0.3369
vn 0.2952 -0.8940 0.3369
vn 0.2952 -0.8940 0.3369
vn 0.2952 -0.8940 0.3369
vn -0.3158 -0.8964 -0.3111
vn -0.3158 -0.8964 -0.3111
vn -0.3158 -0.8964 -0.3111
vn -0.3158 -0.8964 -0.3111
vn -0.3158 -0.8964 -0.3111
vn -0.3158 -0.8964 -0.3111
vn -0.4394 -0.7798 0.4460
vn -0.4394 -0.7798 0.4460
vn -0.4394 -0.7798 0.4460
vn -0.4394 -0.7798 0.4460
vn -0.4394 -0.7798 0.4460
vn -0.4394 -0.7798 0.4460
vn 0.6006 -0.7881 0.1344
vn 0.6006 -0.7881 0.1344
vn 0.6006 -0.7881 0.1344
vn 0.6006 -0.7881 0.1344
vn 0.6006 -0.7881 0.1344
vn 0.6006 -0.7881 0.1344
vn 0.0797 -0.9310 -0.3561
vn 0.0797 -0.9310 -0.3561
vn 0.0797 -0.9310 -0.3561
vn 0.0797 -0.9310 -0.3561
vn 0.0797 -0.9310 -0.3561
vn 0.0797 -0.9310 -0.3561
vn 0.1381 -0.6313 0.7632
vn 0.1381 -0.6313 0.7632
vn 0.1381 -0.6313 0.7632
vn 0.1381 -0.6313 0.7632
vn 0.1381 -0.6313 0.7632
vn 0.1381 -0.6313 0.7632
vn 0.5316 -0.8415 -0.0962
vn 0.5316 -0.8415 -0.0962
vn 0.5316 -0.8415 -0.0962
vn 0.5316 -0.8415 -0.0962
vn 0.5316 -0.8415 -0.0962
vn 0.5316 -0.8415 -0.0962
vn 0.7992 -0.5990 -0.0496
vn 0.7992 -0.5990 -0.0496
vn 0.7992 -0.5990 -0.0496
vn 0.7992 -0.5990 -0.0496
vn 0.7992 -0.5990 -0.0496
vn 0.7992 -0.5990 -0.0496
vn -0.0346 -0.8296 -0.5573
vn -0.0346 -0.8296 -0.5573
vn -0.0346 -0.8296 -0.5573
vn -0.0346 -0.8296 -0.5573
vn -0.0346 -0.8296 -0.5573
vn -0.0346 -0.8296 -0.5573
vn 0.1894 -0.7974 0.5729
vn 0.1894 -0.7974 0.5729
vn 0.1894 -0.7974 0.5729
vn 0.1894 -0.7974 0.5729
vn 0.1894 -0.7974 0.5729
vn 0.1894 -0.7974 0.5729
vn 0.5040 -0.8475 -0.1666
vn 0.5040 -0.8475 -0.1666
vn 0.5040 -0.8475 -0.1666
vn 0.5040 -0.8475 -0.1666
vn 0.5040 -0.8475 -0.1666
vn 0.5040 -0.8475 -0.1666
vn -0.5325 -0.5475 -0.6455
vn -0.5325 -0.5475 -0.6455
vn -0.5325 -0.5475 -0.6455
vn -0.5325 -0.5475 -0.6455
vn -0.5325 -0.5475 -0.6455
vn -0.5325 -0.5475 -0.6455
vn -0.4014 -0.8540 0.3311
vn -0.4014 -0.8540 0.3311
vn -0.4014 -0.8540 0.3311
vn -0.4014 -0.8540 0.3311
vn -0.4014 -0.8540 0.3311
vn -0.4014 -0.8540 0.3311
vn 0.5012 -0.6686 -0.5493
vn 0.5012 -0.6686 -0.5493
vn 0.5012 -0.6686 -0.5493
vn 0.5012 -0.6686 -0.5493
vn 0.5012 -0.6686 -0.5493
vn 0.5012 -0.6686 -0.5493
vn -0.5996 -0.5842 -0.5470
vn -0.5996 -0.5842 -0.5470
vn -0.5996 -0.5842 -0.5470
vn -0.5996 -0.5842 -0.5470
vn -0.5996 -0.5842 -0.5470
vn -0.5996 -0.5842 -0.5470
vn 0.4586 -0.8850 0.0798
vn 0.4586 -0.8850 0.0798
vn 0.4586 -0.8850 0.0798
vn 0.4586 -0.8850 0.0798
vn 0.4586 -0.8850 0.0798
vn 0.4586 -0.8850 0.0798
vn 0.0616 -0.9332 -0.3541
vn 0.0616 -0.9332 -0.3541
vn 0.0616 -0.9332 -0.3541
vn 0.0616 -0.9332 -0.3541
vn 0.0616 -0.9332 -0.3541
vn 0.0616 -0.9332 -0.3541
vn 0.5073 -0.6377 0.5797
vn 0.5073 -0.6377 0.5797
vn 0.5073 -0.6377 0.5797
vn 0.5073 -0.6377 0.5797
vn 0.5073 -0.6377 0.5797
vn 0.5073 -0.6377 0.5797
vn 0.6236 -0.5597 -0.5457
vn 0.6236 -0.5597 -0.5457
vn 0.6236 -0.5597 -0.5457
vn 0.6236 -0.5597 -0.5457
vn 0.6236 -0.5597 -0.5457
vn 0.6236 -0.5597 -0.5457
vn -0.3366 -0.8414 -0.4227
vn -0.3366 -0.8414 -0.4227
vn -0.3366 -0.8414 -0.4227
vn -0.3366 -0.8414 -0.4227
vn -0.3366 -0.8414 -0.4227
vn -0.3366 -0.8414 -0.4227
vn -0.5996 -0.6422 0.4775
vn -0.5996 -0.6422 0.4775
vn -0.5996 -0.6422 0.4775
vn -0.5996 -0.6422 0.4775
vn -0.5996 -0.6422 0.4775
vn -0.5996 -0.6422 0.4775
vn 0.6385 -0.7522 -0.1626
vn 0.6385 -0.7522 -0.1626
vn 0.6385 -0.7522 -0.1626
vn 0.6385 -0.7522 -0.1626
vn 0.6385 -0.7522 -0.1626
vn 0.6385 -0.7522 -0.1626
vn -0.2051 -0.5564 -0.8052
vn -0.2051 -0.5564 -0.8052
vn -0.2051 -0.5564 -0.8052
vn -0.2051 -0.5564 -0.8052
vn -0.2051 -0.5564 -0.8052
vn -0.2051 -0.5564 -0.8052
vn 0.2587 -0.8249 -0.5026
vn 0.2587 -0.8249 -0.5026
vn 0.2587 -0.8249 -0.5026
vn 0.2587 -0.8249 -0.5026
vn 0.2587 -0.8249 -0.5026
vn 0.2587 -0.8249 -0.5026
vn -0.7209 -0.5853 -0.3711
vn -0.7209 -0.5853 -0.3711
vn -0.7209 -0.5853 -0.3711
vn -0.7209 -0.5853 -0.3711
vn -0.7209 -0.5853 -0.3711
vn -0.7209 -0.5853 -0.3711
vn -0.2268 -0.8188 0.5274
vn -0.2268 -0.8188 0.5274
vn -0.2268 -0.8188 0.5274
vn -0.2268 -0.8188 0.5274
vn -0.2268 -0.8188 0.5274
vn -0.2268 -0.8188 0.5274
vn 0.5097 -0.8320 0.2191
vn 0.5097 -0.8320 0.2191
vn 0.5097 -0.8320 0.2191
vn 0.5097 -0.8320 0.2191
vn 0.5097 -0.8320 0.2191
vn 0.5097 -0.8320 0.2191
vn 0.2608 -0.6435 0.7197
vn 0.2608 -0.6435 0.7197
vn 0.2608 -0.6435 0.7197
vn 0.2608 -0.6435 0.7197
vn 0.2608 -0.6435 0.7197
vn 0.2608 -0.6435 0.7197
vn 0.7104 -0.6550 -0.2574
vn 0.7104 -0.6550 -0.2574
vn 0.7104 -0.6550 -0.2574
vn 0.7104 -0.6550 -0.2574
vn 0.7104 -0.6550 -0.2574
vn 0.7104 -0.6550 -0.2574
vn -0.1205 -0.8886 0.4426
vn -0.1205 -0.8886 0.4426
vn -0.1205 -0.8886 0.4426
vn -0.1205 -0.8886 0.4426
vn -0.1205 -0.8886 0.4426
vn -0.1205 -0.8886 0.4426
vn 0.5166 -0.8446 0.1407
vn 0.5166 -0.8446 0.1407
vn 0.5166 -0.8446 0.1407
vn 0.5166 -0.8446 0.1407
vn 0.5166 -0.8446 0.1407
vn 0.5166 -0.8446 0.1407
vn 0.2222 -0.9159 0.3342
vn 0.2222 -0.9159 0.3342
vn 0.2222 -0.9159 0.3342
vn 0.2222 -0.9159 0.3342
vn 0.2222 -0.9159 0.3342
vn 0.2222 -0.9159 0.3342
vn 0.7160 -0.5107 -0.4760
vn 0.7160 -0.5107 -0.4760
vn 0.7160 -0.5107 -0.4760
vn 0.7160 -0.5107 -0.4760
vn 0.7160 -0.5107 -0.4760
vn 0.7160 -0.5107 -0.4760
vn -0.3495 -0.9367 -0.0209
vn -0.3495 -0.9367 -0.0209
vn -0.3495 -0.9367 -0.0209
vn -0.3495 -0.9367 -0.0209
vn -0.3495 -0.9367 -0.0209
vn -0.3495 -0.9367 -0.0209
vn -0.0492 -0.5646 0.8239
vn -0.0492 -0.5646 0.8239
vn -0.0492 -0.5646 0.8239
vn -0.0492 -0.5646 0.8239
vn -0.0492 -0.5646 0.8239
vn -0.0492 -0.5646 0.8239
vn -0.1871 -0.5243 0.8307
vn -0.1871 -0.5243 0.8307
vn -0.1871 -0.5243 0.8307
vn -0.1871 -0.5243 0.8307
vn -0.1871 -0.5243 0.8307
vn -0.1871 -0.5243 0.8307
vn 0.4336 -0.8958 0.0976
vn 0.4336 -0.8958 0.0976
vn 0.4336 -0.8958 0.0976
vn 0.4336 -0.8958 0.0976
vn 0.4336 -0.8958 0.0976
vn 0.4336 -0.8958 0.0976
vn 0.4769 -0.6475 0.5943
vn 0.4769 -0.6475 0.5943
vn 0.4769 -0.6475 0.5943
vn 0.4769 -0.6475 0.5943
vn 0.4769 -0.6475 0.5943
vn 0.4769 -0.6475 0.5943
vn 0.3848 -0.8698 -0.3088
vn 0.3848 -0.8698 -0.3088
vn 0.3848 -0.8698 -0.3088
vn 0.3848 -0.8698 -0.3088
vn 0.3848 -0.8698 -0.3088
vn 0.3848 -0.8698 -0.3088
vn -0.3572 -0.8117 0.4622
vn -0.3572 -0.8117 0.4622
vn -0.3572 -0.8117 0.4622
vn -0.3572 -0.8117 0.4622
vn -0.3572 -0.8117 0.4622
vn -0.3572 -0.8117 0.4622
vn 0.4586 -0.8149 0.3544
vn 0.4586 -0.8149 0.3544
vn 0.4586 -0.8149 0.3544
vn 0.4586 -0.8149 0.3544
vn 0.4586 -0.8149 0.3544
vn 0.4586 -0.8149 0.3544
vn -0.6307 -0.7581 0.1658
vn -0.6307 -0.7581 0.1658
vn -0.6307 -0.7581 0.1658
vn -0.6307 -0.7581 0.1658
vn -0.6307 -0.7581 0.1658
vn -0.6307 -0.7581 0.1658
vn 0.2071 -0.5796 0.7881
vn 0.2071 -0.5796 0.7881
vn 0.2071 -0.5796 0.7881
vn 0.2071 -0.5796 0.7881
vn 0.2071 -0.5796 0.7881
vn 0.2071 -0.5796 0.7881
vn -0.2756 -0.5082 0.8159
vn -0.2756 -0.5082 0.8159
vn -0.2756 -0.5082 0.8159
vn -0.2756 -0.5082 0.8159
vn -0.2756 -0.5082 0.8159
vn -0.2756 -0.5082 0.8159
vn 0.6977 -0.6766 0.2357
vn 0.6977 -0.6766 0.2357
vn 0.6977 -0.6766 0.2357
vn 0.6977 -0.6766 0.2357
vn 0.6977 -0.6766 0.2357
vn 0.6977 -0.6766 0.2357
vn -0.6177 -0.5586 0.5535
vn -0.6177 -0.5586 0.5535
vn -0.6177 -0.5586 0.5535
vn -0.6177 -0.5586 0.5535
vn -0.6177 -0.5586 0.5535
vn -0.6177 -0.5586 0.5535
vn 0.2674 -0.9162 0.2984
vn 0.2674 -0.9162 0.2984
vn 0.2674 -0.9162 0.2984
vn 0.2674 -0.9162 0.2984
vn 0.2674 -0.9162 0.2984
vn 0.2674 -0.9162 0.2984
vn -0.5930 -0.8040 0.0440
vn -0.5930 -0.8040 0.0440
vn -0.5930 -0.8040 0.0440
vn -0.5930 -0.8040 0.0440
vn -0.5930 -0.8040 0.0440
vn -0.5930 -0.8040 0.0440
vn 0.0550 -0.6695 0.7408
vn 0.0550 -0.6695 0.7408
vn 0.0550 -0.6695 0.7408
vn 0.0550 -0.6695 0.7408
vn 0.0550 -0.6695 0.7408
vn 0.0550 -0.6695 0.7408
vn 0.3203 -0.8404 0.4371
vn 0.3203 -0.8404 0.4371
vn 0.3203 -0.8404 0.4371
vn 0.3203 -0.8404 0.4371
vn 0.3203 -0.8404 0.4371
vn 0.3203 -0.8404 0.4371
vn 0.5863 -0.6868 -0.4296
vn 0.5863 -0.6868 -0.4296
vn 0.5863 -0.6868 -0.4296
vn 0.5863 -0.6868 -0.4296
vn 0.5863 -0.6868 -0.4296
vn 0.5863 -0.6868 -0.4296
vn 0.1073 -0.6247 0.7735
vn 0.1073 -0.6247 0.7735
vn 0.1073 -0.6247 0.7735
vn 0.1073 -0.6247 0.7735
vn 0.1073 -0.6247 0.7735
vn 0.1073 -0.6247 0.7735
vn 0.8534 -0.5077 -0.1184
vn 0.8534 -0.5077 -0.1184
vn 0.8534 -0.5077 -0.1184
vn 0.8534 -0.5077 -0.1184
vn 0.8534 -0.5077 -0.1184
vn 0.8534 -0.5077 -0.1184
vn -0.7405 -0.5622 0.3682
vn -0.7405 -0.5622 0.3682
vn -0.7405 -0.5622 0.3682
vn -0.7405 -0.5622 0.3682
vn -0.7405 -0.5622 0.3682
vn -0.7405 -0.5622 0.3682
vn 0.3597 -0.5892 0.7235
vn 0.3597 -0.5892 0.7235
vn 0.3597 -0.5892 0.7235
vn 0.3597 -0.5892 0.7235
vn 0.3597 -0.5892 0.7235
vn 0.3597 -0.5892 0.7235
vn -0.4122 -0.7135 -0.5667
vn -0.4122 -0.7135 -0.5667
vn -0.4122 -0.7135 -0.5667
vn -0.4122 -0.7135 -0.5667
vn -0.4122 -0.7135 -0.5667
vn -0.4122 -0.7135 -0.5667
vn -0.6891 -0.5233 0.5012
vn -0.6891 -0.5233 0.5012
vn -0.6891 -0.5233 0.5012
vn -0.6891 -0.5233 0.5012
vn -0.6891 -0.5233 0.5012
vn -0.6891 -0.5233 0.5012
vn -0.6037 -0.7020 -0.3778
vn -0.6037 -0.7020 -0.3778
vn -0.6037 -0.7020 -0.3778
vn -0.6037 -0.7020 -0.3778
vn -0.6037 -0.7020 -0.3778
vn -0.6037 -0.7020 -0.3778
vn -0.3365 -0.7732 0.5376
vn -0.3365 -0.7732 0.5376
vn -0.3365 -0.7732 0.5376
vn -0.3365 -0.7732 0.5376
vn -0.3365 -0.7732 0.5376
vn -0.3365 -0.7732 0.5376
vn 0.8420 -0.5368 -0.0534
vn 0.8420 -0.5368 -0.0534
vn 0.8420 -0.5368 -0.0534
vn 0.8420 -0.5368 -0.0534
vn 0.8420 -0.5368 -0.0534
vn 0.8420 -0.5368 -0.0534
vn -0.0333 -0.8500 -0.5258
vn -0.0333 -0.8500 -0.5258
vn -0.0333 -0.8500 -0.5258
vn -0.0333 -0.8500 -0.5258
vn -0.0333 -0.8500 -0.5258
vn -0.0333 -0.8500 -0.5258
vn -0.5628 -0.8142 -0.1425
vn -0.5628 -0.8142 -0.1425
vn -0.5628 -0.8142 -0.1425
vn -0.5628 -0.8142 -0.1425
vn -0.5628 -0.8142 -0.1425
vn -0.5628 -0.8142 -0.1425
vn -0.1648 -0.7414 0.6505
vn -0.1648 -0.7414 0.6505
vn -0.1648 -0.7414 0.6505
vn -0.1648 -0.7414 0.6505
vn -0.1648 -0.7414 0.6505
vn -0.1648 -0.7414 0.6505
vn -0.1350 -0.7579 -0.6383
vn -0.1350 -0.7579 -0.6383
vn -0.1350 -0.7579 -0.6383
vn -0.1350 -0.7579 -0.6383
vn -0.1350 -0.7579 -0.6383
vn -0.1350 -0.7579 -0.6383
vn -0.5977 -0.7917 0.1264
vn -0.5977 -0.7917 0.1264
vn -0.5977 -0.7917 0.1264
vn -0.5977 -0.7917 0.1264
vn -0.5977 -0.7917 0.1264
vn -0.5977 -0.7917 0.1264
vn 0.3300 -0.5635 -0.7574
vn 0.3300 -0.5635 -0.7574
vn 0.3300 -0.5635 -0.7574
vn 0.3300 -0.5635 -0.7574
vn 0.3300 -0.5635 -0.7574
vn 0.3300 -0.5635 -0.7574
vn -0.4547 -0.8683 -0.1981
vn -0.4547 -0.8683 -0.1981
vn -0.4547 -0.8683 -0.1981
vn -0.4547 -0.8683 -0.1981
vn -0.4547 -0.8683 -0.1981
vn -0.4547 -0.8683 -0.1981
vn 0.5704 -0.7659 0.2967
vn 0.5704 -0.7659 0.2967
vn 0.5704 -0.7659 0.2967
vn 0.5704 -0.7659 0.2967
vn 0.5704 -0.7659 0.2967
vn 0.5704 -0.7659 0.2967
vn 0.3200 -0.7204 -0.6152
vn 0.3200 -0.7204 -0.6152
vn 0.3200 -0.7204 -0.6152
vn 0.3200 -0.7204 -0.6152
vn 0.3200 -0.7204 -0.6152
vn 0.3200 -0.7204 -0.6152
vn -0.3703 -0.9267 -0.0645
vn -0.3703 -0.9267 -0.0645
vn -0.3703 -0.9267 -0.0645
vn -0.3703 -0.9267 -0.0645
vn -0.3703 -0.9267 -0.0645
vn -0.3703 -0.9267 -0.0645
vn -0.1268 -0.6734 0.7283
vn -0.1268 -0.6734 0.7283
vn -0.1268 -0.6734 0.7283
vn -0.1268 -0.6734 0.7283
vn -0.1268 -0.6734 0.7283
vn -0.1268 -0.6734 0.7283
vn -0.0686 -0.9239 -0.3764
vn -0.0686 -0.9239 -0.3764
vn -0.0686 -0.9239 -0.3764
vn -0.0686 -0.9239 -0.3764
vn -0.0686 -0.9239 -0.3764
vn -0.0686 -0.9239 -0.3764
vn -0.5637 -0.8195 0.1027
vn -0.5637 -0.8195 0.1027
vn -0.5637 -0.8195 0.1027
vn -0.5637 -0.8195 0.1027
vn -0.5637 -0.8195 0.1027
vn -0.5637 -0.8195 0.1027
vn -0.0989 -0.5510 0.8286
vn -0.0989 -0.5510 0.8286
vn -0.0989 -0.5510 0.8286
vn -0.0989 -0.5510 0.8286
vn -0.0989 -0.5510 0.8286
vn -0.0989 -0.5510 0.8286
vn 0.6554 -0.7513 0.0782
vn 0.6554 -0.7513 0.0782
vn 0.6554 -0.7513 0.0782
vn 0.6554 -0.7513 0.0782
vn 0.6554 -0.7513 0.0782
vn 0.6554 -0.7513 0.0782
vn 0.7486 -0.6618 -0.0410
vn 0.7486 -0.6618 -0.0410
vn 0.7486 -0.6618 -0.0410
vn 0.7486 -0.6618 -0.0410
vn 0.7486 -0.6618 -0.0410
vn 0.7486 -0.6618 -0.0410
vn -0.0429 -0.6195 -0.7838
vn -0.0429 -0.6195 -0.7838
vn -0.0429 -0.6195 -0.7838
vn -0.0429 -0.6195 -0.7838
vn -0.0429 -0.6195 -0.7838
vn -0.0429 -0.6195 -0.7838
vn -0.5371 -0.8435 -0.0019
vn -0.5371 -0.8435 -0.0019
vn -0.5371 -0.8435 -0.0019
vn -0.5371 -0.8435 -0.0019
vn -0.5371 -0.8435 -0.0019
vn -0.5371 -0.8435 -0.0019
vn -0.0022 -0.7774 0.6290
vn -0.0022 -0.7774 0.6290
vn -0.0022 -0.7774 0.6290
vn -0.0022 -0.7774 0.6290
vn -0.0022 -0.7774 0.6290
vn -0.0022 -0.7774 0.6290
vn -0.7125 -0.5780 -0.3978
vn -0.7125 -0.5780 -0.3978
vn -0.7125 -0.5780 -0.3978
vn -0.7125 -0.5780 -0.3978
vn -0.7125 -0.5780 -0.3978
vn -0.7125 -0.5780 -0.3978
vn -0.2379 -0.8729 0.4261
vn -0.2379 -0.8729 0.4261
vn -0.2379 -0.8729 0.4261
vn -0.2379 -0.8729 0.4261
vn -0.2379 -0.8729 0.4261
vn -0.2379 -0.8729 0.4261
vn -0.0414 -0.9212 -0.3869
vn -0.0414 -0.9212 -0.3869
vn -0.0414 -0.9212 -0.3869
vn -0.0414 -0.9212 -0.3869
vn -0.0414 -0.9212 -0.3869
vn -0.0414 -0.9212 -0.3869
vn -0.6308 -0.7730 0.0675
vn -0.6308 -0.7730 0.0675
vn -0.6308 -0.7730 0.0675
vn -0.6308 -0.7730 0.0675
vn -0.6308 -0.7730 0.0675
vn -0.6308 -0.7730 0.0675
vn -0.6237 -0.5114 -0.5912
vn -0.6237 -0.5114 -0.5912
vn -0.6237 -0.5114 -0.5912
vn -0.6237 -0.5114 -0.5912
vn -0.6237 -0.5114 -0.5912
vn -0.6237 -0.5114 -0.5912
vn -0.4661 -0.7355 0.4917
vn -0.4661 -0.7355 0.4917
vn -0.4661 -0.7355 0.4917
vn -0.4661 -0.7355 0.4917
vn -0.4661 -0.7355 0.4917
vn -0.4661 -0.7355 0.4917
vn -0.1827 -0.8389 -0.5126
vn -0.1827 -0.8389 -0.5126
vn -0.1827 -0.8389 -0.5126
vn -0.1827 -0.8389 -0.5126
vn -0.1827 -0.8389 -0.5126
vn -0.1827 -0.8389 -0.5126
vn -0.5274 -0.8286 0.1879
vn -0.5274 -0.8286 0.1879
vn -0.5274 -0.8286 0.1879
vn -0.5274 -0.8286 0.1879
vn -0.5274 -0.8286 0.1879
vn -0.5274 -0.8286 0.1879
vn -0.1923 -0.5457 -0.8156
vn -0.1923 -0.5457 -0.8156
vn -0.1923 -0.5457 -0.8156
vn -0.1923 -0.5457 -0.8156
vn -0.1923 -0.5457 -0.8156
vn -0.1923 -0.5457 -0.8156
vn -0.7251 -0.6671 0.1709
vn -0.7251 -0.6671 0.1709
vn -0.7251 -0.6671 0.1709
vn -0.7251 -0.6671 0.1709
vn -0.7251 -0.6671 0.1709
vn -0.7251 -0.6671 0.1709
vn -0.4387 -0.8987 -0.0005
vn -0.4387 -0.8987 -0.0005
vn -0.4387 -0.8987 -0.0005
vn -0.4387 -0.8987 -0.0005
vn -0.4387 -0.8987 -0.0005
vn -0.4387 -0.8987 -0.0005
vn -0.0004 -0.9332 0.3594
vn -0.0004 -0.9332 0.3594
vn -0.0004 -0.9332 0.3594
vn -0.0004 -0.9332 0.3594
vn -0.0004 -0.9332 0.3594
vn -0.0004 -0.9332 0.3594
vn -0.6753 -0.7361 0.0458
vn -0.6753 -0.7361 0.0458
vn -0.6753 -0.7361 0.0458
vn -0.6753 -0.7361 0.0458
vn -0.6753 -0.7361 0.0458
vn -0.6753 -0.7361 0.0458
vn 0.0461 -0.7318 0.6800
vn 0.0461 -0.7318 0.6800
vn 0.0461 -0.7318 0.6800
vn 0.0461 -0.7318 0.6800
vn 0.0461 -0.7318 0.6800
vn 0.0461 -0.7318 0.6800
vn 0.1802 -0.8557 -0.4850
vn 0.1802 -0.8557 -0.4850
vn 0.1802 -0.8557 -0.4850
vn 0.1802 -0.8557 -0.4850
vn 0.1802 -0.8557 -0.4850
vn 0.1802 -0.8557 -0.4850
vn -0.4517 -0.8762 -0.1678
vn -0.4517 -0.8762 -0.1678
vn -0.4517 -0.8762 -0.1678
vn -0.4517 -0.8762 -0.1678
vn -0.4517 -0.8762 -0.1678
vn -0.4517 -0.8762 -0.1678
vn -0.5578 -0.5561 -0.6162
vn -0.5578 -0.5561 -0.6162
vn -0.5578 -0.5561 -0.6162
vn -0.5578 -0.5561 -0.6162
vn -0.5578 -0.5561 -0.6162
vn -0.5578 -0.5561 -0.6162
vn -0.4533 -0.7913 0.4104
vn -0.4533 -0.7913 0.4104
vn -0.4533 -0.7913 0.4104
vn -0.4533 -0.7913 0.4104
vn -0.4533 -0.7913 0.4104
vn -0.4533 -0.7913 0.4104
vn -0.5979 -0.7937 -0.1118
vn -0.5979 -0.7937 -0.1118
vn -0.5979 -0.7937 -0.1118
vn -0.5979 -0.7937 -0.1118
vn -0.5979 -0.7937 -0.1118
vn -0.5979 -0.7937 -0.1118
vn -0.1535 -0.5499 0.8210
vn -0.1535 -0.5499 0.8210
vn -0.1535 -0.5499 0.8210
vn -0.1535 -0.5499 0.8210
vn -0.1535 -0.5499 0.8210
vn -0.1535 -0.5499 0.8210
vn 0.4204 -0.9054 -0.0590
vn 0.4204 -0.9054 -0.0590
vn 0.4204 -0.9054 -0.0590
vn 0.4204 -0.9054 -0.0590
vn 0.4204 -0.9054 -0.0590
vn 0.4204 -0.9054 -0.0590
vn -0.1092 -0.6189 -0.7779
vn -0.1092 -0.6189 -0.7779
vn -0.1092 -0.6189 -0.7779
vn -0.1092 -0.6189 -0.7779
vn -0.1092 -0.6189 -0.7779
vn -0.1092 -0.6189 -0.7779
vn 0.2274 -0.8936 0.3869
vn 0.2274 -0.8936 0.3869
vn 0.2274 -0.8936 0.3869
vn 0.2274 -0.8936 0.3869
vn 0.2274 -0.8936 0.3869
vn 0.2274 -0.8936 0.3869
vn 0.5995 -0.7187 -0.3522
vn 0.5995 -0.7187 -0.3522
vn 0.5995 -0.7187 -0.3522
vn 0.5995 -0.7187 -0.3522
vn 0.5995 -0.7187 -0.3522
vn 0.5995 -0.7187 -0.3522
vn 0.3159 -0.9180 0.2397
vn 0.3159 -0.9180 0.2397
vn 0.3159 -0.9180 0.2397
vn 0.3159 -0.9180 0.2397
vn 0.3159 -0.9180 0.2397
vn 0.3159 -0.9180 0.2397
vn 0.3160 -0.8524 -0.4165
vn 0.3160 -0.8524 -0.4165
vn 0.3160 -0.8524 -0.4165
vn 0.3160 -0.8524 -0.4165
vn 0.3160 -0.8524 -0.4165
vn 0.3160 -0.8524 -0.4165
vn 0.2675 -0.9366 -0.2263
vn 0.2675 -0.9366 -0.2263
vn 0.2675 -0.9366 -0.2263
vn 0.2675 -0.9366 -0.2263
vn 0.2675 -0.9366 -0.2263
vn 0.2675 -0.9366 -0.2263
vn -0.3534 -0.8370 -0.4178
vn -0.3534 -0.8370 -0.4178
vn -0.3534 -0.8370 -0.4178
vn -0.3534 -0.8370 -0.4178
vn -0.3534 -0.8370 -0.4178
vn -0.3534 -0.8370 -0.4178
vn 0.3434 -0.9005 -0.2666
vn 0.3434 -0.9005 -0.2666
vn 0.3434 -0.9005 -0.2666
vn 0.3434 -0.9005 -0.2666
vn 0.3434 -0.9005 -0.2666
vn 0.3434 -0.9005 -0.2666
vn -0.2191 -0.9340 -0.2822
vn -0.2191 -0.9340 -0.2822
vn -0.2191 -0.9340 -0.2822
vn -0.2191 -0.9340 -0.2822
vn -0.2191 -0.9340 -0.2822
vn -0.2191 -0.9340 -0.2822
vn -0.1367 -0.8373 0.5293
vn -0.1367 -0.8373 0.5293
vn -0.1367 -0.8373 0.5293
vn -0.1367 -0.8373 0.5293
vn -0.1367 -0.8373 0.5293
vn -0.1367 -0.8373 0.5293
vn 0.7520 -0.6299 0.1942
vn 0.7520 -0.6299 0.1942
vn 0.7520 -0.6299 0.1942
vn 0.7520 -0.6299 0.1942
vn 0.7520 -0.6299 0.1942
vn 0.7520 -0.6299 0.1942
vn -0.0452 -0.5597 0.8274
vn -0.0452 -0.5597 0.8274
vn -0.0452 -0.5597 0.8274
vn -0.0452 -0.5597 0.8274
vn -0.0452 -0.5597 0.8274
vn -0.0452 -0.5597 0.8274
vn 0.4451 -0.8951 0.0243
vn 0.4451 -0.8951 0.0243
vn 0.4451 -0.8951 0.0243
vn 0.4451 -0.8951 0.0243
vn 0.4451 -0.8951 0.0243
vn 0.4451 -0.8951 0.0243
vn 0.7553 -0.6121 0.2341
vn 0.7553 -0.6121 0.2341
vn 0.7553 -0.6121 0.2341
vn 0.7553 -0.6121 0.2341
vn 0.7553 -0.6121 0.2341
vn 0.7553 -0.6121 0.2341
vn 0.1140 -0.9228 -0.3680
vn 0.1140 -0.9228 -0.3680
vn 0.1140 -0.9228 -0.3680
vn 0.1140 -0.9228 -0.3680
vn 0.1140 -0.9228 -0.3680
vn 0.1140 -0.9228 -0.3680
vn 0.6050 -0.7024 0.3750
vn 0.6050 -0.7024 0.3750
vn 0.6050 -0.7024 0.3750
vn 0.6050 -0.7024 0.3750
vn 0.6050 -0.7024 0.3750
vn 0.6050 -0.7024 0.3750
vn 0.2736 -0.8546 -0.4414
vn 0.2736 -0.8546 -0.4414
vn 0.2736 -0.8546 -0.4414
vn 0.2736 -0.8546 -0.4414
vn 0.2736 -0.8546 -0.4414
vn 0.2736 -0.8546 -0.4414
vn -0.0562 -0.8582 -0.5102
vn -0.0562 -0.8582 -0.5102
vn -0.0562 -0.8582 -0.5102
vn -0.0562 -0.8582 -0.5102
vn -0.0562 -0.8582 -0.5102
vn -0.0562 -0.8582 -0.5102
vn -0.7785 -0.6218 0.0858
vn -0.7785 -0.6218 0.0858
vn -0.7785 -0.6218 0.0858
vn -0.7785 -0.6218 0.0858
vn -0.7785 -0.6218 0.0858
vn -0.7785 -0.6218 0.0858
vn -0.4614 -0.8410 0.2825
vn -0.4614 -0.8410 0.2825
vn -0.4614 -0.8410 0.2825
vn -0.4614 -0.8410 0.2825
vn -0.4614 -0.8410 0.2825
vn -0.4614 -0.8410 0.2825
vn 0.3769 -0.6921 0.6156
vn 0.3769 -0.6921 0.6156
vn 0.3769 -0.6921 0.6156
vn 0.3769 -0.6921 0.6156
vn 0.3769 -0.6921 0.6156
vn 0.3769 -0.6921 0.6156
vn 0.1414 -0.7962 0.5882
vn 0.1414 -0.7962 0.5882
vn 0.1414 -0.7962 0.5882
vn 0.1414 -0.7962 0.5882
vn 0.1414 -0.7962 0.5882
vn 0.1414 -0.7962 0.5882
vn 0.5573 -0.8195 -0.1339
vn 0.5573 -0.8195 -0.1339
vn 0.5573 -0.8195 -0.1339
vn 0.5573 -0.8195 -0.1339
vn 0.5573 -0.8195 -0.1339
vn 0.5573 -0.8195 -0.1339
vn 0.6919 -0.6231 -0.3646
vn 0.6919 -0.6231 -0.3646
vn 0.6919 -0.6231 -0.3646
vn 0.6919 -0.6231 -0.3646
vn 0.6919 -0.6231 -0.3646
vn 0.6919 -0.6231 -0.3646
vn -0.3137 -0.7396 -0.5954
vn -0.3137 -0.7396 -0.5954
vn -0.3137 -0.7396 -0.5954
vn -0.3137 -0.7396 -0.5954
vn -0.3137 -0.7396 -0.5954
vn -0.3137 -0.7396 -0.5954
vn -0.1342 -0.5978 -0.7903
vn -0.1342 -0.5978 -0.7903
vn -0.1342 -0.5978 -0.7903
vn -0.1342 -0.5978 -0.7903
vn -0.1342 -0.5978 -0.7903
vn -0.1342 -0.5978 -0.7903
vn -0.4379 -0.8960 0.0744
vn -0.4379 -0.8960 0.0744
vn -0.4379 -0.8960 0.0744
vn -0.4379 -0.8960 0.0744
vn -0.4379 -0.8960 0.0744
vn -0.4379 -0.8960 0.0744
vn -0.2160 -0.9266 0.3078
vn -0.2160 -0.9266 0.3078
vn -0.2160 -0.9266 0.3078
vn -0.2160 -0.9266 0.3078
vn -0.2160 -0.9266 0.3078
vn -0.2160 -0.9266 0.3078
vn 0.5691 -0.7189 0.3993
vn 0.5691 -0.7189 0.3993
vn 0.5691 -0.7189 0.3993
vn 0.5691 -0.7189 0.3993
vn 0.5691 -0.7189 0.3993
vn 0.5691 -0.7189 0.3993
vn -0.3777 -0.8863 -0.2679
vn -0.3777 -0.8863 -0.2679
vn -0.3777 -0.8863 -0.2679
vn -0.3777 -0.8863 -0.2679
vn -0.3777 -0.8863 -0.2679
vn -0.3777 -0.8863 -0.2679
vn -0.4369 -0.6555 0.6159
vn -0.4369 -0.6555 0.6159
vn -0.4369 -0.6555 0.6159
vn -0.4369 -0.6555 0.6159
vn -0.4369 -0.6555 0.6159
vn -0.4369 -0.6555 0.6159
vn -0.3285 -0.8677 -0.3730
vn -0.3285 -0.8677 -0.3730
vn -0.3285 -0.8677 -0.3730
vn -0.3285 -0.8677 -0.3730
vn -0.3285 -0.8677 -0.3730
vn -0.3285 -0.8677 -0.3730
vn -0.4796 -0.7691 0.4224
vn -0.4796 -0.7691 0.4224
vn -0.4796 -0.7691 0.4224
vn -0.4796 -0.7691 0.4224
vn -0.4796 -0.7691 0.4224
vn -0.4796 -0.7691 0.4224
vn -0.4381 -0.5197 0.7335
vn -0.4381 -0.5197 0.7335
vn -0.4381 -0.5197 0.7335
vn -0.4381 -0.5197 0.7335
vn -0.4381 -0.5197 0.7335
vn -0.4381 -0.5197 0.7335
vn 0.7046 -0.5713 0.4209
vn 0.7046 -0.5713 0.4209
vn 0.7046 -0.5713 0.4209
vn 0.7046 -0.5713 0.4209
vn 0.7046 -0.5713 0.4209
vn 0.7046 -0.5713 0.4209
vn 0.6810 -0.7322 0.0137
vn 0.6810 -0.7322 0.0137
vn 0.6810 -0.7322 0.0137
vn 0.6810 -0.7322 0.0137
vn 0.6810 -0.7322 0.0137
vn 0.6810 -0.7322 0.0137
vn 0.0149 -0.6676 -0.7444
vn 0.0149 -0.6676 -0.7444
vn 0.0149 -0.6676 -0.7444
vn 0.0149 -0.6676 -0.7444
vn 0.0149 -0.6676 -0.7444
vn 0.0149 -0.6676 -0.7444
vn -0.1858 -0.8601 0.4750
vn -0.1858 -0.8601 0.4750
vn -0.1858 -0.8601 0.4750
vn -0.1858 -0.8601 0.4750
vn -0.1858 -0.8601 0.4750
vn -0.1858 -0.8601 0.4750
vn 0.4012 -0.9025 0.1569
vn 0.4012 -0.9025 0.1569
vn 0.4012 -0.9025 0.1569
vn 0.4012 -0.9025 0.1569
vn 0.4012 -0.9025 0.1569
vn 0.4012 -0.9025 0.1569
vn -0.5541 -0.7529 -0.3551
vn -0.5541 -0.7529 -0.3551
vn -0.5541 -0.7529 -0.3551
vn -0.5541 -0.7529 -0.3551
vn -0.5541 -0.7529 -0.3551
vn -0.5541 -0.7529 -0.3551
vn -0.4335 -0.5954 0.6765
vn -0.4335 -0.5954 0.6765
vn -0.4335 -0.5954 0.6765
vn -0.4335 -0.5954 0.6765
vn -0.4335 -0.5954 0.6765
vn -0.4335 -0.5954 0.6765
vn -0.8127 -0.5791 0.0654
vn -0.8127 -0.5791 0.0654
vn -0.8127 -0.5791 0.0654
vn -0.8127 -0.5791 0.0654
vn -0.8127 -0.5791 0.0654
vn -0.8127 -0.5791 0.0654
vn 0.0642 -0.5999 0.7975
vn 0.0642 -0.5999 0.7975
vn 0.0642 -0.5999 0.7975
vn 0.0642 -0.5999 0.7975
vn 0.0642 -0.5999 0.7975
vn 0.0642 -0.5999 0.7975
vn 0.1370 -0.8627 -0.4868
vn 0.1370 -0.8627 -0.4868
vn 0.1370 -0.8627 -0.4868
vn 0.1370 -0.8627 -0.4868
vn 0.1370 -0.8627 -0.4868
vn 0.1370 -0.8627 -0.4868
vn -0.3633 -0.9261 -0.1023
vn -0.3633 -0.9261 -0.1023
vn -0.3633 -0.9261 -0.1023
vn -0.3633 -0.9261 -0.1023
vn -0.3633 -0.9261 -0.1023
vn -0.3633 -0.9261 -0.1023
vn 0.1259 -0.9189 0.3740
vn 0.1259 -0.9189 0.3740
vn 0.1259 -0.9189 0.3740
vn 0.1259 -0.9189 0.3740
vn 0.1259 -0.9189 0.3740
vn 0.1259 -0.9189 0.3740
vn 0.7880 -0.5556 -0.2653
vn 0.7880 -0.5556 -0.2653
vn 0.7880 -0.5556 -0.2653
vn 0.7880 -0.5556 -0.2653
vn 0.7880 -0.5556 -0.2653
vn 0.7880 -0.5556 -0.2653
vn 0.3325 -0.9355 -0.1197
vn 0.3325 -0.9355 -0.1197
vn 0.3325 -0.9355 -0.1197
vn 0.3325 -0.9355 -0.1197
vn 0.3325 -0.9355 -0.1197
vn 0.3325 -0.9355 -0.1197
vn -0.2514 -0.6699 -0.6985
vn -0.2514 -0.6699 -0.6985
vn -0.2514 -0.6699 -0.6985
vn -0.2514 -0.6699 -0.6985
vn -0.2514 -0.6699 -0.6985
vn -0.2514 -0.6699 -0.6985
vn 0.0467 -0.8276 -0.5594
vn 0.0467 -0.8276 -0.5594
vn 0.0467 -0.8276 -0.5594
vn 0.0467 -0.8276 -0.5594
vn 0.0467 -0.8276 -0.5594
vn 0.0467 -0.8276 -0.5594
vn -0.3577 -0.9333 -0.0299
vn -0.3577 -0.9333 -0.0299
vn -0.3577 -0.9333 -0.0299
vn -0.3577 -0.9333 -0.0299
vn -0.3577 -0.9333 -0.0299
vn -0.3577 -0.9333 -0.0299
vn 0.2657 -0.7451 -0.6117
vn 0.2657 -0.7451 -0.6117
vn 0.2657 -0.7451 -0.6117
vn 0.2657 -0.7451 -0.6117
vn 0.2657 -0.7451 -0.6117
vn 0.2657 -0.7451 -0.6117
vn -0.3585 -0.9205 -0.1557
vn -0.3585 -0.9205 -0.1557
vn -0.3585 -0.9205 -0.1557
vn -0.3585 -0.9205 -0.1557
vn -0.3585 -0.9205 -0.1557
vn -0.3585 -0.9205 -0.1557
vn -0.4210 -0.9071 0.0014
vn -0.4210 -0.9071 0.0014
vn -0.4210 -0.9071 0.0014
vn -0.4210 -0.9071 0.0014
vn -0.4210 -0.9071 0.0014
vn -0.4210 -0.9071 0.0014
vn 0.0013 -0.9230 0.3848
vn 0.0013 -0.9230 0.3848
vn 0.0013 -0.9230 0.3848
vn 0.0013 -0.9230 0.3848
vn 0.0013 -0.9230 0.3848
vn 0.0013 -0.9230 0.3848
vn 0.4958 -0.7917 -0.3569
vn 0.4958 -0.7917 -0.3569
vn 0.4958 -0.7917 -0.3569
vn 0.4958 -0.7917 -0.3569
vn 0.4958 -0.7917 -0.3569
vn 0.4958 -0.7917 -0.3569
vn -0.4627 -0.6106 -0.6427
vn -0.4627 -0.6106 -0.6427
vn -0.4627 -0.6106 -0.6427
vn -0.4627 -0.6106 -0.6427
vn -0.4627 -0.6106 -0.6427
vn -0.4627 -0.6106 -0.6427
vn -0.5137 -0.8552 0.0686
vn -0.5137 -0.8552 0.0686
vn -0.5137 -0.8552 0.0686
vn -0.5137 -0.8552 0.0686
vn -0.5137 -0.8552 0.0686
vn -0.5137 -0.8552 0.0686
vn 0.1052 -0.6067 0.7879
vn 0.1052 -0.6067 0.7879
vn 0.1052 -0.6067 0.7879
vn 0.1052 -0.6067 0.7879
vn 0.1052 -0.6067 0.7879
vn 0.1052 -0.6067 0.7879
vn 0.5826 -0.6344 -0.5081
vn 0.5826 -0.6344 -0.5081
vn 0.5826 -0.6344 -0.5081
vn 0.5826 -0.6344 -0.5081
vn 0.5826 -0.6344 -0.5081
vn 0.5826 -0.6344 -0.5081
vn -0.4069 -0.7854 -0.4665
vn -0.4069 -0.7854 -0.4665
vn -0.4069 -0.7854 -0.4665
vn -0.4069 -0.7854 -0.4665
vn -0.4069 -0.7854 -0.4665
vn -0.4069 -0.7854 -0.4665
vn 0.8369 -0.5435 -0.0651
vn 0.8369 -0.5435 -0.0651
vn 0.8369 -0.5435 -0.0651
vn 0.8369 -0.5435 -0.0651
vn 0.8369 -0.5435 -0.0651
vn 0.8369 -0.5435 -0.0651
vn -0.0307 -0.9182 -0.3949
vn -0.0307 -0.9182 -0.3949
vn -0.0307 -0.9182 -0.3949
vn -0.0307 -0.9182 -0.3949
vn -0.0307 -0.9182 -0.3949
vn -0.0307 -0.9182 -0.3949
vn -0.0952 -0.6684 -0.7377
vn -0.0952 -0.6684 -0.7377
vn -0.0952 -0.6684 -0.7377
vn -0.0952 -0.6684 -0.7377
vn -0.0952 -0.6684 -0.7377
vn -0.0952 -0.6684 -0.7377
vn -0.7799 -0.6177 0.1007
vn -0.7799 -0.6177 0.1007
vn -0.7799 -0.6177 0.1007
vn -0.7799 -0.6177 0.1007
vn -0.7799 -0.6177 0.1007
vn -0.7799 -0.6177 0.1007
vn 0.6273 -0.6925 0.3564
vn 0.6273 -0.6925 0.3564
vn 0.6273 -0.6925 0.3564
vn 0.6273 -0.6925 0.3564
vn 0.6273 -0.6925 0.3564
vn 0.6273 -0.6925 0.3564
vn 0.3924 -0.6074 -0.6907
vn 0.3924 -0.6074 -0.6907
vn 0.3924 -0.6074 -0.6907
vn 0.3924 -0.6074 -0.6907
vn 0.3924 -0.6074 -0.6907
vn 0.3924 -0.6074 -0.6907
vn -0.7768 -0.6298 -0.0042
vn -0.7768 -0.6298 -0.0042
vn -0.7768 -0.6298 -0.0042
vn -0.7768 -0.6298 -0.0042
vn -0.7768 -0.6298 -0.0042
vn -0.7768 -0.6298 -0.0042
vn -0.0032 -0.8104 0.5859
vn -0.0032 -0.8104 0.5859
vn -0.0032 -0.8104 0.5859
vn -0.0032 -0.8104 0.5859
vn -0.0032 -0.8104 0.5859
vn -0.0032 -0.8104 0.5859
vn 0.5737 -0.6368 -0.5150
vn 0.5737 -0.6368 -0.5150
vn 0.5737 -0.6368 -0.5150
vn 0.5737 -0.6368 -0.5150
vn 0.5737 -0.6368 -0.5150
vn 0.5737 -0.6368 -0.5150
vn -0.4677 -0.7140 -0.5210
vn -0.4677 -0.7140 -0.5210
vn -0.4677 -0.7140 -0.5210
vn -0.4677 -0.7140 -0.5210
vn -0.4677 -0.7140 -0.5210
vn -0.4677 -0.7140 -0.5210
vn 0.6700 -0.5373 0.5123
vn 0.6700 -0.5373 0.5123
vn 0.6700 -0.5373 0.5123
vn 0.6700 -0.5373 0.5123
vn 0.6700 -0.5373 0.5123
vn 0.6700 -0.5373 0.5123
vn 0.4136 -0.7324 -0.5409
vn 0.4136 -0.7324 -0.5409
vn 0.4136 -0.7324 -0.5409
vn 0.4136 -0.7324 -0.5409
vn 0.4136 -0.7324 -0.5409
vn 0.4136 -0.7324 -0.5409
vn 0.3210 -0.6268 0.7099
vn 0.3210 -0.6268 0.7099
vn 0.3210 -0.6268 0.7099
vn 0.3210 -0.6268 0.7099
vn 0.3210 -0.6268 0.7099
vn 0.3210 -0.6268 0.7099
vn 0.5325 -0.8114 -0.2408
vn 0.5325 -0.8114 -0.2408
vn 0.5325 -0.8114 -0.2408
vn 0.5325 -0.8114 -0.2408
vn 0.5325 -0.8114 -0.2408
vn 0.5325 -0.8114 -0.2408
vn -0.1593 -0.5524 -0.8182
vn -0.1593 -0.5524 -0.8182
vn -0.1593 -0.5524 -0.8182
vn -0.1593 -0.5524 -0.8182
vn -0.1593 -0.5524 -0.8182
vn -0.1593 -0.5524 -0.8182
vn -0.6803 -0.7209 0.1324
vn -0.6803 -0.7209 0.1324
vn -0.6803 -0.7209 0.1324
vn -0.6803 -0.7209 0.1324
vn -0.6803 -0.7209 0.1324
vn -0.6803 -0.7209 0.1324
vn 0.3461 -0.6694 0.6574
vn 0.3461 -0.6694 0.6574
vn 0.3461 -0.6694 0.6574
vn 0.3461 -0.6694 0.6574
vn 0.3461 -0.6694 0.6574
vn 0.3461 -0.6694 0.6574
vn 0.6692 -0.6542 -0.3523
vn 0.6692 -0.6542 -0.3523
vn 0.6692 -0.6542 -0.3523
vn 0.6692 -0.6542 -0.3523
vn 0.6692 -0.6542 -0.3523
vn 0.6692 -0.6542 -0.3523
vn -0.1398 -0.9024 -0.4076
vn -0.1398 -0.9024 -0.4076
vn -0.1398 -0.9024 -0.4076
vn -0.1398 -0.9024 -0.4076
vn -0.1398 -0.9024 -0.4076
vn -0.1398 -0.9024 -0.4076
vn -0.7795 -0.5665 0.2673
vn -0.7795 -0.5665 0.2673
vn -0.7795 -0.5665 0.2673
vn -0.7795 -0.5665 0.2673
vn -0.7795 -0.5665 0.2673
vn -0.7795 -0.5665 0.2673
vn -0.1320 -0.5494 0.8251
vn -0.1320 -0.5494 0.8251
vn -0.1320 -0.5494 0.8251
vn -0.1320 -0.5494 0.8251
vn -0.1320 -0.5494 0.8251
vn -0.1320 -0.5494 0.8251
vn 0.8307 -0.5406 0.1329
vn 0.8307 -0.5406 0.1329
vn 0.8307 -0.5406 0.1329
vn 0.8307 -0.5406 0.1329
vn 0.8307 -0.5406 0.1329
vn 0.8307 -0.5406 0.1329
vn -0.3097 -0.8222 -0.4775
vn -0.3097 -0.8222 -0.4775
vn -0.3097 -0.8222 -0.4775
vn -0.3097 -0.8222 -0.4775
vn -0.3097 -0.8222 -0.4775
vn -0.3097 -0.8222 -0.4775
vn -0.5697 -0.7341 0.3696
vn -0.5697 -0.7341 0.3696
vn -0.5697 -0.7341 0.3696
vn -0.5697 -0.7341 0.3696
vn -0.5697 -0.7341 0.3696
vn -0.5697 -0.7341 0.3696
vn -0.2622 -0.7740 0.5764
vn -0.2622 -0.7740 0.5764
vn -0.2622 -0.7740 0.5764
vn -0.2622 -0.7740 0.5764
vn -0.2622 -0.7740 0.5764
vn -0.2622 -0.7740 0.5764
vn 0.3888 -0.9042 0.1769
vn 0.3888 -0.9042 0.1769
vn 0.3888 -0.9042 0.1769
vn 0.3888 -0.9042 0.1769
vn 0.3888 -0.9042 0.1769
vn 0.3888 -0.9042 0.1769
vn -0.4975 -0.5959 -0.6304
vn -0.4975 -0.5959 -0.6304
vn -0.4975 -0.5959 -0.6304
vn -0.4975 -0.5959 -0.6304
vn -0.4975 -0.5959 -0.6304
vn -0.4975 -0.5959 -0.6304
vn -0.4214 -0.8437 0.3326
vn -0.4214 -0.8437 0.3326
vn -0.4214 -0.8437 0.3326
vn -0.4214 -0.8437 0.3326
vn -0.4214 -0.8437 0.3326
vn -0.4214 -0.8437 0.3326
vn -0.0540 -0.6172 -0.7849
vn -0.0540 -0.6172 -0.7849
vn -0.0540 -0.6172 -0.7849
vn -0.0540 -0.6172 -0.7849
vn -0.0540 -0.6172 -0.7849
vn -0.0540 -0.6172 -0.7849
vn -0.4911 -0.8704 0.0338
vn -0.4911 -0.8704 0.0338
vn -0.4911 -0.8704 0.0338
vn -0.4911 -0.8704 0.0338
vn -0.4911 -0.8704 0.0338
vn -0.4911 -0.8704 0.0338
vn -0.7443 -0.5587 -0.3659
vn -0.7443 -0.5587 -0.3659
vn -0.7443 -0.5587 -0.3659
vn -0.7443 -0.5587 -0.3659
vn -0.7443 -0.5587 -0.3659
vn -0.7443 -0.5587 -0.3659
vn -0.2769 -0.7785 0.5633
vn -0.2769 -0.7785 0.5633
vn -0.2769 -0.7785 0.5633
vn -0.2769 -0.7785 0.5633
vn -0.2769 -0.7785 0.5633
vn -0.2769 -0.7785 0.5633
vn 0.3074 -0.7336 0.6061
vn 0.3074 -0.7336 0.6061
vn 0.3074 -0.7336 0.6061
vn 0.3074 -0.7336 0.6061
vn 0.3074 -0.7336 0.6061
vn 0.3074 -0.7336 0.6061
vn 0.6563 -0.6771 -0.3328
vn 0.6563 -0.6771 -0.3328
vn 0.6563 -0.6771 -0.3328
vn 0.6563 -0.6771 -0.3328
vn 0.6563 -0.6771 -0.3328
vn 0.6563 -0.6771 -0.3328
vn -0.1541 -0.9100 -0.3850
vn -0.1541 -0.9100 -0.3850
vn -0.1541 -0.9100 -0.3850
vn -0.1541 -0.9100 -0.3850
vn -0.1541 -0.9100 -0.3850
vn -0.1541 -0.9100 -0.3850
vn -0.3988 -0.9030 0.1597
vn -0.3988 -0.9030 0.1597
vn -0.3988 -0.9030 0.1597
vn -0.3988 -0.9030 0.1597
vn -0.3988 -0.9030 0.1597
vn -0.3988 -0.9030 0.1597
vn -0.2994 -0.8480 0.4373
vn -0.2994 -0.8480 0.4373
vn -0.2994 -0.8480 0.4373
vn -0.2994 -0.8480 0.4373
vn -0.2994 -0.8480 0.4373
vn -0.2994 -0.8480 0.4373
vn 0.4268 -0.8558 0.2922
vn 0.4268 -0.8558 0.2922
vn 0.4268 -0.8558 0.2922
vn 0.4268 -0.8558 0.2922
vn 0.4268 -0.8558 0.2922
vn 0.4268 -0.8558 0.2922
vn 0.4275 -0.8895 0.1611
vn 0.4275 -0.8895 0.1611
vn 0.4275 -0.8895 0.1611
vn 0.4275 -0.8895 0.1611
vn 0.4275 -0.8895 0.1611
vn 0.4275 -0.8895 0.1611
vn 0.2866 -0.5826 -0.7605
vn 0.2866 -0.5826 -0.7605
vn 0.2866 -0.5826 -0.7605
vn 0.2866 -0.5826 -0.7605
vn 0.2866 -0.5826 -0.7605
vn 0.2866 -0.5826 -0.7605
vn -0.3965 -0.6520 -0.6463
vn -0.3965 -0.6520 -0.6463
vn -0.3965 -0.6520 -0.6463
vn -0.3965 -0.6520 -0.6463
vn -0.3965 -0.6520 -0.6463
vn -0.3965 -0.6520 -0.6463
vn -0.4342 -0.8605 0.2663
vn -0.4342 -0.8605 0.2663
vn -0.4342 -0.8605 0.2663
vn -0.4342 -0.8605 0.2663
vn -0.4342 -0.8605 0.2663
vn -0.4342 -0.8605 0.2663
vn -0.3437 -0.5655 -0.7497
vn -0.3437 -0.5655 -0.7497
vn -0.3437 -0.5655 -0.7497
vn -0.3437 -0.5655 -0.7497
vn -0.3437 -0.5655 -0.7497
vn -0.3437 -0.5655 -0.7497
vn -0.4991 -0.8358 0.2288
vn -0.4991 -0.8358 0.2288
vn -0.4991 -0.8358 0.2288
vn -0.4991 -0.8358 0.2288
vn -0.4991 -0.8358 0.2288
vn -0.4991 -0.8358 0.2288
vn 0.7865 -0.5670 0.2448
vn 0.7865 -0.5670 0.2448
vn 0.7865 -0.5670 0.2448
vn 0.7865 -0.5670 0.2448
vn 0.7865 -0.5670 0.2448
vn 0.7865 -0.5670 0.2448
vn 0.1197 -0.9153 -0.3846
vn 0.1197 -0.9153 -0.3846
vn 0.1197 -0.9153 -0.3846
vn 0.1197 -0.9153 -0.3846
vn 0.1197 -0.9153 -0.3846
vn 0.1197 -0.9153 -0.3846
vn 0.6425 -0.7443 -0.1823
vn 0.6425 -0.7443 -0.1823
vn 0.6425 -0.7443 -0.1823
vn 0.6425 -0.7443 -0.1823
vn 0.6425 -0.7443 -0.1823
vn 0.6425 -0.7443 -0.1823
vn -0.2088 -0.6440 -0.7360
vn -0.2088 -0.6440 -0.7360
vn -0.2088 -0.6440 -0.7360
vn -0.2088 -0.6440 -0.7360
vn -0.2088 -0.6440 -0.7360
vn -0.2088 -0.6440 -0.7360
vn 0.6489 -0.6896 0.3214
vn 0.6489 -0.6896 0.3214
vn 0.6489 -0.6896 0.3214
vn 0.6489 -0.6896 0.3214
vn 0.6489 -0.6896 0.3214
vn 0.6489 -0.6896 0.3214
vn 0.2767 -0.7820 -0.5585
vn 0.2767 -0.7820 -0.5585
vn 0.2767 -0.7820 -0.5585
vn 0.2767 -0.7820 -0.5585
vn 0.2767 -0.7820 -0.5585
vn 0.2767 -0.7820 -0.5585
vn -0.3216 -0.9305 -0.1752
vn -0.3216 -0.9305 -0.1752
vn -0.3216 -0.9305 -0.1752
vn -0.3216 -0.9305 -0.1752
vn -0.3216 -0.9305 -0.1752
vn -0.3216 -0.9305 -0.1752
vn -0.2053 -0.9033 0.3767
vn -0.2053 -0.9033 0.3767
vn -0.2053 -0.9033 0.3767
vn -0.2053 -0.9033 0.3767
vn -0.2053 -0.9033 0.3767
vn -0.2053 -0.9033 0.3767
vn 0.3637 -0.7430 0.5618
vn 0.3637 -0.7430 0.5618
vn 0.3637 -0.7430 0.5618
vn 0.3637 -0.7430 0.5618
vn 0.3637 -0.7430 0.5618
vn 0.3637 -0.7430 0.5618
vn 0.3724 -0.8962 -0.2411
vn 0.3724 -0.8962 -0.2411
vn 0.3724 -0.8962 -0.2411
vn 0.3724 -0.8962 -0.2411
vn 0.3724 -0.8962 -0.2411
vn 0.3724 -0.8962 -0.2411
vn 0.8374 -0.5447 -0.0442
vn 0.8374 -0.5447 -0.0442
vn 0.8374 -0.5447 -0.0442
vn 0.8374 -0.5447 -0.0442
vn 0.8374 -0.5447 -0.0442
vn 0.8374 -0.5447 -0.0442
vn -0.0445 -0.5349 -0.8438
vn -0.0445 -0.5349 -0.8438
vn -0.0445 -0.5349 -0.8438
vn -0.0445 -0.5349 -0.8438
vn -0.0445 -0.5349 -0.8438
vn -0.0445 -0.5349 -0.8438
vn 0.0879 -0.9219 0.3773
vn 0.0879 -0.9219 0.3773
vn 0.0879 -0.9219 0.3773
vn 0.0879 -0.9219 0.3773
vn 0.0879 -0.9219 0.3773
vn 0.0879 -0.9219 0.3773
vn 0.3482 -0.9339 -0.0812
vn 0.3482 -0.9339 -0.0812
vn 0.3482 -0.9339 -0.0812
vn 0.3482 -0.9339 -0.0812
vn 0.3482 -0.9339 -0.0812
vn 0.3482 -0.9339 -0.0812
vn 0.6210 -0.7147 -0.3217
vn 0.6210 -0.7147 -0.3217
vn 0.6210 -0.7147 -0.3217
vn 0.6210 -0.7147 -0.3217
vn 0.6210 -0.7147 -0.3217
vn 0.6210 -0.7147 -0.3217
vn -0.3229 -0.7121 -0.6234
vn -0.3229 -0.7121 -0.6234
vn -0.3229 -0.7121 -0.6234
vn -0.3229 -0.7121 -0.6234
vn -0.3229 -0.7121 -0.6234
vn -0.3229 -0.7121 -0.6234
vn -0.4481 -0.8794 0.1605
vn -0.4481 -0.8794 0.1605
vn -0.4481 -0.8794 0.1605
vn -0.4481 -0.8794 0.1605
vn -0.4481 -0.8794 0.1605
vn -0.4481 -0.8794 0.1605
vn 0.2094 -0.7838 0.5846
vn 0.2094 -0.7838 0.5846
vn 0.2094 -0.7838 0.5846
vn 0.2094 -0.7838 0.5846
vn 0.2094 -0.7838 0.5846
vn 0.2094 -0.7838 0.5846
vn 0.2206 -0.8702 -0.4406
vn 0.2206 -0.8702 -0.4406
vn 0.2206 -0.8702 -0.4406
vn 0.2206 -0.8702 -0.4406
vn 0.2206 -0.8702 -0.4406
vn 0.2206 -0.8702 -0.4406
vn -0.4765 -0.8462 -0.2385
vn -0.4765 -0.8462 -0.2385
vn -0.4765 -0.8462 -0.2385
vn -0.4765 -0.8462 -0.2385
vn -0.4765 -0.8462 -0.2385
vn -0.4765 -0.8462 -0.2385
vn 0.3110 -0.7977 0.5167
vn 0.3110 -0.7977 0.5167
vn 0.3110 -0.7977 0.5167
vn 0.3110 -0.7977 0.5167
vn 0.3110 -0.7977 0.5167
vn 0.3110 -0.7977 0.5167
vn 0.6767 -0.6133 -0.4073
vn 0.6767 -0.6133 -0.4073
vn 0.6767 -0.6133 -0.4073
vn 0.6767 -0.6133 -0.4073
vn 0.6767 -0.6133 -0.4073
vn 0.6767 -0.6133 -0.4073
vn 0.2523 -0.9339 0.2534
vn 0.2523 -0.9339 0.2534
vn 0.2523 -0.9339 0.2534
vn 0.2523 -0.9339 0.2534
vn 0.2523 -0.9339 0.2534
vn 0.2523 -0.9339 0.2534
vn 0.6010 -0.5301 -0.5982
vn 0.6010 -0.5301 -0.5982
vn 0.6010 -0.5301 -0.5982
vn 0.6010 -0.5301 -0.5982
vn 0.6010 -0.5301 -0.5982
vn 0.6010 -0.5301 -0.5982
vn 0.4413 -0.8533 -0.2776
vn 0.4413 -0.8533 -0.2776
vn 0.4413 -0.8533 -0.2776
vn 0.4413 -0.8533 -0.2776
vn 0.4413 -0.8533 -0.2776
vn 0.4413 -0.8533 -0.2776
vn -0.2795 -0.8512 -0.4443
vn -0.2795 -0.8512 -0.4443
vn -0.2795 -0.8512 -0.4443
vn -0.2795 -0.8512 -0.4443
vn -0.2795 -0.8512 -0.4443
vn -0.2795 -0.8512 -0.4443
vn 0.6209 -0.7834 0.0276
vn 0.6209 -0.7834 0.0276
vn 0.6209 -0.7834 0.0276
vn 0.6209 -0.7834 0.0276
vn 0.6209 -0.7834 0.0276
vn 0.6209 -0.7834 0.0276
vn 0.0376 -0.5314 -0.8463
vn 0.0376 -0.5314 -0.8463
vn 0.0376 -0.5314 -0.8463
vn 0.0376 -0.5314 -0.8463
vn 0.0376 -0.5314 -0.8463
vn 0.0376 -0.5314 -0.8463
vn -0.4071 -0.5954 -0.6926
vn -0.4071 -0.5954 -0.6926
vn -0.4071 -0.5954 -0.6926
vn -0.4071 -0.5954 -0.6926
vn -0.4071 -0.5954 -0.6926
vn -0.4071 -0.5954 -0.6926
vn -0.5754 -0.7446 0.3383
vn -0.5754 -0.7446 0.3383
vn -0.5754 -0.7446 0.3383
vn -0.5754 -0.7446 0.3383
vn -0.5754 -0.7446 0.3383
vn -0.5754 -0.7446 0.3383
vn -0.7858 -0.6162 0.0523
vn -0.7858 -0.6162 0.0523
vn -0.7858 -0.6162 0.0523
vn -0.7858 -0.6162 0.0523
vn -0.7858 -0.6162 0.0523
vn -0.7858 -0.6162 0.0523
vn 0.0563 -0.5298 0.8463
vn 0.0563 -0.5298 0.8463
vn 0.0563 -0.5298 0.8463
vn 0.0563 -0.5298 0.8463
vn 0.0563 -0.5298 0.8463
vn 0.0563 -0.5298 0.8463
vn 0.1995 -0.8762 -0.4387
vn 0.1995 -0.8762 -0.4387
vn 0.1995 -0.8762 -0.4387
vn 0.1995 -0.8762 -0.4387
vn 0.1995 -0.8762 -0.4387
vn 0.1995 -0.8762 -0.4387
vn -0.5416 -0.8037 -0.2463
vn -0.5416 -0.8037 -0.2463
vn -0.5416 -0.8037 -0.2463
vn -0.5416 -0.8037 -0.2463
vn -0.5416 -0.8037 -0.2463
vn -0.5416 -0.8037 -0.2463
vn 0.6817 -0.7269 -0.0829
vn 0.6817 -0.7269 -0.0829
vn 0.6817 -0.7269 -0.0829
vn 0.6817 -0.7269 -0.0829
vn 0.6817 -0.7269 -0.0829
vn 0.6817 -0.7269 -0.0829
vn -0.0760 -0.7766 -0.6253
vn -0.0760 -0.7766 -0.6253
vn -0.0760 -0.7766 -0.6253
vn -0.0760 -0.7766 -0.6253
vn -0.0760 -0.7766 -0.6253
vn -0.0760 -0.7766 -0.6253
vn -0.3879 -0.8983 -0.2062
vn -0.3879 -0.8983 -0.2062
vn -0.3879 -0.8983 -0.2062
vn -0.3879 -0.8983 -0.2062
vn -0.3879 -0.8983 -0.2062
vn -0.3879 -0.8983 -0.2062
vn -0.3046 -0.7607 0.5731
vn -0.3046 -0.7607 0.5731
vn -0.3046 -0.7607 0.5731
vn -0.3046 -0.7607 0.5731
vn -0.3046 -0.7607 0.5731
vn -0.3046 -0.7607 0.5731
vn 0.7015 -0.6879 -0.1863
vn 0.7015 -0.6879 -0.1863
vn 0.7015 -0.6879 -0.1863
vn 0.7015 -0.6879 -0.1863
vn 0.7015 -0.6879 -0.1863
vn 0.7015 -0.6879 -0.1863
vn -0.2167 -0.5355 -0.8163
vn -0.2167 -0.5355 -0.8163
vn -0.2167 -0.5355 -0.8163
vn -0.2167 -0.5355 -0.8163
vn -0.2167 -0.5355 -0.8163
vn -0.2167 -0.5355 -0.8163
vn 0.1103 -0.8589 -0.5001
vn 0.1103 -0.8589 -0.5001
vn 0.1103 -0.8589 -0.5001
vn 0.1103 -0.8589 -0.5001
vn 0.1103 -0.8589 -0.5001
vn 0.1103 -0.8589 -0.5001
vn -0.4304 -0.8976 -0.0950
vn -0.4304 -0.8976 -0.0950
vn -0.4304 -0.8976 -0.0950
vn -0.4304 -0.8976 -0.0950
vn -0.4304 -0.8976 -0.0950
vn -0.4304 -0.8976 -0.0950
vn -0.6044 -0.6896 0.3988
vn -0.6044 -0.6896 0.3988
vn -0.6044 -0.6896 0.3988
vn -0.6044 -0.6896 0.3988
vn -0.6044 -0.6896 0.3988
vn -0.6044 -0.6896 0.3988
vn 0.3615 -0.7544 0.5479
vn 0.3615 -0.7544 0.5479
vn 0.3615 -0.7544 0.5479
vn 0.3615 -0.7544 0.5479
vn 0.3615 -0.7544 0.5479
vn 0.3615 -0.7544 0.5479
vn 0.4533 -0.7508 -0.4804
vn 0.4533 -0.7508 -0.4804
vn 0.4533 -0.7508 -0.4804
vn 0.4533 -0.7508 -0.4804
vn 0.4533 -0.7508 -0.4804
vn 0.4533 -0.7508 -0.4804
vn -0.5268 -0.6894 -0.4972
vn -0.5268 -0.6894 -0.4972
vn -0.5268 -0.6894 -0.4972
vn -0.5268 -0.6894 -0.4972
vn -0.5268 -0.6894 -0.4972
vn -0.5268 -0.6894 -0.4972
vn -0.5165 -0.8416 0.1578
vn -0.5165 -0.8416 0.1578
vn -0.5165 -0.8416 0.1578
vn -0.5165 -0.8416 0.1578
vn -0.5165 -0.8416 0.1578
vn -0.5165 -0.8416 0.1578
vn 0.1108 -0.9253 0.3626
vn 0.1108 -0.9253 0.3626
vn 0.1108 -0.9253 0.3626
vn 0.1108 -0.9253 0.3626
vn 0.1108 -0.9253 0.3626
vn 0.1108 -0.9253 0.3626
vn -0.1616 -0.8798 0.4471
vn -0.1616 -0.8798 0.4471
vn -0.1616 -0.8798 0.4471
vn -0.1616 -0.8798 0.4471
vn -0.1616 -0.8798 0.4471
vn -0.1616 -0.8798 0.4471
vn 0.7005 -0.6673 0.2531
vn 0.7005 -0.6673 0.2531
vn 0.7005 -0.6673 0.2531
vn 0.7005 -0.6673 0.2531
vn 0.7005 -0.6673 0.2531
vn 0.7005 -0.6673 0.2531
vn -0.4999 -0.8290 0.2508
vn -0.4999 -0.8290 0.2508
vn -0.4999 -0.8290 0.2508
vn -0.4999 -0.8290 0.2508
vn -0.4999 -0.8290 0.2508
vn -0.4999 -0.8290 0.2508
vn 0.3429 -0.6444 0.6835
vn 0.3429 -0.6444 0.6835
vn 0.3429 -0.6444 0.6835
vn 0.3429 -0.6444 0.6835
vn 0.3429 -0.6444 0.6835
vn 0.3429 -0.6444 0.6835
vn -0.0050 -0.8489 0.5285
vn -0.0050 -0.8489 0.5285
vn -0.0050 -0.8489 0.5285
vn -0.0050 -0.8489 0.5285
vn -0.0050 -0.8489 0.5285
vn -0.0050 -0.8489 0.5285
vn 0.8111 -0.5849 0.0077
vn 0.8111 -0.5849 0.0077
vn 0.8111 -0.5849 0.0077
vn 0.8111 -0.5849 0.0077
vn 0.8111 -0.5849 0.0077
vn 0.8111 -0.5849 0.0077
vn 0.4804 -0.5858 -0.6527
vn 0.4804 -0.5858 -0.6527
vn 0.4804 -0.5858 -0.6527
vn 0.4804 -0.5858 -0.6527
vn 0.4804 -0.5858 -0.6527
vn 0.4804 -0.5858 -0.6527
vn -0.6944 -0.5065 -0.5111
vn -0.6944 -0.5065 -0.5111
vn -0.6944 -0.5065 -0.5111
vn -0.6944 -0.5065 -0.5111
vn -0.6944 -0.5065 -0.5111
vn -0.6944 -0.5065 -0.5111
vn -0.1899 -0.7963 0.5744
vn -0.1899 -0.7963 0.5744
vn -0.1899 -0.7963 0.5744
vn -0.1899 -0.7963 0.5744
vn -0.1899 -0.7963 0.5744
vn -0.1899 -0.7963 0.5744
vn 0.5402 -0.8223 0.1786
vn 0.5402 -0.8223 0.1786
vn 0.5402 -0.8223 0.1786
vn 0.5402 -0.8223 0.1786
vn 0.5402 -0.8223 0.1786
vn 0.5402 -0.8223 0.1786
vn 0.0066 -0.8976 0.4407
vn 0.0066 -0.8976 0.4407
vn 0.0066 -0.8976 0.4407
vn 0.0066 -0.8976 0.4407
vn 0.0066 -0.8976 0.4407
vn 0.0066 -0.8976 0.4407
vn 0.4099 -0.9121 -0.0062
vn 0.4099 -0.9121 -0.0062
vn 0.4099 -0.9121 -0.0062
vn 0.4099 -0.9121 -0.0062
vn 0.4099 -0.9121 -0.0062
vn 0.4099 -0.9121 -0.0062
vn 0.1958 -0.8841 -0.4244
vn 0.1958 -0.8841 -0.4244
vn 0.1958 -0.8841 -0.4244
vn 0.1958 -0.8841 -0.4244
vn 0.1958 -0.8841 -0.4244
vn 0.1958 -0.8841 -0.4244
vn -0.5757 -0.7733 -0.2656
vn -0.5757 -0.7733 -0.2656
vn -0.5757 -0.7733 -0.2656
vn -0.5757 -0.7733 -0.2656
vn -0.5757 -0.7733 -0.2656
vn -0.5757 -0.7733 -0.2656
vn 0.5738 -0.7751 -0.2644
vn 0.5738 -0.7751 -0.2644
vn 0.5738 -0.7751 -0.2644
vn 0.5738 -0.7751 -0.2644
vn 0.5738 -0.7751 -0.2644
vn 0.5738 -0.7751 -0.2644
vn -0.3340 -0.6025 -0.7249
vn -0.3340 -0.6025 -0.7249
vn -0.3340 -0.6025 -0.7249
vn -0.3340 -0.6025 -0.7249
vn -0.3340 -0.6025 -0.7249
vn -0.3340 -0.6025 -0.7249
vn 0.3436 -0.9315 -0.1192
vn 0.3436 -0.9315 -0.1192
vn 0.3436 -0.9315 -0.1192
vn 0.3436 -0.9315 -0.1192
vn 0.3436 -0.9315 -0.1192
vn 0.3436 -0.9315 -0.1192
vn -0.1570 -0.8778 -0.4526
vn -0.1570 -0.8778 -0.4526
vn -0.1570 -0.8778 -0.4526
vn -0.1570 -0.8778 -0.4526
vn -0.1570 -0.8778 -0.4526
vn -0.1570 -0.8778 -0.4526
vn 0.2902 -0.8598 -0.4202
vn 0.2902 -0.8598 -0.4202
vn 0.2902 -0.8598 -0.4202
vn 0.2902 -0.8598 -0.4202
vn 0.2902 -0.8598 -0.4202
vn 0.2902 -0.8598 -0.4202
vn -0.7067 -0.5122 -0.4881
vn -0.7067 -0.5122 -0.4881
vn -0.7067 -0.5122 -0.4881
vn -0.7067 -0.5122 -0.4881
vn -0.7067 -0.5122 -0.4881
vn -0.7067 -0.5122 -0.4881
vn 0.8622 -0.5012 -0.0734
vn 0.8622 -0.5012 -0.0734
vn 0.8622 -0.5012 -0.0734
vn 0.8622 -0.5012 -0.0734
vn 0.8622 -0.5012 -0.0734
vn 0.8622 -0.5012 -0.0734
vn -0.0580 -0.7300 -0.6810
vn -0.0580 -0.7300 -0.6810
vn -0.0580 -0.7300 -0.6810
vn -0.0580 -0.7300 -0.6810
vn -0.0580 -0.7300 -0.6810
vn -0.0580 -0.7300 -0.6810
vn 0.5424 -0.5609 -0.6255
vn 0.5424 -0.5609 -0.6255
vn 0.5424 -0.5609 -0.6255
vn 0.5424 -0.5609 -0.6255
vn 0.5424 -0.5609 -0.6255
vn 0.5424 -0.5609 -0.6255
vn -0.3371 -0.8949 -0.2923
vn -0.3371 -0.8949 -0.2923
vn -0.3371 -0.8949 -0.2923
vn -0.3371 -0.8949 -0.2923
vn -0.3371 -0.8949 -0.2923
vn -0.3371 -0.8949 -0.2923
vn 0.5214 -0.7298 -0.4422
vn 0.5214 -0.7298 -0.4422
vn 0.5214 -0.7298 -0.4422
vn 0.5214 -0.7298 -0.4422
vn 0.5214 -0.7298 -0.4422
vn 0.5214 -0.7298 -0.4422
vn -0.2786 -0.9024 -0.3285
vn -0.2786 -0.9024 -0.3285
vn -0.2786 -0.9024 -0.3285
vn -0.2786 -0.9024 -0.3285
vn -0.2786 -0.9024 -0.3285
vn -0.2786 -0.9024 -0.3285
vn -0.0167 -0.5599 -0.8284
vn -0.0167 -0.5599 -0.8284
vn -0.0167 -0.5599 -0.8284
vn -0.0167 -0.5599 -0.8284
vn -0.0167 -0.5599 -0.8284
vn -0.0167 -0.5599 -0.8284
vn -0.5846 -0.8112 0.0118
vn -0.5846 -0.8112 0.0118
vn -0.5846 -0.8112 0.0118
vn -0.5846 -0.8112 0.0118
vn -0.5846 -0.8112 0.0118
vn -0.5846 -0.8112 0.0118
vn 0.6498 -0.7601 -0.0030
vn 0.6498 -0.7601 -0.0030
vn 0.6498 -0.7601 -0.0030
vn 0.6498 -0.7601 -0.0030
vn 0.6498 -0.7601 -0.0030
vn 0.6498 -0.7601 -0.0030
vn -0.0036 -0.6450 -0.7642
vn -0.0036 -0.6450 -0.7642
vn -0.0036 -0.6450 -0.7642
vn -0.0036 -0.6450 -0.7642
vn -0.0036 -0.6450 -0.7642
vn -0.0036 -0.6450 -0.7642
vn 0.5672 -0.6780 -0.4675
vn 0.5672 -0.6780 -0.4675
vn 0.5672 -0.6780 -0.4675
vn 0.5672 -0.6780 -0.4675
vn 0.5672 -0.6780 -0.4675
vn 0.5672 -0.6780 -0.4675
vn -0.3893 -0.7908 -0.4723
vn -0.3893 -0.7908 -0.4723
vn -0.3893 -0.7908 -0.4723
vn -0.3893 -0.7908 -0.4723
vn -0.3893 -0.7908 -0.4723
vn -0.3893 -0.7908 -0.4723
vn 0.5372 -0.7446 -0.3963
vn 0.5372 -0.7446 -0.3963
vn 0.5372 -0.7446 -0.3963
vn 0.5372 -0.7446 -0.3963
vn 0.5372 -0.7446 -0.3963
vn 0.5372 -0.7446 -0.3963
vn -0.3103 -0.8525 -0.4206
vn -0.3103 -0.8525 -0.4206
vn -0.3103 -0.8525 -0.4206
vn -0.3103 -0.8525 -0.4206
vn -0.3103 -0.8525 -0.4206
vn -0.3103 -0.8525 -0.4206
vn 0.2420 -0.6916 0.6805
vn 0.2420 -0.6916 0.6805
vn 0.2420 -0.6916 0.6805
vn 0.2420 -0.6916 0.6805
vn 0.2420 -0.6916 0.6805
vn 0.2420 -0.6916 0.6805
vn 0.7739 -0.5704 -0.2752
vn 0.7739 -0.5704 -0.2752
vn 0.7739 -0.5704 -0.2752
vn 0.7739 -0.5704 -0.2752
vn 0.7739 -0.5704 -0.2752
vn 0.7739 -0.5704 -0.2752
vn 0.4957 -0.8429 0.2094
vn 0.4957 -0.8429 0.2094
vn 0.4957 -0.8429 0.2094
vn 0.4957 -0.8429 0.2094
vn 0.4957 -0.8429 0.2094
vn 0.4957 -0.8429 0.2094
vn 0.1894 -0.8735 -0.4484
vn 0.1894 -0.8735 -0.4484
vn 0.1894 -0.8735 -0.4484
vn 0.1894 -0.8735 -0.4484
vn 0.1894 -0.8735 -0.4484
vn 0.1894 -0.8735 -0.4484
vn -0.3348 -0.8981 0.2850
vn -0.3348 -0.8981 0.2850
vn -0.3348 -0.8981 0.2850
vn -0.3348 -0.8981 0.2850
vn -0.3348 -0.8981 0.2850
vn -0.3348 -0.8981 0.2850
vn 0.5476 -0.5351 0.6433
vn 0.5476 -0.5351 0.6433
vn 0.5476 -0.5351 0.6433
vn 0.5476 -0.5351 0.6433
vn 0.5476 -0.5351 0.6433
vn 0.5476 -0.5351 0.6433
vn 0.1993 -0.8591 0.4714
vn 0.1993 -0.8591 0.4714
vn 0.1993 -0.8591 0.4714
vn 0.1993 -0.8591 0.4714
vn 0.1993 -0.8591 0.4714
vn 0.1993 -0.8591 0.4714
vn 0.6524 -0.7059 -0.2758
vn 0.6524 -0.7059 -0.2758
vn 0.6524 -0.7059 -0.2758
vn 0.6524 -0.7059 -0.2758
vn 0.6524 -0.7059 -0.2758
vn 0.6524 -0.7059 -0.2758
vn -0.6386 -0.7590 -0.1272
vn -0.6386 -0.7590 -0.1272
vn -0.6386 -0.7590 -0.1272
vn -0.6386 -0.7590 -0.1272
vn -0.6386 -0.7590 -0.1272
vn -0.6386 -0.7590 -0.1272
vn -0.0731 -0.9274 0.3668
vn -0.0731 -0.9274 0.3668
vn -0.0731 -0.9274 0.3668
vn -0.0731 -0.9274 0.3668
vn -0.0731 -0.9274 0.3668
vn -0.0731 -0.9274 0.3668
vn 0.2081 -0.9075 -0.3649
vn 0.2081 -0.9075 -0.3649
vn 0.2081 -0.9075 -0.3649
vn 0.2081 -0.9075 -0.3649
vn 0.2081 -0.9075 -0.3649
vn 0.2081 -0.9075 -0.3649
vn -0.6749 -0.6297 -0.3848
vn -0.6749 -0.6297 -0.3848
vn -0.6749 -0.6297 -0.3848
vn -0.6749 -0.6297 -0.3848
vn -0.6749 -0.6297 -0.3848
vn -0.6749 -0.6297 -0.3848
vn 0.0954 -0.8164 0.5696
vn 0.0954 -0.8164 0.5696
vn 0.0954 -0.8164 0.5696
vn 0.0954 -0.8164 0.5696
vn 0.0954 -0.8164 0.5696
vn 0.0954 -0.8164 0.5696
vn 0.5771 -0.8109 -0.0966
vn 0.5771 -0.8109 -0.0966
vn 0.5771 -0.8109 -0.0966
vn 0.5771 -0.8109 -0.0966
vn 0.5771 -0.8109 -0.0966
vn 0.5771 -0.8109 -0.0966
vn -0.5049 -0.8470 0.1665
vn -0.5049 -0.8470 0.1665
vn -0.5049 -0.8470 0.1665
vn -0.5049 -0.8470 0.1665
vn -0.5049 -0.8470 0.1665
vn -0.5049 -0.8470 0.1665
vn 0.2218 -0.7059 0.6727
vn 0.2218 -0.7059 0.6727
vn 0.2218 -0.7059 0.6727
vn 0.2218 -0.7059 0.6727
vn 0.2218 -0.7059 0.6727
vn 0.2218 -0.7059 0.6727
vn -0.0627 -0.8317 -0.5517
vn -0.0627 -0.8317 -0.5517
vn -0.0627 -0.8317 -0.5517
vn -0.0627 -0.8317 -0.5517
vn -0.0627 -0.8317 -0.5517
vn -0.0627 -0.8317 -0.5517
vn -0.5883 -0.8059 0.0668
vn -0.5883 -0.8059 0.0668
vn -0.5883 -0.8059 0.0668
vn -0.5883 -0.8059 0.0668
vn -0.5883 -0.8059 0.0668
vn -0.5883 -0.8059 0.0668
vn -0.4011 -0.8975 0.1837
vn -0.4011 -0.8975 0.1837
vn -0.4011 -0.8975 0.1837
vn -0.4011 -0.8975 0.1837
vn -0.4011 -0.8975 0.1837
vn -0.4011 -0.8975 0.1837
vn 0.2618 -0.7776 0.5716
vn 0.2618 -0.7776 0.5716
vn 0.2618 -0.7776 0.5716
vn 0.2618 -0.7776 0.5716
vn 0.2618 -0.7776 0.5716
vn 0.2618 -0.7776 0.5716
vn -0.4719 -0.8290 -0.3002
vn -0.4719 -0.8290 -0.3002
vn -0.4719 -0.8290 -0.3002
vn -0.4719 -0.8290 -0.3002
vn -0.4719 -0.8290 -0.3002
vn -0.4719 -0.8290 -0.3002
vn -0.3826 -0.7013 0.6015
vn -0.3826 -0.7013 0.6015
vn -0.3826 -0.7013 0.6015
vn -0.3826 -0.7013 0.6015
vn -0.3826 -0.7013 0.6015
vn -0.3826 -0.7013 0.6015
vn -0.4209 -0.8415 0.3388
vn -0.4209 -0.8415 0.3388
vn -0.4209 -0.8415 0.3388
vn -0.4209 -0.8415 0.3388
vn -0.4209 -0.8415 0.3388
vn -0.4209 -0.8415 0.3388
vn 0.4736 -0.6553 0.5884
vn 0.4736 -0.6553 0.5884
vn 0.4736 -0.6553 0.5884
vn 0.4736 -0.6553 0.5884
vn 0.4736 -0.6553 0.5884
vn 0.4736 -0.6553 0.5884
vn -0.4775 -0.6069 -0.6353
vn -0.4775 -0.6069 -0.6353
vn -0.4775 -0.6069 -0.6353
vn -0.4775 -0.6069 -0.6353
vn -0.4775 -0.6069 -0.6353
vn -0.4775 -0.6069 -0.6353
vn -0.6078 -0.6495 0.4569
vn -0.6078 -0.6495 0.4569
vn -0.6078 -0.6495 0.4569
vn -0.6078 -0.6495 0.4569
vn -0.6078 -0.6495 0.4569
vn -0.6078 -0.6495 0.4569
vn -0.5026 -0.6330 -0.5888
vn -0.5026 -0.6330 -0.5888
vn -0.5026 -0.6330 -0.5888
vn -0.5026 -0.6330 -0.5888
vn -0.5026 -0.6330 -0.5888
vn -0.5026 -0.6330 -0.5888
vn -0.6353 -0.5499 0.5423
vn -0.6353 -0.5499 0.5423
vn -0.6353 -0.5499 0.5423
vn -0.6353 -0.5499 0.5423
vn -0.6353 -0.5499 0.5423
vn -0.6353 -0.5499 0.5423
vn -0.3393 -0.8590 0.3833
vn -0.3393 -0.8590 0.3833
vn -0.3393 -0.8590 0.3833
vn -0.3393 -0.8590 0.3833
vn -0.3393 -0.8590 0.3833
vn -0.3393 -0.8590 0.3833
vn 0.5228 -0.7158 0.4629
vn 0.5228 -0.7158 0.4629
vn 0.5228 -0.7158 0.4629
vn 0.5228 -0.7158 0.4629
vn 0.5228 -0.7158 0.4629
vn 0.5228 -0.7158 0.4629
vn 0.5365 -0.8310 0.1468
vn 0.5365 -0.8310 0.1468
vn 0.5365 -0.8310 0.1468
vn 0.5365 -0.8310 0.1468
vn 0.5365 -0.8310 0.1468
vn 0.5365 -0.8310 0.1468
vn 0.2246 -0.5253 -0.8208
vn 0.2246 -0.5253 -0.8208
vn 0.2246 -0.5253 -0.8208
vn 0.2246 -0.5253 -0.8208
vn 0.2246 -0.5253 -0.8208
vn 0.2246 -0.5253 -0.8208
vn -0.2825 -0.9139 0.2916
vn -0.2825 -0.9139 0.2916
vn -0.2825 -0.9139 0.2916
vn -0.2825 -0.9139 0.2916
vn -0.2825 -0.9139 0.2916
vn -0.2825 -0.9139 0.2916
vn 0.3257 -0.8913 0.3154
vn 0.3257 -0.8913 0.3154
vn 0.3257 -0.8913 0.3154
vn 0.3257 -0.8913 0.3154
vn 0.3257 -0.8913 0.3154
vn 0.3257 -0.8913 0.3154
vn 0.2450 -0.8154 -0.5245
vn 0.2450 -0.8154 -0.5245
vn 0.2450 -0.8154 -0.5245
vn 0.2450 -0.8154 -0.5245
vn 0.2450 -0.8154 -0.5245
vn 0.2450 -0.8154 -0.5245
vn -0.5431 -0.8004 -0.2537
vn -0.5431 -0.8004 -0.2537
vn -0.5431 -0.8004 -0.2537
vn -0.5431 -0.8004 -0.2537
vn -0.5431 -0.8004 -0.2537
vn -0.5431 -0.8004 -0.2537
vn 0.2864 -0.7736 -0.5653
vn 0.2864 -0.7736 -0.5653
vn 0.2864 -0.7736 -0.5653
vn 0.2864 -0.7736 -0.5653
vn 0.2864 -0.7736 -0.5653
vn 0.2864 -0.7736 -0.5653
vn -0.4890 -0.8363 -0.2478
vn -0.4890 -0.8363 -0.2478
vn -0.4890 -0.8363 -0.2478
vn -0.4890 -0.8363 -0.2478
vn -0.4890 -0.8363 -0.2478
vn -0.4890 -0.8363 -0.2478
vn 0.3853 -0.7018 0.5992
vn 0.3853 -0.7018 0.5992
vn 0.3853 -0.7018 0.5992
vn 0.3853 -0.7018 0.5992
vn 0.3853 -0.7018 0.5992
vn 0.3853 -0.7018 0.5992
vn 0.4937 -0.8096 -0.3175
vn 0.4937 -0.8096 -0.3175
vn 0.4937 -0.8096 -0.3175
vn 0.4937 -0.8096 -0.3175
vn 0.4937 -0.8096 -0.3175
vn 0.4937 -0.8096 -0.3175
vn 0.4976 -0.5962 -0.6300
vn 0.4976 -0.5962 -0.6300
vn 0.4976 -0.5962 -0.6300
vn 0.4976 -0.5962 -0.6300
vn 0.4976 -0.5962 -0.6300
vn 0.4976 -0.5962 -0.6300
vn -0.5484 -0.7152 -0.4332
vn -0.5484 -0.7152 -0.4332
vn -0.5484 -0.7152 -0.4332
vn -0.5484 -0.7152 -0.4332
vn -0.5484 -0.7152 -0.4332
vn -0.5484 -0.7152 -0.4332
vn 0.4564 -0.8354 0.3062
vn 0.4564 -0.8354 0.3062
vn 0.4564 -0.8354 0.3062
vn 0.4564 -0.8354 0.3062
vn 0.4564 -0.8354 0.3062
vn 0.4564 -0.8354 0.3062
vn 0.3349 -0.7992 -0.4991
vn 0.3349 -0.7992 -0.4991
vn 0.3349 -0.7992 -0.4991
vn 0.3349 -0.7992 -0.4991
vn 0.3349 -0.7992 -0.4991
vn 0.3349 -0.7992 -0.4991
vn -0.2069 -0.9390 -0.2749
vn -0.2069 -0.9390 -0.2749
vn -0.2069 -0.9390 -0.2749
vn -0.2069 -0.9390 -0.2749
vn -0.2069 -0.9390 -0.2749
vn -0.2069 -0.9390 -0.2749
vn -0.3588 -0.8935 0.2700
vn -0.3588 -0.8935 0.2700
vn -0.3588 -0.8935 0.2700
vn -0.3588 -0.8935 0.2700
vn -0.3588 -0.8935 0.2700
vn -0.3588 -0.8935 0.2700
vn 0.4222 -0.5347 -0.7320
vn 0.4222 -0.5347 -0.7320
vn 0.4222 -0.5347 -0.7320
vn 0.4222 -0.5347 -0.7320
vn 0.4222 -0.5347 -0.7320
vn 0.4222 -0.5347 -0.7320
vn -0.7412 -0.5176 -0.4275
vn -0.7412 -0.5176 -0.4275
vn -0.7412 -0.5176 -0.4275
vn -0.7412 -0.5176 -0.4275
vn -0.7412 -0.5176 -0.4275
vn -0.7412 -0.5176 -0.4275
vn 0.6313 -0.5174 -0.5778
vn 0.6313 -0.5174 -0.5778
vn 0.6313 -0.5174 -0.5778
vn 0.6313 -0.5174 -0.5778
vn 0.6313 -0.5174 -0.5778
vn 0.6313 -0.5174 -0.5778
vn -0.4005 -0.8050 -0.4376
vn -0.4005 -0.8050 -0.4376
vn -0.4005 -0.8050 -0.4376
vn -0.4005 -0.8050 -0.4376
vn -0.4005 -0.8050 -0.4376
vn -0.4005 -0.8050 -0.4376
vn -0.4174 -0.6259 0.6588
vn -0.4174 -0.6259 0.6588
vn -0.4174 -0.6259 0.6588
vn -0.4174 -0.6259 0.6588
vn -0.4174 -0.6259 0.6588
vn -0.4174 -0.6259 0.6588
vn 0.6902 -0.5767 0.4372
vn 0.6902 -0.5767 0.4372
vn 0.6902 -0.5767 0.4372
vn 0.6902 -0.5767 0.4372
vn 0.6902 -0.5767 0.4372
vn 0.6902 -0.5767 0.4372
vn 0.6489 -0.6606 -0.3776
vn 0.6489 -0.6606 -0.3776
vn 0.6489 -0.6606 -0.3776
vn 0.6489 -0.6606 -0.3776
vn 0.6489 -0.6606 -0.3776
vn 0.6489 -0.6606 -0.3776
vn -0.3977 -0.6123 -0.6834
vn -0.3977 -0.6123 -0.6834
vn -0.3977 -0.6123 -0.6834
vn -0.3977 -0.6123 -0.6834
vn -0.3977 -0.6123 -0.6834
vn -0.3977 -0.6123 -0.6834
vn 0.2621 -0.6938 0.6708
vn 0.2621 -0.6938 0.6708
vn 0.2621 -0.6938 0.6708
vn 0.2621 -0.6938 0.6708
vn 0.2621 -0.6938 0.6708
vn 0.2621 -0.6938 0.6708
vn 0.6781 -0.6855 -0.2650
vn 0.6781 -0.6855 -0.2650
vn 0.6781 -0.6855 -0.2650
vn 0.6781 -0.6855 -0.2650
vn 0.6781 -0.6855 -0.2650
vn 0.6781 -0.6855 -0.2650
vn 0.6439 -0.5999 0.4749
vn 0.6439 -0.5999 0.4749
vn 0.6439 -0.5999 0.4749
vn 0.6439 -0.5999 0.4749
vn 0.6439 -0.5999 0.4749
vn 0.6439 -0.5999 0.4749
vn 0.2143 -0.9325 -0.2906
vn 0.2143 -0.9325 -0.2906
vn 0.2143 -0.9325 -0.2906
vn 0.2143 -0.9325 -0.2906
vn 0.2143 -0.9325 -0.2906
vn 0.2143 -0.9325 -0.2906
vn -0.2859 -0.8491 0.4441
vn -0.2859 -0.8491 0.4441
vn -0.2859 -0.8491 0.4441
vn -0.2859 -0.8491 0.4441
vn -0.2859 -0.8491 0.4441
vn -0.2859 -0.8491 0.4441
vn 0.6499 -0.6346 0.4183
vn 0.6499 -0.6346 0.4183
vn 0.6499 -0.6346 0.4183
vn 0.6499 -0.6346 0.4183
vn 0.6499 -0.6346 0.4183
vn 0.6499 -0.6346 0.4183
vn -0.1841 -0.9256 -0.3307
vn -0.1841 -0.9256 -0.3307
vn -0.1841 -0.9256 -0.3307
vn -0.1841 -0.9256 -0.3307
vn -0.1841 -0.9256 -0.3307
vn -0.1841 -0.9256 -0.3307
vn -0.4570 -0.8523 0.2545
vn -0.4570 -0.8523 0.2545
vn -0.4570 -0.8523 0.2545
vn -0.4570 -0.8523 0.2545
vn -0.4570 -0.8523 0.2545
vn -0.4570 -0.8523 0.2545
vn -0.5094 -0.7769 0.3700
vn -0.5094 -0.7769 0.3700
vn -0.5094 -0.7769 0.3700
vn -0.5094 -0.7769 0.3700
vn -0.5094 -0.7769 0.3700
vn -0.5094 -0.7769 0.3700
vn 0.3795 -0.7635 0.5225
vn 0.3795 -0.7635 0.5225
vn 0.3795 -0.7635 0.5225
vn 0.3795 -0.7635 0.5225
vn 0.3795 -0.7635 0.5225
vn 0.3795 -0.7635 0.5225
vn 0.0292 -0.8049 -0.5927
vn 0.0292 -0.8049 -0.5927
vn 0.0292 -0.8049 -0.5927
vn 0.0292 -0.8049 -0.5927
vn 0.0292 -0.8049 -0.5927
vn 0.0292 -0.8049 -0.5927
vn -0.7618 -0.6467 -0.0375
vn -0.7618 -0.6467 -0.0375
vn -0.7618 -0.6467 -0.0375
vn -0.7618 -0.6467 -0.0375
vn -0.7618 -0.6467 -0.0375
vn -0.7618 -0.6467 -0.0375
vn -0.0780 -0.8900 -0.4492
vn -0.0780 -0.8900 -0.4492
vn -0.0780 -0.8900 -0.4492
vn -0.0780 -0.8900 -0.4492
vn -0.0780 -0.8900 -0.4492
vn -0.0780 -0.8900 -0.4492
vn -0.8327 -0.5345 0.1447
vn -0.8327 -0.5345 0.1447
vn -0.8327 -0.5345 0.1447
vn -0.8327 -0.5345 0.1447
vn -0.8327 -0.5345 0.1447
vn -0.8327 -0.5345 0.1447
vn -0.2167 -0.9200 0.3264
vn -0.2167 -0.9200 0.3264
vn -0.2167 -0.9200 0.3264
vn -0.2167 -0.9200 0.3264
vn -0.2167 -0.9200 0.3264
vn -0.2167 -0.9200 0.3264
vn 0.5542 -0.7467 0.3678
vn 0.5542 -0.7467 0.3678
vn 0.5542 -0.7467 0.3678
vn 0.5542 -0.7467 0.3678
vn 0.5542 -0.7467 0.3678
vn 0.5542 -0.7467 0.3678
vn -0.2042 -0.8207 0.5336
vn -0.2042 -0.8207 0.5336
vn -0.2042 -0.8207 0.5336
vn -0.2042 -0.8207 0.5336
vn -0.2042 -0.8207 0.5336
vn -0.2042 -0.8207 0.5336
vn 0.6863 -0.6782 0.2627
vn 0.6863 -0.6782 0.2627
vn 0.6863 -0.6782 0.2627
vn 0.6863 -0.6782 0.2627
vn 0.6863 -0.6782 0.2627
vn 0.6863 -0.6782 0.2627
vn 0.2801 -0.5002 -0.8193
vn 0.2801 -0.5002 -0.8193
vn 0.2801 -0.5002 -0.8193
vn 0.2801 -0.5002 -0.8193
vn 0.2801 -0.5002 -0.8193
vn 0.2801 -0.5002 -0.8193
vn -0.7898 -0.5506 -0.2701
vn -0.7898 -0.5506 -0.2701
vn -0.7898 -0.5506 -0.2701
vn -0.7898 -0.5506 -0.2701
vn -0.7898 -0.5506 -0.2701
vn -0.7898 -0.5506 -0.2701
vn -0.3932 -0.8873 0.2410
vn -0.3932 -0.8873 0.2410
vn -0.3932 -0.8873 0.2410
vn -0.3932 -0.8873 0.2410
vn -0.3932 -0.8873 0.2410
vn -0.3932 -0.8873 0.2410
vn 0.3255 -0.7823 0.5311
vn 0.3255 -0.7823 0.5311
vn 0.3255 -0.7823 0.5311
vn 0.3255 -0.7823 0.5311
vn 0.3255 -0.7823 0.5311
vn 0.3255 -0.7823 0.5311
vn 0.2805 -0.8693 -0.4071
vn 0.2805 -0.8693 -0.4071
vn 0.2805 -0.8693 -0.4071
vn 0.2805 -0.8693 -0.4071
vn 0.2805 -0.8693 -0.4071
vn 0.2805 -0.8693 -0.4071
vn -0.4167 -0.8625 -0.2871
vn -0.4167 -0.8625 -0.2871
vn -0.4167 -0.8625 -0.2871
vn -0.4167 -0.8625 -0.2871
vn -0.4167 -0.8625 -0.2871
vn -0.4167 -0.8625 -0.2871
vn 0.1031 -0.8468 0.5218
vn 0.1031 -0.8468 0.5218
vn 0.1031 -0.8468 0.5218
vn 0.1031 -0.8468 0.5218
vn 0.1031 -0.8468 0.5218
vn 0.1031 -0.8468 0.5218
vn 0.3950 -0.9153 -0.0781
vn 0.3950 -0.9153 -0.0781
vn 0.3950 -0.9153 -0.0781
vn 0.3950 -0.9153 -0.0781
vn 0.3950 -0.9153 -0.0781
vn 0.3950 -0.9153 -0.0781
usemtl leaves
s off
f 285/1294/285 286/1295/286 287/1296/287
f 288/1297/288 289/1298/289 290/1299/290
f 291/1300/291 292/1301/292 293/1302/293
f 294/1303/294 295/1304/295 296/1305/296
f 297/1306/297 298/1307/298 299/1308/299
f 300/1309/300 301/1310/301 302/1311/302
f 303/1312/303 304/1313/304 305/1314/305
f 306/1315/306 307/1316/307 308/1317/308
f 309/1318/309 310/1319/310 311/1320/311
f 312/1321/312 313/1322/313 314/1323/314
f 315/1324/315 316/1325/316 317/1326/317
f 318/1327/318 319/1328/319 320/1329/320
f 321/1330/321 322/1331/322 323/1332/323
f 324/1333/324 325/1334/325 326/1335/326
f 327/1336/327 328/1337/328 329/1338/329
f 330/1339/330 331/1340/331 332/1341/332
f 333/1342/333 334/1343/334 335/1344/335
f 336/1345/336 337/1346/337 338/1347/338
f 339/1348/339 340/1349/340 341/1350/341
f 342/1351/342 343/1352/343 344/1353/344
f 345/1354/345 346/1355/346 347/1356/347
f 348/1357/348 349/1358/349 350/1359/350
f 351/1360/351 352/1361/352 353/1362/353
f 354/1363/354 355/1364/355 356/1365/356
f 357/1366/357 358/1367/358 359/1368/359
f 360/1369/360 361/1370/361 362/1371/362
f 363/1372/363 364/1373/364 365/1374/365
f 366/1375/366 367/1376/367 368/1377/368
f 369/1378/369 370/1379/370 371/1380/371
f 372/1381/372 373/1382/373 374/1383/374
f 375/1384/375 376/1385/376 377/1386/377
f 378/1387/378 379/1388/379 380/1389/380
f 381/1390/381 382/1391/382 383/1392/383
f 384/1393/384 385/1394/385 386/1395/386
f 387/1396/387 388/1397/388 389/1398/389
f 390/1399/390 391/1400/391 392/1401/392
f 393/1402/393 394/1403/394 395/1404/395
f 396/1405/396 397/1406/397 398/1407/398
f 399/1408/399 400/1409/400 401/1410/401
f 402/1411/402 403/1412/403 404/1413/404
f 405/1414/405 406/1415/406 407/1416/407
f 408/1417/408 409/1418/409 410/1419/410
f 411/1420/411 412/1421/412 413/1422/413
f 414/1423/414 415/1424/415 416/1425/416
f 417/1426/417 418/1427/418 419/1428/419
f 420/1429/420 421/1430/421 422/1431/422
f 423/1432/423 424/1433/424 425/1434/425
f 426/1435/426 427/1436/427 428/1437/428
f 429/1438/429 430/1439/430 431/1440/431
f 432/1441/432 433/1442/433 434/1443/434
f 435/1444/435 436/1445/436 437/1446/437
f 438/1447/438 439/1448/439 440/1449/440
f 441/1450/441 442/1451/442 443/1452/443
f 444/1453/444 445/1454/445 446/1455/446
f 447/1456/447 448/1457/448 449/1458/449
f 450/1459/450 451/1460/451 452/1461/452
f 453/1462/453 454/1463/454 455/1464/455
f 456/1465/456 457/1466/457 458/1467/458
f 459/1468/459 460/1469/460 461/1470/461
f 462/1471/462 463/1472/463 464/1473/464
f 465/1474/465 466/1475/466 467/1476/467
f 468/1477/468 469/1478/469 470/1479/470
f 471/1480/471 472/1481/472 473/1482/473
f 474/1483/474 475/1484/475 476/1485/476
f 477/1486/477 478/1487/478 479/1488/479
f 480/1489/480 481/1490/481 482/1491/482
f 483/1492/483 484/1493/484 485/1494/485
f 486/1495/486 487/1496/487 488/1497/488
f 489/1498/489 490/1499/490 491/1500/491
f 492/1501/492 493/1502/493 494/1503/494
f 495/1504/495 496/1505/496 497/1506/497
f 498/1507/498 499/1508/499 500/1509/500
f 501/1510/501 502/1511/502 503/1512/503
f 504/1513/504 505/1514/505 506/1515/506
f 507/1516/507 508/1517/508 509/1518/509
f 510/1519/510 511/1520/511 512/1521/512
f 513/1522/513 514/1523/514 515/1524/515
f 516/1525/516 517/1526/517 518/1527/518
f 519/1528/519 520/1529/520 521/1530/521
f 522/1531/522 523/1532/523 524/1533/524
f 525/1534/525 526/1535/526 527/1536/527
f 528/1537/528 529/1538/529 530/1539/530
f 531/1540/531 532/1541/532 533/1542/533
f 534/1543/534 535/1544/535 536/1545/536
f 537/1546/537 538/1547/538 539/1548/539
f 540/1549/540 541/1550/541 542/1551/542
f 543/1552/543 544/1553/544 545/1554/545
f 546/1555/546 547/1556/547 548/1557/548
f 549/1558/549 550/1559/550 551/1560/551
f 552/1561/552 553/1562/553 554/1563/554
f 555/1564/555 556/1565/556 557/1566/557
f 558/1567/558 559/1568/559 560/1569/560
f 561/1570/561 562/1571/562 563/1572/563
f 564/1573/564 565/1574/565 566/1575/566
f 567/1576/567 568/1577/568 569/1578/569
f 570/1579/570 571/1580/571 572/1581/572
f 573/1582/573 574/1583/574 575/1584/575
f 576/1585/576 577/1586/577 578/1587/578
f 579/1588/579 580/1589/580 581/1590/581
f 582/1591/582 583/1592/583 584/1593/584
f 585/1594/585 586/1595/586 587/1596/587
f 588/1597/588 589/1598/589 590/1599/590
f 591/1600/591 592/1601/592 593/1602/593
f 594/1603/594 595/1604/595 596/1605/596
f 597/1606/597 598/1607/598 599/1608/599
f 600/1609/600 601/1610/601 602/1611/602
f 603/1612/603 604/1613/604 605/1614/605
f 606/1615/606 607/1616/607 608/1617/608
f 609/1618/609 610/1619/610 611/1620/611
f 612/1621/612 613/1622/613 614/1623/614
f 615/1624/615 616/1625/616 617/1626/617
f 618/1627/618 619/1628/619 620/1629/620
f 621/1630/621 622/1631/622 623/1632/623
f 624/1633/624 625/1634/625 626/1635/626
f 627/1636/627 628/1637/628 629/1638/629
f 630/1639/630 631/1640/631 632/1641/632
f 633/1642/633 634/1643/634 635/1644/635
f 636/1645/636 637/1646/637 638/1647/638
f 639/1648/639 640/1649/640 641/1650/641
f 642/1651/642 643/1652/643 644/1653/644
f 645/1654/645 646/1655/646 647/1656/647
f 648/1657/648 649/1658/649 650/1659/650
f 651/1660/651 652/1661/652 653/1662/653
f 654/1663/654 655/1664/655 656/1665/656
f 657/1666/657 658/1667/658 659/1668/659
f 660/1669/660 661/1670/661 662/1671/662
f 663/1672/663 664/1673/664 665/1674/665
f 666/1675/666 667/1676/667 668/1677/668
f 669/1678/669 670/1679/670 671/1680/671
f 672/1681/672 673/1682/673 674/1683/674
f 675/1684/675 676/1685/676 677/1686/677
f 678/1687/678 679/1688/679 680/1689/680
f 681/1690/681 682/1691/682 683/1692/683
f 684/1693/684 685/1694/685 686/1695/686
f 687/1696/687 688/1697/688 689/1698/689
f 690/1699/690 691/1700/691 692/1701/692
f 693/1702/693 694/1703/694 695/1704/695
f 696/1705/696 697/1706/697 698/1707/698
f 699/1708/699 700/1709/700 701/1710/701
f 702/1711/702 703/1712/703 704/1713/704
f 705/1714/705 706/1715/706 707/1716/707
f 708/1717/708 709/1718/709 710/1719/710
f 711/1720/711 712/1721/712 713/1722/713
f 714/1723/714 715/1724/715 716/1725/716
f 717/1726/717 718/1727/718 719/1728/719
f 720/1729/720 721/1730/721 722/1731/722
f 723/1732/723 724/1733/724 725/1734/725
f 726/1735/726 727/1736/727 728/1737/728
f 729/1738/729 730/1739/730 731/1740/731
f 732/1741/732 733/1742/733 734/1743/734
f 735/1744/735 736/1745/736 737/1746/737
f 738/1747/738 739/1748/739 740/1749/740
f 741/1750/741 742/1751/742 743/1752/743
f 744/1753/744 745/1754/745 746/1755/746
f 747/1756/747 748/1757/748 749/1758/749
f 750/1759/750 751/1760/751 752/1761/752
f 753/1762/753 754/1763/754 755/1764/755
f 756/1765/756 757/1766/757 758/1767/758
f 759/1768/759 760/1769/760 761/1770/761
f 762/1771/762 763/1772/763 764/1773/764
f 765/1774/765 766/1775/766 767/1776/767
f 768/1777/768 769/1778/769 770/1779/770
f 771/1780/771 772/1781/772 773/1782/773
f 774/1783/774 775/1784/775 776/1785/776
f 777/1786/777 778/1787/778 779/1788/779
f 780/1789/780 781/1790/781 782/1791/782
f 783/1792/783 784/1793/784 785/1794/785
f 786/1795/786 787/1796/787 788/1797/788
f 789/1798/789 790/1799/790 791/1800/791
f 792/1801/792 793/1802/793 794/1803/794
f 795/1804/795 796/1805/796 797/1806/797
f 798/1807/798 799/1808/799 800/1809/800
f 801/1810/801 802/1811/802 803/1812/803
f 804/1813/804 805/1814/805 806/1815/806
f 807/1816/807 808/1817/808 809/1818/809
f 810/1819/810 811/1820/811 812/1821/812
f 813/1822/813 814/1823/814 815/1824/815
f 816/1825/816 817/1826/817 818/1827/818
f 819/1828/819 820/1829/820 821/1830/821
f 822/1831/822 823/1832/823 824/1833/824
f 825/1834/825 826/1835/826 827/1836/827
f 828/1837/828 829/1838/829 830/1839/830
f 831/1840/831 832/1841/832 833/1842/833
f 834/1843/834 835/1844/835 836/1845/836
f 837/1846/837 838/1847/838 839/1848/839
f 840/1849/840 841/1850/841 842/1851/842
f 843/1852/843 844/1853/844 845/1854/845
f 846/1855/846 847/1856/847 848/1857/848
f 849/1858/849 850/1859/850 851/1860/851
f 852/1861/852 853/1862/853 854/1863/854
f 855/1864/855 856/1865/856 857/1866/857
f 858/1867/858 859/1868/859 860/1869/860
f 861/1870/861 862/1871/862 863/1872/863
f 864/1873/864 865/1874/865 866/1875/866
f 867/1876/867 868/1877/868 869/1878/869
f 870/1879/870 871/1880/871 872/1881/872
f 873/1882/873 874/1883/874 875/1884/875
f 876/1885/876 877/1886/877 878/1887/878
f 879/1888/879 880/1889/880 881/1890/881
f 882/1891/882 883/1892/883 884/1893/884
f 885/1894/885 886/1895/886 887/1896/887
f 888/1897/888 889/1898/889 890/1899/890
f 891/1900/891 892/1901/892 893/1902/893
f 894/1903/894 895/1904/895 896/1905/896
f 897/1906/897 898/1907/898 899/1908/899
f 900/1909/900 901/1910/901 902/1911/902
f 903/1912/903 904/1913/904 905/1914/905
f 906/1915/906 907/1916/907 908/1917/908
f 909/1918/909 910/1919/910 911/1920/911
f 912/1921/912 913/1922/913 914/1923/914
f 915/1924/915 916/1925/916 917/1926/917
f 918/1927/918 919/1928/919 920/1929/920
f 921/1930/921 922/1931/922 923/1932/923
f 924/1933/924 925/1934/925 926/1935/926
f 927/1936/927 928/1937/928 929/1938/929
f 930/1939/930 931/1940/931 932/1941/932
f 933/1942/933 934/1943/934 935/1944/935
f 936/1945/936 937/1946/937 938/1947/938
f 939/1948/939 940/1949/940 941/1950/941
f 942/1951/942 943/1952/943 944/1953/944
f 945/1954/945 946/1955/946 947/1956/947
f 948/1957/948 949/1958/949 950/1959/950
f 951/1960/951 952/1961/952 953/1962/953
f 954/1963/954 955/1964/955 956/1965/956
f 957/1966/957 958/1967/958 959/1968/959
f 960/1969/960 961/1970/961 962/1971/962
f 963/1972/963 964/1973/964 965/1974/965
f 966/1975/966 967/1976/967 968/1977/968
f 969/1978/969 970/1979/970 971/1980/971
f 972/1981/972 973/1982/973 974/1983/974
f 975/1984/975 976/1985/976 977/1986/977
f 978/1987/978 979/1988/979 980/1989/980
f 981/1990/981 982/1991/982 983/1992/983
f 984/1993/984 985/1994/985 986/1995/986
f 987/1996/987 988/1997/988 989/1998/989
f 990/1999/990 991/2000/991 992/2001/992
f 993/2002/993 994/2003/994 995/2004/995
f 996/2005/996 997/2006/997 998/2007/998
f 999/2008/999 1000/2009/1000 1001/2010/1001
f 1002/2011/1002 1003/2012/1003 1004/2013/1004
f 1005/2014/1005 1006/2015/1006 1007/2016/1007
f 1008/2017/1008 1009/2018/1009 1010/2019/1010
f 1011/2020/1011 1012/2021/1012 1013/2022/1013
f 1014/2023/1014 1015/2024/1015 1016/2025/1016
f 1017/2026/1017 1018/2027/1018 1019/2028/1019
f 1020/2029/1020 1021/2030/1021 1022/2031/1022
f 1023/2032/1023 1024/2033/1024 1025/2034/1025
f 1026/2035/1026 1027/2036/1027 1028/2037/1028
f 1029/2038/1029 1030/2039/1030 1031/2040/1031
f 1032/2041/1032 1033/2042/1033 1034/2043/1034
f 1035/2044/1035 1036/2045/1036 1037/2046/1037
f 1038/2047/1038 1039/2048/1039 1040/2049/1040
f 1041/2050/1041 1042/2051/1042 1043/2052/1043
f 1044/2053/1044 1045/2054/1045 1046/2055/1046
f 1047/2056/1047 1048/2057/1048 1049/2058/1049
f 1050/2059/1050 1051/2060/1051 1052/2061/1052
f 1053/2062/1053 1054/2063/1054 1055/2064/1055
f 1056/2065/1056 1057/2066/1057 1058/2067/1058
f 1059/2068/1059 1060/2069/1060 1061/2070/1061
f 1062/2071/1062 1063/2072/1063 1064/2073/1064
f 1065/2074/1065 1066/2075/1066 1067/2076/1067
f 1068/2077/1068 1069/2078/1069 1070/2079/1070
f 1071/2080/1071 1072/2081/1072 1073/2082/1073
f 1074/2083/1074 1075/2084/1075 1076/2085/1076
f 1077/2086/1077 1078/2087/1078 1079/2088/1079
f 1080/2089/1080 1081/2090/1081 1082/2091/1082
f 1083/2092/1083 1084/2093/1084 1085/2094/1085
f 1086/2095/1086 1087/2096/1087 1088/2097/1088
f 1089/2098/1089 1090/2099/1090 1091/2100/1091
f 1092/2101/1092 1093/2102/1093 1094/2103/1094
f 1095/2104/1095 1096/2105/1096 1097/2106/1097
f 1098/2107/1098 1099/2108/1099 1100/2109/1100
f 1101/2110/1101 1102/2111/1102 1103/2112/1103
f 1104/2113/1104 1105/2114/1105 1106/2115/1106
f 1107/2116/1107 1108/2117/1108 1109/2118/1109
f 1110/2119/1110 1111/2120/1111 1112/2121/1112
f 1113/2122/1113 1114/2123/1114 1115/2124/1115
f 1116/2125/1116 1117/2126/1117 1118/2127/1118
f 1119/2128/1119 1120/2129/1120 1121/2130/1121
f 1122/2131/1122 1123/2132/1123 1124/2133/1124
f 1125/2134/1125 1126/2135/1126 1127/2136/1127
f 1128/2137/1128 1129/2138/1129 1130/2139/1130
f 1131/2140/1131 1132/2141/1132 1133/2142/1133
f 1134/2143/1134 1135/2144/1135 1136/2145/1136
f 1137/2146/1137 1138/2147/1138 1139/2148/1139
f 1140/2149/1140 1141/2150/1141 1142/2151/1142
f 1143/2152/1143 1144/2153/1144 1145/2154/1145
f 1146/2155/1146 1147/2156/1147 1148/2157/1148
f 1149/2158/1149 1150/2159/1150 1151/2160/1151
f 1152/2161/1152 1153/2162/1153 1154/2163/1154
f 1155/2164/1155 1156/2165/1156 1157/2166/1157
f 1158/2167/1158 1159/2168/1159 1160/2169/1160
f 1161/2170/1161 1162/2171/1162 1163/2172/1163
f 1164/2173/1164 1165/2174/1165 1166/2175/1166
f 1167/2176/1167 1168/2177/1168 1169/2178/1169
f 1170/2179/1170 1171/2180/1171 1172/2181/1172
f 1173/2182/1173 1174/2183/1174 1175/2184/1175
f 1176/2185/1176 1177/2186/1177 1178/2187/1178
f 1179/2188/1179 1180/2189/1180 1181/2190/1181
f 1182/2191/1182 1183/2192/1183 1184/2193/1184
f 1185/2194/1185 1186/2195/1186 1187/2196/1187
f 1188/2197/1188 1189/2198/1189 1190/2199/1190
f 1191/2200/1191 1192/2201/1192 1193/2202/1193
f 1194/2203/1194 1195/2204/1195 1196/2205/1196
f 1197/2206/1197 1198/2207/1198 1199/2208/1199
f 1200/2209/1200 1201/2210/1201 1202/2211/1202
f 1203/2212/1203 1204/2213/1204 1205/2214/1205
f 1206/2215/1206 1207/2216/1207 1208/2217/1208
f 1209/2218/1209 1210/2219/1210 1211/2220/1211
f 1212/2221/1212 1213/2222/1213 1214/2223/1214
f 1215/2224/1215 1216/2225/1216 1217/2226/1217
f 1218/2227/1218 1219/2228/1219 1220/2229/1220
f 1221/2230/1221 1222/2231/1222 1223/2232/1223
f 1224/2233/1224 1225/2234/1225 1226/2235/1226
f 1227/2236/1227 1228/2237/1228 1229/2238/1229
f 1230/2239/1230 1231/2240/1231 1232/2241/1232
f 1233/2242/1233 1234/2243/1234 1235/2244/1235
f 1236/2245/1236 1237/2246/1237 1238/2247/1238
f 1239/2248/1239 1240/2249/1240 1241/2250/1241
f 1242/2251/1242 1243/2252/1243 1244/2253/1244
f 1245/2254/1245 1246/2255/1246 1247/2256/1247
f 1248/2257/1248 1249/2258/1249 1250/2259/1250
f 1251/2260/1251 1252/2261/1252 1253/2262/1253
f 1254/2263/1254 1255/2264/1255 1256/2265/1256
f 1257/2266/1257 1258/2267/1258 1259/2268/1259
f 1260/2269/1260 1261/2270/1261 1262/2271/1262
f 1263/2272/1263 1264/2273/1264 1265/2274/1265
f 1266/2275/1266 1267/2276/1267 1268/2277/1268
f 1269/2278/1269 1270/2279/1270 1271/2280/1271
f 1272/2281/1272 1273/2282/1273 1274/2283/1274
f 1275/2284/1275 1276/2285/1276 1277/2286/1277
f 1278/2287/1278 1279/2288/1279 1280/2289/1280
f 1281/2290/1281 1282/2291/1282 1283/2292/1283
f 1284/2293/1284 1285/2294/1285 1286/2295/1286
f 1287/2296/1287 1288/2297/1288 1289/2298/1289
f 1290/2299/1290 1291/2300/1291 1292/2301/1292
f 1293/2302/1293 1294/2303/1294 1295/2304/1295
f 1296/2305/1296 1297/2306/1297 1298/2307/1298
f 1299/2308/1299 1300/2309/1300 1301/2310/1301
f 1302/2311/1302 1303/2312/1303 1304/2313/1304
f 1305/2314/1305 1306/2315/1306 1307/2316/1307
f 1308/2317/1308 1309/2318/1309 1310/2319/1310
f 1311/2320/1311 1312/2321/1312 1313/2322/1313
f 1314/2323/1314 1315/2324/1315 1316/2325/1316
f 1317/2326/1317 1318/2327/1318 1319/2328/1319
f 1320/2329/1320 1321/2330/1321 1322/2331/1322
f 1323/2332/1323 1324/2333/1324 1325/2334/1325
f 1326/2335/1326 1327/2336/1327 1328/2337/1328
f 1329/2338/1329 1330/2339/1330 1331/2340/1331
f 1332/2341/1332 1333/2342/1333 1334/2343/1334
f 1335/2344/1335 1336/2345/1336 1337/2346/1337
f 1338/2347/1338 1339/2348/1339 1340/2349/1340
f 1341/2350/1341 1342/2351/1342 1343/2352/1343
f 1344/2353/1344 1345/2354/1345 1346/2355/1346
f 1347/2356/1347 1348/2357/1348 1349/2358/1349
f 1350/2359/1350 1351/2360/1351 1352/2361/1352
f 1353/2362/1353 1354/2363/1354 1355/2364/1355
f 1356/2365/1356 1357/2366/1357 1358/2367/1358
f 1359/2368/1359 1360/2369/1360 1361/2370/1361
f 1362/2371/1362 1363/2372/1363 1364/2373/1364
f 1365/2374/1365 1366/2375/1366 1367/2376/1367
f 1368/2377/1368 1369/2378/1369 1370/2379/1370
f 1371/2380/1371 1372/2381/1372 1373/2382/1373
f 1374/2383/1374 1375/2384/1375 1376/2385/1376
f 1377/2386/1377 1378/2387/1378 1379/2388/1379
f 1380/2389/1380 1381/2390/1381 1382/2391/1382
f 1383/2392/1383 1384/2393/1384 1385/2394/1385
f 1386/2395/1386 1387/2396/1387 1388/2397/1388
f 1389/2398/1389 1390/2399/1390 1391/2400/1391
f 1392/2401/1392 1393/2402/1393 1394/2403/1394
f 1395/2404/1395 1396/2405/1396 1397/2406/1397
f 1398/2407/1398 1399/2408/1399 1400/2409/1400
f 1401/2410/1401 1402/2411/1402 1403/2412/1403
f 1404/2413/1404 1405/2414/1405 1406/2415/1406
f 1407/2416/1407 1408/2417/1408 1409/2418/1409
f 1410/2419/1410 1411/2420/1411 1412/2421/1412
f 1413/2422/1413 1414/2423/1414 1415/2424/1415
f 1416/2425/1416 1417/2426/1417 1418/2427/1418
f 1419/2428/1419 1420/2429/1420 1421/2430/1421
f 1422/2431/1422 1423/2432/1423 1424/2433/1424
f 1425/2434/1425 1426/2435/1426 1427/2436/1427
f 1428/2437/1428 1429/2438/1429 1430/2439/1430
f 1431/2440/1431 1432/2441/1432 1433/2442/1433
f 1434/2443/1434 1435/2444/1435 1436/2445/1436
f 1437/2446/1437 1438/2447/1438 1439/2448/1439
f 1440/2449/1440 1441/2450/1441 1442/2451/1442
f 1443/2452/1443 1444/2453/1444 1445/2454/1445
f 1446/2455/1446 1447/2456/1447 1448/2457/1448
f 1449/2458/1449 1450/2459/1450 1451/2460/1451
f 1452/2461/1452 1453/2462/1453 1454/2463/1454
f 1455/2464/1455 1456/2465/1456 1457/2466/1457
f 1458/2467/1458 1459/2468/1459 1460/2469/1460
f 1461/2470/1461 1462/2471/1462 1463/2472/1463
f 1464/2473/1464 1465/2474/1465 1466/2475/1466
f 1467/2476/1467 1468/2477/1468 1469/2478/1469
f 1470/2479/1470 1471/2480/1471 1472/2481/1472
f 1473/2482/1473 1474/2483/1474 1475/2484/1475
f 1476/2485/1476 1477/2486/1477 1478/2487/1478
f 1479/2488/1479 1480/2489/1480 1481/2490/1481
f 1482/2491/1482 1483/2492/1483 1484/2493/1484
f 1485/2494/1485 1486/2495/1486 1487/2496/1487
f 1488/2497/1488 1489/2498/1489 1490/2499/1490
f 1491/2500/1491 1492/2501/1492 1493/2502/1493
f 1494/2503/1494 1495/2504/1495 1496/2505/1496
f 1497/2506/1497 1498/2507/1498 1499/2508/1499
f 1500/2509/1500 1501/2510/1501 1502/2511/1502
f 1503/2512/1503 1504/2513/1504 1505/2514/1505
f 1506/2515/1506 1507/2516/1507 1508/2517/1508
f 1509/2518/1509 1510/2519/1510 1511/2520/1511
f 1512/2521/1512 1513/2522/1513 1514/2523/1514
f 1515/2524/1515 1516/2525/1516 1517/2526/1517
f 1518/2527/1518 1519/2528/1519 1520/2529/1520
f 1521/2530/1521 1522/2531/1522 1523/2532/1523
f 1524/2533/1524 1525/2534/1525 1526/2535/1526
f 1527/2536/1527 1528/2537/1528 1529/2538/1529
f 1530/2539/1530 1531/2540/1531 1532/2541/1532
f 1533/2542/1533 1534/2543/1534 1535/2544/1535
f 1536/2545/1536 1537/2546/1537 1538/2547/1538
f 1539/2548/1539 1540/2549/1540 1541/2550/1541
f 1542/2551/1542 1543/2552/1543 1544/2553/1544
f 1545/2554/1545 1546/2555/1546 1547/2556/1547
f 1548/2557/1548 1549/2558/1549 1550/2559/1550
f 1551/2560/1551 1552/2561/1552 1553/2562/1553
f 1554/2563/1554 1555/2564/1555 1556/2565/1556
f 1557/2566/1557 1558/2567/1558 1559/2568/1559
f 1560/2569/1560 1561/2570/1561 1562/2571/1562
f 1563/2572/1563 1564/2573/1564 1565/2574/1565
f 1566/2575/1566 1567/2576/1567 1568/2577/1568
f 1569/2578/1569 1570/2579/1570 1571/2580/1571
f 1572/2581/1572 1573/2582/1573 1574/2583/1574
f 1575/2584/1575 1576/2585/1576 1577/2586/1577
f 1578/2587/1578 1579/2588/1579 1580/2589/1580
f 1581/2590/1581 1582/2591/1582 1583/2592/1583
f 1584/2593/1584 1585/2594/1585 1586/2595/1586
f 1587/2596/1587 1588/2597/1588 1589/2598/1589
f 1590/2599/1590 1591/2600/1591 1592/2601/1592
f 1593/2602/1593 1594/2603/1594 1595/2604/1595
f 1596/2605/1596 1597/2606/1597 1598/2607/1598
f 1599/2608/1599 1600/2609/1600 1601/2610/1601
f 1602/2611/1602 1603/2612/1603 1604/2613/1604
f 1605/2614/1605 1606/2615/1606 1607/2616/1607
f 1608/2617/1608 1609/2618/1609 1610/2619/1610
f 1611/2620/1611 1612/2621/1612 1613/2622/1613
f 1614/2623/1614 1615/2624/1615 1616/2625/1616
f 1617/2626/1617 1618/2627/1618 1619/2628/1619
f 1620/2629/1620 1621/2630/1621 1622/2631/1622
f 1623/2632/1623 1624/2633/1624 1625/2634/1625
f 1626/2635/1626 1627/2636/1627 1628/2637/1628
f 1629/2638/1629 1630/2639/1630 1631/2640/1631
f 1632/2641/1632 1633/2642/1633 1634/2643/1634
f 1635/2644/1635 1636/2645/1636 1637/2646/1637
f 1638/2647/1638 1639/2648/1639 1640/2649/1640
f 1641/2650/1641 1642/2651/1642 1643/2652/1643
f 1644/2653/1644 1645/2654/1645 1646/2655/1646
f 1647/2656/1647 1648/2657/1648 1649/2658/1649
f 1650/2659/1650 1651/2660/1651 1652/2661/1652
f 1653/2662/1653 1654/2663/1654 1655/2664/1655
f 1656/2665/1656 1657/2666/1657 1658/2667/1658
f 1659/2668/1659 1660/2669/1660 1661/2670/1661
f 1662/2671/1662 1663/2672/1663 1664/2673/1664
f 1665/2674/1665 1666/2675/1666 1667/2676/1667
f 1668/2677/1668 1669/2678/1669 1670/2679/1670
f 1671/2680/1671 1672/2681/1672 1673/2682/1673
f 1674/2683/1674 1675/2684/1675 1676/2685/1676
f 1677/2686/1677 1678/2687/1678 1679/2688/1679
f 1680/2689/1680 1681/2690/1681 1682/2691/1682
f 1683/2692/1683 1684/2693/1684 1685/2694/1685
f 1686/2695/1686 1687/2696/1687 1688/2697/1688
f 1689/2698/1689 1690/2699/1690 1691/2700/1691
f 1692/2701/1692 1693/2702/1693 1694/2703/1694
f 1695/2704/1695 1696/2705/1696 1697/2706/1697
f 1698/2707/1698 1699/2708/1699 1700/2709/1700
f 1701/2710/1701 1702/2711/1702 1703/2712/1703
f 1704/2713/1704 1705/2714/1705 1706/2715/1706
f 1707/2716/1707 1708/2717/1708 1709/2718/1709
f 1710/2719/1710 1711/2720/1711 1712/2721/1712
f 1713/2722/1713 1714/2723/1714 1715/2724/1715
f 1716/2725/1716 1717/2726/1717 1718/2727/1718
f 1719/2728/1719 1720/2729/1720 1721/2730/1721
f 1722/2731/1722 1723/2732/1723 1724/2733/1724
f 1725/2734/1725 1726/2735/1726 1727/2736/1727
f 1728/2737/1728 1729/2738/1729 1730/2739/1730
f 1731/2740/1731 1732/2741/1732 1733/2742/1733
f 1734/2743/1734 1735/2744/1735 1736/2745/1736
f 1737/2746/1737 1738/2747/1738 1739/2748/1739
f 1740/2749/1740 1741/2750/1741 1742/2751/1742
f 1743/2752/1743 1744/2753/1744 1745/2754/1745
f 1746/2755/1746 1747/2756/1747 1748/2757/1748
f 1749/2758/1749 1750/2759/1750 1751/2760/1751
f 1752/2761/1752 1753/2762/1753 1754/2763/1754
f 1755/2764/1755 1756/2765/1756 1757/2766/1757
f 1758/2767/1758 1759/2768/1759 1760/2769/1760
f 1761/2770/1761 1762/2771/1762 1763/2772/1763
f 1764/2773/1764 1765/2774/1765 1766/2775/1766
f 1767/2776/1767 1768/2777/1768 1769/2778/1769
f 1770/2779/1770 1771/2780/1771 1772/2781/1772
f 1773/2782/1773 1774/2783/1774 1775/2784/1775
f 1776/2785/1776 1777/2786/1777 1778/2787/1778
f 1779/2788/1779 1780/2789/1780 1781/2790/1781
f 1782/2791/1782 1783/2792/1783 1784/2793/1784
f 1785/2794/1785 1786/2795/1786 1787/2796/1787
f 1788/2797/1788 1789/2798/1789 1790/2799/1790
f 1791/2800/1791 1792/2801/1792 1793/2802/1793
f 1794/2803/1794 1795/2804/1795 1796/2805/1796
f 1797/2806/1797 1798/2807/1798 1799/2808/1799
f 1800/2809/1800 1801/2810/1801 1802/2811/1802
f 1803/2812/1803 1804/2813/1804 1805/2814/1805
f 1806/2815/1806 1807/2816/1807 1808/2817/1808
f 1809/2818/1809 1810/2819/1810 1811/2820/1811
f 1812/2821/1812 1813/2822/1813 1814/2823/1814
f 1815/2824/1815 1816/2825/1816 1817/2826/1817
f 1818/2827/1818 1819/2828/1819 1820/2829/1820
f 1821/2830/1821 1822/2831/1822 1823/2832/1823
f 1824/2833/1824 1825/2834/1825 1826/2835/1826
f 1827/2836/1827 1828/2837/1828 1829/2838/1829
f 1830/2839/1830 1831/2840/1831 1832/2841/1832
f 1833/2842/1833 1834/2843/1834 1835/2844/1835
f 1836/2845/1836 1837/2846/1837 1838/2847/1838
f 1839/2848/1839 1840/2849/1840 1841/2850/1841
f 1842/2851/1842 1843/2852/1843 1844/2853/1844
f 1845/2854/1845 1846/2855/1846 1847/2856/1847
f 1848/2857/1848 1849/2858/1849 1850/2859/1850
f 1851/2860/1851 1852/2861/1852 1853/2862/1853
f 1854/2863/1854 1855/2864/1855 1856/2865/1856
f 1857/2866/1857 1858/2867/1858 1859/2868/1859
f 1860/2869/1860 1861/2870/1861 1862/2871/1862
f 1863/2872/1863 1864/2873/1864 1865/2874/1865
f 1866/2875/1866 1867/2876/1867 1868/2877/1868
f 1869/2878/1869 1870/2879/1870 1871/2880/1871
f 1872/2881/1872 1873/2882/1873 1874/2883/1874
f 1875/2884/1875 1876/2885/1876 1877/2886/1877
f 1878/2887/1878 1879/2888/1879 1880/2889/1880
f 1881/2890/1881 1882/2891/1882 1883/2892/1883
f 1884/2893/1884 1885/2894/1885 1886/2895/1886
f 1887/2896/1887 1888/2897/1888 1889/2898/1889
f 1890/2899/1890 1891/2900/1891 1892/2901/1892
f 1893/2902/1893 1894/2903/1894 1895/2904/1895
f 1896/2905/1896 1897/2906/1897 1898/2907/1898
f 1899/2908/1899 1900/2909/1900 1901/2910/1901
f 1902/2911/1902 1903/2912/1903 1904/2913/1904
f 1905/2914/1905 1906/2915/1906 1907/2916/1907
f 1908/2917/1908 1909/2918/1909 1910/2919/1910
f 1911/2920/1911 1912/2921/1912 1913/2922/1913
f 1914/2923/1914 1915/2924/1915 1916/2925/1916
f 1917/2926/1917 1918/2927/1918 1919/2928/1919
f 1920/2929/1920 1921/2930/1921 1922/2931/1922
f 1923/2932/1923 1924/2933/1924 1925/2934/1925
f 1926/2935/1926 1927/2936/1927 1928/2937/1928
f 1929/2938/1929 1930/2939/1930 1931/2940/1931
f 1932/2941/1932 1933/2942/1933 1934/2943/1934
f 1935/2944/1935 1936/2945/1936 1937/2946/1937
f 1938/2947/1938 1939/2948/1939 1940/2949/1940
f 1941/2950/1941 1942/2951/1942 1943/2952/1943
f 1944/2953/1944 1945/2954/1945 1946/2955/1946
f 1947/2956/1947 1948/2957/1948 1949/2958/1949
f 1950/2959/1950 1951/2960/1951 1952/2961/1952
f 1953/2962/1953 1954/2963/1954 1955/2964/1955
f 1956/2965/1956 1957/2966/1957 1958/2967/1958
f 1959/2968/1959 1960/2969/1960 1961/2970/1961
f 1962/2971/1962 1963/2972/1963 1964/2973/1964
f 1965/2974/1965 1966/2975/1966 1967/2976/1967
f 1968/2977/1968 1969/2978/1969 1970/2979/1970
f 1971/2980/1971 1972/2981/1972 1973/2982/1973
f 1974/2983/1974 1975/2984/1975 1976/2985/1976
f 1977/2986/1977 1978/2987/1978 1979/2988/1979
f 1980/2989/1980 1981/2990/1981 1982/2991/1982
f 1983/2992/1983 1984/2993/1984 1985/2994/1985
f 1986/2995/1986 1987/2996/1987 1988/2997/1988
f 1989/2998/1989 1990/2999/1990 1991/3000/1991
f 1992/3001/1992 1993/3002/1993 1994/3003/1994
f 1995/3004/1995 1996/3005/1996 1997/3006/1997
f 1998/3007/1998 1999/3008/1999 2000/3009/2000
f 2001/3010/2001 2002/3011/2002 2003/3012/2003
f 2004/3013/2004 2005/3014/2005 2006/3015/2006
f 2007/3016/2007 2008/3017/2008 2009/3018/2009
f 2010/3019/2010 2011/3020/2011 2012/3021/2012
f 2013/3022/2013 2014/3023/2014 2015/3024/2015
f 2016/3025/2016 2017/3026/2017 2018/3027/2018
f 2019/3028/2019 2020/3029/2020 2021/3030/2021
f 2022/3031/2022 2023/3032/2023 2024/3033/2024
f 2025/3034/2025 2026/3035/2026 2027/3036/2027
f 2028/3037/2028 2029/3038/2029 2030/3039/2030
f 2031/3040/2031 2032/3041/2032 2033/3042/2033
f 2034/3043/2034 2035/3044/2035 2036/3045/2036
f 2037/3046/2037 2038/3047/2038 2039/3048/2039
f 2040/3049/2040 2041/3050/2041 2042/3051/2042
f 2043/3052/2043 2044/3053/2044 2045/3054/2045
f 2046/3055/2046 2047/3056/2047 2048/3057/2048
f 2049/3058/2049 2050/3059/2050 2051/3060/2051
f 2052/3061/2052 2053/3062/2053 2054/3063/2054
f 2055/3064/2055 2056/3065/2056 2057/3066/2057
f 2058/3067/2058 2059/3068/2059 2060/3069/2060
f 2061/3070/2061 2062/3071/2062 2063/3072/2063
f 2064/3073/2064 2065/3074/2065 2066/3075/2066
f 2067/3076/2067 2068/3077/2068 2069/3078/2069
f 2070/3079/2070 2071/3080/2071 2072/3081/2072
f 2073/3082/2073 2074/3083/2074 2075/3084/2075
f 2076/3085/2076 2077/3086/2077 2078/3087/2078
f 2079/3088/2079 2080/3089/2080 2081/3090/2081
f 2082/3091/2082 2083/3092/2083 2084/3093/2084
f 2085/3094/2085 2086/3095/2086 2087/3096/2087
f 2088/3097/2088 2089/3098/2089 2090/3099/2090
f 2091/3100/2091 2092/3101/2092 2093/3102/2093
f 2094/3103/2094 2095/3104/2095 2096/3105/2096
f 2097/3106/2097 2098/3107/2098 2099/3108/2099
f 2100/3109/2100 2101/3110/2101 2102/3111/2102
f 2103/3112/2103 2104/3113/2104 2105/3114/2105
f 2106/3115/2106 2107/3116/2107 2108/3117/2108
f 2109/3118/2109 2110/3119/2110 2111/3120/2111
f 2112/3121/2112 2113/3122/2113 2114/3123/2114
f 2115/3124/2115 2116/3125/2116 2117/3126/2117
f 2118/3127/2118 2119/3128/2119 2120/3129/2120
f 2121/3130/2121 2122/3131/2122 2123/3132/2123
f 2124/3133/2124 2125/3134/2125 2126/3135/2126
f 2127/3136/2127 2128/3137/2128 2129/3138/2129
f 2130/3139/2130 2131/3140/2131 2132/3141/2132
f 2133/3142/2133 2134/3143/2134 2135/3144/2135
f 2136/3145/2136 2137/3146/2137 2138/3147/2138
f 2139/3148/2139 2140/3149/2140 2141/3150/2141
f 2142/3151/2142 2143/3152/2143 2144/3153/2144
f 2145/3154/2145 2146/3155/2146 2147/3156/2147
f 2148/3157/2148 2149/3158/2149 2150/3159/2150
f 2151/3160/2151 2152/3161/2152 2153/3162/2153
f 2154/3163/2154 2155/3164/2155 2156/3165/2156
f 2157/3166/2157 2158/3167/2158 2159/3168/2159
f 2160/3169/2160 2161/3170/2161 2162/3171/2162
f 2163/3172/2163 2164/3173/2164 2165/3174/2165
f 2166/3175/2166 2167/3176/2167 2168/3177/2168
f 2169/3178/2169 2170/3179/2170 2171/3180/2171
f 2172/3181/2172 2173/3182/2173 2174/3183/2174
f 2175/3184/2175 2176/3185/2176 2177/3186/2177
f 2178/3187/2178 2179/3188/2179 2180/3189/2180
f 2181/3190/2181 2182/3191/2182 2183/3192/2183
f 2184/3193/2184 2185/3194/2185 2186/3195/2186
f 2187/3196/2187 2188/3197/2188 2189/3198/2189
f 2190/3199/2190 2191/3200/2191 2192/3201/2192
f 2193/3202/2193 2194/3203/2194 2195/3204/2195
f 2196/3205/2196 2197/3206/2197 2198/3207/2198
f 2199/3208/2199 2200/3209/2200 2201/3210/2201
f 2202/3211/2202 2203/3212/2203 2204/3213/2204
f 2205/3214/2205 2206/3215/2206 2207/3216/2207
f 2208/3217/2208 2209/3218/2209 2210/3219/2210
f 2211/3220/2211 2212/3221/2212 2213/3222/2213
f 2214/3223/2214 2215/3224/2215 2216/3225/2216
f 2217/3226/2217 2218/3227/2218 2219/3228/2219
f 2220/3229/2220 2221/3230/2221 2222/3231/2222
f 2223/3232/2223 2224/3233/2224 2225/3234/2225
f 2226/3235/2226 2227/3236/2227 2228/3237/2228
f 2229/3238/2229 2230/3239/2230 2231/3240/2231
f 2232/3241/2232 2233/3242/2233 2234/3243/2234
f 2235/3244/2235 2236/3245/2236 2237/3246/2237
f 2238/3247/2238 2239/3248/2239 2240/3249/2240
f 2241/3250/2241 2242/3251/2242 2243/3252/2243
f 2244/3253/2244 2245/3254/2245 2246/3255/2246
f 2247/3256/2247 2248/3257/2248 2249/3258/2249
f 2250/3259/2250 2251/3260/2251 2252/3261/2252
f 2253/3262/2253 2254/3263/2254 2255/3264/2255
f 2256/3265/2256 2257/3266/2257 2258/3267/2258
f 2259/3268/2259 2260/3269/2260 2261/3270/2261
f 2262/3271/2262 2263/3272/2263 2264/3273/2264
f 2265/3274/2265 2266/3275/2266 2267/3276/2267
f 2268/3277/2268 2269/3278/2269 2270/3279/2270
f 2271/3280/2271 2272/3281/2272 2273/3282/2273
f 2274/3283/2274 2275/3284/2275 2276/3285/2276
f 2277/3286/2277 2278/3287/2278 2279/3288/2279
f 2280/3289/2280 2281/3290/2281 2282/3291/2282
f 2283/3292/2283 2284/3293/2284 2285/3294/2285
f 2286/3295/2286 2287/3296/2287 2288/3297/2288
f 2289/3298/2289 2290/3299/2290 2291/3300/2291
f 2292/3301/2292 2293/3302/2293 2294/3303/2294
f 2295/3304/2295 2296/3305/2296 2297/3306/2297
f 2298/3307/2298 2299/3308/2299 2300/3309/2300
f 2301/3310/2301 2302/3311/2302 2303/3312/2303
f 2304/3313/2304 2305/3314/2305 2306/3315/2306
f 2307/3316/2307 2308/3317/2308 2309/3318/2309
f 2310/3319/2310 2311/3320/2311 2312/3321/2312
f 2313/3322/2313 2314/3323/2314 2315/3324/2315
f 2316/3325/2316 2317/3326/2317 2318/3327/2318
f 2319/3328/2319 2320/3329/2320 2321/3330/2321
f 2322/3331/2322 2323/3332/2323 2324/3333/2324
f 2325/3334/2325 2326/3335/2326 2327/3336/2327
f 2328/3337/2328 2329/3338/2329 2330/3339/2330
f 2331/3340/2331 2332/3341/2332 2333/3342/2333
f 2334/3343/2334 2335/3344/2335 2336/3345/2336
f 2337/3346/2337 2338/3347/2338 2339/3348/2339
f 2340/3349/2340 2341/3350/2341 2342/3351/2342
f 2343/3352/2343 2344/3353/2344 2345/3354/2345
f 2346/3355/2346 2347/3356/2347 2348/3357/2348
f 2349/3358/2349 2350/3359/2350 2351/3360/2351
f 2352/3361/2352 2353/3362/2353 2354/3363/2354
f 2355/3364/2355 2356/3365/2356 2357/3366/2357
f 2358/3367/2358 2359/3368/2359 2360/3369/2360
f 2361/3370/2361 2362/3371/2362 2363/3372/2363
f 2364/3373/2364 2365/3374/2365 2366/3375/2366
f 2367/3376/2367 2368/3377/2368 2369/3378/2369
f 2370/3379/2370 2371/3380/2371 2372/3381/2372
f 2373/3382/2373 2374/3383/2374 2375/3384/2375
f 2376/3385/2376 2377/3386/2377 2378/3387/2378
f 2379/3388/2379 2380/3389/2380 2381/3390/2381
f 2382/3391/2382 2383/3392/2383 2384/3393/2384
f 2385/3394/2385 2386/3395/2386 2387/3396/2387
f 2388/3397/2388 2389/3398/2389 2390/3399/2390
f 2391/3400/2391 2392/3401/2392 2393/3402/2393
f 2394/3403/2394 2395/3404/2395 2396/3405/2396
f 2397/3406/2397 2398/3407/2398 2399/3408/2399
f 2400/3409/2400 2401/3410/2401 2402/3411/2402
f 2403/3412/2403 2404/3413/2404 2405/3414/2405
f 2406/3415/2406 2407/3416/2407 2408/3417/2408
f 2409/3418/2409 2410/3419/2410 2411/3420/2411
f 2412/3421/2412 2413/3422/2413 2414/3423/2414
f 2415/3424/2415 2416/3425/2416 2417/3426/2417
f 2418/3427/2418 2419/3428/2419 2420/3429/2420
f 2421/3430/2421 2422/3431/2422 2423/3432/2423
f 2424/3433/2424 2425/3434/2425 2426/3435/2426
f 2427/3436/2427 2428/3437/2428 2429/3438/2429
f 2430/3439/2430 2431/3440/2431 2432/3441/2432
f 2433/3442/2433 2434/3443/2434 2435/3444/2435
f 2436/3445/2436 2437/3446/2437 2438/3447/2438
f 2439/3448/2439 2440/3449/2440 2441/3450/2441
f 2442/3451/2442 2443/3452/2443 2444/3453/2444
f 2445/3454/2445 2446/3455/2446 2447/3456/2447
f 2448/3457/2448 2449/3458/2449 2450/3459/2450
f 2451/3460/2451 2452/3461/2452 2453/3462/2453
f 2454/3463/2454 2455/3464/2455 2456/3465/2456
f 2457/3466/2457 2458/3467/2458 2459/3468/2459
f 2460/3469/2460 2461/3470/2461 2462/3471/2462
f 2463/3472/2463 2464/3473/2464 2465/3474/2465
f 2466/3475/2466 2467/3476/2467 2468/3477/2468
f 2469/3478/2469 2470/3479/2470 2471/3480/2471
f 2472/3481/2472 2473/3482/2473 2474/3483/2474
f 2475/3484/2475 2476/3485/2476 2477/3486/2477
f 2478/3487/2478 2479/3488/2479 2480/3489/2480
f 2481/3490/2481 2482/3491/2482 2483/3492/2483
f 2484/3493/2484 2485/3494/2485 2486/3495/2486
f 2487/3496/2487 2488/3497/2488 2489/3498/2489
f 2490/3499/2490 2491/3500/2491 2492/3501/2492
f 2493/3502/2493 2494/3503/2494 2495/3504/2495
f 2496/3505/2496 2497/3506/2497 2498/3507/2498
f 2499/3508/2499 2500/3509/2500 2501/3510/2501
f 2502/3511/2502 2503/3512/2503 2504/3513/2504
f 2507/3516/2507 2506/3515/2506 2505/3514/2505
f 2510/3519/2510 2509/3518/2509 2508/3517/2508
f 2513/3522/2513 2512/3521/2512 2511/3520/2511
f 2516/3525/2516 2515/3524/2515 2514/3523/2514
f 2519/3528/2519 2518/3527/2518 2517/3526/2517
f 2522/3531/2522 2521/3530/2521 2520/3529/2520
f 2525/3534/2525 2524/3533/2524 2523/3532/2523
f 2528/3537/2528 2527/3536/2527 2526/3535/2526
f 2531/3540/2531 2530/3539/2530 2529/3538/2529
f 2534/3543/2534 2533/3542/2533 2532/3541/2532
f 2537/3546/2537 2536/3545/2536 2535/3544/2535
f 2540/3549/2540 2539/3548/2539 2538/3547/2538
f 2543/3552/2543 2542/3551/2542 2541/3550/2541
f 2546/3555/2546 2545/3554/2545 2544/3553/2544
f 2549/3558/2549 2548/3557/2548 2547/3556/2547
f 2552/3561/2552 2551/3560/2551 2550/3559/2550
f 2555/3564/2555 2554/3563/2554 2553/3562/2553
f 2558/3567/2558 2557/3566/2557 2556/3565/2556
f 2561/3570/2561 2560/3569/2560 2559/3568/2559
f 2564/3573/2564 2563/3572/2563 2562/3571/2562
f 2567/3576/2567 2566/3575/2566 2565/3574/2565
f 2570/3579/2570 2569/3578/2569 2568/3577/2568
f 2573/3582/2573 2572/3581/2572 2571/3580/2571
f 2576/3585/2576 2575/3584/2575 2574/3583/2574
f 2579/3588/2579 2578/3587/2578 2577/3586/2577
f 2582/3591/2582 2581/3590/2581 2580/3589/2580
f 2585/3594/2585 2584/3593/2584 2583/3592/2583
f 2588/3597/2588 2587/3596/2587 2586/3595/2586
f 2591/3600/2591 2590/3599/2590 2589/3598/2589
f 2594/3603/2594 2593/3602/2593 2592/3601/2592
f 2597/3606/2597 2596/3605/2596 2595/3604/2595
f 2600/3609/2600 2599/3608/2599 2598/3607/2598
f 2603/3612/2603 2602/3611/2602 2601/3610/2601
f 2606/3615/2606 2605/3614/2605 2604/3613/2604
f 2609/3618/2609 2608/3617/2608 2607/3616/2607
f 2612/3621/2612 2611/3620/2611 2610/3619/2610
f 2615/3624/2615 2614/3623/2614 2613/3622/2613
f 2618/3627/2618 2617/3626/2617 2616/3625/2616
f 2621/3630/2621 2620/3629/2620 2619/3628/2619
f 2624/3633/2624 2623/3632/2623 2622/3631/2622
f 2627/3636/2627 2626/3635/2626 2625/3634/2625
f 2630/3639/2630 2629/3638/2629 2628/3637/2628
f 2633/3642/2633 2632/3641/2632 2631/3640/2631
f 2636/3645/2636 2635/3644/2635 2634/3643/2634
f 2639/3648/2639 2638/3647/2638 2637/3646/2637
f 2642/3651/2642 2641/3650/2641 2640/3649/2640
f 2645/3654/2645 2644/3653/2644 2643/3652/2643
f 2648/3657/2648 2647/3656/2647 2646/3655/2646
f 2651/3660/2651 2650/3659/2650 2649/3658/2649
f 2654/3663/2654 2653/3662/2653 2652/3661/2652
f 2657/3666/2657 2656/3665/2656 2655/3664/2655
f 2660/3669/2660 2659/3668/2659 2658/3667/2658
f 2663/3672/2663 2662/3671/2662 2661/3670/2661
f 2666/3675/2666 2665/3674/2665 2664/3673/2664
f 2669/3678/2669 2668/3677/2668 2667/3676/2667
f 2672/3681/2672 2671/3680/2671 2670/3679/2670
f 2675/3684/2675 2674/3683/2674 2673/3682/2673
f 2678/3687/2678 2677/3686/2677 2676/3685/2676
f 2681/3690/2681 2680/3689/2680 2679/3688/2679
f 2684/3693/2684 2683/3692/2683 2682/3691/2682
f 2687/3696/2687 2686/3695/2686 2685/3694/2685
f 2690/3699/2690 2689/3698/2689 2688/3697/2688
f 2693/3702/2693 2692/3701/2692 2691/3700/2691
f 2696/3705/2696 2695/3704/2695 2694/3703/2694
f 2699/3708/2699 2698/3707/2698 2697/3706/2697
f 2702/3711/2702 2701/3710/2701 2700/3709/2700
f 2705/3714/2705 2704/3713/2704 2703/3712/2703
f 2708/3717/2708 2707/3716/2707 2706/3715/2706
f 2711/3720/2711 2710/3719/2710 2709/3718/2709
f 2714/3723/2714 2713/3722/2713 2712/3721/2712
f 2717/3726/2717 2716/3725/2716 2715/3724/2715
f 2720/3729/2720 2719/3728/2719 2718/3727/2718
f 2723/3732/2723 2722/3731/2722 2721/3730/2721
f 2726/3735/2726 2725/3734/2725 2724/3733/2724
f 2729/3738/2729 2728/3737/2728 2727/3736/2727
f 2732/3741/2732 2731/3740/2731 2730/3739/2730
f 2735/3744/2735 2734/3743/2734 2733/3742/2733
f 2738/3747/2738 2737/3746/2737 2736/3745/2736
f 2741/3750/2741 2740/3749/2740 2739/3748/2739
f 2744/3753/2744 2743/3752/2743 2742/3751/2742
f 2747/3756/2747 2746/3755/2746 2745/3754/2745
f 2750/3759/2750 2749/3758/2749 2748/3757/2748
f 2753/3762/2753 2752/3761/2752 2751/3760/2751
f 2756/3765/2756 2755/3764/2755 2754/3763/2754
f 2759/3768/2759 2758/3767/2758 2757/3766/2757
f 2762/3771/2762 2761/3770/2761 2760/3769/2760
f 2765/3774/2765 2764/3773/2764 2763/3772/2763
f 2768/3777/2768 2767/3776/2767 2766/3775/2766
f 2771/3780/2771 2770/3779/2770 2769/3778/2769
f 2774/3783/2774 2773/3782/2773 2772/3781/2772
f 2777/3786/2777 2776/3785/2776 2775/3784/2775
f 2780/3789/2780 2779/3788/2779 2778/3787/2778
f 2783/3792/2783 2782/3791/2782 2781/3790/2781
f 2786/3795/2786 2785/3794/2785 2784/3793/2784
f 2789/3798/2789 2788/3797/2788 2787/3796/2787
f 2792/3801/2792 2791/3800/2791 2790/3799/2790
f 2795/3804/2795 2794/3803/2794 2793/3802/2793
f 2798/3807/2798 2797/3806/2797 2796/3805/2796
f 2801/3810/2801 2800/3809/2800 2799/3808/2799
f 2804/3813/2804 2803/3812/2803 2802/3811/2802
f 2807/3816/2807 2806/3815/2806 2805/3814/2805
f 2810/3819/2810 2809/3818/2809 2808/3817/2808
f 2813/3822/2813 2812/3821/2812 2811/3820/2811
f 2816/3825/2816 2815/3824/2815 2814/3823/2814
f 2819/3828/2819 2818/3827/2818 2817/3826/2817
f 2822/3831/2822 2821/3830/2821 2820/3829/2820
f 2825/3834/2825 2824/3833/2824 2823/3832/2823
f 2828/3837/2828 2827/3836/2827 2826/3835/2826
f 2831/3840/2831 2830/3839/2830 2829/3838/2829
f 2834/3843/2834 2833/3842/2833 2832/3841/2832
f 2837/3846/2837 2836/3845/2836 2835/3844/2835
f 2840/3849/2840 2839/3848/2839 2838/3847/2838
f 2843/3852/2843 2842/3851/2842 2841/3850/2841
f 2846/3855/2846 2845/3854/2845 2844/3853/2844
f 2849/3858/2849 2848/3857/2848 2847/3856/2847
f 2852/3861/2852 2851/3860/2851 2850/3859/2850
f 2855/3864/2855 2854/3863/2854 2853/3862/2853
f 2858/3867/2858 2857/3866/2857 2856/3865/2856
f 2861/3870/2861 2860/3869/2860 2859/3868/2859
f 2864/3873/2864 2863/3872/2863 2862/3871/2862
f 2867/3876/2867 2866/3875/2866 2865/3874/2865
f 2870/3879/2870 2869/3878/2869 2868/3877/2868
f 2873/3882/2873 2872/3881/2872 2871/3880/2871
f 2876/3885/2876 2875/3884/2875 2874/3883/2874
f 2879/3888/2879 2878/3887/2878 2877/3886/2877
f 2882/3891/2882 2881/3890/2881 2880/3889/2880
f 2885/3894/2885 2884/3893/2884 2883/3892/2883
f 2888/3897/2888 2887/3896/2887 2886/3895/2886
f 2891/3900/2891 2890/3899/2890 2889/3898/2889
f 2894/3903/2894 2893/3902/2893 2892/3901/2892
f 2897/3906/2897 2896/3905/2896 2895/3904/2895
f 2900/3909/2900 2899/3908/2899 2898/3907/2898
f 2903/3912/2903 2902/3911/2902 2901/3910/2901
f 2906/3915/2906 2905/3914/2905 2904/3913/2904
f 2909/3918/2909 2908/3917/2908 2907/3916/2907
f 2912/3921/2912 2911/3920/2911 2910/3919/2910
f 2915/3924/2915 2914/3923/2914 2913/3922/2913
f 2918/3927/2918 2917/3926/2917 2916/3925/2916
f 2921/3930/2921 2920/3929/2920 2919/3928/2919
f 2924/3933/2924 2923/3932/2923 2922/3931/2922
f 2927/3936/2927 2926/3935/2926 2925/3934/2925
f 2930/3939/2930 2929/3938/2929 2928/3937/2928
f 2933/3942/2933 2932/3941/2932 2931/3940/2931
f 2936/3945/2936 2935/3944/2935 2934/3943/2934
f 2939/3948/2939 2938/3947/2938 2937/3946/2937
f 2942/3951/2942 2941/3950/2941 2940/3949/2940
f 2945/3954/2945 2944/3953/2944 2943/3952/2943
f 2948/3957/2948 2947/3956/2947 2946/3955/2946
f 2951/3960/2951 2950/3959/2950 2949/3958/2949
f 2954/3963/2954 2953/3962/2953 2952/3961/2952
f 2957/3966/2957 2956/3965/2956 2955/3964/2955
f 2960/3969/2960 2959/3968/2959 2958/3967/2958
f 2963/3972/2963 2962/3971/2962 2961/3970/2961
f 2966/3975/2966 2965/3974/2965 2964/3973/2964
f 2969/3978/2969 2968/3977/2968 2967/3976/2967
f 2972/3981/2972 2971/3980/2971 2970/3979/2970
f 2975/3984/2975 2974/3983/2974 2973/3982/2973
f 2978/3987/2978 2977/3986/2977 2976/3985/2976
f 2981/3990/2981 2980/3989/2980 2979/3988/2979
f 2984/3993/2984 2983/3992/2983 2982/3991/2982
f 2987/3996/2987 2986/3995/2986 2985/3994/2985
f 2990/3999/2990 2989/3998/2989 2988/3997/2988
f 2993/4002/2993 2992/4001/2992 2991/4000/2991
f 2996/4005/2996 2995/4004/2995 2994/4003/2994
f 2999/4008/2999 2998/4007/2998 2997/4006/2997
f 3002/4011/3002 3001/4010/3001 3000/4009/3000
f 3005/4014/3005 3004/4013/3004 3003/4012/3003
f 3008/4017/3008 3007/4016/3007 3006/4015/3006
f 3011/4020/3011 3010/4019/3010 3009/4018/3009
f 3014/4023/3014 3013/4022/3013 3012/4021/3012
f 3017/4026/3017 3016/4025/3016 3015/4024/3015
f 3020/4029/3020 3019/4028/3019 3018/4027/3018
f 3023/4032/3023 3022/4031/3022 3021/4030/3021
f 3026/4035/3026 3025/4034/3025 3024/4033/3024
f 3029/4038/3029 3028/4037/3028 3027/4036/3027
f 3032/4041/3032 3031/4040/3031 3030/4039/3030
f 3035/4044/3035 3034/4043/3034 3033/4042/3033
f 3038/4047/3038 3037/4046/3037 3036/4045/3036
f 3041/4050/3041 3040/4049/3040 3039/4048/3039
f 3044/4053/3044 3043/4052/3043 3042/4051/3042
f 3047/4056/3047 3046/4055/3046 3045/4054/3045
f 3050/4059/3050 3049/4058/3049 3048/4057/3048
f 3053/4062/3053 3052/4061/3052 3051/4060/3051
f 3056/4065/3056 3055/4064/3055 3054/4063/3054
f 3059/4068/3059 3058/4067/3058 3057/4066/3057
f 3062/4071/3062 3061/4070/3061 3060/4069/3060
f 3065/4074/3065 3064/4073/3064 3063/4072/3063
f 3068/4077/3068 3067/4076/3067 3066/4075/3066
f 3071/4080/3071 3070/4079/3070 3069/4078/3069
f 3074/4083/3074 3073/4082/3073 3072/4081/3072
f 3077/4086/3077 3076/4085/3076 3075/4084/3075
f 3080/4089/3080 3079/4088/3079 3078/4087/3078
f 3083/4092/3083 3082/4091/3082 3081/4090/3081
f 3086/4095/3086 3085/4094/3085 3084/4093/3084
f 3089/4098/3089 3088/4097/3088 3087/4096/3087
f 3092/4101/3092 3091/4100/3091 3090/4099/3090
f 3095/4104/3095 3094/4103/3094 3093/4102/3093
f 3098/4107/3098 3097/4106/3097 3096/4105/3096
f 3101/4110/3101 3100/4109/3100 3099/4108/3099
f 3104/4113/3104 3103/4112/3103 3102/4111/3102
f 3107/4116/3107 3106/4115/3106 3105/4114/3105
f 3110/4119/3110 3109/4118/3109 3108/4117/3108
f 3113/4122/3113 3112/4121/3112 3111/4120/3111
f 3116/4125/3116 3115/4124/3115 3114/4123/3114
f 3119/4128/3119 3118/4127/3118 3117/4126/3117
f 3122/4131/3122 3121/4130/3121 3120/4129/3120
f 3125/4134/3125 3124/4133/3124 3123/4132/3123
f 3128/4137/3128 3127/4136/3127 3126/4135/3126
f 3131/4140/3131 3130/4139/3130 3129/4138/3129
f 3134/4143/3134 3133/4142/3133 3132/4141/3132
f 3137/4146/3137 3136/4145/3136 3135/4144/3135
f 3140/4149/3140 3139/4148/3139 3138/4147/3138
f 3143/4152/3143 3142/4151/3142 3141/4150/3141
f 3146/4155/3146 3145/4154/3145 3144/4153/3144
f 3149/4158/3149 3148/4157/3148 3147/4156/3147
f 3152/4161/3152 3151/4160/3151 3150/4159/3150
f 3155/4164/3155 3154/4163/3154 3153/4162/3153
f 3158/4167/3158 3157/4166/3157 3156/4165/3156
f 3161/4170/3161 3160/4169/3160 3159/4168/3159
f 3164/4173/3164 3163/4172/3163 3162/4171/3162
f 3167/4176/3167 3166/4175/3166 3165/4174/3165
f 3170/4179/3170 3169/4178/3169 3168/4177/3168
f 3173/4182/3173 3172/4181/3172 3171/4180/3171
f 3176/4185/3176 3175/4184/3175 3174/4183/3174
f 3179/4188/3179 3178/4187/3178 3177/4186/3177
f 3182/4191/3182 3181/4190/3181 3180/4189/3180
f 3185/4194/3185 3184/4193/3184 3183/4192/3183
f 3188/4197/3188 3187/4196/3187 3186/4195/3186
f 3191/4200/3191 3190/4199/3190 3189/4198/3189
f 3194/4203/3194 3193/4202/3193 3192/4201/3192
f 3197/4206/3197 3196/4205/3196 3195/4204/3195
f 3200/4209/3200 3199/4208/3199 3198/4207/3198
f 3203/4212/3203 3202/4211/3202 3201/4210/3201
f 3206/4215/3206 3205/4214/3205 3204/4213/3204
f 3209/4218/3209 3208/4217/3208 3207/4216/3207
f 3212/4221/3212 3211/4220/3211 3210/4219/3210
f 3215/4224/3215 3214/4223/3214 3213/4222/3213
f 3218/4227/3218 3217/4226/3217 3216/4225/3216
f 3221/4230/3221 3220/4229/3220 3219/4228/3219
f 3224/4233/3224 3223/4232/3223 3222/4231/3222
f 3227/4236/3227 3226/4235/3226 3225/4234/3225
f 3230/4239/3230 3229/4238/3229 3228/4237/3228
f 3233/4242/3233 3232/4241/3232 3231/4240/3231
f 3236/4245/3236 3235/4244/3235 3234/4243/3234
f 3239/4248/3239 3238/4247/3238 3237/4246/3237
f 3242/4251/3242 3241/4250/3241 3240/4249/3240
f 3245/4254/3245 3244/4253/3244 3243/4252/3243
f 3248/4257/3248 3247/4256/3247 3246/4255/3246
f 3251/4260/3251 3250/4259/3250 3249/4258/3249
f 3254/4263/3254 3253/4262/3253 3252/4261/3252
f 3257/4266/3257 3256/4265/3256 3255/4264/3255
f 3260/4269/3260 3259/4268/3259 3258/4267/3258
f 3263/4272/3263 3262/4271/3262 3261/4270/3261
f 3266/4275/3266 3265/4274/3265 3264/4273/3264
f 3269/4278/3269 3268/4277/3268 3267/4276/3267
f 3272/4281/3272 3271/4280/3271 3270/4279/3270
f 3275/4284/3275 3274/4283/3274 3273/4282/3273
f 3278/4287/3278 3277/4286/3277 3276/4285/3276
f 3281/4290/3281 3280/4289/3280 3279/4288/3279
f 3284/4293/3284 3283/4292/3283 3282/4291/3282
f 3287/4296/3287 3286/4295/3286 3285/4294/3285
f 3290/4299/3290 3289/4298/3289 3288/4297/3288
f 3293/4302/3293 3292/4301/3292 3291/4300/3291
f 3296/4305/3296 3295/4304/3295 3294/4303/3294
f 3299/4308/3299 3298/4307/3298 3297/4306/3297
f 3302/4311/3302 3301/4310/3301 3300/4309/3300
f 3305/4314/3305 3304/4313/3304 3303/4312/3303
f 3308/4317/3308 3307/4316/3307 3306/4315/3306
f 3311/4320/3311 3310/4319/3310 3309/4318/3309
f 3314/4323/3314 3313/4322/3313 3312/4321/3312
f 3317/4326/3317 3316/4325/3316 3315/4324/3315
f 3320/4329/3320 3319/4328/3319 3318/4327/3318
f 3323/4332/3323 3322/4331/3322 3321/4330/3321
f 3326/4335/3326 3325/4334/3325 3324/4333/3324
f 3329/4338/3329 3328/4337/3328 3327/4336/3327
f 3332/4341/3332 3331/4340/3331 3330/4339/3330
f 3335/4344/3335 3334/4343/3334 3333/4342/3333
f 3338/4347/3338 3337/4346/3337 3336/4345/3336
f 3341/4350/3341 3340/4349/3340 3339/4348/3339
f 3344/4353/3344 3343/4352/3343 3342/4351/3342
f 3347/4356/3347 3346/4355/3346 3345/4354/3345
f 3350/4359/3350 3349/4358/3349 3348/4357/3348
f 3353/4362/3353 3352/4361/3352 3351/4360/3351
f 3356/4365/3356 3355/4364/3355 3354/4363/3354
f 3359/4368/3359 3358/4367/3358 3357/4366/3357
f 3362/4371/3362 3361/4370/3361 3360/4369/3360
f 3365/4374/3365 3364/4373/3364 3363/4372/3363
f 3368/4377/3368 3367/4376/3367 3366/4375/3366
f 3371/4380/3371 3370/4379/3370 3369/4378/3369
f 3374/4383/3374 3373/4382/3373 3372/4381/3372
f 3377/4386/3377 3376/4385/3376 3375/4384/3375
f 3380/4389/3380 3379/4388/3379 3378/4387/3378
f 3383/4392/3383 3382/4391/3382 3381/4390/3381
f 3386/4395/3386 3385/4394/3385 3384/4393/3384
f 3389/4398/3389 3388/4397/3388 3387/4396/3387
f 3392/4401/3392 3391/4400/3391 3390/4399/3390
f 3395/4404/3395 3394/4403/3394 3393/4402/3393
f 3398/4407/3398 3397/4406/3397 3396/4405/3396
f 3401/4410/3401 3400/4409/3400 3399/4408/3399
f 3404/4413/3404 3403/4412/3403 3402/4411/3402
f 3407/4416/3407 3406/4415/3406 3405/4414/3405
f 3410/4419/3410 3409/4418/3409 3408/4417/3408
f 3413/4422/3413 3412/4421/3412 3411/4420/3411
f 3416/4425/3416 3415/4424/3415 3414/4423/3414
f 3419/4428/3419 3418/4427/3418 3417/4426/3417
f 3422/4431/3422 3421/4430/3421 3420/4429/3420
f 3425/4434/3425 3424/4433/3424 3423/4432/3423
f 3428/4437/3428 3427/4436/3427 3426/4435/3426
f 3431/4440/3431 3430/4439/3430 3429/4438/3429
f 3434/4443/3434 3433/4442/3433 3432/4441/3432
f 3437/4446/3437 3436/4445/3436 3435/4444/3435
f 3440/4449/3440 3439/4448/3439 3438/4447/3438
f 3443/4452/3443 3442/4451/3442 3441/4450/3441
f 3446/4455/3446 3445/4454/3445 3444/4453/3444
f 3449/4458/3449 3448/4457/3448 3447/4456/3447
f 3452/4461/3452 3451/4460/3451 3450/4459/3450
f 3455/4464/3455 3454/4463/3454 3453/4462/3453
f 3458/4467/3458 3457/4466/3457 3456/4465/3456
f 3461/4470/3461 3460/4469/3460 3459/4468/3459
f 3464/4473/3464 3463/4472/3463 3462/4471/3462
f 3467/4476/3467 3466/4475/3466 3465/4474/3465
f 3470/4479/3470 3469/4478/3469 3468/4477/3468
f 3473/4482/3473 3472/4481/3472 3471/4480/3471
f 3476/4485/3476 3475/4484/3475 3474/4483/3474
f 3479/4488/3479 3478/4487/3478 3477/4486/3477
f 3482/4491/3482 3481/4490/3481 3480/4489/3480
f 3485/4494/3485 3484/4493/3484 3483/4492/3483
f 3488/4497/3488 3487/4496/3487 3486/4495/3486
f 3491/4500/3491 3490/4499/3490 3489/4498/3489
f 3494/4503/3494 3493/4502/3493 3492/4501/3492
f 3497/4506/3497 3496/4505/3496 3495/4504/3495
f 3500/4509/3500 3499/4508/3499 3498/4507/3498
f 3503/4512/3503 3502/4511/3502 3501/4510/3501
f 3506/4515/3506 3505/4514/3505 3504/4513/3504
f 3509/4518/3509 3508/4517/3508 3507/4516/3507
f 3512/4521/3512 3511/4520/3511 3510/4519/3510
f 3515/4524/3515 3514/4523/3514 3513/4522/3513
f 3518/4527/3518 3517/4526/3517 3516/4525/3516
f 3521/4530/3521 3520/4529/3520 3519/4528/3519
f 3524/4533/3524 3523/4532/3523 3522/4531/3522
f 3527/4536/3527 3526/4535/3526 3525/4534/3525
f 3530/4539/3530 3529/4538/3529 3528/4537/3528
f 3533/4542/3533 3532/4541/3532 3531/4540/3531
f 3536/4545/3536 3535/4544/3535 3534/4543/3534
f 3539/4548/3539 3538/4547/3538 3537/4546/3537
f 3542/4551/3542 3541/4550/3541 3540/4549/3540
f 3545/4554/3545 3544/4553/3544 3543/4552/3543
f 3548/4557/3548 3547/4556/3547 3546/4555/3546
f 3551/4560/3551 3550/4559/3550 3549/4558/3549
f 3554/4563/3554 3553/4562/3553 3552/4561/3552
f 3557/4566/3557 3556/4565/3556 3555/4564/3555
f 3560/4569/3560 3559/4568/3559 3558/4567/3558
f 3563/4572/3563 3562/4571/3562 3561/4570/3561
f 3566/4575/3566 3565/4574/3565 3564/4573/3564
f 3569/4578/3569 3568/4577/3568 3567/4576/3567
f 3572/4581/3572 3571/4580/3571 3570/4579/3570
f 3575/4584/3575 3574/4583/3574 3573/4582/3573
f 3578/4587/3578 3577/4586/3577 3576/4585/3576
f 3581/4590/3581 3580/4589/3580 3579/4588/3579
f 3584/4593/3584 3583/4592/3583 3582/4591/3582
f 3587/4596/3587 3586/4595/3586 3585/4594/3585
f 3590/4599/3590 3589/4598/3589 3588/4597/3588
f 3593/4602/3593 3592/4601/3592 3591/4600/3591
f 3596/4605/3596 3595/4604/3595 3594/4603/3594
f 3599/4608/3599 3598/4607/3598 3597/4606/3597
f 3602/4611/3602 3601/4610/3601 3600/4609/3600
f 3605/4614/3605 3604/4613/3604 3603/4612/3603
f 3608/4617/3608 3607/4616/3607 3606/4615/3606
f 3611/4620/3611 3610/4619/3610 3609/4618/3609
f 3614/4623/3614 3613/4622/3613 3612/4621/3612
f 3617/4626/3617 3616/4625/3616 3615/4624/3615
f 3620/4629/3620 3619/4628/3619 3618/4627/3618
f 3623/4632/3623 3622/4631/3622 3621/4630/3621
f 3626/4635/3626 3625/4634/3625 3624/4633/3624
f 3629/4638/3629 3628/4637/3628 3627/4636/3627
f 3632/4641/3632 3631/4640/3631 3630/4639/3630
f 3635/4644/3635 3634/4643/3634 3633/4642/3633
f 3638/4647/3638 3637/4646/3637 3636/4645/3636
f 3641/4650/3641 3640/4649/3640 3639/4648/3639
f 3644/4653/3644 3643/4652/3643 3642/4651/3642
f 3647/4656/3647 3646/4655/3646 3645/4654/3645
f 3650/4659/3650 3649/4658/3649 3648/4657/3648
f 3653/4662/3653 3652/4661/3652 3651/4660/3651
f 3656/4665/3656 3655/4664/3655 3654/4663/3654
f 3659/4668/3659 3658/4667/3658 3657/4666/3657
f 3662/4671/3662 3661/4670/3661 3660/4669/3660
f 3665/4674/3665 3664/4673/3664 3663/4672/3663
f 3668/4677/3668 3667/4676/3667 3666/4675/3666
f 3671/4680/3671 3670/4679/3670 3669/4678/3669
f 3674/4683/3674 3673/4682/3673 3672/4681/3672
f 3677/4686/3677 3676/4685/3676 3675/4684/3675
f 3680/4689/3680 3679/4688/3679 3678/4687/3678
f 3683/4692/3683 3682/4691/3682 3681/4690/3681
f 3686/4695/3686 3685/4694/3685 3684/4693/3684
f 3689/4698/3689 3688/4697/3688 3687/4696/3687
f 3692/4701/3692 3691/4700/3691 3690/4699/3690
f 3695/4704/3695 3694/4703/3694 3693/4702/3693
f 3698/4707/3698 3697/4706/3697 3696/4705/3696
f 3701/4710/3701 3700/4709/3700 3699/4708/3699
f 3704/4713/3704 3703/4712/3703 3702/4711/3702
f 3707/4716/3707 3706/4715/3706 3705/4714/3705
f 3710/4719/3710 3709/4718/3709 3708/4717/3708
f 3713/4722/3713 3712/4721/3712 3711/4720/3711
f 3716/4725/3716 3715/4724/3715 3714/4723/3714
f 3719/4728/3719 3718/4727/3718 3717/4726/3717
f 3722/4731/3722 3721/4730/3721 3720/4729/3720
f 3725/4734/3725 3724/4733/3724 3723/4732/3723
f 3728/4737/3728 3727/4736/3727 3726/4735/3726
f 3731/4740/3731 3730/4739/3730 3729/4738/3729
f 3734/4743/3734 3733/4742/3733 3732/4741/3732
f 3737/4746/3737 3736/4745/3736 3735/4744/3735
f 3740/4749/3740 3739/4748/3739 3738/4747/3738
f 3743/4752/3743 3742/4751/3742 3741/4750/3741
f 3746/4755/3746 3745/4754/3745 3744/4753/3744
f 3749/4758/3749 3748/4757/3748 3747/4756/3747
f 3752/4761/3752 3751/4760/3751 3750/4759/3750
f 3755/4764/3755 3754/4763/3754 3753/4762/3753
f 3758/4767/3758 3757/4766/3757 3756/4765/3756
f 3761/4770/3761 3760/4769/3760 3759/4768/3759
f 3764/4773/3764 3763/4772/3763 3762/4771/3762
f 3767/4776/3767 3766/4775/3766 3765/4774/3765
f 3770/4779/3770 3769/4778/3769 3768/4777/3768
f 3773/4782/3773 3772/4781/3772 3771/4780/3771
f 3776/4785/3776 3775/4784/3775 3774/4783/3774
f 3779/4788/3779 3778/4787/3778 3777/4786/3777
f 3782/4791/3782 3781/4790/3781 3780/4789/3780
f 3785/4794/3785 3784/4793/3784 3783/4792/3783
f 3788/4797/3788 3787/4796/3787 3786/4795/3786
f 3791/4800/3791 3790/4799/3790 3789/4798/3789
f 3794/4803/3794 3793/4802/3793 3792/4801/3792
f 3797/4806/3797 3796/4805/3796 3795/4804/3795
f 3800/4809/3800 3799/4808/3799 3798/4807/3798
f 3803/4812/3803 3802/4811/3802 3801/4810/3801
f 3806/4815/3806 3805/4814/3805 3804/4813/3804
f 3809/4818/3809 3808/4817/3808 3807/4816/3807
f 3812/4821/3812 3811/4820/3811 3810/4819/3810
f 3815/4824/3815 3814/4823/3814 3813/4822/3813
f 3818/4827/3818 3817/4826/3817 3816/4825/3816
f 3821/4830/3821 3820/4829/3820 3819/4828/3819
f 3824/4833/3824 3823/4832/3823 3822/4831/3822
f 3827/4836/3827 3826/4835/3826 3825/4834/3825
f 3830/4839/3830 3829/4838/3829 3828/4837/3828
f 3833/4842/3833 3832/4841/3832 3831/4840/3831
f 3836/4845/3836 3835/4844/3835 3834/4843/3834
f 3839/4848/3839 3838/4847/3838 3837/4846/3837
f 3842/4851/3842 3841/4850/3841 3840/4849/3840
f 3845/4854/3845 3844/4853/3844 3843/4852/3843
f 3848/4857/3848 3847/4856/3847 3846/4855/3846
f 3851/4860/3851 3850/4859/3850 3849/4858/3849
f 3854/4863/3854 3853/4862/3853 3852/4861/3852
f 3857/4866/3857 3856/4865/3856 3855/4864/3855
f 3860/4869/3860 3859/4868/3859 3858/4867/3858
f 3863/4872/3863 3862/4871/3862 3861/4870/3861
f 3866/4875/3866 3865/4874/3865 3864/4873/3864
f 3869/4878/3869 3868/4877/3868 3867/4876/3867
f 3872/4881/3872 3871/4880/3871 3870/4879/3870
f 3875/4884/3875 3874/4883/3874 3873/4882/3873
f 3878/4887/3878 3877/4886/3877 3876/4885/3876
f 3881/4890/3881 3880/4889/3880 3879/4888/3879
f 3884/4893/3884 3883/4892/3883 3882/4891/3882
f 3887/4896/3887 3886/4895/3886 3885/4894/3885
f 3890/4899/3890 3889/4898/3889 3888/4897/3888
f 3893/4902/3893 3892/4901/3892 3891/4900/3891
f 3896/4905/3896 3895/4904/3895 3894/4903/3894
f 3899/4908/3899 3898/4907/3898 3897/4906/3897
f 3902/4911/3902 3901/4910/3901 3900/4909/3900
f 3905/4914/3905 3904/4913/3904 3903/4912/3903
f 3908/4917/3908 3907/4916/3907 3906/4915/3906
f 3911/4920/3911 3910/4919/3910 3909/4918/3909
f 3914/4923/3914 3913/4922/3913 3912/4921/3912
f 3917/4926/3917 3916/4925/3916 3915/4924/3915
f 3920/4929/3920 3919/4928/3919 3918/4927/3918
f 3923/4932/3923 3922/4931/3922 3921/4930/3921
f 3926/4935/3926 3925/4934/3925 3924/4933/3924
f 3929/4938/3929 3928/4937/3928 3927/4936/3927
f 3932/4941/3932 3931/4940/3931 3930/4939/3930
f 3935/4944/3935 3934/4943/3934 3933/4942/3933
f 3938/4947/3938 3937/4946/3937 3936/4945/3936
f 3941/4950/3941 3940/4949/3940 3939/4948/3939
f 3944/4953/3944 3943/4952/3943 3942/4951/3942
f 3947/4956/3947 3946/4955/3946 3945/4954/3945
f 3950/4959/3950 3949/4958/3949 3948/4957/3948
f 3953/4962/3953 3952/4961/3952 3951/4960/3951
f 3956/4965/3956 3955/4964/3955 3954/4963/3954
f 3959/4968/3959 3958/4967/3958 3957/4966/3957
f 3962/4971/3962 3961/4970/3961 3960/4969/3960
f 3965/4974/3965 3964/4973/3964 3963/4972/3963
f 3968/4977/3968 3967/4976/3967 3966/4975/3966
f 3971/4980/3971 3970/4979/3970 3969/4978/3969
f 3974/4983/3974 3973/4982/3973 3972/4981/3972
f 3977/4986/3977 3976/4985/3976 3975/4984/3975
f 3980/4989/3980 3979/4988/3979 3978/4987/3978
f 3983/4992/3983 3982/4991/3982 3981/4990/3981
f 3986/4995/3986 3985/4994/3985 3984/4993/3984
f 3989/4998/3989 3988/4997/3988 3987/4996/3987
f 3992/5001/3992 3991/5000/3991 3990/4999/3990
f 3995/5004/3995 3994/5003/3994 3993/5002/3993
f 3998/5007/3998 3997/5006/3997 3996/5005/3996
f 4001/5010/4001 4000/5009/4000 3999/5008/3999
f 4004/5013/4004 4003/5012/4003 4002/5011/4002
f 4007/5016/4007 4006/5015/4006 4005/5014/4005
f 4010/5019/4010 4009/5018/4009 4008/5017/4008
f 4013/5022/4013 4012/5021/4012 4011/5020/4011
f 4016/5025/4016 4015/5024/4015 4014/5023/4014
f 4019/5028/4019 4018/5027/4018 4017/5026/4017
f 4022/5031/4022 4021/5030/4021 4020/5029/4020
f 4025/5034/4025 4024/5033/4024 4023/5032/4023
f 4028/5037/4028 4027/5036/4027 4026/5035/4026
f 4031/5040/4031 4030/5039/4030 4029/5038/4029
f 4034/5043/4034 4033/5042/4033 4032/5041/4032
f 4037/5046/4037 4036/5045/4036 4035/5044/4035
f 4040/5049/4040 4039/5048/4039 4038/5047/4038
f 4043/5052/4043 4042/5051/4042 4041/5050/4041
f 4046/5055/4046 4045/5054/4045 4044/5053/4044
f 4049/5058/4049 4048/5057/4048 4047/5056/4047
f 4052/5061/4052 4051/5060/4051 4050/5059/4050
f 4055/5064/4055 4054/5063/4054 4053/5062/4053
f 4058/5067/4058 4057/5066/4057 4056/5065/4056
f 4061/5070/4061 4060/5069/4060 4059/5068/4059
f 4064/5073/4064 4063/5072/4063 4062/5071/4062
f 4067/5076/4067 4066/5075/4066 4065/5074/4065
f 4070/5079/4070 4069/5078/4069 4068/5077/4068
f 4073/5082/4073 4072/5081/4072 4071/5080/4071
f 4076/5085/4076 4075/5084/4075 4074/5083/4074
f 4079/5088/4079 4078/5087/4078 4077/5086/4077
f 4082/5091/4082 4081/5090/4081 4080/5089/4080
f 4085/5094/4085 4084/5093/4084 4083/5092/4083
f 4088/5097/4088 4087/5096/4087 4086/5095/4086
f 4091/5100/4091 4090/5099/4090 4089/5098/4089
f 4094/5103/4094 4093/5102/4093 4092/5101/4092
f 4097/5106/4097 4096/5105/4096 4095/5104/4095
f 4100/5109/4100 4099/5108/4099 4098/5107/4098
f 4103/5112/4103 4102/5111/4102 4101/5110/4101
f 4106/5115/4106 4105/5114/4105 4104/5113/4104
f 4109/5118/4109 4108/5117/4108 4107/5116/4107
f 4112/5121/4112 4111/5120/4111 4110/5119/4110
f 4115/5124/4115 4114/5123/4114 4113/5122/4113
f 4118/5127/4118 4117/5126/4117 4116/5125/4116
f 4121/5130/4121 4120/5129/4120 4119/5128/4119
f 4124/5133/4124 4123/5132/4123 4122/5131/4122
f 4127/5136/4127 4126/5135/4126 4125/5134/4125
f 4130/5139/4130 4129/5138/4129 4128/5137/4128
f 4133/5142/4133 4132/5141/4132 4131/5140/4131
f 4136/5145/4136 4135/5144/4135 4134/5143/4134
f 4139/5148/4139 4138/5147/4138 4137/5146/4137
f 4142/5151/4142 4141/5150/4141 4140/5149/4140
f 4145/5154/4145 4144/5153/4144 4143/5152/4143
f 4148/5157/4148 4147/5156/4147 4146/5155/4146
f 4151/5160/4151 4150/5159/4150 4149/5158/4149
f 4154/5163/4154 4153/5162/4153 4152/5161/4152
f 4157/5166/4157 4156/5165/4156 4155/5164/4155
f 4160/5169/4160 4159/5168/4159 4158/5167/4158
f 4163/5172/4163 4162/5171/4162 4161/5170/4161
f 4166/5175/4166 4165/5174/4165 4164/5173/4164
f 4169/5178/4169 4168/5177/4168 4167/5176/4167
f 4172/5181/4172 4171/5180/4171 4170/5179/4170
f 4175/5184/4175 4174/5183/4174 4173/5182/4173
f 4178/5187/4178 4177/5186/4177 4176/5185/4176
f 4181/5190/4181 4180/5189/4180 4179/5188/4179
f 4184/5193/4184 4183/5192/4183 4182/5191/4182
f 4187/5196/4187 4186/5195/4186 4185/5194/4185
f 4190/5199/4190 4189/5198/4189 4188/5197/4188
f 4193/5202/4193 4192/5201/4192 4191/5200/4191
f 4196/5205/4196 4195/5204/4195 4194/5203/4194
f 4199/5208/4199 4198/5207/4198 4197/5206/4197
f 4202/5211/4202 4201/5210/4201 4200/5209/4200
f 4205/5214/4205 4204/5213/4204 4203/5212/4203
f 4208/5217/4208 4207/5216/4207 4206/5215/4206
f 4211/5220/4211 4210/5219/4210 4209/5218/4209
f 4214/5223/4214 4213/5222/4213 4212/5221/4212
f 4217/5226/4217 4216/5225/4216 4215/5224/4215
f 4220/5229/4220 4219/5228/4219 4218/5227/4218
f 4223/5232/4223 4222/5231/4222 4221/5230/4221
f 4226/5235/4226 4225/5234/4225 4224/5233/4224
f 4229/5238/4229 4228/5237/4228 4227/5236/4227
f 4232/5241/4232 4231/5240/4231 4230/5239/4230
f 4235/5244/4235 4234/5243/4234 4233/5242/4233
f 4238/5247/4238 4237/5246/4237 4236/5245/4236
f 4241/5250/4241 4240/5249/4240 4239/5248/4239
f 4244/5253/4244 4243/5252/4243 4242/5251/4242
f 4247/5256/4247 4246/5255/4246 4245/5254/4245
f 4250/5259/4250 4249/5258/4249 4248/5257/4248
f 4253/5262/4253 4252/5261/4252 4251/5260/4251
f 4256/5265/4256 4255/5264/4255 4254/5263/4254
f 4259/5268/4259 4258/5267/4258 4257/5266/4257
f 4262/5271/4262 4261/5270/4261 4260/5269/4260
f 4265/5274/4265 4264/5273/4264 4263/5272/4263
f 4268/5277/4268 4267/5276/4267 4266/5275/4266
f 4271/5280/4271 4270/5279/4270 4269/5278/4269
f 4274/5283/4274 4273/5282/4273 4272/5281/4272
f 4277/5286/4277 4276/5285/4276 4275/5284/4275
f 4280/5289/4280 4279/5288/4279 4278/5287/4278
f 4283/5292/4283 4282/5291/4282 4281/5290/4281
f 4286/5295/4286 4285/5294/4285 4284/5293/4284
f 4289/5298/4289 4288/5297/4288 4287/5296/4287
f 4292/5301/4292 4291/5300/4291 4290/5299/4290
f 4295/5304/4295 4294/5303/4294 4293/5302/4293
f 4298/5307/4298 4297/5306/4297 4296/5305/4296
f 4301/5310/4301 4300/5309/4300 4299/5308/4299
f 4304/5313/4304 4303/5312/4303 4302/5311/4302
f 4307/5316/4307 4306/5315/4306 4305/5314/4305
f 4310/5319/4310 4309/5318/4309 4308/5317/4308
f 4313/5322/4313 4312/5321/4312 4311/5320/4311
f 4316/5325/4316 4315/5324/4315 4314/5323/4314
f 4319/5328/4319 4318/5327/4318 4317/5326/4317
f 4322/5331/4322 4321/5330/4321 4320/5329/4320
f 4325/5334/4325 4324/5333/4324 4323/5332/4323
f 4328/5337/4328 4327/5336/4327 4326/5335/4326
f 4331/5340/4331 4330/5339/4330 4329/5338/4329
f 4334/5343/4334 4333/5342/4333 4332/5341/4332
f 4337/5346/4337 4336/5345/4336 4335/5344/4335
f 4340/5349/4340 4339/5348/4339 4338/5347/4338
f 4343/5352/4343 4342/5351/4342 4341/5350/4341
f 4346/5355/4346 4345/5354/4345 4344/5353/4344
f 4349/5358/4349 4348/5357/4348 4347/5356/4347
f 4352/5361/4352 4351/5360/4351 4350/5359/4350
f 4355/5364/4355 4354/5363/4354 4353/5362/4353
f 4358/5367/4358 4357/5366/4357 4356/5365/4356
f 4361/5370/4361 4360/5369/4360 4359/5368/4359
f 4364/5373/4364 4363/5372/4363 4362/5371/4362
f 4367/5376/4367 4366/5375/4366 4365/5374/4365
f 4370/5379/4370 4369/5378/4369 4368/5377/4368
f 4373/5382/4373 4372/5381/4372 4371/5380/4371
f 4376/5385/4376 4375/5384/4375 4374/5383/4374
f 4379/5388/4379 4378/5387/4378 4377/5386/4377
f 4382/5391/4382 4381/5390/4381 4380/5389/4380
f 4385/5394/4385 4384/5393/4384 4383/5392/4383
f 4388/5397/4388 4387/5396/4387 4386/5395/4386
f 4391/5400/4391 4390/5399/4390 4389/5398/4389
f 4394/5403/4394 4393/5402/4393 4392/5401/4392
f 4397/5406/4397 4396/5405/4396 4395/5404/4395
f 4400/5409/4400 4399/5408/4399 4398/5407/4398
f 4403/5412/4403 4402/5411/4402 4401/5410/4401
f 4406/5415/4406 4405/5414/4405 4404/5413/4404
f 4409/5418/4409 4408/5417/4408 4407/5416/4407
f 4412/5421/4412 4411/5420/4411 4410/5419/4410
f 4415/5424/4415 4414/5423/4414 4413/5422/4413
f 4418/5427/4418 4417/5426/4417 4416/5425/4416
f 4421/5430/4421 4420/5429/4420 4419/5428/4419
f 4424/5433/4424 4423/5432/4423 4422/5431/4422
f 4427/5436/4427 4426/5435/4426 4425/5434/4425
f 4430/5439/4430 4429/5438/4429 4428/5437/4428
f 4433/5442/4433 4432/5441/4432 4431/5440/4431
f 4436/5445/4436 4435/5444/4435 4434/5443/4434
f 4439/5448/4439 4438/5447/4438 4437/5446/4437
f 4442/5451/4442 4441/5450/4441 4440/5449/4440
f 4445/5454/4445 4444/5453/4444 4443/5452/4443
f 4448/5457/4448 4447/5456/4447 4446/5455/4446
f 4451/5460/4451 4450/5459/4450 4449/5458/4449
f 4454/5463/4454 4453/5462/4453 4452/5461/4452
f 4457/5466/4457 4456/5465/4456 4455/5464/4455
f 4460/5469/4460 4459/5468/4459 4458/5467/4458
f 4463/5472/4463 4462/5471/4462 4461/5470/4461
f 4466/5475/4466 4465/5474/4465 4464/5473/4464
f 4469/5478/4469 4468/5477/4468 4467/5476/4467
f 4472/5481/4472 4471/5480/4471 4470/5479/4470
f 4475/5484/4475 4474/5483/4474 4473/5482/4473
f 4478/5487/4478 4477/5486/4477 4476/5485/4476
f 4481/5490/4481 4480/5489/4480 4479/5488/4479
f 4484/5493/4484 4483/5492/4483 4482/5491/4482
f 4487/5496/4487 4486/5495/4486 4485/5494/4485
f 4490/5499/4490 4489/5498/4489 4488/5497/4488
f 4493/5502/4493 4492/5501/4492 4491/5500/4491
f 4496/5505/4496 4495/5504/4495 4494/5503/4494
f 4499/5508/4499 4498/5507/4498 4497/5506/4497
f 4502/5511/4502 4501/5510/4501 4500/5509/4500
f 4505/5514/4505 4504/5513/4504 4503/5512/4503
f 4508/5517/4508 4507/5516/4507 4506/5515/4506
f 4511/5520/4511 4510/5519/4510 4509/5518/4509
f 4514/5523/4514 4513/5522/4513 4512/5521/4512
f 4517/5526/4517 4516/5525/4516 4515/5524/4515
f 4520/5529/4520 4519/5528/4519 4518/5527/4518
f 4523/5532/4523 4522/5531/4522 4521/5530/4521
f 4526/5535/4526 4525/5534/4525 4524/5533/4524
f 4529/5538/4529 4528/5537/4528 4527/5536/4527
f 4532/5541/4532 4531/5540/4531 4530/5539/4530
f 4535/5544/4535 4534/5543/4534 4533/5542/4533
f 4538/5547/4538 4537/5546/4537 4536/5545/4536
f 4541/5550/4541 4540/5549/4540 4539/5548/4539
f 4544/5553/4544 4543/5552/4543 4542/5551/4542
f 4547/5556/4547 4546/5555/4546 4545/5554/4545
f 4550/5559/4550 4549/5558/4549 4548/5557/4548
f 4553/5562/4553 4552/5561/4552 4551/5560/4551
f 4556/5565/4556 4555/5564/4555 4554/5563/4554
f 4559/5568/4559 4558/5567/4558 4557/5566/4557
f 4562/5571/4562 4561/5570/4561 4560/5569/4560
f 4565/5574/4565 4564/5573/4564 4563/5572/4563
f 4568/5577/4568 4567/5576/4567 4566/5575/4566
f 4571/5580/4571 4570/5579/4570 4569/5578/4569
f 4574/5583/4574 4573/5582/4573 4572/5581/4572
f 4577/5586/4577 4576/5585/4576 4575/5584/4575
f 4580/5589/4580 4579/5588/4579 4578/5587/4578
f 4583/5592/4583 4582/5591/4582 4581/5590/4581
f 4586/5595/4586 4585/5594/4585 4584/5593/4584
f 4589/5598/4589 4588/5597/4588 4587/5596/4587
f 4592/5601/4592 4591/5600/4591 4590/5599/4590
f 4595/5604/4595 4594/5603/4594 4593/5602/4593
f 4598/5607/4598 4597/5606/4597 4596/5605/4596
f 4601/5610/4601 4600/5609/4600 4599/5608/4599
f 4604/5613/4604 4603/5612/4603 4602/5611/4602
f 4607/5616/4607 4606/5615/4606 4605/5614/4605
f 4610/5619/4610 4609/5618/4609 4608/5617/4608
f 4613/5622/4613 4612/5621/4612 4611/5620/4611
f 4616/5625/4616 4615/5624/4615 4614/5623/4614
f 4619/5628/4619 4618/5627/4618 4617/5626/4617
f 4622/5631/4622 4621/5630/4621 4620/5629/4620
f 4625/5634/4625 4624/5633/4624 4623/5632/4623
f 4628/5637/4628 4627/5636/4627 4626/5635/4626
f 4631/5640/4631 4630/5639/4630 4629/5638/4629
f 4634/5643/4634 4633/5642/4633 4632/5641/4632
f 4637/5646/4637 4636/5645/4636 4635/5644/4635
f 4640/5649/4640 4639/5648/4639 4638/5647/4638
f 4643/5652/4643 4642/5651/4642 4641/5650/4641
f 4646/5655/4646 4645/5654/4645 4644/5653/4644
f 4649/5658/4649 4648/5657/4648 4647/5656/4647
f 4652/5661/4652 4651/5660/4651 4650/5659/4650
f 4655/5664/4655 4654/5663/4654 4653/5662/4653
f 4658/5667/4658 4657/5666/4657 4656/5665/4656
f 4661/5670/4661 4660/5669/4660 4659/5668/4659
f 4664/5673/4664 4663/5672/4663 4662/5671/4662
f 4667/5676/4667 4666/5675/4666 4665/5674/4665
f 4670/5679/4670 4669/5678/4669 4668/5677/4668
f 4673/5682/4673 4672/5681/4672 4671/5680/4671
f 4676/5685/4676 4675/5684/4675 4674/5683/4674
f 4679/5688/4679 4678/5687/4678 4677/5686/4677
f 4682/5691/4682 4681/5690/4681 4680/5689/4680
f 4685/5694/4685 4684/5693/4684 4683/5692/4683
f 4688/5697/4688 4687/5696/4687 4686/5695/4686
f 4691/5700/4691 4690/5699/4690 4689/5698/4689
f 4694/5703/4694 4693/5702/4693 4692/5701/4692
f 4697/5706/4697 4696/5705/4696 4695/5704/4695
f 4700/5709/4700 4699/5708/4699 4698/5707/4698
f 4703/5712/4703 4702/5711/4702 4701/5710/4701
f 4706/5715/4706 4705/5714/4705 4704/5713/4704
f 4709/5718/4709 4708/5717/4708 4707/5716/4707
f 4712/5721/4712 4711/5720/4711 4710/5719/4710
f 4715/5724/4715 4714/5723/4714 4713/5722/4713
f 4718/5727/4718 4717/5726/4717 4716/5725/4716
f 4721/5730/4721 4720/5729/4720 4719/5728/4719
f 4724/5733/4724 4723/5732/4723 4722/5731/4722
