# Duck Pond sugar maple -- units: studs (1 stud = 0.28 m), Y up, pivot at trunk base
mtllib sugar_maple_5.mtl
o Trunk
v 0.0000 -0.0026 -0.5443
v -0.3849 -0.0002 -0.3849
v -0.5443 0.0024 -0.0000
v -0.3849 0.0035 0.3849
v -0.0000 0.0026 0.5443
v 0.3849 0.0002 0.3849
v 0.5443 -0.0024 0.0000
v 0.3849 -0.0035 -0.3849
v 0.0151 3.4681 -0.5611
v -0.3697 3.4761 -0.4017
v -0.5291 3.4833 -0.0169
v -0.3696 3.4855 0.3680
v 0.0152 3.4814 0.5274
v 0.4000 3.4733 0.3680
v 0.5594 3.4661 -0.0168
v 0.3999 3.4639 -0.4016
v 0.1102 6.9447 -0.6293
v -0.2741 6.9668 -0.4701
v -0.4334 6.9775 -0.0853
v -0.2743 6.9706 0.2996
v 0.1099 6.9500 0.4592
v 0.4942 6.9280 0.3000
v 0.6535 6.9173 -0.0847
v 0.4944 6.9242 -0.4697
v 0.4018 10.4272 -0.5949
v 0.0184 10.4632 -0.4359
v -0.1418 10.4673 -0.0514
v 0.0150 10.4371 0.3334
v 0.3969 10.3903 0.4930
v 0.7803 10.3544 0.3340
v 0.9405 10.3503 -0.0505
v 0.7837 10.3805 -0.4353
v 0.7637 13.1515 -0.4217
v 0.3030 13.1888 -0.1567
v 0.2949 13.1313 0.3729
v 0.7475 13.0363 0.6376
v 1.2082 12.9990 0.3726
v 1.2164 13.0565 -0.1571
v 1.3860 17.0975 0.3188
v 1.0066 17.1281 0.5358
v 0.9925 17.0430 0.9654
v 1.3578 16.9273 1.1780
v 1.7372 16.8967 0.9609
v 1.7513 16.9818 0.5313
v 2.3035 20.9355 1.2838
v 1.9356 20.9516 1.4888
v 1.9137 20.8314 1.8922
v 2.2598 20.6951 2.0906
v 2.6277 20.6791 1.8855
v 2.6496 20.7993 1.4821
v 2.8679 23.8525 2.4694
v 2.5724 23.8470 2.6243
v 2.5451 23.7085 2.9265
v 2.8132 23.5753 3.0739
v 3.1086 23.5808 2.9190
v 3.1360 23.7193 2.6168
v 3.6153 26.5308 4.0669
v 3.3178 26.5248 4.2178
v 3.2709 26.3329 4.4866
v 3.5215 26.1470 4.6046
v 3.8190 26.1529 4.4537
v 3.8659 26.3448 4.1849
v 4.8151 28.9108 6.5635
v 4.5768 28.9105 6.6840
v 4.5183 28.7219 6.8637
v 4.6980 28.5334 6.9228
v 4.9363 28.5337 6.8023
v 4.9948 28.7224 6.6226
v 6.5644 31.0286 10.0123
v 6.3562 31.0166 10.0967
v 6.2939 30.8375 10.2177
v 6.4399 30.6703 10.2544
v 6.6482 30.6822 10.1701
v 6.7104 30.8614 10.0490
v 7.5004 32.7957 13.8432
v 7.3300 32.7775 13.8943
v 7.2772 32.6286 13.9780
v 7.3948 32.4979 14.0106
v 7.5652 32.5161 13.9595
v 7.6180 32.6650 13.8758
vt 0.00000 0.00000
vt 0.12500 0.00000
vt 0.00000 0.97294
vt 0.12500 0.00000
vt 0.12500 0.97294
vt 0.00000 0.97294
vt 0.12500 0.00000
vt 0.25000 0.00000
vt 0.12500 0.97294
vt 0.25000 0.00000
vt 0.25000 0.97294
vt 0.12500 0.97294
vt 0.25000 0.00000
vt 0.37500 0.00000
vt 0.25000 0.97294
vt 0.37500 0.00000
vt 0.37500 0.97294
vt 0.25000 0.97294
vt 0.37500 0.00000
vt 0.50000 0.00000
vt 0.37500 0.97294
vt 0.50000 0.00000
vt 0.50000 0.97294
vt 0.37500 0.97294
vt 0.50000 0.00000
vt 0.62500 0.00000
vt 0.50000 0.97294
vt 0.62500 0.00000
vt 0.62500 0.97294
vt 0.50000 0.97294
vt 0.62500 0.00000
vt 0.75000 0.00000
vt 0.62500 0.97294
vt 0.75000 0.00000
vt 0.75000 0.97294
vt 0.62500 0.97294
vt 0.75000 0.00000
vt 0.87500 0.00000
vt 0.75000 0.97294
vt 0.87500 0.00000
vt 0.87500 0.97294
vt 0.75000 0.97294
vt 0.87500 0.00000
vt 1.00000 0.00000
vt 0.87500 0.97294
vt 1.00000 0.00000
vt 1.00000 0.97294
vt 0.87500 0.97294
vt 0.00000 0.97294
vt 0.12500 0.97294
vt 0.00000 1.94583
vt 0.12500 0.97294
vt 0.12500 1.94583
vt 0.00000 1.94583
vt 0.12500 0.97294
vt 0.25000 0.97294
vt 0.12500 1.94583
vt 0.25000 0.97294
vt 0.25000 1.94583
vt 0.12500 1.94583
vt 0.25000 0.97294
vt 0.37500 0.97294
vt 0.25000 1.94583
vt 0.37500 0.97294
vt 0.37500 1.94583
vt 0.25000 1.94583
vt 0.37500 0.97294
vt 0.50000 0.97294
vt 0.37500 1.94583
vt 0.50000 0.97294
vt 0.50000 1.94583
vt 0.37500 1.94583
vt 0.50000 0.97294
vt 0.62500 0.97294
vt 0.50000 1.94583
vt 0.62500 0.97294
vt 0.62500 1.94583
vt 0.50000 1.94583
vt 0.62500 0.97294
vt 0.75000 0.97294
vt 0.62500 1.94583
vt 0.75000 0.97294
vt 0.75000 1.94583
vt 0.62500 1.94583
vt 0.75000 0.97294
vt 0.87500 0.97294
vt 0.75000 1.94583
vt 0.87500 0.97294
vt 0.87500 1.94583
vt 0.75000 1.94583
vt 0.87500 0.97294
vt 1.00000 0.97294
vt 0.87500 1.94583
vt 1.00000 0.97294
vt 1.00000 1.94583
vt 0.87500 1.94583
vt 0.00000 1.94583
vt 0.12500 1.94583
vt 0.00000 2.91845
vt 0.12500 1.94583
vt 0.12500 2.91845
vt 0.00000 2.91845
vt 0.12500 1.94583
vt 0.25000 1.94583
vt 0.12500 2.91845
vt 0.25000 1.94583
vt 0.25000 2.91845
vt 0.12500 2.91845
vt 0.25000 1.94583
vt 0.37500 1.94583
vt 0.25000 2.91845
vt 0.37500 1.94583
vt 0.37500 2.91845
vt 0.25000 2.91845
vt 0.37500 1.94583
vt 0.50000 1.94583
vt 0.37500 2.91845
vt 0.50000 1.94583
vt 0.50000 2.91845
vt 0.37500 2.91845
vt 0.50000 1.94583
vt 0.62500 1.94583
vt 0.50000 2.91845
vt 0.62500 1.94583
vt 0.62500 2.91845
vt 0.50000 2.91845
vt 0.62500 1.94583
vt 0.75000 1.94583
vt 0.62500 2.91845
vt 0.75000 1.94583
vt 0.75000 2.91845
vt 0.62500 2.91845
vt 0.75000 1.94583
vt 0.87500 1.94583
vt 0.75000 2.91845
vt 0.87500 1.94583
vt 0.87500 2.91845
vt 0.75000 2.91845
vt 0.87500 1.94583
vt 1.00000 1.94583
vt 0.87500 2.91845
vt 1.00000 1.94583
vt 1.00000 2.91845
vt 0.87500 2.91845
vt 0.00000 2.91845
vt 0.12500 2.91845
vt 0.00000 3.67818
vt 0.12500 2.91845
vt 0.16667 3.67818
vt 0.00000 3.67818
vt 0.12500 2.91845
vt 0.25000 2.91845
vt 0.16667 3.67818
vt 0.25000 2.91845
vt 0.33333 3.67818
vt 0.16667 3.67818
vt 0.25000 2.91845
vt 0.37500 2.91845
vt 0.33333 3.67818
vt 0.37500 2.91845
vt 0.50000 2.91845
vt 0.33333 3.67818
vt 0.50000 2.91845
vt 0.50000 3.67818
vt 0.33333 3.67818
vt 0.50000 2.91845
vt 0.62500 2.91845
vt 0.50000 3.67818
vt 0.62500 2.91845
vt 0.66667 3.67818
vt 0.50000 3.67818
vt 0.62500 2.91845
vt 0.75000 2.91845
vt 0.66667 3.67818
vt 0.75000 2.91845
vt 0.83333 3.67818
vt 0.66667 3.67818
vt 0.75000 2.91845
vt 0.87500 2.91845
vt 0.83333 3.67818
vt 0.87500 2.91845
vt 1.00000 2.91845
vt 0.83333 3.67818
vt 1.00000 2.91845
vt 1.00000 3.67818
vt 0.83333 3.67818
vt 0.00000 3.67818
vt 0.16667 3.67818
vt 0.00000 4.80323
vt 0.16667 3.67818
vt 0.16667 4.80323
vt 0.00000 4.80323
vt 0.16667 3.67818
vt 0.33333 3.67818
vt 0.16667 4.80323
vt 0.33333 3.67818
vt 0.33333 4.80323
vt 0.16667 4.80323
vt 0.33333 3.67818
vt 0.50000 3.67818
vt 0.33333 4.80323
vt 0.50000 3.67818
vt 0.50000 4.80323
vt 0.33333 4.80323
vt 0.50000 3.67818
vt 0.66667 3.67818
vt 0.50000 4.80323
vt 0.66667 3.67818
vt 0.66667 4.80323
vt 0.50000 4.80323
vt 0.66667 3.67818
vt 0.83333 3.67818
vt 0.66667 4.80323
vt 0.83333 3.67818
vt 0.83333 4.80323
vt 0.66667 4.80323
vt 0.83333 3.67818
vt 1.00000 3.67818
vt 0.83333 4.80323
vt 1.00000 3.67818
vt 1.00000 4.80323
vt 0.83333 4.80323
vt 0.00000 4.80323
vt 0.16667 4.80323
vt 0.00000 5.92921
vt 0.16667 4.80323
vt 0.16667 5.92921
vt 0.00000 5.92921
vt 0.16667 4.80323
vt 0.33333 4.80323
vt 0.16667 5.92921
vt 0.33333 4.80323
vt 0.33333 5.92921
vt 0.16667 5.92921
vt 0.33333 4.80323
vt 0.50000 4.80323
vt 0.33333 5.92921
vt 0.50000 4.80323
vt 0.50000 5.92921
vt 0.33333 5.92921
vt 0.50000 4.80323
vt 0.66667 4.80323
vt 0.50000 5.92921
vt 0.66667 4.80323
vt 0.66667 5.92921
vt 0.50000 5.92921
vt 0.66667 4.80323
vt 0.83333 4.80323
vt 0.66667 5.92921
vt 0.83333 4.80323
vt 0.83333 5.92921
vt 0.66667 5.92921
vt 0.83333 4.80323
vt 1.00000 4.80323
vt 0.83333 5.92921
vt 1.00000 4.80323
vt 1.00000 5.92921
vt 0.83333 5.92921
vt 0.00000 5.92921
vt 0.16667 5.92921
vt 0.00000 6.80977
vt 0.16667 5.92921
vt 0.16667 6.80977
vt 0.00000 6.80977
vt 0.16667 5.92921
vt 0.33333 5.92921
vt 0.16667 6.80977
vt 0.33333 5.92921
vt 0.33333 6.80977
vt 0.16667 6.80977
vt 0.33333 5.92921
vt 0.50000 5.92921
vt 0.33333 6.80977
vt 0.50000 5.92921
vt 0.50000 6.80977
vt 0.33333 6.80977
vt 0.50000 5.92921
vt 0.66667 5.92921
vt 0.50000 6.80977
vt 0.66667 5.92921
vt 0.66667 6.80977
vt 0.50000 6.80977
vt 0.66667 5.92921
vt 0.83333 5.92921
vt 0.66667 6.80977
vt 0.83333 5.92921
vt 0.83333 6.80977
vt 0.66667 6.80977
vt 0.83333 5.92921
vt 1.00000 5.92921
vt 0.83333 6.80977
vt 1.00000 5.92921
vt 1.00000 6.80977
vt 0.83333 6.80977
vt 0.00000 6.80977
vt 0.16667 6.80977
vt 0.00000 7.68929
vt 0.16667 6.80977
vt 0.16667 7.68929
vt 0.00000 7.68929
vt 0.16667 6.80977
vt 0.33333 6.80977
vt 0.16667 7.68929
vt 0.33333 6.80977
vt 0.33333 7.68929
vt 0.16667 7.68929
vt 0.33333 6.80977
vt 0.50000 6.80977
vt 0.33333 7.68929
vt 0.50000 6.80977
vt 0.50000 7.68929
vt 0.33333 7.68929
vt 0.50000 6.80977
vt 0.66667 6.80977
vt 0.50000 7.68929
vt 0.66667 6.80977
vt 0.66667 7.68929
vt 0.50000 7.68929
vt 0.66667 6.80977
vt 0.83333 6.80977
vt 0.66667 7.68929
vt 0.83333 6.80977
vt 0.83333 7.68929
vt 0.66667 7.68929
vt 0.83333 6.80977
vt 1.00000 6.80977
vt 0.83333 7.68929
vt 1.00000 6.80977
vt 1.00000 7.68929
vt 0.83333 7.68929
vt 0.00000 7.68929
vt 0.16667 7.68929
vt 0.00000 8.69445
vt 0.16667 7.68929
vt 0.16667 8.69445
vt 0.00000 8.69445
vt 0.16667 7.68929
vt 0.33333 7.68929
vt 0.16667 8.69445
vt 0.33333 7.68929
vt 0.33333 8.69445
vt 0.16667 8.69445
vt 0.33333 7.68929
vt 0.50000 7.68929
vt 0.33333 8.69445
vt 0.50000 7.68929
vt 0.50000 8.69445
vt 0.33333 8.69445
vt 0.50000 7.68929
vt 0.66667 7.68929
vt 0.50000 8.69445
vt 0.66667 7.68929
vt 0.66667 8.69445
vt 0.50000 8.69445
vt 0.66667 7.68929
vt 0.83333 7.68929
vt 0.66667 8.69445
vt 0.83333 7.68929
vt 0.83333 8.69445
vt 0.66667 8.69445
vt 0.83333 7.68929
vt 1.00000 7.68929
vt 0.83333 8.69445
vt 1.00000 7.68929
vt 1.00000 8.69445
vt 0.83333 8.69445
vt 0.00000 8.69445
vt 0.16667 8.69445
vt 0.00000 9.91706
vt 0.16667 8.69445
vt 0.16667 9.91706
vt 0.00000 9.91706
vt 0.16667 8.69445
vt 0.33333 8.69445
vt 0.16667 9.91706
vt 0.33333 8.69445
vt 0.33333 9.91706
vt 0.16667 9.91706
vt 0.33333 8.69445
vt 0.50000 8.69445
vt 0.33333 9.91706
vt 0.50000 8.69445
vt 0.50000 9.91706
vt 0.33333 9.91706
vt 0.50000 8.69445
vt 0.66667 8.69445
vt 0.50000 9.91706
vt 0.66667 8.69445
vt 0.66667 9.91706
vt 0.50000 9.91706
vt 0.66667 8.69445
vt 0.83333 8.69445
vt 0.66667 9.91706
vt 0.83333 8.69445
vt 0.83333 9.91706
vt 0.66667 9.91706
vt 0.83333 8.69445
vt 1.00000 8.69445
vt 0.83333 9.91706
vt 1.00000 8.69445
vt 1.00000 9.91706
vt 0.83333 9.91706
vt 0.00000 9.91706
vt 0.16667 9.91706
vt 0.00000 11.12188
vt 0.16667 9.91706
vt 0.16667 11.12188
vt 0.00000 11.12188
vt 0.16667 9.91706
vt 0.33333 9.91706
vt 0.16667 11.12188
vt 0.33333 9.91706
vt 0.33333 11.12188
vt 0.16667 11.12188
vt 0.33333 9.91706
vt 0.50000 9.91706
vt 0.33333 11.12188
vt 0.50000 9.91706
vt 0.50000 11.12188
vt 0.33333 11.12188
vt 0.50000 9.91706
vt 0.66667 9.91706
vt 0.50000 11.12188
vt 0.66667 9.91706
vt 0.66667 11.12188
vt 0.50000 11.12188
vt 0.66667 9.91706
vt 0.83333 9.91706
vt 0.66667 11.12188
vt 0.83333 9.91706
vt 0.83333 11.12188
vt 0.66667 11.12188
vt 0.83333 9.91706
vt 1.00000 9.91706
vt 0.83333 11.12188
vt 1.00000 9.91706
vt 1.00000 11.12188
vt 0.83333 11.12188
vn 0.1367 -0.0054 -0.9906
vn -0.6039 -0.0012 -0.7971
vn -0.9906 0.0037 -0.1366
vn -0.7971 0.0064 0.6038
vn -0.1369 0.0054 0.9906
vn 0.6036 0.0012 0.7973
vn 0.9906 -0.0037 0.1369
vn 0.7972 -0.0064 -0.6037
vn -0.0005 -0.0138 -0.9999
vn -0.7072 0.0007 -0.7070
vn -0.9999 0.0149 -0.0003
vn -0.7072 0.0203 0.7067
vn -0.0001 0.0138 0.9999
vn 0.7071 -0.0007 0.7071
vn 0.9999 -0.0148 -0.0001
vn 0.7067 -0.0202 -0.7072
vn -0.0002 -0.0087 -1.0000
vn -0.7058 0.0344 -0.7076
vn -0.9983 0.0574 -0.0011
vn -0.7065 0.0468 0.7062
vn -0.0007 0.0089 1.0000
vn 0.7058 -0.0342 0.7076
vn 0.9984 -0.0573 0.0002
vn 0.7056 -0.0467 -0.7071
vn 0.0269 0.0310 -0.9992
vn -0.7161 0.1026 -0.6904
vn -0.9916 0.1079 0.0717
vn -0.6395 0.0496 0.7672
vn -0.0262 -0.0190 0.9995
vn 0.7175 -0.0949 0.6901
vn 0.9921 -0.1019 -0.0730
vn 0.6396 -0.0421 -0.7675
vn 0.0687 0.1269 -0.9895
vn -0.7993 0.2109 -0.5627
vn -0.8783 0.1021 0.4671
vn -0.0655 -0.0894 0.9938
vn 0.8064 -0.1686 0.5669
vn 0.8819 -0.0619 -0.4674
vn 0.0087 0.2034 -0.9791
vn -0.8425 0.2764 -0.4624
vn -0.8503 0.0871 0.5191
vn -0.0048 -0.1757 0.9844
vn 0.8492 -0.2489 0.4657
vn 0.8539 -0.0587 -0.5171
vn 0.0081 0.3025 -0.9531
vn -0.8387 0.3387 -0.4264
vn -0.8460 0.0499 0.5308
vn -0.0018 -0.2759 0.9612
vn 0.8463 -0.3117 0.4319
vn 0.8507 -0.0226 -0.5251
vn 0.0591 0.4238 -0.9038
vn -0.8096 0.4150 -0.4152
vn -0.8700 0.0054 0.4931
vn -0.0541 -0.3970 0.9162
vn 0.8201 -0.3859 0.4225
vn 0.8728 0.0245 -0.4875
vn 0.1322 0.5780 -0.8053
vn -0.7480 0.5737 -0.3337
vn -0.8799 0.0046 0.4752
vn -0.1298 -0.5630 0.8162
vn 0.7556 -0.5580 0.3432
vn 0.8836 0.0138 -0.4681
vn 0.1997 0.7183 -0.6664
vn -0.6770 0.7114 -0.1885
vn -0.8730 0.0023 0.4877
vn -0.1923 -0.7017 0.6861
vn 0.6884 -0.6953 0.2063
vn 0.8822 0.0178 -0.4705
vn 0.2464 0.8193 -0.5177
vn -0.6628 0.7395 -0.1175
vn -0.9093 -0.0748 0.4093
vn -0.2401 -0.8106 0.5341
vn 0.6709 -0.7295 0.1331
vn 0.9154 0.0857 -0.3934
vn 0.0919 0.8955 -0.4354
vn -0.7955 0.6013 -0.0748
vn -0.8829 -0.2901 0.3691
vn -0.0853 -0.8872 0.4534
vn 0.8010 -0.5915 0.0924
vn 0.8876 0.2982 -0.3510
usemtl bark
s off
f 1/1/1 2/2/2 9/3/9
f 2/4/2 10/5/10 9/6/9
f 2/7/2 3/8/3 10/9/10
f 3/10/3 11/11/11 10/12/10
f 3/13/3 4/14/4 11/15/11
f 4/16/4 12/17/12 11/18/11
f 4/19/4 5/20/5 12/21/12
f 5/22/5 13/23/13 12/24/12
f 5/25/5 6/26/6 13/27/13
f 6/28/6 14/29/14 13/30/13
f 6/31/6 7/32/7 14/33/14
f 7/34/7 15/35/15 14/36/14
f 7/37/7 8/38/8 15/39/15
f 8/40/8 16/41/16 15/42/15
f 8/43/8 1/44/1 16/45/16
f 1/46/1 9/47/9 16/48/16
f 9/49/9 10/50/10 17/51/17
f 10/52/10 18/53/18 17/54/17
f 10/55/10 11/56/11 18/57/18
f 11/58/11 19/59/19 18/60/18
f 11/61/11 12/62/12 19/63/19
f 12/64/12 20/65/20 19/66/19
f 12/67/12 13/68/13 20/69/20
f 13/70/13 21/71/21 20/72/20
f 13/73/13 14/74/14 21/75/21
f 14/76/14 22/77/22 21/78/21
f 14/79/14 15/80/15 22/81/22
f 15/82/15 23/83/23 22/84/22
f 15/85/15 16/86/16 23/87/23
f 16/88/16 24/89/24 23/90/23
f 16/91/16 9/92/9 24/93/24
f 9/94/9 17/95/17 24/96/24
f 17/97/17 18/98/18 25/99/25
f 18/100/18 26/101/26 25/102/25
f 18/103/18 19/104/19 26/105/26
f 19/106/19 27/107/27 26/108/26
f 19/109/19 20/110/20 27/111/27
f 20/112/20 28/113/28 27/114/27
f 20/115/20 21/116/21 28/117/28
f 21/118/21 29/119/29 28/120/28
f 21/121/21 22/122/22 29/123/29
f 22/124/22 30/125/30 29/126/29
f 22/127/22 23/128/23 30/129/30
f 23/130/23 31/131/31 30/132/30
f 23/133/23 24/134/24 31/135/31
f 24/136/24 32/137/32 31/138/31
f 24/139/24 17/140/17 32/141/32
f 17/142/17 25/143/25 32/144/32
f 25/145/25 26/146/26 33/147/33
f 26/148/26 34/149/34 33/150/33
f 26/151/26 27/152/27 34/153/34
f 27/154/27 35/155/35 34/156/34
f 27/157/27 28/158/28 35/159/35
f 28/160/28 29/161/29 35/162/35
f 29/163/29 36/164/36 35/165/35
f 29/166/29 30/167/30 36/168/36
f 30/169/30 37/170/37 36/171/36
f 30/172/30 31/173/31 37/174/37
f 31/175/31 38/176/38 37/177/37
f 31/178/31 32/179/32 38/180/38
f 32/181/32 25/182/25 38/183/38
f 25/184/25 33/185/33 38/186/38
f 33/187/33 34/188/34 39/189/39
f 34/190/34 40/191/40 39/192/39
f 34/193/34 35/194/35 40/195/40
f 35/196/35 41/197/41 40/198/40
f 35/199/35 36/200/36 41/201/41
f 36/202/36 42/203/42 41/204/41
f 36/205/36 37/206/37 42/207/42
f 37/208/37 43/209/43 42/210/42
f 37/211/37 38/212/38 43/213/43
f 38/214/38 44/215/44 43/216/43
f 38/217/38 33/218/33 44/219/44
f 33/220/33 39/221/39 44/222/44
f 39/223/39 40/224/40 45/225/45
f 40/226/40 46/227/46 45/228/45
f 40/229/40 41/230/41 46/231/46
f 41/232/41 47/233/47 46/234/46
f 41/235/41 42/236/42 47/237/47
f 42/238/42 48/239/48 47/240/47
f 42/241/42 43/242/43 48/243/48
f 43/244/43 49/245/49 48/246/48
f 43/247/43 44/248/44 49/249/49
f 44/250/44 50/251/50 49/252/49
f 44/253/44 39/254/39 50/255/50
f 39/256/39 45/257/45 50/258/50
f 45/259/45 46/260/46 51/261/51
f 46/262/46 52/263/52 51/264/51
f 46/265/46 47/266/47 52/267/52
f 47/268/47 53/269/53 52/270/52
f 47/271/47 48/272/48 53/273/53
f 48/274/48 54/275/54 53/276/53
f 48/277/48 49/278/49 54/279/54
f 49/280/49 55/281/55 54/282/54
f 49/283/49 50/284/50 55/285/55
f 50/286/50 56/287/56 55/288/55
f 50/289/50 45/290/45 56/291/56
f 45/292/45 51/293/51 56/294/56
f 51/295/51 52/296/52 57/297/57
f 52/298/52 58/299/58 57/300/57
f 52/301/52 53/302/53 58/303/58
f 53/304/53 59/305/59 58/306/58
f 53/307/53 54/308/54 59/309/59
f 54/310/54 60/311/60 59/312/59
f 54/313/54 55/314/55 60/315/60
f 55/316/55 61/317/61 60/318/60
f 55/319/55 56/320/56 61/321/61
f 56/322/56 62/323/62 61/324/61
f 56/325/56 51/326/51 62/327/62
f 51/328/51 57/329/57 62/330/62
f 57/331/57 58/332/58 63/333/63
f 58/334/58 64/335/64 63/336/63
f 58/337/58 59/338/59 64/339/64
f 59/340/59 65/341/65 64/342/64
f 59/343/59 60/344/60 65/345/65
f 60/346/60 66/347/66 65/348/65
f 60/349/60 61/350/61 66/351/66
f 61/352/61 67/353/67 66/354/66
f 61/355/61 62/356/62 67/357/67
f 62/358/62 68/359/68 67/360/67
f 62/361/62 57/362/57 68/363/68
f 57/364/57 63/365/63 68/366/68
f 63/367/63 64/368/64 69/369/69
f 64/370/64 70/371/70 69/372/69
f 64/373/64 65/374/65 70/375/70
f 65/376/65 71/377/71 70/378/70
f 65/379/65 66/380/66 71/381/71
f 66/382/66 72/383/72 71/384/71
f 66/385/66 67/386/67 72/387/72
f 67/388/67 73/389/73 72/390/72
f 67/391/67 68/392/68 73/393/73
f 68/394/68 74/395/74 73/396/73
f 68/397/68 63/398/63 74/399/74
f 63/400/63 69/401/69 74/402/74
f 69/403/69 70/404/70 75/405/75
f 70/406/70 76/407/76 75/408/75
f 70/409/70 71/410/71 76/411/76
f 71/412/71 77/413/77 76/414/76
f 71/415/71 72/416/72 77/417/77
f 72/418/72 78/419/78 77/420/77
f 72/421/72 73/422/73 78/423/78
f 73/424/73 79/425/79 78/426/78
f 73/427/73 74/428/74 79/429/79
f 74/430/74 80/431/80 79/432/79
f 74/433/74 69/434/69 80/435/80
f 69/436/69 75/437/75 80/438/80
o Branches
v 0.2889 10.3079 -0.1241
v 0.2858 10.5305 -0.0473
v 0.5098 10.5096 0.0223
v 0.5129 10.2871 -0.0546
v 1.3149 11.3566 -3.1163
v 1.3268 11.5881 -3.0751
v 1.5436 11.5614 -2.9873
v 1.5317 11.3298 -3.0284
v 2.7679 11.2440 -5.9844
v 2.7974 11.4764 -5.9786
v 3.0044 11.4475 -5.8727
v 2.9749 11.2151 -5.8784
v 0.7153 13.1752 -0.1912
v 0.5370 12.9518 -0.0646
v 0.5773 12.8706 0.2346
v 0.7959 13.0126 0.4071
v 0.9742 13.2360 0.2804
v 0.9339 13.3172 -0.0188
v -2.3928 16.3738 1.1014
v -2.6162 16.2116 1.2481
v -2.6063 16.1774 1.5587
v -2.3729 16.3055 1.7226
v -2.1495 16.4677 1.5760
v -2.1594 16.5018 1.2654
v 0.8802 13.2196 -0.0351
v 0.6863 13.3028 0.0503
v 0.5618 13.1771 0.1933
v 0.6311 12.9682 0.2509
v 0.8249 12.8850 0.1656
v 0.9494 13.0107 0.0225
v 2.9497 14.7810 3.1402
v 2.7596 14.8670 3.2310
v 2.6286 14.7374 3.3645
v 2.6877 14.5219 3.4072
v 2.8778 14.4359 3.3164
v 3.0088 14.5655 3.1829
v 5.1394 15.6813 6.5665
v 4.9531 15.7608 6.6380
v 4.8033 15.6288 6.7172
v 4.8398 15.4173 6.7249
v 5.0262 15.3378 6.6535
v 5.1759 15.4698 6.5742
v 6.0797 15.5854 10.4077
v 5.9166 15.6515 10.4499
v 5.7788 15.5387 10.4822
v 5.8042 15.3597 10.4723
v 5.9672 15.2936 10.4300
v 6.1050 15.4064 10.3977
v 2.2264 20.8275 1.3883
v 2.0635 20.9984 1.5801
v 2.1188 20.9863 1.8791
v 2.3369 20.8032 1.9861
v 2.4998 20.6323 1.7942
v 2.4445 20.6444 1.4953
v 3.9511 22.7226 1.1537
v 3.7765 22.8837 1.3437
v 3.8650 22.9273 1.6315
v 4.1280 22.8098 1.7293
v 4.3026 22.6487 1.5393
v 4.2142 22.6051 1.2515
v 4.7070 25.3458 -0.1218
v 4.5407 25.4777 0.0460
v 4.6377 25.5892 0.2727
v 4.9010 25.5688 0.3316
v 5.0673 25.4369 0.1638
v 4.9703 25.3254 -0.0629
v 5.0287 27.8655 -1.8019
v 4.8641 28.0133 -1.6489
v 4.9660 28.1795 -1.4636
v 5.2324 28.1980 -1.4313
v 5.3970 28.0501 -1.5843
v 5.2951 27.8839 -1.7697
v 4.0675 22.8196 1.2763
v 3.9162 22.8901 1.4606
v 4.0116 22.7128 1.6067
v 4.1629 22.6423 1.4224
v 6.5201 25.0855 2.4229
v 6.3793 25.1649 2.6119
v 6.4692 24.9828 2.7555
v 6.6100 24.9033 2.5665
v 9.2518 27.0361 3.3767
v 9.1713 27.1510 3.5820
v 9.2632 26.9666 3.7213
v 9.3437 26.8517 3.5160
v 12.3991 28.3766 2.9029
v 12.3724 28.5097 3.1009
v 12.4677 28.3329 3.2324
v 12.4943 28.1999 3.0344
v 5.0317 28.2791 -2.2525
v 4.8896 28.4196 -2.1365
v 4.9636 28.5272 -1.9459
v 5.1798 28.4943 -1.8713
v 5.3219 28.3537 -1.9872
v 5.2478 28.2461 -2.1778
v 5.0642 27.9186 -1.7244
v 4.9766 28.0989 -1.5922
v 5.1969 28.1448 -1.5089
v 5.2845 27.9646 -1.6410
v 5.4570 29.5157 -3.6424
v 5.3694 29.6959 -3.5103
v 5.5897 29.7418 -3.4269
v 5.6773 29.5616 -3.5590
v 7.1365 30.9858 -2.9899
v 7.0116 31.1019 -2.8059
v 7.1965 31.0468 -2.6456
v 7.3213 30.9307 -2.8296
v 8.1500 34.1130 -3.7676
v 8.0294 34.1951 -3.5983
v 8.2053 34.1729 -3.4622
v 8.3259 34.0908 -3.6315
v 5.0416 28.3394 -2.1984
v 4.9766 28.3386 -1.9845
v 5.1699 28.4339 -1.9253
v 5.2349 28.4348 -2.1392
v 3.9587 30.7330 -2.5177
v 3.8937 30.7322 -2.3039
v 4.0870 30.8275 -2.2447
v 4.1520 30.8284 -2.4586
v 3.6280 26.4322 4.1556
v 3.4746 26.2867 4.1536
v 3.4150 26.1933 4.3337
v 3.5088 26.2455 4.5159
v 3.6622 26.3911 4.5179
v 3.7218 26.4844 4.3378
v 1.2664 28.9105 4.6588
v 1.0859 28.8007 4.6661
v 1.0203 28.7171 4.8489
v 1.1352 28.7433 5.0244
v 1.3157 28.8531 5.0171
v 1.3814 28.9368 4.8343
v 0.1884 32.2307 5.5704
v -0.0034 32.1550 5.5865
v -0.0658 32.0683 5.7636
v 0.0636 32.0573 5.9246
v 0.2554 32.1330 5.9085
v 0.3178 32.2197 5.7314
v -1.0653 35.2537 6.9935
v -1.2574 35.1437 7.0629
v -1.1554 35.0931 7.2650
v -0.9633 35.2032 7.1957
v 4.6943 28.7022 6.5992
v 4.6286 28.8038 6.7872
v 4.8189 28.7420 6.8871
v 4.8845 28.6404 6.6991
v 6.0919 31.4219 5.6174
v 6.0263 31.5235 5.8053
v 6.2165 31.4618 5.9052
v 6.2822 31.3602 5.7172
v -3.8507 20.0420 0.8787
v -4.0700 19.9621 1.0109
v -4.0727 19.9633 1.2791
v -3.8563 20.0445 1.4151
v -3.6370 20.1244 1.2829
v -3.6343 20.1232 1.0147
v -5.1588 23.8611 1.0990
v -5.3669 23.7897 1.2227
v -5.3622 23.7648 1.4738
v -5.1494 23.8114 1.6013
v -4.9413 23.8828 1.4777
v -4.9459 23.9076 1.2265
v -6.0123 27.7272 1.7285
v -6.1955 27.6874 1.8368
v -6.1911 27.6635 2.0519
v -6.0036 27.6795 2.1587
v -5.8204 27.7193 2.0505
v -5.8248 27.7431 1.8354
v -6.3354 31.6981 2.0443
v -6.5070 31.6967 2.1486
v -6.5027 31.6836 2.3489
v -6.3267 31.6719 2.4450
v -6.1551 31.6734 2.3407
v -6.1594 31.6865 2.1404
v -5.7671 35.6554 2.2995
v -5.9199 35.6686 2.4621
v -5.7598 35.6374 2.6151
v -5.6070 35.6243 2.4524
v -2.4400 16.4467 1.2567
v -2.5590 16.3074 1.3297
v -2.5018 16.2004 1.4850
v -2.3256 16.2326 1.5673
v -2.2067 16.3718 1.4944
v -2.2639 16.4788 1.3391
v -3.9033 18.8392 3.4453
v -4.0349 18.7294 3.5427
v -3.9822 18.6359 3.7080
v -3.7979 18.6523 3.7760
v -3.6663 18.7621 3.6786
v -3.7190 18.8555 3.5133
v -4.2937 21.8634 4.9566
v -4.4137 21.7583 5.1388
v -4.2052 21.7270 5.2581
v -4.0852 21.8322 5.0758
vt 0.00000 0.00000
vt 0.07324 0.00000
vt 0.00000 0.93575
vt 0.07324 0.00000
vt 0.07324 0.93575
vt 0.00000 0.93575
vt 0.07324 0.00000
vt 0.14647 0.00000
vt 0.07324 0.93575
vt 0.14647 0.00000
vt 0.14647 0.93575
vt 0.07324 0.93575
vt 0.14647 0.00000
vt 0.21971 0.00000
vt 0.14647 0.93575
vt 0.21971 0.00000
vt 0.21971 0.93575
vt 0.14647 0.93575
vt 0.21971 0.00000
vt 0.29295 0.00000
vt 0.21971 0.93575
vt 0.29295 0.00000
vt 0.29295 0.93575
vt 0.21971 0.93575
vt 0.00000 0.93575
vt 0.07324 0.93575
vt 0.00000 1.83921
vt 0.07324 0.93575
vt 0.07324 1.83921
vt 0.00000 1.83921
vt 0.07324 0.93575
vt 0.14647 0.93575
vt 0.07324 1.83921
vt 0.14647 0.93575
vt 0.14647 1.83921
vt 0.07324 1.83921
vt 0.14647 0.93575
vt 0.21971 0.93575
vt 0.14647 1.83921
vt 0.21971 0.93575
vt 0.21971 1.83921
vt 0.14647 1.83921
vt 0.21971 0.93575
vt 0.29295 0.93575
vt 0.21971 1.83921
vt 0.29295 0.93575
vt 0.29295 1.83921
vt 0.21971 1.83921
vt 0.00000 0.00000
vt 0.16667 0.00000
vt 0.00000 1.31586
vt 0.16667 0.00000
vt 0.16667 1.31586
vt 0.00000 1.31586
vt 0.16667 0.00000
vt 0.33333 0.00000
vt 0.16667 1.31586
vt 0.33333 0.00000
vt 0.33333 1.31586
vt 0.16667 1.31586
vt 0.33333 0.00000
vt 0.50000 0.00000
vt 0.33333 1.31586
vt 0.50000 0.00000
vt 0.50000 1.31586
vt 0.33333 1.31586
vt 0.50000 0.00000
vt 0.66667 0.00000
vt 0.50000 1.31586
vt 0.66667 0.00000
vt 0.66667 1.31586
vt 0.50000 1.31586
vt 0.66667 0.00000
vt 0.83333 0.00000
vt 0.66667 1.31586
vt 0.83333 0.00000
vt 0.83333 1.31586
vt 0.66667 1.31586
vt 0.83333 0.00000
vt 1.00000 0.00000
vt 0.83333 1.31586
vt 1.00000 0.00000
vt 1.00000 1.31586
vt 0.83333 1.31586
vt 0.00000 0.00000
vt 0.06672 0.00000
vt 0.00000 1.14438
vt 0.06672 0.00000
vt 0.06672 1.14438
vt 0.00000 1.14438
vt 0.06672 0.00000
vt 0.13344 0.00000
vt 0.06672 1.14438
vt 0.13344 0.00000
vt 0.13344 1.14438
vt 0.06672 1.14438
vt 0.13344 0.00000
vt 0.20016 0.00000
vt 0.13344 1.14438
vt 0.20016 0.00000
vt 0.20016 1.14438
vt 0.13344 1.14438
vt 0.20016 0.00000
vt 0.26688 0.00000
vt 0.20016 1.14438
vt 0.26688 0.00000
vt 0.26688 1.14438
vt 0.20016 1.14438
vt 0.26688 0.00000
vt 0.33360 0.00000
vt 0.26688 1.14438
vt 0.33360 0.00000
vt 0.33360 1.14438
vt 0.26688 1.14438
vt 0.33360 0.00000
vt 0.40032 0.00000
vt 0.33360 1.14438
vt 0.40032 0.00000
vt 0.40032 1.14438
vt 0.33360 1.14438
vt 0.00000 1.14438
vt 0.06672 1.14438
vt 0.00000 2.29510
vt 0.06672 1.14438
vt 0.06672 2.29510
vt 0.00000 2.29510
vt 0.06672 1.14438
vt 0.13344 1.14438
vt 0.06672 2.29510
vt 0.13344 1.14438
vt 0.13344 2.29510
vt 0.06672 2.29510
vt 0.13344 1.14438
vt 0.20016 1.14438
vt 0.13344 2.29510
vt 0.20016 1.14438
vt 0.20016 2.29510
vt 0.13344 2.29510
vt 0.20016 1.14438
vt 0.26688 1.14438
vt 0.20016 2.29510
vt 0.26688 1.14438
vt 0.26688 2.29510
vt 0.20016 2.29510
vt 0.26688 1.14438
vt 0.33360 1.14438
vt 0.26688 2.29510
vt 0.33360 1.14438
vt 0.33360 2.29510
vt 0.26688 2.29510
vt 0.33360 1.14438
vt 0.40032 1.14438
vt 0.33360 2.29510
vt 0.40032 1.14438
vt 0.40032 2.29510
vt 0.33360 2.29510
vt 0.00000 2.29510
vt 0.06672 2.29510
vt 0.00000 3.39066
vt 0.06672 2.29510
vt 0.06672 3.39066
vt 0.00000 3.39066
vt 0.06672 2.29510
vt 0.13344 2.29510
vt 0.06672 3.39066
vt 0.13344 2.29510
vt 0.13344 3.39066
vt 0.06672 3.39066
vt 0.13344 2.29510
vt 0.20016 2.29510
vt 0.13344 3.39066
vt 0.20016 2.29510
vt 0.20016 3.39066
vt 0.13344 3.39066
vt 0.20016 2.29510
vt 0.26688 2.29510
vt 0.20016 3.39066
vt 0.26688 2.29510
vt 0.26688 3.39066
vt 0.20016 3.39066
vt 0.26688 2.29510
vt 0.33360 2.29510
vt 0.26688 3.39066
vt 0.33360 2.29510
vt 0.33360 3.39066
vt 0.26688 3.39066
vt 0.33360 2.29510
vt 0.40032 2.29510
vt 0.33360 3.39066
vt 0.40032 2.29510
vt 0.40032 3.39066
vt 0.33360 3.39066
vt 0.00000 0.00000
vt 0.16667 0.00000
vt 0.00000 0.73851
vt 0.16667 0.00000
vt 0.16667 0.73851
vt 0.00000 0.73851
vt 0.16667 0.00000
vt 0.33333 0.00000
vt 0.16667 0.73851
vt 0.33333 0.00000
vt 0.33333 0.73851
vt 0.16667 0.73851
vt 0.33333 0.00000
vt 0.50000 0.00000
vt 0.33333 0.73851
vt 0.50000 0.00000
vt 0.50000 0.73851
vt 0.33333 0.73851
vt 0.50000 0.00000
vt 0.66667 0.00000
vt 0.50000 0.73851
vt 0.66667 0.00000
vt 0.66667 0.73851
vt 0.50000 0.73851
vt 0.66667 0.00000
vt 0.83333 0.00000
vt 0.66667 0.73851
vt 0.83333 0.00000
vt 0.83333 0.73851
vt 0.66667 0.73851
vt 0.83333 0.00000
vt 1.00000 0.00000
vt 0.83333 0.73851
vt 1.00000 0.00000
vt 1.00000 0.73851
vt 0.83333 0.73851
vt 0.00000 0.73851
vt 0.16667 0.73851
vt 0.00000 1.60663
vt 0.16667 0.73851
vt 0.16667 1.60663
vt 0.00000 1.60663
vt 0.16667 0.73851
vt 0.33333 0.73851
vt 0.16667 1.60663
vt 0.33333 0.73851
vt 0.33333 1.60663
vt 0.16667 1.60663
vt 0.33333 0.73851
vt 0.50000 0.73851
vt 0.33333 1.60663
vt 0.50000 0.73851
vt 0.50000 1.60663
vt 0.33333 1.60663
vt 0.50000 0.73851
vt 0.66667 0.73851
vt 0.50000 1.60663
vt 0.66667 0.73851
vt 0.66667 1.60663
vt 0.50000 1.60663
vt 0.66667 0.73851
vt 0.83333 0.73851
vt 0.66667 1.60663
vt 0.83333 0.73851
vt 0.83333 1.60663
vt 0.66667 1.60663
vt 0.83333 0.73851
vt 1.00000 0.73851
vt 0.83333 1.60663
vt 1.00000 0.73851
vt 1.00000 1.60663
vt 0.83333 1.60663
vt 0.00000 1.60663
vt 0.16667 1.60663
vt 0.00000 2.47859
vt 0.16667 1.60663
vt 0.16667 2.47859
vt 0.00000 2.47859
vt 0.16667 1.60663
vt 0.33333 1.60663
vt 0.16667 2.47859
vt 0.33333 1.60663
vt 0.33333 2.47859
vt 0.16667 2.47859
vt 0.33333 1.60663
vt 0.50000 1.60663
vt 0.33333 2.47859
vt 0.50000 1.60663
vt 0.50000 2.47859
vt 0.33333 2.47859
vt 0.50000 1.60663
vt 0.66667 1.60663
vt 0.50000 2.47859
vt 0.66667 1.60663
vt 0.66667 2.47859
vt 0.50000 2.47859
vt 0.66667 1.60663
vt 0.83333 1.60663
vt 0.66667 2.47859
vt 0.83333 1.60663
vt 0.83333 2.47859
vt 0.66667 2.47859
vt 0.83333 1.60663
vt 1.00000 1.60663
vt 0.83333 2.47859
vt 1.00000 1.60663
vt 1.00000 2.47859
vt 0.83333 2.47859
vt 0.00000 0.00000
vt 0.07735 0.00000
vt 0.00000 0.98948
vt 0.07735 0.00000
vt 0.07735 0.98948
vt 0.00000 0.98948
vt 0.07735 0.00000
vt 0.15470 0.00000
vt 0.07735 0.98948
vt 0.15470 0.00000
vt 0.15470 0.98948
vt 0.07735 0.98948
vt 0.15470 0.00000
vt 0.23205 0.00000
vt 0.15470 0.98948
vt 0.23205 0.00000
vt 0.23205 0.98948
vt 0.15470 0.98948
vt 0.23205 0.00000
vt 0.30940 0.00000
vt 0.23205 0.98948
vt 0.30940 0.00000
vt 0.30940 0.98948
vt 0.23205 0.98948
vt 0.00000 0.98948
vt 0.07735 0.98948
vt 0.00000 1.97643
vt 0.07735 0.98948
vt 0.07735 1.97643
vt 0.00000 1.97643
vt 0.07735 0.98948
vt 0.15470 0.98948
vt 0.07735 1.97643
vt 0.15470 0.98948
vt 0.15470 1.97643
vt 0.07735 1.97643
vt 0.15470 0.98948
vt 0.23205 0.98948
vt 0.15470 1.97643
vt 0.23205 0.98948
vt 0.23205 1.97643
vt 0.15470 1.97643
vt 0.23205 0.98948
vt 0.30940 0.98948
vt 0.23205 1.97643
vt 0.30940 0.98948
vt 0.30940 1.97643
vt 0.23205 1.97643
vt 0.00000 1.97643
vt 0.07735 1.97643
vt 0.00000 2.95241
vt 0.07735 1.97643
vt 0.07735 2.95241
vt 0.00000 2.95241
vt 0.07735 1.97643
vt 0.15470 1.97643
vt 0.07735 2.95241
vt 0.15470 1.97643
vt 0.15470 2.95241
vt 0.07735 2.95241
vt 0.15470 1.97643
vt 0.23205 1.97643
vt 0.15470 2.95241
vt 0.23205 1.97643
vt 0.23205 2.95241
vt 0.15470 2.95241
vt 0.23205 1.97643
vt 0.30940 1.97643
vt 0.23205 2.95241
vt 0.30940 1.97643
vt 0.30940 2.95241
vt 0.23205 2.95241
vt 0.00000 2.47859
vt 0.16667 2.47859
vt 0.00000 2.63818
vt 0.16667 2.47859
vt 0.16667 2.63818
vt 0.00000 2.63818
vt 0.16667 2.47859
vt 0.33333 2.47859
vt 0.16667 2.63818
vt 0.33333 2.47859
vt 0.33333 2.63818
vt 0.16667 2.63818
vt 0.33333 2.47859
vt 0.50000 2.47859
vt 0.33333 2.63818
vt 0.50000 2.47859
vt 0.50000 2.63818
vt 0.33333 2.63818
vt 0.50000 2.47859
vt 0.66667 2.47859
vt 0.50000 2.63818
vt 0.66667 2.47859
vt 0.66667 2.63818
vt 0.50000 2.63818
vt 0.66667 2.47859
vt 0.83333 2.47859
vt 0.66667 2.63818
vt 0.83333 2.47859
vt 0.83333 2.63818
vt 0.66667 2.63818
vt 0.83333 2.47859
vt 1.00000 2.47859
vt 0.83333 2.63818
vt 1.00000 2.47859
vt 1.00000 2.63818
vt 0.83333 2.63818
vt 0.00000 0.00000
vt 0.07465 0.00000
vt 0.00000 0.70745
vt 0.07465 0.00000
vt 0.07465 0.70745
vt 0.00000 0.70745
vt 0.07465 0.00000
vt 0.14929 0.00000
vt 0.07465 0.70745
vt 0.14929 0.00000
vt 0.14929 0.70745
vt 0.07465 0.70745
vt 0.14929 0.00000
vt 0.22394 0.00000
vt 0.14929 0.70745
vt 0.22394 0.00000
vt 0.22394 0.70745
vt 0.14929 0.70745
vt 0.22394 0.00000
vt 0.29858 0.00000
vt 0.22394 0.70745
vt 0.29858 0.00000
vt 0.29858 0.70745
vt 0.22394 0.70745
vt 0.00000 2.63818
vt 0.16667 2.63818
vt 0.00000 3.59727
vt 0.16667 2.63818
vt 0.25000 3.59727
vt 0.00000 3.59727
vt 0.16667 2.63818
vt 0.33333 2.63818
vt 0.25000 3.59727
vt 0.33333 2.63818
vt 0.50000 2.63818
vt 0.25000 3.59727
vt 0.50000 2.63818
vt 0.50000 3.59727
vt 0.25000 3.59727
vt 0.50000 2.63818
vt 0.66667 2.63818
vt 0.50000 3.59727
vt 0.66667 2.63818
vt 0.75000 3.59727
vt 0.50000 3.59727
vt 0.66667 2.63818
vt 0.83333 2.63818
vt 0.75000 3.59727
vt 0.83333 2.63818
vt 1.00000 2.63818
vt 0.75000 3.59727
vt 1.00000 2.63818
vt 1.00000 3.59727
vt 0.75000 3.59727
vt 0.00000 3.59727
vt 0.25000 3.59727
vt 0.00000 4.54407
vt 0.25000 3.59727
vt 0.25000 4.54407
vt 0.00000 4.54407
vt 0.25000 3.59727
vt 0.50000 3.59727
vt 0.25000 4.54407
vt 0.50000 3.59727
vt 0.50000 4.54407
vt 0.25000 4.54407
vt 0.50000 3.59727
vt 0.75000 3.59727
vt 0.50000 4.54407
vt 0.75000 3.59727
vt 0.75000 4.54407
vt 0.50000 4.54407
vt 0.75000 3.59727
vt 1.00000 3.59727
vt 0.75000 4.54407
vt 1.00000 3.59727
vt 1.00000 4.54407
vt 0.75000 4.54407
vt 0.00000 0.00000
vt 0.06952 0.00000
vt 0.00000 0.74102
vt 0.06952 0.00000
vt 0.06952 0.74102
vt 0.00000 0.74102
vt 0.06952 0.00000
vt 0.13905 0.00000
vt 0.06952 0.74102
vt 0.13905 0.00000
vt 0.13905 0.74102
vt 0.06952 0.74102
vt 0.13905 0.00000
vt 0.20857 0.00000
vt 0.13905 0.74102
vt 0.20857 0.00000
vt 0.20857 0.74102
vt 0.13905 0.74102
vt 0.20857 0.00000
vt 0.27810 0.00000
vt 0.20857 0.74102
vt 0.27810 0.00000
vt 0.27810 0.74102
vt 0.20857 0.74102
vt 0.00000 0.00000
vt 0.06200 0.00000
vt 0.00000 0.97204
vt 0.06200 0.00000
vt 0.06200 0.97204
vt 0.00000 0.97204
vt 0.06200 0.00000
vt 0.12400 0.00000
vt 0.06200 0.97204
vt 0.12400 0.00000
vt 0.12400 0.97204
vt 0.06200 0.97204
vt 0.12400 0.00000
vt 0.18600 0.00000
vt 0.12400 0.97204
vt 0.18600 0.00000
vt 0.18600 0.97204
vt 0.12400 0.97204
vt 0.18600 0.00000
vt 0.24800 0.00000
vt 0.18600 0.97204
vt 0.24800 0.00000
vt 0.24800 0.97204
vt 0.18600 0.97204
vt 0.24800 0.00000
vt 0.31000 0.00000
vt 0.24800 0.97204
vt 0.31000 0.00000
vt 0.31000 0.97204
vt 0.24800 0.97204
vt 0.31000 0.00000
vt 0.37200 0.00000
vt 0.31000 0.97204
vt 0.37200 0.00000
vt 0.37200 0.97204
vt 0.31000 0.97204
vt 0.00000 0.97204
vt 0.06200 0.97204
vt 0.00000 1.98078
vt 0.06200 0.97204
vt 0.06200 1.98078
vt 0.00000 1.98078
vt 0.06200 0.97204
vt 0.12400 0.97204
vt 0.06200 1.98078
vt 0.12400 0.97204
vt 0.12400 1.98078
vt 0.06200 1.98078
vt 0.12400 0.97204
vt 0.18600 0.97204
vt 0.12400 1.98078
vt 0.18600 0.97204
vt 0.18600 1.98078
vt 0.12400 1.98078
vt 0.18600 0.97204
vt 0.24800 0.97204
vt 0.18600 1.98078
vt 0.24800 0.97204
vt 0.24800 1.98078
vt 0.18600 1.98078
vt 0.24800 0.97204
vt 0.31000 0.97204
vt 0.24800 1.98078
vt 0.31000 0.97204
vt 0.31000 1.98078
vt 0.24800 1.98078
vt 0.31000 0.97204
vt 0.37200 0.97204
vt 0.31000 1.98078
vt 0.37200 0.97204
vt 0.37200 1.98078
vt 0.31000 1.98078
vt 0.00000 1.98078
vt 0.06200 1.98078
vt 0.00000 2.97528
vt 0.06200 1.98078
vt 0.09300 2.97528
vt 0.00000 2.97528
vt 0.06200 1.98078
vt 0.12400 1.98078
vt 0.09300 2.97528
vt 0.12400 1.98078
vt 0.18600 1.98078
vt 0.09300 2.97528
vt 0.18600 1.98078
vt 0.18600 2.97528
vt 0.09300 2.97528
vt 0.18600 1.98078
vt 0.24800 1.98078
vt 0.18600 2.97528
vt 0.24800 1.98078
vt 0.27900 2.97528
vt 0.18600 2.97528
vt 0.24800 1.98078
vt 0.31000 1.98078
vt 0.27900 2.97528
vt 0.31000 1.98078
vt 0.37200 1.98078
vt 0.27900 2.97528
vt 0.37200 1.98078
vt 0.37200 2.97528
vt 0.27900 2.97528
vt 0.00000 0.00000
vt 0.06952 0.00000
vt 0.00000 0.89926
vt 0.06952 0.00000
vt 0.06952 0.89926
vt 0.00000 0.89926
vt 0.06952 0.00000
vt 0.13905 0.00000
vt 0.06952 0.89926
vt 0.13905 0.00000
vt 0.13905 0.89926
vt 0.06952 0.89926
vt 0.13905 0.00000
vt 0.20857 0.00000
vt 0.13905 0.89926
vt 0.20857 0.00000
vt 0.20857 0.89926
vt 0.13905 0.89926
vt 0.20857 0.00000
vt 0.27810 0.00000
vt 0.20857 0.89926
vt 0.27810 0.00000
vt 0.27810 0.89926
vt 0.20857 0.89926
vt 0.00000 1.31586
vt 0.16667 1.31586
vt 0.00000 2.43411
vt 0.16667 1.31586
vt 0.16667 2.43411
vt 0.00000 2.43411
vt 0.16667 1.31586
vt 0.33333 1.31586
vt 0.16667 2.43411
vt 0.33333 1.31586
vt 0.33333 2.43411
vt 0.16667 2.43411
vt 0.33333 1.31586
vt 0.50000 1.31586
vt 0.33333 2.43411
vt 0.50000 1.31586
vt 0.50000 2.43411
vt 0.33333 2.43411
vt 0.50000 1.31586
vt 0.66667 1.31586
vt 0.50000 2.43411
vt 0.66667 1.31586
vt 0.66667 2.43411
vt 0.50000 2.43411
vt 0.66667 1.31586
vt 0.83333 1.31586
vt 0.66667 2.43411
vt 0.83333 1.31586
vt 0.83333 2.43411
vt 0.66667 2.43411
vt 0.83333 1.31586
vt 1.00000 1.31586
vt 0.83333 2.43411
vt 1.00000 1.31586
vt 1.00000 2.43411
vt 0.83333 2.43411
vt 0.00000 2.43411
vt 0.16667 2.43411
vt 0.00000 3.55829
vt 0.16667 2.43411
vt 0.16667 3.55829
vt 0.00000 3.55829
vt 0.16667 2.43411
vt 0.33333 2.43411
vt 0.16667 3.55829
vt 0.33333 2.43411
vt 0.33333 3.55829
vt 0.16667 3.55829
vt 0.33333 2.43411
vt 0.50000 2.43411
vt 0.33333 3.55829
vt 0.50000 2.43411
vt 0.50000 3.55829
vt 0.33333 3.55829
vt 0.50000 2.43411
vt 0.66667 2.43411
vt 0.50000 3.55829
vt 0.66667 2.43411
vt 0.66667 3.55829
vt 0.50000 3.55829
vt 0.66667 2.43411
vt 0.83333 2.43411
vt 0.66667 3.55829
vt 0.83333 2.43411
vt 0.83333 3.55829
vt 0.66667 3.55829
vt 0.83333 2.43411
vt 1.00000 2.43411
vt 0.83333 3.55829
vt 1.00000 2.43411
vt 1.00000 3.55829
vt 0.83333 3.55829
vt 0.00000 3.55829
vt 0.16667 3.55829
vt 0.00000 4.67953
vt 0.16667 3.55829
vt 0.16667 4.67953
vt 0.00000 4.67953
vt 0.16667 3.55829
vt 0.33333 3.55829
vt 0.16667 4.67953
vt 0.33333 3.55829
vt 0.33333 4.67953
vt 0.16667 4.67953
vt 0.33333 3.55829
vt 0.50000 3.55829
vt 0.33333 4.67953
vt 0.50000 3.55829
vt 0.50000 4.67953
vt 0.33333 4.67953
vt 0.50000 3.55829
vt 0.66667 3.55829
vt 0.50000 4.67953
vt 0.66667 3.55829
vt 0.66667 4.67953
vt 0.50000 4.67953
vt 0.66667 3.55829
vt 0.83333 3.55829
vt 0.66667 4.67953
vt 0.83333 3.55829
vt 0.83333 4.67953
vt 0.66667 4.67953
vt 0.83333 3.55829
vt 1.00000 3.55829
vt 0.83333 4.67953
vt 1.00000 3.55829
vt 1.00000 4.67953
vt 0.83333 4.67953
vt 0.00000 4.67953
vt 0.16667 4.67953
vt 0.00000 5.80125
vt 0.16667 4.67953
vt 0.16667 5.80125
vt 0.00000 5.80125
vt 0.16667 4.67953
vt 0.33333 4.67953
vt 0.16667 5.80125
vt 0.33333 4.67953
vt 0.33333 5.80125
vt 0.16667 5.80125
vt 0.33333 4.67953
vt 0.50000 4.67953
vt 0.33333 5.80125
vt 0.50000 4.67953
vt 0.50000 5.80125
vt 0.33333 5.80125
vt 0.50000 4.67953
vt 0.66667 4.67953
vt 0.50000 5.80125
vt 0.66667 4.67953
vt 0.66667 5.80125
vt 0.50000 5.80125
vt 0.66667 4.67953
vt 0.83333 4.67953
vt 0.66667 5.80125
vt 0.83333 4.67953
vt 0.83333 5.80125
vt 0.66667 5.80125
vt 0.83333 4.67953
vt 1.00000 4.67953
vt 0.83333 5.80125
vt 1.00000 4.67953
vt 1.00000 5.80125
vt 0.83333 5.80125
vt 0.00000 5.80125
vt 0.16667 5.80125
vt 0.00000 6.92334
vt 0.16667 5.80125
vt 0.25000 6.92334
vt 0.00000 6.92334
vt 0.16667 5.80125
vt 0.33333 5.80125
vt 0.25000 6.92334
vt 0.33333 5.80125
vt 0.50000 5.80125
vt 0.25000 6.92334
vt 0.50000 5.80125
vt 0.50000 6.92334
vt 0.25000 6.92334
vt 0.50000 5.80125
vt 0.66667 5.80125
vt 0.50000 6.92334
vt 0.66667 5.80125
vt 0.75000 6.92334
vt 0.50000 6.92334
vt 0.66667 5.80125
vt 0.83333 5.80125
vt 0.75000 6.92334
vt 0.83333 5.80125
vt 1.00000 5.80125
vt 0.75000 6.92334
vt 1.00000 5.80125
vt 1.00000 6.92334
vt 0.75000 6.92334
vt 0.00000 0.00000
vt 0.05779 0.00000
vt 0.00000 1.00088
vt 0.05779 0.00000
vt 0.05779 1.00088
vt 0.00000 1.00088
vt 0.05779 0.00000
vt 0.11559 0.00000
vt 0.05779 1.00088
vt 0.11559 0.00000
vt 0.11559 1.00088
vt 0.05779 1.00088
vt 0.11559 0.00000
vt 0.17338 0.00000
vt 0.11559 1.00088
vt 0.17338 0.00000
vt 0.17338 1.00088
vt 0.11559 1.00088
vt 0.17338 0.00000
vt 0.23117 0.00000
vt 0.17338 1.00088
vt 0.23117 0.00000
vt 0.23117 1.00088
vt 0.17338 1.00088
vt 0.23117 0.00000
vt 0.28897 0.00000
vt 0.23117 1.00088
vt 0.28897 0.00000
vt 0.28897 1.00088
vt 0.23117 1.00088
vt 0.28897 0.00000
vt 0.34676 0.00000
vt 0.28897 1.00088
vt 0.34676 0.00000
vt 0.34676 1.00088
vt 0.28897 1.00088
vt 0.00000 1.00088
vt 0.05779 1.00088
vt 0.00000 1.95857
vt 0.05779 1.00088
vt 0.08669 1.95857
vt 0.00000 1.95857
vt 0.05779 1.00088
vt 0.11559 1.00088
vt 0.08669 1.95857
vt 0.11559 1.00088
vt 0.17338 1.00088
vt 0.08669 1.95857
vt 0.17338 1.00088
vt 0.17338 1.95857
vt 0.08669 1.95857
vt 0.17338 1.00088
vt 0.23117 1.00088
vt 0.17338 1.95857
vt 0.23117 1.00088
vt 0.26007 1.95857
vt 0.17338 1.95857
vt 0.23117 1.00088
vt 0.28897 1.00088
vt 0.26007 1.95857
vt 0.28897 1.00088
vt 0.34676 1.00088
vt 0.26007 1.95857
vt 0.34676 1.00088
vt 0.34676 1.95857
vt 0.26007 1.95857
vn -0.4144 -0.8051 -0.4243
vn -0.8524 0.5103 -0.1144
vn 0.4125 0.8066 0.4235
vn 0.8546 -0.5063 0.1157
vn -0.7153 -0.6134 -0.3346
vn -0.6199 0.7759 -0.1176
vn 0.7117 0.6183 0.3336
vn 0.6213 -0.7746 0.1180
vn -0.8468 -0.3317 -0.4159
vn -0.2877 0.9402 -0.1823
vn 0.8454 0.3364 0.4148
vn 0.2853 -0.9410 0.1819
vn 0.0083 0.3814 -0.9244
vn -0.6420 -0.3458 -0.6843
vn -0.6457 -0.7222 0.2481
vn -0.0108 -0.3802 0.9248
vn 0.6404 0.3432 0.6871
vn 0.6450 0.7239 -0.2447
vn -0.0576 0.0821 -0.9950
vn -0.7308 -0.4584 -0.5058
vn -0.6841 -0.5416 0.4884
vn 0.0488 -0.0757 0.9959
vn 0.7233 0.4653 0.5102
vn 0.6782 0.5505 -0.4868
vn 0.6633 0.4031 -0.6305
vn -0.1463 0.9221 -0.3581
vn -0.8095 0.5207 0.2715
vn -0.6639 -0.4020 0.6305
vn 0.1461 -0.9220 0.3586
vn 0.8098 -0.5200 -0.2717
vn 0.5661 0.5709 -0.5946
vn -0.2605 0.9480 -0.1829
vn -0.8280 0.3771 0.4149
vn -0.5638 -0.5695 0.5981
vn 0.2644 -0.9465 0.1851
vn 0.8302 -0.3743 -0.4132
vn 0.6782 0.6351 -0.3696
vn -0.1814 0.9834 0.0047
vn -0.8553 0.3546 0.3778
vn -0.6743 -0.6335 0.3795
vn 0.1882 -0.9821 0.0042
vn 0.8611 -0.3505 -0.3684
vn 0.6238 0.7701 -0.1333
vn -0.3323 0.9366 0.1109
vn -0.9547 0.1596 0.2510
vn -0.6187 -0.7716 0.1475
vn 0.3398 -0.9356 -0.0957
vn 0.9588 -0.1582 -0.2358
vn -0.0391 -0.0872 -0.9954
vn -0.6608 0.5352 -0.5262
vn -0.6259 0.6249 0.4666
vn 0.0473 0.0856 0.9952
vn 0.6670 -0.5293 0.5244
vn 0.6304 -0.6241 -0.4616
vn -0.2644 -0.1272 -0.9560
vn -0.8778 0.3622 -0.3136
vn -0.5967 0.4861 0.6385
vn 0.2755 0.1344 0.9519
vn 0.8831 -0.3491 0.3136
vn 0.6086 -0.4767 -0.6343
vn -0.3708 -0.3941 -0.8410
vn -0.9758 0.0781 -0.2041
vn -0.6005 0.4791 0.6402
vn 0.3770 0.3994 0.8356
vn 0.9767 -0.0688 0.2033
vn 0.6098 -0.4683 -0.6395
vn -0.4989 -0.4697 -0.7283
vn -0.9966 0.0621 -0.0537
vn -0.5000 0.5443 0.6736
vn 0.5019 0.4856 0.7157
vn 0.9983 -0.0481 0.0338
vn 0.4966 -0.5265 -0.6901
vn 0.3724 0.0655 -0.9258
vn -0.6159 0.7640 -0.1922
vn -0.3729 -0.0647 0.9256
vn 0.6153 -0.7641 0.1938
vn 0.1255 0.2841 -0.9505
vn -0.6617 0.7374 0.1355
vn -0.1278 -0.2803 0.9514
vn 0.6614 -0.7383 -0.1319
vn -0.0779 0.1881 -0.9791
vn -0.5421 0.8189 0.1886
vn 0.0764 -0.1823 0.9803
vn 0.5437 -0.8193 -0.1823
vn -0.3035 0.4099 -0.8601
vn -0.2749 0.8240 0.4955
vn 0.3042 -0.4033 0.8630
vn 0.2771 -0.8235 -0.4951
vn -0.0320 -0.3719 -0.9277
vn -0.7777 0.3660 -0.5112
vn -0.5652 0.6631 0.4907
vn 0.0315 0.4192 0.9073
vn 0.7961 -0.3428 0.4987
vn 0.5785 -0.6143 -0.5366
vn -0.0842 -0.7572 -0.6477
vn -0.9842 0.1646 -0.0645
vn 0.0842 0.7572 0.6477
vn 0.9842 -0.1646 0.0645
vn -0.6579 -0.5070 -0.5569
vn -0.7369 0.5860 0.3370
vn 0.6579 0.5070 0.5569
vn 0.7369 -0.5860 -0.3370
vn -0.1067 -0.1428 -0.9840
vn -0.8549 0.5147 0.0654
vn 0.1180 0.1647 0.9793
vn 0.8685 -0.4876 -0.0892
vn -0.4812 -0.0618 -0.8744
vn -0.8231 0.3793 0.4226
vn 0.4870 0.0699 0.8706
vn 0.8281 -0.3699 -0.4212
vn -0.1266 -0.1873 -0.9741
vn -0.9036 -0.3833 0.1912
vn 0.1266 0.1873 0.9741
vn 0.9036 0.3833 -0.1912
vn -0.6435 -0.3798 -0.6646
vn -0.6469 -0.1943 0.7374
vn 0.6435 0.3798 0.6646
vn 0.6469 0.1943 -0.7374
vn 0.4038 0.5356 -0.7417
vn -0.3318 -0.1251 -0.9350
vn -0.7310 -0.6549 -0.1916
vn -0.4058 -0.5361 0.7402
vn 0.3291 0.1235 0.9362
vn 0.7292 0.6565 0.1928
vn 0.3287 0.3590 -0.8735
vn -0.5267 -0.1439 -0.8378
vn -0.8615 -0.5063 0.0378
vn -0.3325 -0.3593 0.8720
vn 0.5242 0.1442 0.8393
vn 0.8607 0.5076 -0.0392
vn 0.3475 0.4357 -0.8303
vn -0.6613 0.0506 -0.7485
vn -0.9082 -0.3728 0.1901
vn -0.3557 -0.4187 0.8356
vn 0.6557 -0.0378 0.7541
vn 0.9032 0.3866 -0.1865
vn 0.0849 0.4594 -0.8841
vn -0.9443 -0.2880 -0.1595
vn -0.0963 -0.4276 0.8988
vn 0.9297 0.3257 0.1717
vn -0.1179 -0.2831 -0.9518
vn -0.8926 0.4502 -0.0234
vn 0.1179 0.2831 0.9518
vn 0.8926 -0.4502 0.0234
vn -0.6298 0.0437 -0.7755
vn -0.6434 0.5300 0.5524
vn 0.6298 -0.0437 0.7755
vn 0.6434 -0.5300 -0.5524
vn -0.0018 -0.0079 -1.0000
vn -0.8207 -0.2934 -0.4903
vn -0.8175 -0.2777 0.5046
vn -0.0062 0.0213 0.9998
vn 0.8143 0.3067 0.4927
vn 0.8131 0.2903 -0.5047
vn -0.0373 0.0866 -0.9955
vn -0.8542 -0.1831 -0.4866
vn -0.8195 -0.2637 0.5088
vn 0.0317 -0.0753 0.9967
vn 0.8510 0.1952 0.4875
vn 0.8148 0.2759 -0.5099
vn -0.0454 0.1009 -0.9939
vn -0.8769 -0.0857 -0.4730
vn -0.8348 -0.1801 0.5202
vn 0.0402 -0.0884 0.9953
vn 0.8741 0.0983 0.4757
vn 0.8318 0.1935 -0.5203
vn 0.0255 0.0455 -0.9986
vn -0.8969 0.0571 -0.4386
vn -0.7861 -0.0229 0.6177
vn -0.0270 -0.0256 0.9993
vn 0.8967 -0.0406 0.4408
vn 0.7858 0.0398 -0.6173
vn -0.2205 0.1000 -0.9703
vn -0.9444 0.1376 0.2986
vn 0.2218 -0.0676 0.9727
vn 0.9490 -0.1015 -0.2984
vn -0.1228 0.6280 -0.7685
vn -0.8461 -0.0295 -0.5323
vn -0.7183 -0.6539 0.2376
vn 0.1210 -0.6280 0.7687
vn 0.8450 0.0276 0.5341
vn 0.7182 0.6547 -0.2356
vn -0.2002 0.4641 -0.8629
vn -0.9381 -0.1152 -0.3266
vn -0.5710 -0.6097 0.5498
vn 0.1934 -0.4533 0.8701
vn 0.9345 0.1229 0.3340
vn 0.5667 0.6188 -0.5440
vn -0.4351 0.3633 -0.8238
vn -0.8637 -0.2956 0.4082
vn 0.4253 -0.3401 0.8387
vn 0.8603 0.3238 -0.3938
usemtl bark
s off
f 81/439/81 82/440/82 85/441/85
f 82/442/82 86/443/86 85/444/85
f 82/445/82 83/446/83 86/447/86
f 83/448/83 87/449/87 86/450/86
f 83/451/83 84/452/84 87/453/87
f 84/454/84 88/455/88 87/456/87
f 84/457/84 81/458/81 88/459/88
f 81/460/81 85/461/85 88/462/88
f 85/463/85 86/464/86 89/465/89
f 86/466/86 90/467/90 89/468/89
f 86/469/86 87/470/87 90/471/90
f 87/472/87 91/473/91 90/474/90
f 87/475/87 88/476/88 91/477/91
f 88/478/88 92/479/92 91/480/91
f 88/481/88 85/482/85 92/483/92
f 85/484/85 89/485/89 92/486/92
f 93/487/93 94/488/94 99/489/99
f 94/490/94 100/491/100 99/492/99
f 94/493/94 95/494/95 100/495/100
f 95/496/95 101/497/101 100/498/100
f 95/499/95 96/500/96 101/501/101
f 96/502/96 102/503/102 101/504/101
f 96/505/96 97/506/97 102/507/102
f 97/508/97 103/509/103 102/510/102
f 97/511/97 98/512/98 103/513/103
f 98/514/98 104/515/104 103/516/103
f 98/517/98 93/518/93 104/519/104
f 93/520/93 99/521/99 104/522/104
f 105/523/105 106/524/106 111/525/111
f 106/526/106 112/527/112 111/528/111
f 106/529/106 107/530/107 112/531/112
f 107/532/107 113/533/113 112/534/112
f 107/535/107 108/536/108 113/537/113
f 108/538/108 114/539/114 113/540/113
f 108/541/108 109/542/109 114/543/114
f 109/544/109 115/545/115 114/546/114
f 109/547/109 110/548/110 115/549/115
f 110/550/110 116/551/116 115/552/115
f 110/553/110 105/554/105 116/555/116
f 105/556/105 111/557/111 116/558/116
f 111/559/111 112/560/112 117/561/117
f 112/562/112 118/563/118 117/564/117
f 112/565/112 113/566/113 118/567/118
f 113/568/113 119/569/119 118/570/118
f 113/571/113 114/572/114 119/573/119
f 114/574/114 120/575/120 119/576/119
f 114/577/114 115/578/115 120/579/120
f 115/580/115 121/581/121 120/582/120
f 115/583/115 116/584/116 121/585/121
f 116/586/116 122/587/122 121/588/121
f 116/589/116 111/590/111 122/591/122
f 111/592/111 117/593/117 122/594/122
f 117/595/117 118/596/118 123/597/123
f 118/598/118 124/599/124 123/600/123
f 118/601/118 119/602/119 124/603/124
f 119/604/119 125/605/125 124/606/124
f 119/607/119 120/608/120 125/609/125
f 120/610/120 126/611/126 125/612/125
f 120/613/120 121/614/121 126/615/126
f 121/616/121 127/617/127 126/618/126
f 121/619/121 122/620/122 127/621/127
f 122/622/122 128/623/128 127/624/127
f 122/625/122 117/626/117 128/627/128
f 117/628/117 123/629/123 128/630/128
f 129/631/129 130/632/130 135/633/135
f 130/634/130 136/635/136 135/636/135
f 130/637/130 131/638/131 136/639/136
f 131/640/131 137/641/137 136/642/136
f 131/643/131 132/644/132 137/645/137
f 132/646/132 138/647/138 137/648/137
f 132/649/132 133/650/133 138/651/138
f 133/652/133 139/653/139 138/654/138
f 133/655/133 134/656/134 139/657/139
f 134/658/134 140/659/140 139/660/139
f 134/661/134 129/662/129 140/663/140
f 129/664/129 135/665/135 140/666/140
f 135/667/135 136/668/136 141/669/141
f 136/670/136 142/671/142 141/672/141
f 136/673/136 137/674/137 142/675/142
f 137/676/137 143/677/143 142/678/142
f 137/679/137 138/680/138 143/681/143
f 138/682/138 144/683/144 143/684/143
f 138/685/138 139/686/139 144/687/144
f 139/688/139 145/689/145 144/690/144
f 139/691/139 140/692/140 145/693/145
f 140/694/140 146/695/146 145/696/145
f 140/697/140 135/698/135 146/699/146
f 135/700/135 141/701/141 146/702/146
f 141/703/141 142/704/142 147/705/147
f 142/706/142 148/707/148 147/708/147
f 142/709/142 143/710/143 148/711/148
f 143/712/143 149/713/149 148/714/148
f 143/715/143 144/716/144 149/717/149
f 144/718/144 150/719/150 149/720/149
f 144/721/144 145/722/145 150/723/150
f 145/724/145 151/725/151 150/726/150
f 145/727/145 146/728/146 151/729/151
f 146/730/146 152/731/152 151/732/151
f 146/733/146 141/734/141 152/735/152
f 141/736/141 147/737/147 152/738/152
f 153/739/153 154/740/154 157/741/157
f 154/742/154 158/743/158 157/744/157
f 154/745/154 155/746/155 158/747/158
f 155/748/155 159/749/159 158/750/158
f 155/751/155 156/752/156 159/753/159
f 156/754/156 160/755/160 159/756/159
f 156/757/156 153/758/153 160/759/160
f 153/760/153 157/761/157 160/762/160
f 157/763/157 158/764/158 161/765/161
f 158/766/158 162/767/162 161/768/161
f 158/769/158 159/770/159 162/771/162
f 159/772/159 163/773/163 162/774/162
f 159/775/159 160/776/160 163/777/163
f 160/778/160 164/779/164 163/780/163
f 160/781/160 157/782/157 164/783/164
f 157/784/157 161/785/161 164/786/164
f 161/787/161 162/788/162 165/789/165
f 162/790/162 166/791/166 165/792/165
f 162/793/162 163/794/163 166/795/166
f 163/796/163 167/797/167 166/798/166
f 163/799/163 164/800/164 167/801/167
f 164/802/164 168/803/168 167/804/167
f 164/805/164 161/806/161 168/807/168
f 161/808/161 165/809/165 168/810/168
f 147/811/147 148/812/148 169/813/169
f 148/814/148 170/815/170 169/816/169
f 148/817/148 149/818/149 170/819/170
f 149/820/149 171/821/171 170/822/170
f 149/823/149 150/824/150 171/825/171
f 150/826/150 172/827/172 171/828/171
f 150/829/150 151/830/151 172/831/172
f 151/832/151 173/833/173 172/834/172
f 151/835/151 152/836/152 173/837/173
f 152/838/152 174/839/174 173/840/173
f 152/841/152 147/842/147 174/843/174
f 147/844/147 169/845/169 174/846/174
f 175/847/175 176/848/176 179/849/179
f 176/850/176 180/851/180 179/852/179
f 176/853/176 177/854/177 180/855/180
f 177/856/177 181/857/181 180/858/180
f 177/859/177 178/860/178 181/861/181
f 178/862/178 182/863/182 181/864/181
f 178/865/178 175/866/175 182/867/182
f 175/868/175 179/869/179 182/870/182
f 169/871/169 170/872/170 183/873/183
f 170/874/170 184/875/184 183/876/183
f 170/877/170 171/878/171 184/879/184
f 171/880/171 172/881/172 184/882/184
f 172/883/172 185/884/185 184/885/184
f 172/886/172 173/887/173 185/888/185
f 173/889/173 186/890/186 185/891/185
f 173/892/173 174/893/174 186/894/186
f 174/895/174 169/896/169 186/897/186
f 169/898/169 183/899/183 186/900/186
f 183/901/183 184/902/184 187/903/187
f 184/904/184 188/905/188 187/906/187
f 184/907/184 185/908/185 188/909/188
f 185/910/185 189/911/189 188/912/188
f 185/913/185 186/914/186 189/915/189
f 186/916/186 190/917/190 189/918/189
f 186/919/186 183/920/183 190/921/190
f 183/922/183 187/923/187 190/924/190
f 191/925/191 192/926/192 195/927/195
f 192/928/192 196/929/196 195/930/195
f 192/931/192 193/932/193 196/933/196
f 193/934/193 197/935/197 196/936/196
f 193/937/193 194/938/194 197/939/197
f 194/940/194 198/941/198 197/942/197
f 194/943/194 191/944/191 198/945/198
f 191/946/191 195/947/195 198/948/198
f 199/949/199 200/950/200 205/951/205
f 200/952/200 206/953/206 205/954/205
f 200/955/200 201/956/201 206/957/206
f 201/958/201 207/959/207 206/960/206
f 201/961/201 202/962/202 207/963/207
f 202/964/202 208/965/208 207/966/207
f 202/967/202 203/968/203 208/969/208
f 203/970/203 209/971/209 208/972/208
f 203/973/203 204/974/204 209/975/209
f 204/976/204 210/977/210 209/978/209
f 204/979/204 199/980/199 210/981/210
f 199/982/199 205/983/205 210/984/210
f 205/985/205 206/986/206 211/987/211
f 206/988/206 212/989/212 211/990/211
f 206/991/206 207/992/207 212/993/212
f 207/994/207 213/995/213 212/996/212
f 207/997/207 208/998/208 213/999/213
f 208/1000/208 214/1001/214 213/1002/213
f 208/1003/208 209/1004/209 214/1005/214
f 209/1006/209 215/1007/215 214/1008/214
f 209/1009/209 210/1010/210 215/1011/215
f 210/1012/210 216/1013/216 215/1014/215
f 210/1015/210 205/1016/205 216/1017/216
f 205/1018/205 211/1019/211 216/1020/216
f 211/1021/211 212/1022/212 217/1023/217
f 212/1024/212 218/1025/218 217/1026/217
f 212/1027/212 213/1028/213 218/1029/218
f 213/1030/213 214/1031/214 218/1032/218
f 214/1033/214 219/1034/219 218/1035/218
f 214/1036/214 215/1037/215 219/1038/219
f 215/1039/215 220/1040/220 219/1041/219
f 215/1042/215 216/1043/216 220/1044/220
f 216/1045/216 211/1046/211 220/1047/220
f 211/1048/211 217/1049/217 220/1050/220
f 221/1051/221 222/1052/222 225/1053/225
f 222/1054/222 226/1055/226 225/1056/225
f 222/1057/222 223/1058/223 226/1059/226
f 223/1060/223 227/1061/227 226/1062/226
f 223/1063/223 224/1064/224 227/1065/227
f 224/1066/224 228/1067/228 227/1068/227
f 224/1069/224 221/1070/221 228/1071/228
f 221/1072/221 225/1073/225 228/1074/228
f 99/1075/99 100/1076/100 229/1077/229
f 100/1078/100 230/1079/230 229/1080/229
f 100/1081/100 101/1082/101 230/1083/230
f 101/1084/101 231/1085/231 230/1086/230
f 101/1087/101 102/1088/102 231/1089/231
f 102/1090/102 232/1091/232 231/1092/231
f 102/1093/102 103/1094/103 232/1095/232
f 103/1096/103 233/1097/233 232/1098/232
f 103/1099/103 104/1100/104 233/1101/233
f 104/1102/104 234/1103/234 233/1104/233
f 104/1105/104 99/1106/99 234/1107/234
f 99/1108/99 229/1109/229 234/1110/234
f 229/1111/229 230/1112/230 235/1113/235
f 230/1114/230 236/1115/236 235/1116/235
f 230/1117/230 231/1118/231 236/1119/236
f 231/1120/231 237/1121/237 236/1122/236
f 231/1123/231 232/1124/232 237/1125/237
f 232/1126/232 238/1127/238 237/1128/237
f 232/1129/232 233/1130/233 238/1131/238
f 233/1132/233 239/1133/239 238/1134/238
f 233/1135/233 234/1136/234 239/1137/239
f 234/1138/234 240/1139/240 239/1140/239
f 234/1141/234 229/1142/229 240/1143/240
f 229/1144/229 235/1145/235 240/1146/240
f 235/1147/235 236/1148/236 241/1149/241
f 236/1150/236 242/1151/242 241/1152/241
f 236/1153/236 237/1154/237 242/1155/242
f 237/1156/237 243/1157/243 242/1158/242
f 237/1159/237 238/1160/238 243/1161/243
f 238/1162/238 244/1163/244 243/1164/243
f 238/1165/238 239/1166/239 244/1167/244
f 239/1168/239 245/1169/245 244/1170/244
f 239/1171/239 240/1172/240 245/1173/245
f 240/1174/240 246/1175/246 245/1176/245
f 240/1177/240 235/1178/235 246/1179/246
f 235/1180/235 241/1181/241 246/1182/246
f 241/1183/241 242/1184/242 247/1185/247
f 242/1186/242 248/1187/248 247/1188/247
f 242/1189/242 243/1190/243 248/1191/248
f 243/1192/243 249/1193/249 248/1194/248
f 243/1195/243 244/1196/244 249/1197/249
f 244/1198/244 250/1199/250 249/1200/249
f 244/1201/244 245/1202/245 250/1203/250
f 245/1204/245 251/1205/251 250/1206/250
f 245/1207/245 246/1208/246 251/1209/251
f 246/1210/246 252/1211/252 251/1212/251
f 246/1213/246 241/1214/241 252/1215/252
f 241/1216/241 247/1217/247 252/1218/252
f 247/1219/247 248/1220/248 253/1221/253
f 248/1222/248 254/1223/254 253/1224/253
f 248/1225/248 249/1226/249 254/1227/254
f 249/1228/249 250/1229/250 254/1230/254
f 250/1231/250 255/1232/255 254/1233/254
f 250/1234/250 251/1235/251 255/1236/255
f 251/1237/251 256/1238/256 255/1239/255
f 251/1240/251 252/1241/252 256/1242/256
f 252/1243/252 247/1244/247 256/1245/256
f 247/1246/247 253/1247/253 256/1248/256
f 257/1249/257 258/1250/258 263/1251/263
f 258/1252/258 264/1253/264 263/1254/263
f 258/1255/258 259/1256/259 264/1257/264
f 259/1258/259 265/1259/265 264/1260/264
f 259/1261/259 260/1262/260 265/1263/265
f 260/1264/260 266/1265/266 265/1266/265
f 260/1267/260 261/1268/261 266/1269/266
f 261/1270/261 267/1271/267 266/1272/266
f 261/1273/261 262/1274/262 267/1275/267
f 262/1276/262 268/1277/268 267/1278/267
f 262/1279/262 257/1280/257 268/1281/268
f 257/1282/257 263/1283/263 268/1284/268
f 263/1285/263 264/1286/264 269/1287/269
f 264/1288/264 270/1289/270 269/1290/269
f 264/1291/264 265/1292/265 270/1293/270
f 265/1294/265 266/1295/266 270/1296/270
f 266/1297/266 271/1298/271 270/1299/270
f 266/1300/266 267/1301/267 271/1302/271
f 267/1303/267 272/1304/272 271/1305/271
f 267/1306/267 268/1307/268 272/1308/272
f 268/1309/268 263/1310/263 272/1311/272
f 263/1312/263 269/1313/269 272/1314/272
o Leaves
v 5.3590 21.1391 18.0098
v 0.2025 21.1391 18.3994
v 0.4808 24.3785 22.0820
v 5.3590 21.1391 18.0098
v 0.4808 24.3785 22.0820
v 5.6373 24.3785 21.6924
v 1.0851 20.9344 17.5916
v 1.4747 20.9344 22.7481
v 4.7547 24.5831 22.5003
v 1.0851 20.9344 17.5916
v 4.7547 24.5831 22.5003
v 4.3651 24.5831 17.3437
v 2.9339 20.6579 0.3552
v -0.3346 20.6579 3.0043
v 1.4921 23.6932 5.2581
v 2.9339 20.6579 0.3552
v 1.4921 23.6932 5.2581
v 4.7606 23.6932 2.6090
v -0.0360 20.4461 1.9217
v 2.6131 20.4461 5.1902
v 4.4621 23.9051 3.6916
v -0.0360 20.4461 1.9217
v 4.4621 23.9051 3.6916
v 1.8130 23.9051 0.4231
v 4.7774 37.8994 -5.7234
v 7.9881 37.8994 -1.1413
v 10.4521 40.5087 -2.8678
v 4.7774 37.8994 -5.7234
v 10.4521 40.5087 -2.8678
v 7.2415 40.5087 -7.4500
v 6.2034 37.9332 -1.4349
v 10.7855 37.9332 -4.6455
v 9.0261 40.4749 -7.1564
v 6.2034 37.9332 -1.4349
v 9.0261 40.4749 -7.1564
v 4.4440 40.4749 -3.9458
v 13.6269 41.1143 9.2258
v 8.5336 41.1143 7.0677
v 7.1800 44.1911 10.2625
v 13.6269 41.1143 9.2258
v 7.1800 44.1911 10.2625
v 12.2732 44.1911 12.4206
v 9.5686 41.6251 6.3866
v 7.4105 41.6251 11.4798
v 11.2383 43.6803 13.1017
v 9.5686 41.6251 6.3866
v 11.2383 43.6803 13.1017
v 13.3964 43.6803 8.0084
v -10.5726 33.1692 3.2809
v -6.4309 33.1692 2.4046
v -7.0625 34.4656 -0.5806
v -10.5726 33.1692 3.2809
v -7.0625 34.4656 -0.5806
v -11.2042 34.4656 0.2956
v -7.2888 32.5905 3.1903
v -8.1651 32.5905 -0.9515
v -10.3463 35.0443 -0.4900
v -7.2888 32.5905 3.1903
v -10.3463 35.0443 -0.4900
v -9.4700 35.0443 3.6517
v 19.5966 24.3992 1.0206
v 20.2955 24.3992 -3.3881
v 17.9933 27.0128 -3.7531
v 19.5966 24.3992 1.0206
v 17.9933 27.0128 -3.7531
v 17.2944 27.0128 0.6556
v 21.1938 24.4718 -2.2436
v 16.7851 24.4718 -2.9425
v 16.3961 26.9402 -0.4890
v 21.1938 24.4718 -2.2436
v 16.3961 26.9402 -0.4890
v 20.8048 26.9402 0.2099
v -3.6065 39.8284 7.7880
v -2.2731 39.8284 13.1287
v 1.7664 44.1134 12.1201
v -3.6065 39.8284 7.7880
v 1.7664 44.1134 12.1201
v 0.4329 44.1134 6.7795
v -3.1961 39.4662 12.2003
v 2.1446 39.4662 10.8668
v 1.3559 44.4756 7.7079
v -3.1961 39.4662 12.2003
v 1.3559 44.4756 7.7079
v -3.9848 44.4756 9.0413
v -2.2072 23.1461 -6.2664
v 3.1941 23.1461 -4.5936
v 4.1960 25.5338 -7.8286
v -2.2072 23.1461 -6.2664
v 4.1960 25.5338 -7.8286
v -1.2053 25.5338 -9.5014
v 1.3082 22.6540 -3.9906
v 2.9811 22.6540 -9.3919
v 0.6806 26.0259 -10.1044
v 1.3082 22.6540 -3.9906
v 0.6806 26.0259 -10.1044
v -0.9923 26.0259 -4.7031
v 5.0963 9.7014 -6.4401
v 10.7259 9.7014 -6.5059
v 10.7031 12.7787 -8.4555
v 5.0963 9.7014 -6.4401
v 10.7031 12.7787 -8.4555
v 5.0736 12.7787 -8.3897
v 9.3741 10.1266 -4.6499
v 9.3083 10.1266 -10.2794
v 6.4254 12.3535 -10.2457
v 9.3741 10.1266 -4.6499
v 6.4254 12.3535 -10.2457
v 6.4912 12.3535 -4.6162
v 22.5568 32.2375 11.2743
v 26.6086 32.2375 8.4934
v 24.9810 34.9801 6.1220
v 22.5568 32.2375 11.2743
v 24.9810 34.9801 6.1220
v 20.9292 34.9801 8.9029
v 26.6668 32.8304 9.6894
v 23.8859 32.8304 5.6376
v 20.8710 34.3871 7.7069
v 26.6668 32.8304 9.6894
v 20.8710 34.3871 7.7069
v 23.6519 34.3871 11.7587
v -7.8949 22.3307 11.4606
v -8.4268 22.3307 6.8925
v -10.5973 25.1499 7.1452
v -7.8949 22.3307 11.4606
v -10.5973 25.1499 7.1452
v -10.0655 25.1499 11.7133
v -7.0858 22.3132 7.9746
v -11.6539 22.3132 8.5064
v -11.4065 25.1675 10.6312
v -7.0858 22.3132 7.9746
v -11.4065 25.1675 10.6312
v -6.8384 25.1675 10.0994
v 2.4771 18.6712 16.8860
v 7.3076 18.6712 19.9241
v 9.9944 20.6024 15.6522
v 2.4771 18.6712 16.8860
v 9.9944 20.6024 15.6522
v 5.1638 20.6024 12.6141
v 6.6341 18.1643 19.8903
v 9.6722 18.1643 15.0598
v 5.8373 21.1093 12.6479
v 6.6341 18.1643 19.8903
v 5.8373 21.1093 12.6479
v 2.7992 21.1093 17.4784
v 9.1086 16.9186 -9.1452
v 12.5704 16.9186 -12.3075
v 10.9226 19.5893 -14.1114
v 9.1086 16.9186 -9.1452
v 10.9226 19.5893 -14.1114
v 7.4608 19.5893 -10.9491
v 12.6316 17.1089 -10.8426
v 9.4692 17.1089 -14.3045
v 7.3997 19.3990 -12.4140
v 12.6316 17.1089 -10.8426
v 7.3997 19.3990 -12.4140
v 10.5620 19.3990 -8.9521
v 11.6857 31.6236 -10.0068
v 11.6350 31.6236 -6.2619
v 14.0326 35.2286 -6.2295
v 11.6857 31.6236 -10.0068
v 14.0326 35.2286 -6.2295
v 14.0832 35.2286 -9.9743
v 10.9670 31.8247 -6.6870
v 14.7118 31.8247 -6.6363
v 14.7512 35.0276 -9.5493
v 10.9670 31.8247 -6.6870
v 14.7512 35.0276 -9.5493
v 11.0064 35.0276 -9.6000
v 5.2611 37.7492 19.9305
v 8.8600 37.7492 22.1314
v 9.9373 40.5581 20.3698
v 5.2611 37.7492 19.9305
v 9.9373 40.5581 20.3698
v 6.3384 40.5581 18.1689
v 7.3023 37.6869 22.4410
v 9.5031 37.6869 18.8421
v 7.8961 40.6203 17.8593
v 7.3023 37.6869 22.4410
v 7.8961 40.6203 17.8593
v 5.6952 40.6203 21.4582
v 1.3169 36.2496 0.5216
v 3.9219 36.2496 -3.8953
v 2.1649 39.1854 -4.9316
v 1.3169 36.2496 0.5216
v 2.1649 39.1854 -4.9316
v -0.4401 39.1854 -0.5147
v 4.4269 36.1972 -1.7122
v 0.0100 36.1972 -4.3172
v -0.9451 39.2378 -2.6978
v 4.4269 36.1972 -1.7122
v -0.9451 39.2378 -2.6978
v 3.4718 39.2378 -0.0928
v 3.3917 14.0891 -7.7009
v 0.2635 14.0891 -10.8048
v -2.2577 16.7229 -8.2638
v 3.3917 14.0891 -7.7009
v -2.2577 16.7229 -8.2638
v 0.8704 16.7229 -5.1599
v 0.7282 14.3575 -10.9263
v -2.3757 14.3575 -7.7982
v 0.4057 16.4545 -5.0384
v 0.7282 14.3575 -10.9263
v 0.4057 16.4545 -5.0384
v 3.5096 16.4545 -8.1665
v -7.1404 40.1023 -0.7912
v -4.1381 40.1023 2.9945
v -2.8650 42.7103 1.9848
v -7.1404 40.1023 -0.7912
v -2.8650 42.7103 1.9848
v -5.8673 42.7103 -1.8009
v -6.0700 40.6347 3.1389
v -2.2843 40.6347 0.1366
v -3.9353 42.1780 -1.9453
v -6.0700 40.6347 3.1389
v -3.9353 42.1780 -1.9453
v -7.7210 42.1780 1.0570
v -8.1898 18.8820 2.1719
v -7.5270 18.8820 -1.6716
v -10.4091 23.7057 -2.1685
v -8.1898 18.8820 2.1719
v -10.4091 23.7057 -2.1685
v -11.0719 23.7057 1.6750
v -7.0873 19.0502 -1.3513
v -10.9307 19.0502 -2.0141
v -11.5116 23.5374 1.3547
v -7.0873 19.0502 -1.3513
v -11.5116 23.5374 1.3547
v -7.6682 23.5374 2.0175
v 9.1996 32.3953 15.2762
v 5.1644 32.3953 15.4329
v 5.3331 34.7029 19.7770
v 9.1996 32.3953 15.2762
v 5.3331 34.7029 19.7770
v 9.3683 34.7029 19.6203
v 5.0438 32.3442 15.5923
v 5.2005 32.3442 19.6275
v 9.4889 34.7540 19.4609
v 5.0438 32.3442 15.5923
v 9.4889 34.7540 19.4609
v 9.3322 34.7540 15.4257
v 5.9569 19.7166 -2.1610
v 10.0068 19.7166 0.9191
v 12.3718 23.3722 -2.1906
v 5.9569 19.7166 -2.1610
v 12.3718 23.3722 -2.1906
v 8.3219 23.3722 -5.2706
v 8.9127 19.4145 0.8291
v 11.9928 19.4145 -3.2209
v 9.4160 23.6744 -5.1806
v 8.9127 19.4145 0.8291
v 9.4160 23.6744 -5.1806
v 6.3359 23.6744 -1.1306
v 12.4746 28.2396 0.0498
v 15.3626 28.2396 5.1518
v 16.5232 30.1909 4.4948
v 12.4746 28.2396 0.0498
v 16.5232 30.1909 4.4948
v 13.6353 30.1909 -0.6072
v 12.4780 28.7268 4.6528
v 17.5800 28.7268 1.7648
v 16.5198 29.7038 -0.1081
v 12.4780 28.7268 4.6528
v 16.5198 29.7038 -0.1081
v 11.4179 29.7038 2.7798
v 8.5795 11.1966 -4.0438
v 9.8944 11.1966 0.3692
v 13.5143 16.5268 -0.7094
v 8.5795 11.1966 -4.0438
v 13.5143 16.5268 -0.7094
v 12.1993 16.5268 -5.1224
v 9.4108 11.2772 0.1951
v 13.8237 11.2772 -1.1199
v 12.6830 16.4463 -4.9483
v 9.4108 11.2772 0.1951
v 12.6830 16.4463 -4.9483
v 8.2700 16.4463 -3.6334
v 2.1402 10.5189 -0.9721
v -1.3773 10.5189 1.2855
v 0.7179 14.9078 4.5500
v 2.1402 10.5189 -0.9721
v 0.7179 14.9078 4.5500
v 4.2354 14.9078 2.2925
v -1.2754 10.4613 1.0416
v 0.9821 10.4613 4.5591
v 4.1336 14.9654 2.5364
v -1.2754 10.4613 1.0416
v 4.1336 14.9654 2.5364
v 1.8760 14.9654 -0.9811
v -3.2970 36.1401 10.2974
v -7.2467 36.1401 11.9732
v -6.1267 39.6058 14.6129
v -3.2970 36.1401 10.2974
v -6.1267 39.6058 14.6129
v -2.1770 39.6058 12.9371
v -6.8263 36.1023 11.0220
v -5.1505 36.1023 14.9716
v -2.5974 39.6437 13.8884
v -6.8263 36.1023 11.0220
v -2.5974 39.6437 13.8884
v -4.2732 39.6437 9.9387
v 5.9363 35.0515 -9.4704
v 10.5764 35.0515 -8.2076
v 11.5383 37.4520 -11.7420
v 5.9363 35.0515 -9.4704
v 11.5383 37.4520 -11.7420
v 6.8982 37.4520 -13.0048
v 9.3506 34.4824 -7.9474
v 10.6134 34.4824 -12.5875
v 8.1240 38.0211 -13.2650
v 9.3506 34.4824 -7.9474
v 8.1240 38.0211 -13.2650
v 6.8612 38.0211 -8.6249
v 8.8526 38.9742 0.6325
v 11.5638 38.9742 4.7577
v 13.8753 42.4586 3.2385
v 8.8526 38.9742 0.6325
v 13.8753 42.4586 3.2385
v 11.1642 42.4586 -0.8866
v 10.2511 39.3170 4.7361
v 14.3762 39.3170 2.0249
v 12.4768 42.1158 -0.8650
v 10.2511 39.3170 4.7361
v 12.4768 42.1158 -0.8650
v 8.3517 42.1158 1.8461
v -17.3467 24.0982 0.4659
v -13.6074 24.0982 -0.0821
v -14.0336 27.4142 -2.9905
v -17.3467 24.0982 0.4659
v -14.0336 27.4142 -2.9905
v -17.7729 27.4142 -2.4425
v -13.8552 24.2005 0.3786
v -14.4032 24.2005 -3.3607
v -17.5251 27.3119 -2.9032
v -13.8552 24.2005 0.3786
v -17.5251 27.3119 -2.9032
v -16.9771 27.3119 0.8361
v -9.8512 23.4359 -3.9420
v -5.9546 23.4359 -3.8090
v -5.8623 26.0594 -6.5129
v -9.8512 23.4359 -3.9420
v -5.8623 26.0594 -6.5129
v -9.7590 26.0594 -6.6459
v -6.2869 23.8150 -3.2233
v -6.1539 23.8150 -7.1199
v -9.4266 25.6803 -7.2316
v -6.2869 23.8150 -3.2233
v -9.4266 25.6803 -7.2316
v -9.5596 25.6803 -3.3350
v 4.3770 40.7249 5.1244
v 5.6703 40.7249 9.0840
v 8.5042 45.2172 8.1584
v 4.3770 40.7249 5.1244
v 8.5042 45.2172 8.1584
v 7.2109 45.2172 4.1988
v 5.0946 41.2103 9.2284
v 9.0542 41.2103 7.9351
v 7.7866 44.7318 4.0544
v 5.0946 41.2103 9.2284
v 7.7866 44.7318 4.0544
v 3.8270 44.7318 5.3477
v 3.4040 28.3599 9.7620
v 3.0494 28.3599 14.9036
v 6.4419 31.2203 15.1376
v 3.4040 28.3599 9.7620
v 6.4419 31.2203 15.1376
v 6.7965 31.2203 9.9960
v 2.2492 28.1479 13.7654
v 7.3908 28.1479 14.1200
v 7.5967 31.4324 11.1342
v 2.2492 28.1479 13.7654
v 7.5967 31.4324 11.1342
v 2.4551 31.4324 10.7795
v 5.5022 29.3164 -10.2867
v 2.8601 29.3164 -5.3854
v 4.9723 32.4998 -4.2468
v 5.5022 29.3164 -10.2867
v 4.9723 32.4998 -4.2468
v 7.6145 32.4998 -9.1481
v 2.0440 29.6738 -7.2102
v 6.9453 29.6738 -4.5680
v 8.4306 32.1424 -7.3233
v 2.0440 29.6738 -7.2102
v 8.4306 32.1424 -7.3233
v 3.5293 32.1424 -9.9655
v -5.1250 41.2121 6.8323
v -9.5394 41.2121 4.0533
v -12.2570 44.8906 8.3703
v -5.1250 41.2121 6.8323
v -12.2570 44.8906 8.3703
v -7.8425 44.8906 11.1492
v -9.5609 41.3899 3.9718
v -12.3398 41.3899 8.3862
v -7.8211 44.7128 11.2308
v -9.5609 41.3899 3.9718
v -7.8211 44.7128 11.2308
v -5.0422 44.7128 6.8163
v 9.0440 16.1383 16.5201
v 14.4550 16.1383 14.3360
v 13.5904 19.7633 12.1941
v 9.0440 16.1383 16.5201
v 13.5904 19.7633 12.1941
v 8.1794 19.7633 14.3783
v 13.4503 16.1182 16.6424
v 11.2662 16.1182 11.2314
v 9.1841 19.7834 12.0718
v 13.4503 16.1182 16.6424
v 9.1841 19.7834 12.0718
v 11.3682 19.7834 17.4828
v 17.2910 33.8852 8.3191
v 17.0221 33.8852 4.4690
v 13.7517 37.8609 4.6974
v 17.2910 33.8852 8.3191
v 13.7517 37.8609 4.6974
v 14.0206 37.8609 8.5475
v 17.3009 34.3621 4.2919
v 13.4509 34.3621 4.5608
v 13.7417 37.3840 8.7246
v 17.3009 34.3621 4.2919
v 13.7417 37.3840 8.7246
v 17.5917 37.3840 8.4557
v -1.0705 26.5339 7.1530
v -4.0984 26.5339 2.9296
v -7.4296 28.4679 5.3178
v -1.0705 26.5339 7.1530
v -7.4296 28.4679 5.3178
v -4.4018 28.4679 9.5412
v -3.0827 25.9171 3.4043
v -7.3061 25.9171 6.4321
v -5.4174 29.0847 9.0666
v -3.0827 25.9171 3.4043
v -5.4174 29.0847 9.0666
v -1.1940 29.0847 6.0387
v -1.4853 40.5133 6.1796
v 2.2066 40.5133 9.2427
v 4.1122 43.8309 6.9458
v -1.4853 40.5133 6.1796
v 4.1122 43.8309 6.9458
v 0.4204 43.8309 3.8827
v 1.0559 40.6759 9.4656
v 4.1189 40.6759 5.7737
v 1.5711 43.6682 3.6598
v 1.0559 40.6759 9.4656
v 1.5711 43.6682 3.6598
v -1.4920 43.6682 7.3517
v 16.1679 38.2542 13.6687
v 11.6139 38.2542 14.6190
v 12.0797 40.3729 16.8512
v 16.1679 38.2542 13.6687
v 12.0797 40.3729 16.8512
v 16.6336 40.3729 15.9010
v 12.4488 38.3544 13.2334
v 13.3991 38.3544 17.7873
v 15.7988 40.2726 17.2866
v 12.4488 38.3544 13.2334
v 15.7988 40.2726 17.2866
v 14.8485 40.2726 12.7326
v 2.5759 35.5107 -5.1544
v 3.7860 35.5107 -10.3475
v -0.0365 37.4780 -11.2382
v 2.5759 35.5107 -5.1544
v -0.0365 37.4780 -11.2382
v -1.2465 37.4780 -6.0451
v 4.3290 35.6817 -9.5773
v -0.8640 35.6817 -10.7873
v -1.7895 37.3070 -6.8153
v 4.3290 35.6817 -9.5773
v -1.7895 37.3070 -6.8153
v 3.4035 37.3070 -5.6053
v -4.9415 42.8113 7.5607
v -1.2353 42.8113 3.9639
v -2.7395 46.4095 2.4140
v -4.9415 42.8113 7.5607
v -2.7395 46.4095 2.4140
v -6.4456 46.4095 6.0109
v -0.9775 43.1265 5.8073
v -4.5743 43.1265 2.1011
v -6.7035 46.0943 4.1675
v -0.9775 43.1265 5.8073
v -6.7035 46.0943 4.1675
v -3.1066 46.0943 7.8737
v 3.9021 18.0653 10.7563
v 5.9931 18.0653 6.7987
v 3.8802 21.7718 5.6823
v 3.9021 18.0653 10.7563
v 3.8802 21.7718 5.6823
v 1.7892 21.7718 9.6400
v 6.6673 18.5223 7.7558
v 2.7096 18.5223 5.6648
v 1.1150 21.3147 8.6828
v 6.6673 18.5223 7.7558
v 1.1150 21.3147 8.6828
v 5.0727 21.3147 10.7739
v 20.3656 28.7350 1.2630
v 20.5203 28.7350 -3.5739
v 17.6993 32.4777 -3.6642
v 20.3656 28.7350 1.2630
v 17.6993 32.4777 -3.6642
v 17.5447 32.4777 1.1728
v 21.5078 29.0805 -2.9014
v 16.6708 29.0805 -3.0561
v 16.5571 32.1322 0.5003
v 21.5078 29.0805 -2.9014
v 16.5571 32.1322 0.5003
v 21.3941 32.1322 0.6549
v -3.8104 38.6715 14.4536
v 0.2612 38.6715 16.5064
v 2.1684 41.8215 12.7237
v -3.8104 38.6715 14.4536
v 2.1684 41.8215 12.7237
v -1.9033 41.8215 10.6709
v -0.2489 38.3069 16.4304
v 1.8039 38.3069 12.3588
v -1.3931 42.1862 10.7469
v -0.2489 38.3069 16.4304
v -1.3931 42.1862 10.7469
v -3.4459 42.1862 14.8185
v 0.3244 16.7591 9.8530
v -1.5746 16.7591 14.3528
v 1.0151 19.5115 15.4457
v 0.3244 16.7591 9.8530
v 1.0151 19.5115 15.4457
v 2.9142 19.5115 10.9459
v -2.2808 17.3465 13.3600
v 2.2191 17.3465 15.2590
v 3.6203 18.9242 11.9387
v -2.2808 17.3465 13.3600
v 3.6203 18.9242 11.9387
v -0.8795 18.9242 10.0397
v 11.7422 29.5308 -7.7568
v 16.6663 29.5308 -8.1365
v 16.4497 31.6845 -10.9454
v 11.7422 29.5308 -7.7568
v 16.4497 31.6845 -10.9454
v 11.5256 31.6845 -10.5657
v 15.7785 29.6577 -7.0041
v 15.3987 29.6577 -11.9283
v 12.4134 31.5576 -11.6981
v 15.7785 29.6577 -7.0041
v 12.4134 31.5576 -11.6981
v 12.7931 31.5576 -6.7739
v 28.6246 27.4450 6.4347
v 23.9885 27.4450 3.8930
v 22.7280 30.4848 6.1922
v 28.6246 27.4450 6.4347
v 22.7280 30.4848 6.1922
v 27.3641 30.4848 8.7339
v 25.5027 27.8180 3.2035
v 22.9610 27.8180 7.8396
v 25.8498 30.1118 9.4234
v 25.5027 27.8180 3.2035
v 25.8498 30.1118 9.4234
v 28.3916 30.1118 4.7873
v 10.2140 17.5380 -7.3568
v 5.8399 17.5380 -8.1850
v 5.1461 19.8263 -4.5208
v 10.2140 17.5380 -7.3568
v 5.1461 19.8263 -4.5208
v 9.5203 19.8263 -3.6926
v 6.8319 16.9115 -8.3649
v 6.0037 16.9115 -3.9907
v 8.5283 20.4528 -3.5127
v 6.8319 16.9115 -8.3649
v 8.5283 20.4528 -3.5127
v 9.3565 20.4528 -7.8868
v 16.0474 35.1697 2.6336
v 15.8963 35.1697 -3.2838
v 13.3008 38.9487 -3.2176
v 16.0474 35.1697 2.6336
v 13.3008 38.9487 -3.2176
v 13.4519 38.9487 2.6999
v 17.5997 35.1686 -1.6638
v 11.6823 35.1686 -1.5127
v 11.7485 38.9497 1.0799
v 17.5997 35.1686 -1.6638
v 11.7485 38.9497 1.0799
v 17.6659 38.9497 0.9288
v 2.3599 27.9975 -9.7720
v 5.8939 27.9975 -8.0762
v 7.2528 29.7044 -10.9083
v 2.3599 27.9975 -9.7720
v 7.2528 29.7044 -10.9083
v 3.7188 29.7044 -12.6040
v 5.2235 27.7435 -7.9661
v 6.9193 27.7435 -11.5001
v 4.3892 29.9584 -12.7142
v 5.2235 27.7435 -7.9661
v 4.3892 29.9584 -12.7142
v 2.6934 29.9584 -9.1801
v -4.9611 18.0012 0.6518
v -5.5722 18.0012 -3.6419
v -7.6874 21.2874 -3.3408
v -4.9611 18.0012 0.6518
v -7.6874 21.2874 -3.3408
v -7.0763 21.2874 0.9529
v -4.3168 17.9524 -2.6292
v -8.6105 17.9524 -2.0181
v -8.3318 21.3363 -0.0597
v -4.3168 17.9524 -2.6292
v -8.3318 21.3363 -0.0597
v -4.0381 21.3363 -0.6709
v -5.2160 35.1526 7.9313
v -5.8800 35.1526 3.3021
v -9.3206 38.0195 3.7956
v -5.2160 35.1526 7.9313
v -9.3206 38.0195 3.7956
v -8.6566 38.0195 8.4248
v -5.1684 34.9162 4.0346
v -9.7976 34.9162 4.6986
v -9.3682 38.2560 7.6923
v -5.1684 34.9162 4.0346
v -9.3682 38.2560 7.6923
v -4.7390 38.2560 7.0283
v 0.7208 30.2931 18.9703
v 2.8552 30.2931 15.4434
v 1.2611 33.4357 14.4787
v 0.7208 30.2931 18.9703
v 1.2611 33.4357 14.4787
v -0.8733 33.4357 18.0056
v 3.4087 30.5453 16.7105
v -0.1182 30.5453 14.5761
v -1.4268 33.1835 16.7384
v 3.4087 30.5453 16.7105
v -1.4268 33.1835 16.7384
v 2.1001 33.1835 18.8729
v 7.7031 23.3453 18.0437
v 6.0414 23.3453 13.1405
v 3.5896 26.3464 13.9714
v 7.7031 23.3453 18.0437
v 3.5896 26.3464 13.9714
v 5.2514 26.3464 18.8747
v 7.7315 23.2262 14.0952
v 2.8282 23.2262 15.7570
v 3.5613 26.4654 17.9200
v 7.7315 23.2262 14.0952
v 3.5613 26.4654 17.9200
v 8.4645 26.4654 16.2582
v 6.7372 15.9197 18.1819
v 2.3013 15.9197 15.1320
v 0.0298 17.5000 18.4357
v 6.7372 15.9197 18.1819
v 0.0298 17.5000 18.4357
v 4.4658 17.5000 21.4856
v 3.4218 15.5318 15.0686
v 0.3719 15.5318 19.5046
v 3.3453 17.8878 21.5490
v 3.4218 15.5318 15.0686
v 3.3453 17.8878 21.5490
v 6.3952 17.8878 17.1130
v 10.6986 24.7395 3.2045
v 7.1929 24.7395 0.1050
v 3.7350 26.8090 4.0161
v 10.6986 24.7395 3.2045
v 3.7350 26.8090 4.0161
v 7.2407 26.8090 7.1156
v 7.2601 23.8144 0.5256
v 4.1606 23.8144 4.0313
v 7.1735 27.7341 6.6950
v 7.2601 23.8144 0.5256
v 7.1735 27.7341 6.6950
v 10.2730 27.7341 3.1893
v -5.1629 36.8916 16.3261
v -0.3450 36.8916 17.6509
v 0.7630 38.5999 13.6211
v -5.1629 36.8916 16.3261
v 0.7630 38.5999 13.6211
v -4.0548 38.5999 12.2963
v -1.0494 36.4962 17.8810
v 0.2753 36.4962 13.0632
v -3.3504 38.9954 12.0662
v -1.0494 36.4962 17.8810
v -3.3504 38.9954 12.0662
v -4.6751 38.9954 16.8840
v 19.9037 30.5428 0.5437
v 17.6624 30.5428 5.0998
v 20.9158 33.9224 6.7002
v 19.9037 30.5428 0.5437
v 20.9158 33.9224 6.7002
v 23.1571 33.9224 2.1441
v 17.1884 30.9778 4.4190
v 21.7444 30.9778 6.6602
v 23.6311 33.4874 2.8249
v 17.1884 30.9778 4.4190
v 23.6311 33.4874 2.8249
v 19.0751 33.4874 0.5837
v 10.3920 30.9550 11.9519
v 15.1445 30.9550 10.2813
v 14.1228 34.1863 7.3749
v 10.3920 30.9550 11.9519
v 14.1228 34.1863 7.3749
v 9.3703 34.1863 9.0455
v 14.7511 31.1948 11.4567
v 13.0805 31.1948 6.7042
v 9.7638 33.9465 7.8701
v 14.7511 31.1948 11.4567
v 9.7638 33.9465 7.8701
v 11.4344 33.9465 12.6226
v -6.5354 27.3080 7.6321
v -5.4499 27.3080 12.3846
v -0.9323 29.0033 11.3528
v -6.5354 27.3080 7.6321
v -0.9323 29.0033 11.3528
v -2.0178 29.0033 6.6003
v -5.7695 26.2199 11.5265
v -1.0170 26.2199 10.4410
v -1.6982 30.0913 7.4584
v -5.7695 26.2199 11.5265
v -1.6982 30.0913 7.4584
v -6.4507 30.0913 8.5439
v 7.0931 38.9592 -11.3172
v 6.3089 38.9592 -6.0502
v 9.9177 40.6107 -5.5129
v 7.0931 38.9592 -11.3172
v 9.9177 40.6107 -5.5129
v 10.7019 40.6107 -10.7800
v 5.7179 38.0774 -7.7726
v 10.9849 38.0774 -6.9884
v 11.2929 41.4925 -9.0576
v 5.7179 38.0774 -7.7726
v 11.2929 41.4925 -9.0576
v 6.0259 41.4925 -9.8418
v 22.1402 30.2423 3.7350
v 26.6422 30.2423 1.6556
v 24.5987 32.3799 -2.7687
v 22.1402 30.2423 3.7350
v 24.5987 32.3799 -2.7687
v 20.0967 32.3799 -0.6893
v 26.5669 30.1149 1.7375
v 24.4876 30.1149 -2.7645
v 20.1720 32.5072 -0.7712
v 26.5669 30.1149 1.7375
v 20.1720 32.5072 -0.7712
v 22.2514 32.5072 3.7308
v -4.6543 28.9189 -0.8803
v -8.5037 28.9189 -2.3096
v -9.6174 33.6799 0.6897
v -4.6543 28.9189 -0.8803
v -9.6174 33.6799 0.6897
v -5.7680 33.6799 2.1190
v -8.4929 29.4713 -2.7892
v -9.9222 29.4713 1.0602
v -5.7788 33.1276 2.5986
v -8.4929 29.4713 -2.7892
v -5.7788 33.1276 2.5986
v -4.3495 33.1276 -1.2508
v -5.0292 21.9420 -6.0809
v -7.5038 21.9420 -9.6661
v -10.4524 23.9301 -7.6309
v -5.0292 21.9420 -6.0809
v -10.4524 23.9301 -7.6309
v -7.9778 23.9301 -4.0457
v -6.9767 21.9776 -9.5834
v -10.5619 21.9776 -7.1088
v -8.5048 23.8944 -4.1284
v -6.9767 21.9776 -9.5834
v -8.5048 23.8944 -4.1284
v -4.9196 23.8944 -6.6030
v 3.8352 37.8417 -0.3826
v -0.9800 37.8417 2.1266
v 0.4597 41.3495 4.8893
v 3.8352 37.8417 -0.3826
v 0.4597 41.3495 4.8893
v 5.2749 41.3495 2.3800
v -0.7572 38.1672 0.7056
v 1.7521 38.1672 5.5208
v 5.0521 41.0240 3.8011
v -0.7572 38.1672 0.7056
v 5.0521 41.0240 3.8011
v 2.5428 41.0240 -1.0141
v -15.3726 36.3102 -0.0257
v -13.1855 36.3102 2.0235
v -11.1990 37.7931 -0.0967
v -15.3726 36.3102 -0.0257
v -11.1990 37.7931 -0.0967
v -13.3861 37.7931 -2.1459
v -13.2310 36.3644 2.0437
v -11.1818 36.3644 -0.1435
v -13.3406 37.7389 -2.1661
v -13.2310 36.3644 2.0437
v -13.3406 37.7389 -2.1661
v -15.3898 37.7389 0.0211
v 9.9432 33.9606 14.5048
v 11.8514 33.9606 18.9934
v 13.4185 36.7107 18.3272
v 9.9432 33.9606 14.5048
v 13.4185 36.7107 18.3272
v 11.5103 36.7107 13.8386
v 9.9097 34.2619 18.4832
v 14.3984 34.2619 16.5750
v 13.4520 36.4094 14.3488
v 9.9097 34.2619 18.4832
v 13.4520 36.4094 14.3488
v 8.9634 36.4094 16.2570
v 3.0494 41.5529 12.9284
v 8.0490 41.5529 10.0815
v 6.8401 45.5464 7.9584
v 3.0494 41.5529 12.9284
v 6.8401 45.5464 7.9584
v 1.8405 45.5464 10.8053
v 8.1789 42.4832 11.9121
v 5.3321 42.4832 6.9125
v 1.7105 44.6161 8.9747
v 8.1789 42.4832 11.9121
v 1.7105 44.6161 8.9747
v 4.5574 44.6161 13.9743
v 1.6391 15.8337 0.3331
v 2.2717 15.8337 5.1913
v 6.8666 17.9116 4.5930
v 1.6391 15.8337 0.3331
v 6.8666 17.9116 4.5930
v 6.2340 17.9116 -0.2652
v 2.0732 15.2250 4.6951
v 6.9314 15.2250 4.0625
v 6.4325 18.5204 0.2311
v 2.0732 15.2250 4.6951
v 6.4325 18.5204 0.2311
v 1.5743 18.5204 0.8636
v -11.7157 25.4789 2.8661
v -8.2410 25.4789 3.4824
v -7.6310 29.0390 0.0429
v -11.7157 25.4789 2.8661
v -7.6310 29.0390 0.0429
v -11.1058 29.0390 -0.5733
v -7.9426 25.8692 3.5535
v -7.3264 25.8692 0.0788
v -11.4042 28.6487 -0.6444
v -7.9426 25.8692 3.5535
v -11.4042 28.6487 -0.6444
v -12.0204 28.6487 2.8303
v 20.4852 29.3555 -5.3524
v 15.9396 29.3555 -5.0456
v 16.0846 33.0171 -2.8977
v 20.4852 29.3555 -5.3524
v 16.0846 33.0171 -2.8977
v 20.6302 33.0171 -3.2046
v 16.1471 30.4413 -6.2639
v 16.4540 30.4413 -1.7183
v 20.4226 31.9313 -1.9862
v 16.1471 30.4413 -6.2639
v 20.4226 31.9313 -1.9862
v 20.1158 31.9313 -6.5318
v 2.7658 37.6244 11.9932
v 7.7253 37.6244 13.9974
v 9.1210 41.2830 10.5437
v 2.7658 37.6244 11.9932
v 9.1210 41.2830 10.5437
v 4.1615 41.2830 8.5395
v 6.5128 37.4682 14.3833
v 8.5170 37.4682 9.4238
v 5.3740 41.4393 8.1537
v 6.5128 37.4682 14.3833
v 5.3740 41.4393 8.1537
v 3.3698 41.4393 13.1131
v -8.2599 39.9903 10.8413
v -4.2698 39.9903 13.0206
v -2.6074 44.7820 9.9770
v -8.2599 39.9903 10.8413
v -2.6074 44.7820 9.9770
v -6.5975 44.7820 7.7977
v -4.8184 40.1561 13.3354
v -2.6391 40.1561 9.3453
v -6.0488 44.6162 7.4829
v -4.8184 40.1561 13.3354
v -6.0488 44.6162 7.4829
v -8.2282 44.6162 11.4730
v -12.2122 25.7884 4.7917
v -9.9158 25.7884 7.9285
v -7.5134 28.2502 6.1697
v -12.2122 25.7884 4.7917
v -7.5134 28.2502 6.1697
v -9.8098 28.2502 3.0329
v -10.7239 25.5035 7.5950
v -7.5871 25.5035 5.2986
v -9.0017 28.5351 3.3664
v -10.7239 25.5035 7.5950
v -9.0017 28.5351 3.3664
v -12.1385 28.5351 5.6628
v 29.4954 31.5852 10.2609
v 24.8139 31.5852 9.5857
v 24.3659 34.2802 12.6921
v 29.4954 31.5852 10.2609
v 24.3659 34.2802 12.6921
v 29.0474 34.2802 13.3672
v 25.4294 32.0234 8.8705
v 24.7543 32.0234 13.5521
v 28.4318 33.8420 14.0824
v 25.4294 32.0234 8.8705
v 28.4318 33.8420 14.0824
v 29.1070 33.8420 9.4009
v 4.2223 38.8003 -2.1456
v 3.8682 38.8003 2.7633
v 9.3166 42.4563 3.1563
v 4.2223 38.8003 -2.1456
v 9.3166 42.4563 3.1563
v 9.6708 42.4563 -1.7525
v 4.1048 39.1253 3.2435
v 9.0136 39.1253 3.5976
v 9.4342 42.1313 -2.2327
v 4.1048 39.1253 3.2435
v 9.4342 42.1313 -2.2327
v 4.5254 42.1313 -2.5868
v -0.6828 15.7724 -5.5088
v -2.6779 15.7724 -2.1316
v 0.2700 17.5275 -0.3902
v -0.6828 15.7724 -5.5088
v 0.2700 17.5275 -0.3902
v 2.2651 17.5275 -3.7674
v -2.7576 15.7419 -2.4868
v 0.6196 15.7419 -0.4918
v 2.3448 17.5579 -3.4122
v -2.7576 15.7419 -2.4868
v 2.3448 17.5579 -3.4122
v -1.0324 17.5579 -5.4073
v -6.1535 36.6677 -1.1683
v -9.0141 36.6677 3.2580
v -6.0924 39.3400 5.1462
v -6.1535 36.6677 -1.1683
v -6.0924 39.3400 5.1462
v -3.2318 39.3400 0.7199
v -9.4156 37.0791 2.2290
v -4.9893 37.0791 5.0896
v -2.8303 38.9286 1.7489
v -9.4156 37.0791 2.2290
v -2.8303 38.9286 1.7489
v -7.2566 38.9286 -1.1117
v 2.1310 37.7609 13.6922
v 2.1726 37.7609 18.5239
v 5.3771 40.8802 18.4963
v 2.1310 37.7609 13.6922
v 5.3771 40.8802 18.4963
v 5.3355 40.8802 13.6646
v 1.3552 38.2715 18.0897
v 6.1869 38.2715 18.0480
v 6.1529 40.3696 14.0988
v 1.3552 38.2715 18.0897
v 6.1529 40.3696 14.0988
v 1.3212 40.3696 14.1405
v 16.9128 34.9290 -7.0812
v 13.0866 34.9290 -10.1738
v 11.6048 38.1421 -8.3405
v 16.9128 34.9290 -7.0812
v 11.6048 38.1421 -8.3405
v 15.4309 38.1421 -5.2479
v 15.0204 34.8174 -10.2582
v 11.9277 34.8174 -6.4321
v 13.4972 38.2537 -5.1635
v 15.0204 34.8174 -10.2582
v 13.4972 38.2537 -5.1635
v 16.5898 38.2537 -8.9896
v 4.2484 11.4296 -5.5509
v 5.9979 11.4296 -0.8899
v 8.8582 13.8214 -1.9635
v 4.2484 11.4296 -5.5509
v 8.8582 13.8214 -1.9635
v 7.1086 13.8214 -6.6245
v 4.8121 11.6502 -1.3124
v 9.4731 11.6502 -3.0619
v 8.2945 13.6008 -6.2020
v 4.8121 11.6502 -1.3124
v 8.2945 13.6008 -6.2020
v 3.6335 13.6008 -4.4525
v 3.4056 22.5136 0.4238
v 6.5348 22.5136 -3.1530
v 4.3947 25.5465 -5.0253
v 3.4056 22.5136 0.4238
v 4.3947 25.5465 -5.0253
v 1.2655 25.5465 -1.4485
v 6.5920 22.4686 -1.7688
v 3.0152 22.4686 -4.8981
v 1.2082 25.5915 -2.8326
v 6.5920 22.4686 -1.7688
v 1.2082 25.5915 -2.8326
v 4.7851 25.5915 0.2966
v 12.7447 17.9348 -4.4411
v 10.5335 17.9348 0.3352
v 12.7261 21.0830 1.3502
v 12.7447 17.9348 -4.4411
v 12.7261 21.0830 1.3502
v 14.9372 21.0830 -3.4261
v 9.8990 17.8359 -1.6828
v 14.6753 17.8359 0.5284
v 15.5717 21.1819 -1.4081
v 9.8990 17.8359 -1.6828
v 15.5717 21.1819 -1.4081
v 10.7954 21.1819 -3.6193
v 1.9316 27.7195 -8.6274
v -1.6793 27.7195 -5.5534
v 0.5041 31.6477 -2.9887
v 1.9316 27.7195 -8.6274
v 0.5041 31.6477 -2.9887
v 4.1150 31.6477 -6.0627
v -2.0619 28.4772 -6.1298
v 1.0120 28.4772 -2.5189
v 4.4976 30.8899 -5.4862
v -2.0619 28.4772 -6.1298
v 4.4976 30.8899 -5.4862
v 1.4237 30.8899 -9.0971
v 8.3655 39.4291 4.1592
v 6.4026 39.4291 8.5493
v 10.4569 41.6892 10.3620
v 8.3655 39.4291 4.1592
v 10.4569 41.6892 10.3620
v 12.4198 41.6892 5.9718
v 6.5609 38.6536 7.7445
v 10.9511 38.6536 9.7074
v 12.2614 42.4647 6.7767
v 6.5609 38.6536 7.7445
v 12.2614 42.4647 6.7767
v 7.8713 42.4647 4.8138
v 18.0528 29.5021 -15.1258
v 14.0860 29.5021 -13.9959
v 14.9085 31.8216 -11.1082
v 18.0528 29.5021 -15.1258
v 14.9085 31.8216 -11.1082
v 18.8753 31.8216 -12.2381
v 14.4668 29.5090 -14.6877
v 15.5967 29.5090 -10.7209
v 18.4945 31.8147 -11.5463
v 14.4668 29.5090 -14.6877
v 18.4945 31.8147 -11.5463
v 17.3646 31.8147 -15.5131
v -13.0350 24.2958 3.2787
v -9.2926 24.2958 0.1708
v -11.8444 27.6302 -2.9020
v -13.0350 24.2958 3.2787
v -11.8444 27.6302 -2.9020
v -15.5868 27.6302 0.2059
v -9.5572 24.0173 0.9562
v -12.6651 24.0173 -2.7862
v -15.3222 27.9087 -0.5796
v -9.5572 24.0173 0.9562
v -15.3222 27.9087 -0.5796
v -12.2143 27.9087 3.1628
v 22.3658 28.9247 10.7966
v 25.9447 28.9247 8.0108
v 23.9037 32.4067 5.3886
v 22.3658 28.9247 10.7966
v 23.9037 32.4067 5.3886
v 20.3248 32.4067 8.1744
v 25.4774 28.5818 9.1427
v 22.6917 28.5818 5.5638
v 20.7920 32.7496 7.0425
v 25.4774 28.5818 9.1427
v 20.7920 32.7496 7.0425
v 23.5778 32.7496 10.6214
v 2.8863 29.6993 14.3343
v 0.3391 29.6993 9.9754
v -1.6545 32.5939 11.1404
v 2.8863 29.6993 14.3343
v -1.6545 32.5939 11.1404
v 0.8928 32.5939 15.4993
v 2.0139 30.1324 10.1264
v -2.3450 30.1324 12.6736
v -0.7820 32.1607 15.3483
v 2.0139 30.1324 10.1264
v -0.7820 32.1607 15.3483
v 3.5768 32.1607 12.8011
v -6.2446 37.6733 9.0485
v -10.6772 37.6733 10.2254
v -9.8939 40.2239 13.1757
v -6.2446 37.6733 9.0485
v -9.8939 40.2239 13.1757
v -5.4613 40.2239 11.9989
v -10.0757 37.6057 9.2723
v -8.8988 37.6057 13.7049
v -6.0627 40.2915 12.9519
v -10.0757 37.6057 9.2723
v -6.0627 40.2915 12.9519
v -7.2396 40.2915 8.5193
v 9.9446 20.6435 13.1945
v 10.6503 20.6435 17.5914
v 13.9631 22.6771 17.0596
v 9.9446 20.6435 13.1945
v 13.9631 22.6771 17.0596
v 13.2574 22.6771 12.6628
v 9.9870 20.3517 16.9229
v 14.3839 20.3517 16.2172
v 13.9207 22.9689 13.3312
v 9.9870 20.3517 16.9229
v 13.9207 22.9689 13.3312
v 9.5238 22.9689 14.0369
v -2.8856 32.0566 -9.3565
v 1.4051 32.0566 -6.0663
v 3.4075 34.1777 -8.6776
v -2.8856 32.0566 -9.3565
v 3.4075 34.1777 -8.6776
v -0.8832 34.1777 -11.9678
v -0.2171 31.8253 -5.9768
v 3.0731 31.8253 -10.2675
v 0.7390 34.4090 -12.0573
v -0.2171 31.8253 -5.9768
v 0.7390 34.4090 -12.0573
v -2.5512 34.4090 -7.7666
v -5.4299 23.9795 -3.4203
v -0.0466 23.9795 -5.2062
v -1.1295 28.2874 -8.4705
v -5.4299 23.9795 -3.4203
v -1.1295 28.2874 -8.4705
v -6.5128 28.2874 -6.6845
v -0.2741 24.5080 -3.9546
v -2.0600 24.5080 -9.3379
v -6.2853 27.7589 -7.9362
v -0.2741 24.5080 -3.9546
v -6.2853 27.7589 -7.9362
v -4.4994 27.7589 -2.5528
v -1.7155 20.2578 4.0523
v -7.4831 20.2578 3.9701
v -7.5307 24.1252 7.3121
v -1.7155 20.2578 4.0523
v -7.5307 24.1252 7.3121
v -1.7631 24.1252 7.3942
v -6.0704 20.1140 2.7772
v -6.1526 20.1140 8.5448
v -3.1757 24.2690 8.5872
v -6.0704 20.1140 2.7772
v -3.1757 24.2690 8.5872
v -3.0935 24.2690 2.8196
v -6.5740 29.1885 -1.7785
v -10.7638 29.1885 -4.4604
v -12.4382 31.5213 -1.8446
v -6.5740 29.1885 -1.7785
v -12.4382 31.5213 -1.8446
v -8.2484 31.5213 0.8373
v -9.1984 28.8492 -4.5678
v -11.8803 28.8492 -0.3780
v -9.8138 31.8605 0.9447
v -9.1984 28.8492 -4.5678
v -9.8138 31.8605 0.9447
v -7.1320 31.8605 -3.2451
v -0.6097 33.2609 -4.2329
v 0.2359 33.2609 -0.0244
v 3.6066 35.4558 -0.7017
v -0.6097 33.2609 -4.2329
v 3.6066 35.4558 -0.7017
v 2.7610 35.4558 -4.9101
v -0.2526 33.3859 -0.2869
v 3.9558 33.3859 -1.1324
v 3.2495 35.3308 -4.6477
v -0.2526 33.3859 -0.2869
v 3.2495 35.3308 -4.6477
v -0.9589 35.3308 -3.8021
v 4.3581 19.0269 -4.4595
v 8.6055 19.0269 -7.1542
v 6.4386 22.9332 -10.5698
v 4.3581 19.0269 -4.4595
v 6.4386 22.9332 -10.5698
v 2.1912 22.9332 -7.8752
v 8.9381 19.9013 -6.7819
v 6.2435 19.9013 -11.0293
v 1.8586 22.0588 -8.2474
v 8.9381 19.9013 -6.7819
v 1.8586 22.0588 -8.2474
v 4.5532 22.0588 -4.0000
v 5.0947 16.3498 10.0569
v 5.4744 16.3498 13.8191
v 10.8774 20.8284 13.2739
v 5.0947 16.3498 10.0569
v 10.8774 20.8284 13.2739
v 10.4977 20.8284 9.5116
v 6.3261 15.8444 14.0471
v 10.0884 15.8444 13.6675
v 9.6460 21.3338 9.2836
v 6.3261 15.8444 14.0471
v 9.6460 21.3338 9.2836
v 5.8837 21.3338 9.6633
v 6.7243 38.6844 -12.2675
v 10.5269 38.6844 -9.7019
v 12.1374 41.9011 -12.0889
v 6.7243 38.6844 -12.2675
v 12.1374 41.9011 -12.0889
v 8.3348 41.9011 -14.6545
v 9.2432 38.5856 -9.5380
v 11.8088 38.5856 -13.3406
v 9.6185 41.9999 -14.8183
v 9.2432 38.5856 -9.5380
v 9.6185 41.9999 -14.8183
v 7.0529 41.9999 -11.0158
v 7.6729 40.6434 0.7963
v 8.9745 40.6434 5.7121
v 12.3538 44.9944 4.8173
v 7.6729 40.6434 0.7963
v 12.3538 44.9944 4.8173
v 11.0522 44.9944 -0.0984
v 8.1297 41.1591 5.6263
v 13.0454 41.1591 4.3247
v 11.8970 44.4786 -0.0127
v 8.1297 41.1591 5.6263
v 11.8970 44.4786 -0.0127
v 6.9812 44.4786 1.2889
v 3.9487 20.3437 19.6837
v 6.6308 20.3437 24.0534
v 8.5392 23.3490 22.8821
v 3.9487 20.3437 19.6837
v 8.5392 23.3490 22.8821
v 5.8572 23.3490 18.5123
v 4.9201 20.9507 24.0267
v 9.2899 20.9507 21.3447
v 7.5678 22.7421 18.5390
v 4.9201 20.9507 24.0267
v 7.5678 22.7421 18.5390
v 3.1981 22.7421 21.2211
v -0.5347 9.7530 4.1018
v 0.9582 9.7530 -1.3669
v -3.3946 13.5464 -2.5551
v -0.5347 9.7530 4.1018
v -3.3946 13.5464 -2.5551
v -4.8874 13.5464 2.9136
v 1.3130 9.5446 -0.4703
v -4.1557 9.5446 -1.9632
v -5.2422 13.7548 2.0170
v 1.3130 9.5446 -0.4703
v -5.2422 13.7548 2.0170
v 0.2265 13.7548 3.5099
v 6.1582 16.7653 -7.6195
v 9.5923 16.7653 -9.2403
v 7.7563 18.9906 -13.1304
v 6.1582 16.7653 -7.6195
v 7.7563 18.9906 -13.1304
v 4.3222 18.9906 -11.5096
v 8.9493 15.8392 -9.2156
v 7.3285 15.8392 -12.6497
v 4.9652 19.9168 -11.5343
v 8.9493 15.8392 -9.2156
v 4.9652 19.9168 -11.5343
v 6.5860 19.9168 -8.1002
v 20.4553 28.9954 4.6812
v 15.6775 28.9954 5.2833
v 16.1374 32.2532 8.9327
v 20.4553 28.9954 4.6812
v 16.1374 32.2532 8.9327
v 20.9152 32.2532 8.3306
v 15.8913 29.3839 4.6832
v 16.4934 29.3839 9.4610
v 20.7014 31.8647 8.9307
v 15.8913 29.3839 4.6832
v 20.7014 31.8647 8.9307
v 20.0993 31.8647 4.1529
v 11.0884 38.5400 11.3438
v 16.1042 38.5400 9.8393
v 14.8004 40.3731 5.4926
v 11.0884 38.5400 11.3438
v 14.8004 40.3731 5.4926
v 9.7846 40.3731 6.9970
v 15.7935 38.3628 10.2971
v 14.2890 38.3628 5.2814
v 10.0953 40.5503 6.5392
v 15.7935 38.3628 10.2971
v 10.0953 40.5503 6.5392
v 11.5998 40.5503 11.5550
v 4.7516 26.6776 -5.8936
v 9.6621 26.6776 -7.7290
v 8.5609 28.3181 -10.6751
v 4.7516 26.6776 -5.8936
v 8.5609 28.3181 -10.6751
v 3.6504 28.3181 -8.8396
v 8.9320 26.4760 -6.3367
v 7.0965 26.4760 -11.2472
v 4.3805 28.5196 -10.2320
v 8.9320 26.4760 -6.3367
v 4.3805 28.5196 -10.2320
v 6.2160 28.5196 -5.3215
v 2.1037 21.7023 13.7694
v -0.0583 21.7023 17.7865
v 2.4793 26.4197 19.1523
v 2.1037 21.7023 13.7694
v 2.4793 26.4197 19.1523
v 4.6413 26.4197 15.1352
v -0.4513 21.7721 16.7441
v 3.5658 21.7721 18.9061
v 5.0343 26.3500 16.1776
v -0.4513 21.7721 16.7441
v 5.0343 26.3500 16.1776
v 1.0172 26.3500 14.0156
v 5.2561 15.8827 -7.7489
v 6.3288 15.8827 -12.1696
v 3.2749 19.1334 -12.9107
v 5.2561 15.8827 -7.7489
v 3.2749 19.1334 -12.9107
v 2.2022 19.1334 -8.4899
v 6.8397 15.8557 -11.2927
v 2.4189 15.8557 -12.3654
v 1.6913 19.1604 -9.3668
v 6.8397 15.8557 -11.2927
v 1.6913 19.1604 -9.3668
v 6.1120 19.1604 -8.2941
v 2.1691 30.6432 5.6131
v -1.9209 30.6432 3.7036
v -3.3521 35.8898 6.7691
v 2.1691 30.6432 5.6131
v -3.3521 35.8898 6.7691
v 0.7379 35.8898 8.6786
v -1.3215 30.7593 3.3596
v -3.2310 30.7593 7.4495
v 0.1385 35.7738 9.0226
v -1.3215 30.7593 3.3596
v 0.1385 35.7738 9.0226
v 2.0480 35.7738 4.9327
v 21.2514 26.6916 -7.2607
v 17.9481 26.6916 -7.8753
v 17.6602 28.9571 -6.3279
v 21.2514 26.6916 -7.2607
v 17.6602 28.9571 -6.3279
v 20.9634 28.9571 -5.7132
v 18.7427 26.9160 -8.6358
v 18.1280 26.9160 -5.3325
v 20.1688 28.7327 -4.9528
v 18.7427 26.9160 -8.6358
v 20.1688 28.7327 -4.9528
v 20.7835 28.7327 -8.2560
v 7.4523 34.0898 17.3711
v 9.9070 34.0898 20.8664
v 11.4564 37.2040 19.7784
v 7.4523 34.0898 17.3711
v 11.4564 37.2040 19.7784
v 9.0017 37.2040 16.2830
v 8.6652 34.9127 21.1669
v 12.1605 34.9127 18.7123
v 10.2435 36.3812 15.9825
v 8.6652 34.9127 21.1669
v 10.2435 36.3812 15.9825
v 6.7482 36.3812 18.4371
v 7.6140 20.0756 2.8990
v 3.7757 20.0756 4.6474
v 5.1953 22.8957 7.7639
v 7.6140 20.0756 2.8990
v 5.1953 22.8957 7.7639
v 9.0336 22.8957 6.0155
v 4.0538 19.9732 4.0849
v 5.8023 19.9732 7.9232
v 8.7555 22.9980 6.5780
v 4.0538 19.9732 4.0849
v 8.7555 22.9980 6.5780
v 7.0070 22.9980 2.7396
v 17.9334 27.1800 -2.6512
v 15.5445 27.1800 -5.9185
v 13.1446 28.8925 -4.1638
v 17.9334 27.1800 -2.6512
v 13.1446 28.8925 -4.1638
v 15.5336 28.8925 -0.8965
v 16.3050 27.1520 -5.7886
v 13.0378 27.1520 -3.3996
v 14.7730 28.9205 -1.0264
v 16.3050 27.1520 -5.7886
v 14.7730 28.9205 -1.0264
v 18.0403 28.9205 -3.4154
v 9.4122 37.8369 14.6587
v 10.3274 37.8369 18.6485
v 13.5970 39.1705 17.8985
v 9.4122 37.8369 14.6587
v 13.5970 39.1705 17.8985
v 12.6819 39.1705 13.9088
v 9.8680 37.6725 18.2978
v 13.8577 37.6725 17.3827
v 13.1413 39.3349 14.2594
v 9.8680 37.6725 18.2978
v 13.1413 39.3349 14.2594
v 9.1516 39.3349 15.1746
v 0.6959 15.2010 6.5473
v -3.2423 15.2010 5.3581
v -3.9067 17.9794 7.5584
v 0.6959 15.2010 6.5473
v -3.9067 17.9794 7.5584
v 0.0315 17.9794 8.7476
v -2.4865 15.6550 4.6382
v -3.6756 15.6550 8.5764
v -0.7244 17.5254 9.4675
v -2.4865 15.6550 4.6382
v -0.7244 17.5254 9.4675
v 0.4648 17.5254 5.5293
v 5.1741 15.4765 21.8625
v 9.6171 15.4765 20.6555
v 8.7665 18.2875 17.5245
v 5.1741 15.4765 21.8625
v 8.7665 18.2875 17.5245
v 4.3236 18.2875 18.7315
v 8.7615 15.1234 21.5924
v 7.5545 15.1234 17.1494
v 5.1792 18.6405 17.7947
v 8.7615 15.1234 21.5924
v 5.1792 18.6405 17.7947
v 6.3862 18.6405 22.2376
v -5.5440 18.5086 -1.5795
v -9.5729 18.5086 1.5090
v -6.8592 21.6954 5.0490
v -5.5440 18.5086 -1.5795
v -6.8592 21.6954 5.0490
v -2.8303 21.6954 1.9605
v -9.6165 18.7029 1.1543
v -6.5280 18.7029 5.1832
v -2.7867 21.5011 2.3152
v -9.6165 18.7029 1.1543
v -2.7867 21.5011 2.3152
v -5.8752 21.5011 -1.7137
v 12.5166 31.5754 -12.1834
v 7.9558 31.5754 -12.5875
v 7.5995 34.0171 -8.5672
v 12.5166 31.5754 -12.1834
v 7.5995 34.0171 -8.5672
v 12.1604 34.0171 -8.1631
v 8.9278 30.8537 -12.7738
v 8.5237 30.8537 -8.2130
v 11.1884 34.7389 -7.9769
v 8.9278 30.8537 -12.7738
v 11.1884 34.7389 -7.9769
v 11.5925 34.7389 -12.5377
v 20.1956 25.1824 1.2951
v 23.8438 25.1824 2.3945
v 24.3781 26.6787 0.6214
v 20.1956 25.1824 1.2951
v 24.3781 26.6787 0.6214
v 20.7299 26.6787 -0.4780
v 22.3766 24.9451 2.9750
v 23.4760 24.9451 -0.6732
v 22.1971 26.9160 -1.0586
v 22.3766 24.9451 2.9750
v 22.1971 26.9160 -1.0586
v 21.0977 26.9160 2.5896
v 14.5590 34.6928 -5.0549
v 9.0913 34.6928 -4.3478
v 9.4421 39.0037 -1.6351
v 14.5590 34.6928 -5.0549
v 9.4421 39.0037 -1.6351
v 14.9098 39.0037 -2.3423
v 10.0223 34.8905 -5.8687
v 10.7295 34.8905 -0.4011
v 13.9788 38.8059 -0.8213
v 10.0223 34.8905 -5.8687
v 13.9788 38.8059 -0.8213
v 13.2717 38.8059 -6.2890
v 26.0934 30.9804 7.3688
v 27.5994 30.9804 3.5679
v 24.3734 34.3644 2.2897
v 26.0934 30.9804 7.3688
v 24.3734 34.3644 2.2897
v 22.8674 34.3644 6.0906
v 27.6196 30.6391 4.3562
v 23.8187 30.6391 2.8503
v 22.8472 34.7057 5.3023
v 27.6196 30.6391 4.3562
v 22.8472 34.7057 5.3023
v 26.6481 34.7057 6.8082
v -0.9184 22.9824 6.1593
v 2.1200 22.9824 10.6227
v 5.2672 27.0110 8.4803
v -0.9184 22.9824 6.1593
v 5.2672 27.0110 8.4803
v 2.2288 27.0110 4.0169
v 0.9856 22.9360 10.3709
v 5.4489 22.9360 7.3326
v 3.3632 27.0574 4.2686
v 0.9856 22.9360 10.3709
v 3.3632 27.0574 4.2686
v -1.1001 27.0574 7.3070
v 2.8143 35.7276 14.6031
v 1.6134 35.7276 19.2651
v 3.8700 38.2293 19.8463
v 2.8143 35.7276 14.6031
v 3.8700 38.2293 19.8463
v 5.0709 38.2293 15.1843
v 0.7888 35.5198 17.4874
v 5.4508 35.5198 18.6882
v 5.8955 38.4371 16.9620
v 0.7888 35.5198 17.4874
v 5.8955 38.4371 16.9620
v 1.2335 38.4371 15.7611
v -0.0905 15.3533 12.9346
v -3.9257 15.3533 12.4249
v -4.2143 17.3542 14.5967
v -0.0905 15.3533 12.9346
v -4.2143 17.3542 14.5967
v -0.3792 17.3542 15.1064
v -3.2742 15.8318 11.6651
v -3.7839 15.8318 15.5002
v -1.0307 16.8757 15.8661
v -3.2742 15.8318 11.6651
v -1.0307 16.8757 15.8661
v -0.5210 16.8757 12.0310
v 11.2190 15.5256 -6.1627
v 14.6496 15.5256 -5.4828
v 15.1846 18.4594 -8.1822
v 11.2190 15.5256 -6.1627
v 15.1846 18.4594 -8.1822
v 11.7539 18.4594 -8.8621
v 14.6904 16.2376 -5.0947
v 15.3703 16.2376 -8.5254
v 11.7131 17.7474 -9.2501
v 14.6904 16.2376 -5.0947
v 11.7131 17.7474 -9.2501
v 11.0332 17.7474 -5.8195
v -7.7025 39.3746 0.3412
v -10.9254 39.3746 3.0127
v -8.3797 44.2392 6.0837
v -7.7025 39.3746 0.3412
v -8.3797 44.2392 6.0837
v -5.1569 44.2392 3.4122
v -10.9953 39.4671 2.9426
v -8.3238 39.4671 6.1655
v -5.0869 44.1467 3.4823
v -10.9953 39.4671 2.9426
v -5.0869 44.1467 3.4823
v -7.7584 44.1467 0.2595
v -8.9041 22.2145 10.2218
v -9.1359 22.2145 14.6864
v -6.5472 25.2334 14.8208
v -8.9041 22.2145 10.2218
v -6.5472 25.2334 14.8208
v -6.3154 25.2334 10.3562
v -10.0269 22.2453 13.7347
v -5.5624 22.2453 13.9665
v -5.4244 25.2026 11.3079
v -10.0269 22.2453 13.7347
v -5.4244 25.2026 11.3079
v -9.8889 25.2026 11.0761
v 11.9292 31.1840 -3.4527
v 16.5189 31.1840 -2.6592
v 17.1149 33.5254 -6.1062
v 11.9292 31.1840 -3.4527
v 17.1149 33.5254 -6.1062
v 12.5252 33.5254 -6.8997
v 15.9080 31.2793 -2.1764
v 16.7016 31.2793 -6.7661
v 13.1361 33.4302 -7.3825
v 15.9080 31.2793 -2.1764
v 13.1361 33.4302 -7.3825
v 12.3425 33.4302 -2.7929
v 8.0273 17.3024 -16.0409
v 3.7389 17.3024 -15.4231
v 4.4529 19.8311 -10.4670
v 8.0273 17.3024 -16.0409
v 4.4529 19.8311 -10.4670
v 8.7413 19.8311 -11.0847
v 4.4188 16.2148 -15.1802
v 5.0366 16.2148 -10.8919
v 8.0614 20.9188 -11.3276
v 4.4188 16.2148 -15.1802
v 8.0614 20.9188 -11.3276
v 7.4436 20.9188 -15.6160
v 14.3440 34.4106 9.9792
v 14.3677 34.4106 6.2998
v 12.3092 37.5739 6.2866
v 14.3440 34.4106 9.9792
v 12.3092 37.5739 6.2866
v 12.2855 37.5739 9.9659
v 15.1752 34.7126 6.7579
v 11.4958 34.7126 6.7342
v 11.4780 37.2719 9.5079
v 15.1752 34.7126 6.7579
v 11.4780 37.2719 9.5079
v 15.1573 37.2719 9.5316
v 6.8119 23.8507 -5.3451
v 3.5455 23.8507 -0.3518
v 6.7484 27.4981 1.7435
v 6.8119 23.8507 -5.3451
v 6.7484 27.4981 1.7435
v 10.0148 27.4981 -3.2498
v 3.4591 23.5018 -2.1737
v 8.4524 23.5018 1.0927
v 10.1012 27.8470 -1.4279
v 3.4591 23.5018 -2.1737
v 10.1012 27.8470 -1.4279
v 5.1079 27.8470 -4.6943
v -10.6029 22.5811 -3.6318
v -10.2645 22.5811 -7.3620
v -12.5707 25.3585 -7.5713
v -10.6029 22.5811 -3.6318
v -12.5707 25.3585 -7.5713
v -12.9091 25.3585 -3.8411
v -9.6007 22.7554 -6.7664
v -13.3309 22.7554 -7.1048
v -13.5729 25.1842 -4.4367
v -9.6007 22.7554 -6.7664
v -13.5729 25.1842 -4.4367
v -9.8427 25.1842 -4.0983
v -8.0423 26.0755 -0.9177
v -4.6464 26.0755 3.2801
v -1.3353 28.1403 0.6016
v -8.0423 26.0755 -0.9177
v -1.3353 28.1403 0.6016
v -4.7312 28.1403 -3.5962
v -5.7444 25.4202 2.8296
v -1.5466 25.4202 -0.5662
v -3.6332 28.7956 -3.1457
v -5.7444 25.4202 2.8296
v -3.6332 28.7956 -3.1457
v -7.8310 28.7956 0.2502
v 12.8520 32.6942 -10.5286
v 16.8344 32.6942 -7.1436
v 18.9613 36.4803 -9.6459
v 12.8520 32.6942 -10.5286
v 18.9613 36.4803 -9.6459
v 14.9789 36.4803 -13.0309
v 15.7667 33.1284 -6.7764
v 19.1517 33.1284 -10.7588
v 16.0466 36.0461 -13.3981
v 15.7667 33.1284 -6.7764
v 16.0466 36.0461 -13.3981
v 12.6616 36.0461 -9.4157
v -10.8584 33.5843 2.5415
v -9.9708 33.5843 -1.6221
v -12.9967 36.0734 -2.2671
v -10.8584 33.5843 2.5415
v -12.9967 36.0734 -2.2671
v -13.8843 36.0734 1.8965
v -9.4615 34.0898 -1.2213
v -13.6251 34.0898 -2.1089
v -14.3936 35.5679 1.4957
v -9.4615 34.0898 -1.2213
v -14.3936 35.5679 1.4957
v -10.2300 35.5679 2.3833
v 15.1306 12.9010 -5.2320
v 11.3666 12.9010 -3.2659
v 12.4720 14.9479 -1.1498
v 15.1306 12.9010 -5.2320
v 12.4720 14.9479 -1.1498
v 16.2360 14.9479 -3.1159
v 11.5482 13.2768 -4.4095
v 13.5143 13.2768 -0.6455
v 16.0544 14.5720 -1.9723
v 11.5482 13.2768 -4.4095
v 16.0544 14.5720 -1.9723
v 14.0883 14.5720 -5.7363
v 3.0115 38.5762 -4.2466
v -0.9175 38.5762 -1.4872
v 0.6302 41.8552 0.7165
v 3.0115 38.5762 -4.2466
v 0.6302 41.8552 0.7165
v 4.5592 41.8552 -2.0429
v -1.0524 39.1341 -2.6806
v 1.7070 39.1341 1.2484
v 4.6941 41.2973 -0.8495
v -1.0524 39.1341 -2.6806
v 4.6941 41.2973 -0.8495
v 1.9347 41.2973 -4.7785
v -0.0340 18.6971 -11.2627
v -4.0301 18.6971 -8.6126
v -1.6152 21.5365 -4.9710
v -0.0340 18.6971 -11.2627
v -1.6152 21.5365 -4.9710
v 2.3810 21.5365 -7.6211
v -4.1480 19.0974 -8.7897
v -1.4979 19.0974 -4.7935
v 2.4988 21.1361 -7.4440
v -4.1480 19.0974 -8.7897
v 2.4988 21.1361 -7.4440
v -0.1512 21.1361 -11.4402
v 15.2243 18.7067 -5.0331
v 11.4297 18.7067 -8.9206
v 9.1494 22.1767 -6.6948
v 15.2243 18.7067 -5.0331
v 9.1494 22.1767 -6.6948
v 12.9441 22.1767 -2.8073
v 12.9159 18.8527 -9.0056
v 9.0285 18.8527 -5.2110
v 11.4578 22.0306 -2.7223
v 12.9159 18.8527 -9.0056
v 11.4578 22.0306 -2.7223
v 15.3452 22.0306 -6.5169
v 3.1678 20.9034 18.6019
v -0.8256 20.9034 14.9266
v -3.2210 23.9776 17.5293
v 3.1678 20.9034 18.6019
v -3.2210 23.9776 17.5293
v 0.7724 23.9776 21.2047
v 0.5716 20.8117 14.9281
v -3.1038 20.8117 18.9215
v -0.6248 24.0694 21.2031
v 0.5716 20.8117 14.9281
v -0.6248 24.0694 21.2031
v 3.0506 24.0694 17.2097
v 4.2749 34.8967 -6.2449
v 7.4213 34.8967 -1.3274
v 9.4512 38.1636 -2.6262
v 4.2749 34.8967 -6.2449
v 9.4512 38.1636 -2.6262
v 6.3048 38.1636 -7.5438
v 5.3588 35.5386 -1.3704
v 10.2764 35.5386 -4.5168
v 8.3673 37.5216 -7.5007
v 5.3588 35.5386 -1.3704
v 8.3673 37.5216 -7.5007
v 3.4497 37.5216 -4.3543
v 7.5425 40.2001 0.6914
v 12.0238 40.2001 0.9074
v 12.2217 43.1847 -3.1982
v 7.5425 40.2001 0.6914
v 12.2217 43.1847 -3.1982
v 7.7404 43.1847 -3.4142
v 11.6383 39.9698 1.0771
v 11.8544 39.9698 -3.4042
v 8.1259 43.4150 -3.5839
v 11.6383 39.9698 1.0771
v 8.1259 43.4150 -3.5839
v 7.9099 43.4150 0.8974
v 20.1718 27.2574 0.9715
v 23.7863 27.2574 0.9443
v 23.7683 29.8023 -1.4355
v 20.1718 27.2574 0.9715
v 23.7683 29.8023 -1.4355
v 20.1539 29.8023 -1.4082
v 23.3291 27.4231 1.5651
v 23.3018 27.4231 -2.0493
v 20.6111 29.6366 -2.0291
v 23.3291 27.4231 1.5651
v 20.6111 29.6366 -2.0291
v 20.6384 29.6366 1.5854
v 18.2629 25.8033 -2.9080
v 19.2384 25.8033 -6.8102
v 17.7242 28.4482 -7.1887
v 18.2629 25.8033 -2.9080
v 17.7242 28.4482 -7.1887
v 16.7487 28.4482 -3.2865
v 20.2310 26.1441 -5.7061
v 16.3288 26.1441 -6.6817
v 15.7561 28.1074 -4.3906
v 20.2310 26.1441 -5.7061
v 15.7561 28.1074 -4.3906
v 19.6583 28.1074 -3.4151
v 23.7439 27.0637 6.2571
v 26.2725 27.0637 2.3392
v 23.3197 29.9477 0.4334
v 23.7439 27.0637 6.2571
v 23.3197 29.9477 0.4334
v 20.7910 29.9477 4.3513
v 26.2826 26.7635 3.3827
v 22.3646 26.7635 0.8540
v 20.7809 30.2478 3.3078
v 26.2826 26.7635 3.3827
v 20.7809 30.2478 3.3078
v 24.6989 30.2478 5.8365
v -5.2570 40.8651 1.4390
v -3.5147 40.8651 5.7389
v -0.8464 45.3944 4.6578
v -5.2570 40.8651 1.4390
v -0.8464 45.3944 4.6578
v -2.5888 45.3944 0.3578
v -4.2558 42.2045 6.2540
v 0.0442 42.2045 4.5117
v -1.8476 44.0551 -0.1573
v -4.2558 42.2045 6.2540
v -1.8476 44.0551 -0.1573
v -6.1476 44.0551 1.5851
v 5.3418 30.2317 2.5985
v 2.4471 30.2317 6.5455
v 6.9158 32.3603 9.8229
v 5.3418 30.2317 2.5985
v 6.9158 32.3603 9.8229
v 9.8106 32.3603 5.8760
v 3.0232 29.0275 6.3070
v 6.9702 29.0275 9.2017
v 9.2344 33.5645 6.1145
v 3.0232 29.0275 6.3070
v 9.2344 33.5645 6.1145
v 5.2874 33.5645 3.2197
v 14.1394 27.8787 -13.9953
v 12.6212 27.8787 -9.8626
v 15.4564 30.4626 -8.8211
v 14.1394 27.8787 -13.9953
v 15.4564 30.4626 -8.8211
v 16.9746 30.4626 -12.9538
v 12.2266 27.8269 -10.7928
v 16.3593 27.8269 -9.2746
v 17.3692 30.5144 -12.0236
v 12.2266 27.8269 -10.7928
v 17.3692 30.5144 -12.0236
v 13.2365 30.5144 -13.5418
v 6.0258 29.1483 -10.4523
v 8.3491 29.1483 -13.8735
v 6.0845 31.3688 -15.4114
v 6.0258 29.1483 -10.4523
v 6.0845 31.3688 -15.4114
v 3.7612 31.3688 -11.9902
v 8.6294 29.3968 -13.0420
v 5.2083 29.3968 -15.3653
v 3.4809 31.1202 -12.8217
v 8.6294 29.3968 -13.0420
v 3.4809 31.1202 -12.8217
v 6.9020 31.1202 -10.4984
v -6.4394 32.8357 -1.2600
v -7.7970 32.8357 -5.7538
v -9.6294 34.9188 -5.2002
v -6.4394 32.8357 -1.2600
v -9.6294 34.9188 -5.2002
v -8.2718 34.9188 -0.7064
v -6.0678 32.8471 -4.8368
v -10.5616 32.8471 -3.4791
v -10.0010 34.9075 -1.6234
v -6.0678 32.8471 -4.8368
v -10.0010 34.9075 -1.6234
v -5.5072 34.9075 -2.9811
v -13.1207 27.8295 -5.9541
v -16.2000 27.8295 -2.5098
v -13.2440 29.9820 0.1330
v -13.1207 27.8295 -5.9541
v -13.2440 29.9820 0.1330
v -10.1647 29.9820 -3.3112
v -15.6637 26.9586 -3.6009
v -12.2195 26.9586 -0.5216
v -10.7010 30.8529 -2.2201
v -15.6637 26.9586 -3.6009
v -10.7010 30.8529 -2.2201
v -14.1452 30.8529 -5.2994
v -4.8322 32.8787 4.7577
v -3.8417 32.8787 1.0558
v -6.1484 35.9985 0.4386
v -4.8322 32.8787 4.7577
v -6.1484 35.9985 0.4386
v -7.1389 35.9985 4.1405
v -3.1801 33.6011 1.3769
v -6.8820 33.6011 0.3864
v -7.8005 35.2761 3.8194
v -3.1801 33.6011 1.3769
v -7.8005 35.2761 3.8194
v -4.0986 35.2761 4.8099
v 25.5142 30.2063 9.2779
v 20.4079 30.2063 9.7879
v 20.7599 33.0599 13.3123
v 25.5142 30.2063 9.2779
v 20.7599 33.0599 13.3123
v 25.8662 33.0599 12.8023
v 21.1947 30.1177 8.9104
v 21.7047 30.1177 14.0168
v 25.0795 33.1484 13.6797
v 21.1947 30.1177 8.9104
v 25.0795 33.1484 13.6797
v 24.5695 33.1484 8.5734
v 13.7335 38.4451 20.1874
v 13.5641 38.4451 16.5371
v 9.6394 41.1227 16.7192
v 13.7335 38.4451 20.1874
v 9.6394 41.1227 16.7192
v 9.8088 41.1227 20.3696
v 13.4304 38.1766 16.6189
v 9.7801 38.1766 16.7883
v 9.9425 41.3912 20.2878
v 13.4304 38.1766 16.6189
v 9.9425 41.3912 20.2878
v 13.5928 41.3912 20.1183
v -3.6153 13.4283 -10.2031
v 0.2471 13.4283 -7.9905
v 1.9011 17.1145 -10.8778
v -3.6153 13.4283 -10.2031
v 1.9011 17.1145 -10.8778
v -1.9613 17.1145 -13.0904
v -0.1346 13.9588 -7.5616
v 2.0780 13.9588 -11.4240
v -1.5796 16.5839 -13.5193
v -0.1346 13.9588 -7.5616
v -1.5796 16.5839 -13.5193
v -3.7923 16.5839 -9.6569
v -7.4784 42.4752 15.3192
v -4.5121 42.4752 12.7322
v -6.9292 44.3323 9.9606
v -7.4784 42.4752 15.3192
v -6.9292 44.3323 9.9606
v -9.8956 44.3323 12.5476
v -4.6905 42.1296 13.0592
v -7.2775 42.1296 10.0929
v -9.7172 44.6779 12.2206
v -4.6905 42.1296 13.0592
v -9.7172 44.6779 12.2206
v -7.1302 44.6779 15.1869
v -5.7574 23.9338 6.5582
v -7.7184 23.9338 10.6479
v -4.9136 26.5431 11.9928
v -5.7574 23.9338 6.5582
v -4.9136 26.5431 11.9928
v -2.9526 26.5431 7.9032
v -8.0251 23.8612 9.6398
v -3.9355 23.8612 11.6008
v -2.6459 26.6157 8.9113
v -8.0251 23.8612 9.6398
v -2.6459 26.6157 8.9113
v -6.7355 26.6157 6.9503
v 10.4115 32.6771 16.3158
v 9.2594 32.6771 11.1405
v 5.4113 35.9260 11.9972
v 10.4115 32.6771 16.3158
v 5.4113 35.9260 11.9972
v 6.5634 35.9260 17.1725
v 10.1668 32.2554 12.0880
v 4.9915 32.2554 13.2401
v 5.6560 36.3476 16.2250
v 10.1668 32.2554 12.0880
v 5.6560 36.3476 16.2250
v 10.8313 36.3476 15.0729
v -0.6020 14.6563 4.3927
v -0.8004 14.6563 0.4441
v -5.5016 19.0019 0.6802
v -0.6020 14.6563 4.3927
v -5.5016 19.0019 0.6802
v -5.3033 19.0019 4.6288
v -1.1841 14.4319 0.3154
v -5.1327 14.4319 0.5137
v -4.9195 19.2263 4.7575
v -1.1841 14.4319 0.3154
v -4.9195 19.2263 4.7575
v -0.9709 19.2263 4.5592
v 8.8068 32.4888 6.7175
v 12.7623 32.4888 6.2935
v 12.2977 35.5860 1.9596
v 8.8068 32.4888 6.7175
v 12.2977 35.5860 1.9596
v 8.3422 35.5860 2.3837
v 12.1921 31.7823 6.1633
v 11.7681 31.7823 2.2077
v 8.9124 36.2925 2.5139
v 12.1921 31.7823 6.1633
v 8.9124 36.2925 2.5139
v 9.3364 36.2925 6.4694
v 9.8558 16.9109 -0.8550
v 7.7718 16.9109 -5.6474
v 4.8567 19.1483 -4.3797
v 9.8558 16.9109 -0.8550
v 4.8567 19.1483 -4.3797
v 6.9407 19.1483 0.4127
v 9.1151 16.9234 -5.1249
v 4.3228 16.9234 -3.0409
v 5.5974 19.1358 -0.1098
v 9.1151 16.9234 -5.1249
v 5.5974 19.1358 -0.1098
v 10.3898 19.1358 -2.1938
v -5.2771 36.6907 16.7400
v -6.0286 36.6907 12.5209
v -9.6574 39.4864 13.1673
v -5.2771 36.6907 16.7400
v -9.6574 39.4864 13.1673
v -8.9059 39.4864 17.3863
v -5.6197 36.3224 13.1073
v -9.8387 36.3224 13.8588
v -9.3148 39.8547 16.8000
v -5.6197 36.3224 13.1073
v -9.3148 39.8547 16.8000
v -5.0958 39.8547 16.0484
v 13.2657 37.4295 -11.7301
v 8.7786 37.4295 -10.3816
v 9.7812 39.1652 -7.0453
v 13.2657 37.4295 -11.7301
v 9.7812 39.1652 -7.0453
v 14.2684 39.1652 -8.3938
v 9.5089 36.9451 -11.2285
v 10.8574 36.9451 -6.7414
v 13.5381 39.6495 -7.5470
v 9.5089 36.9451 -11.2285
v 13.5381 39.6495 -7.5470
v 12.1896 39.6495 -12.0341
v 9.9464 40.4254 15.1683
v 13.4992 40.4254 17.5821
v 14.7854 43.2174 15.6889
v 9.9464 40.4254 15.1683
v 14.7854 43.2174 15.6889
v 11.2326 43.2174 13.2751
v 12.3397 40.7165 18.0072
v 14.7535 40.7165 14.4544
v 12.3921 42.9263 12.8501
v 12.3397 40.7165 18.0072
v 12.3921 42.9263 12.8501
v 9.9783 42.9263 16.4029
v 12.6255 37.6921 8.9720
v 8.0449 37.6921 10.5092
v 9.2192 40.1220 14.0083
v 12.6255 37.6921 8.9720
v 9.2192 40.1220 14.0083
v 13.7998 40.1220 12.4711
v 8.9648 37.0880 9.5989
v 10.5020 37.0880 14.1795
v 12.8799 40.7262 13.3815
v 8.9648 37.0880 9.5989
v 12.8799 40.7262 13.3815
v 11.3427 40.7262 8.8009
v -4.0372 18.4705 -2.0014
v -1.9620 18.4705 1.4742
v 2.1681 21.6865 -0.9918
v -4.0372 18.4705 -2.0014
v 2.1681 21.6865 -0.9918
v 0.0929 21.6865 -4.4674
v -1.5053 18.2931 1.4956
v 1.9704 18.2931 -0.5796
v -0.3638 21.8639 -4.4889
v -1.5053 18.2931 1.4956
v -0.3638 21.8639 -4.4889
v -3.8394 21.8639 -2.4136
v -6.7809 22.2887 -0.3002
v -5.5129 22.2887 -5.5675
v -8.4984 23.9137 -6.2862
v -6.7809 22.2887 -0.3002
v -8.4984 23.9137 -6.2862
v -9.7664 23.9137 -1.0189
v -4.6586 22.1986 -4.1023
v -9.9260 22.1986 -5.3702
v -10.6207 24.0037 -2.4841
v -4.6586 22.1986 -4.1023
v -10.6207 24.0037 -2.4841
v -5.3534 24.0037 -1.2162
v 6.1882 11.3713 -6.7185
v 1.2498 11.3713 -9.2970
v -0.2907 13.6226 -6.3466
v 6.1882 11.3713 -6.7185
v -0.2907 13.6226 -6.3466
v 4.6478 13.6226 -3.7682
v 2.7257 11.4359 -9.7914
v 0.1472 11.4359 -4.8529
v 3.1719 13.5579 -3.2737
v 2.7257 11.4359 -9.7914
v 3.1719 13.5579 -3.2737
v 5.7504 13.5579 -8.2122
v 4.7290 41.5813 3.1782
v 1.2849 41.5813 -0.4724
v -0.8092 44.8134 1.5033
v 4.7290 41.5813 3.1782
v -0.8092 44.8134 1.5033
v 2.6349 44.8134 5.1538
v 2.4924 42.1318 -0.7515
v -1.1581 42.1318 2.6926
v 1.4273 44.2629 5.4330
v 2.4924 42.1318 -0.7515
v 1.4273 44.2629 5.4330
v 5.0778 44.2629 1.9889
v -10.7208 33.0709 6.7628
v -7.9465 33.0709 3.9304
v -10.9310 34.6437 1.0072
v -10.7208 33.0709 6.7628
v -10.9310 34.6437 1.0072
v -13.7052 34.6437 3.8397
v -8.1994 32.4465 4.0366
v -11.0319 32.4465 1.2623
v -13.4523 35.2680 3.7335
v -8.1994 32.4465 4.0366
v -13.4523 35.2680 3.7335
v -10.6198 35.2680 6.5077
v -7.6495 25.5039 13.0145
v -7.0540 25.5039 9.1100
v -9.9344 27.0502 8.6707
v -7.6495 25.5039 13.0145
v -9.9344 27.0502 8.6707
v -10.5299 27.0502 12.5752
v -6.6215 25.4861 9.7096
v -10.5260 25.4861 9.1141
v -10.9624 27.0680 11.9755
v -6.6215 25.4861 9.7096
v -10.9624 27.0680 11.9755
v -7.0579 27.0680 12.5711
v 4.6434 17.1214 15.0441
v 6.2402 17.1214 10.8959
v 3.7919 21.0986 9.9534
v 4.6434 17.1214 15.0441
v 3.7919 21.0986 9.9534
v 2.1951 21.0986 14.1017
v 6.8118 17.2180 11.9463
v 2.6635 17.2180 10.3495
v 1.6235 21.0020 13.0512
v 6.8118 17.2180 11.9463
v 1.6235 21.0020 13.0512
v 5.7718 21.0020 14.6481
v 29.6067 32.0377 7.2868
v 28.4636 32.0377 4.1577
v 23.7611 34.8916 5.8756
v 29.6067 32.0377 7.2868
v 23.7611 34.8916 5.8756
v 24.9042 34.8916 9.0047
v 27.3666 32.1613 3.5959
v 24.2376 32.1613 4.7390
v 26.0012 34.7679 9.5665
v 27.3666 32.1613 3.5959
v 26.0012 34.7679 9.5665
v 29.1302 34.7679 8.4234
v 1.5200 31.5219 0.1288
v 0.0674 31.5219 -4.6920
v -3.0473 33.5881 -3.7535
v 1.5200 31.5219 0.1288
v -3.0473 33.5881 -3.7535
v -1.5947 33.5881 1.0674
v 1.1717 31.5544 -4.1153
v -3.6492 31.5544 -2.6627
v -2.6990 33.5555 0.4907
v 1.1717 31.5544 -4.1153
v -2.6990 33.5555 0.4907
v 2.1219 33.5555 -0.9619
v 15.9804 34.9936 12.7551
v 16.9955 34.9936 9.1600
v 13.1773 37.1488 8.0818
v 15.9804 34.9936 12.7551
v 13.1773 37.1488 8.0818
v 12.1622 37.1488 11.6769
v 16.8955 34.8680 9.0877
v 13.3004 34.8680 8.0726
v 12.2622 37.2743 11.7492
v 16.8955 34.8680 9.0877
v 12.2622 37.2743 11.7492
v 15.8573 37.2743 12.7643
v 8.6286 15.5829 6.7143
v 3.7637 15.5829 6.4695
v 3.5841 18.4733 10.0382
v 8.6286 15.5829 6.7143
v 3.5841 18.4733 10.0382
v 8.4491 18.4733 10.2830
v 4.1252 16.1091 5.8379
v 3.8804 16.1091 10.7029
v 8.0875 17.9471 10.9146
v 4.1252 16.1091 5.8379
v 8.0875 17.9471 10.9146
v 8.3323 17.9471 6.0496
v 11.9702 28.6039 2.3854
v 9.2152 28.6039 -2.6620
v 6.4595 30.4326 -1.1579
v 11.9702 28.6039 2.3854
v 6.4595 30.4326 -1.1579
v 9.2145 30.4326 3.8895
v 11.2835 27.9697 -1.5975
v 6.2361 27.9697 1.1575
v 7.1462 31.0667 2.8249
v 11.2835 27.9697 -1.5975
v 7.1462 31.0667 2.8249
v 12.1936 31.0667 0.0699
v -1.9369 40.5333 13.6717
v -6.7426 40.5333 12.8271
v -7.2773 42.1853 15.8695
v -1.9369 40.5333 13.6717
v -7.2773 42.1853 15.8695
v -2.4715 42.1853 16.7141
v -5.6089 40.3709 12.1175
v -6.4534 40.3709 16.9232
v -3.6052 42.3478 17.4237
v -5.6089 40.3709 12.1175
v -3.6052 42.3478 17.4237
v -2.7607 42.3478 12.6180
v -8.2624 28.8377 3.8626
v -11.6066 28.8377 7.0188
v -9.5212 30.3026 9.2284
v -8.2624 28.8377 3.8626
v -9.5212 30.3026 9.2284
v -6.1771 30.3026 6.0723
v -11.6151 28.9664 5.9543
v -8.4590 28.9664 9.2984
v -6.1685 30.1739 7.1368
v -11.6151 28.9664 5.9543
v -6.1685 30.1739 7.1368
v -9.3247 30.1739 3.7926
v 8.7112 36.1851 23.1855
v 10.0945 36.1851 19.2107
v 6.9696 37.6373 18.1232
v 8.7112 36.1851 23.1855
v 6.9696 37.6373 18.1232
v 5.5863 37.6373 22.0980
v 10.2094 35.5268 20.2496
v 6.2346 35.5268 18.8663
v 5.4715 38.2956 21.0591
v 10.2094 35.5268 20.2496
v 5.4715 38.2956 21.0591
v 9.4462 38.2956 22.4424
v 18.3220 32.7413 -3.2595
v 14.9299 32.7413 -3.0508
v 15.1557 34.1942 0.6190
v 18.3220 32.7413 -3.2595
v 15.1557 34.1942 0.6190
v 18.5479 34.1942 0.4102
v 14.9279 32.4759 -2.9113
v 15.1367 32.4759 0.4808
v 18.5498 34.4596 0.2708
v 14.9279 32.4759 -2.9113
v 18.5498 34.4596 0.2708
v 18.3411 34.4596 -3.1214
v 0.4158 13.0736 -3.4200
v -2.8580 13.0736 -8.3000
v -5.3747 16.8948 -6.6116
v 0.4158 13.0736 -3.4200
v -5.3747 16.8948 -6.6116
v -2.1009 16.8948 -1.7316
v -0.9805 13.2255 -8.0555
v -5.8606 13.2255 -4.7817
v -3.9784 16.7429 -1.9761
v -0.9805 13.2255 -8.0555
v -3.9784 16.7429 -1.9761
v 0.9017 16.7429 -5.2499
v -6.2069 35.8134 8.1062
v -2.0706 35.8134 11.2212
v 0.2482 37.8729 8.1421
v -6.2069 35.8134 8.1062
v 0.2482 37.8729 8.1421
v -3.8881 37.8729 5.0271
v -2.9414 35.9566 11.3938
v 0.1735 35.9566 7.2575
v -3.0173 37.7297 4.8545
v -2.9414 35.9566 11.3938
v -3.0173 37.7297 4.8545
v -6.1323 37.7297 8.9908
v 21.0577 26.5437 -0.9809
v 24.2324 26.5437 -2.6908
v 22.7089 27.8624 -5.5193
v 21.0577 26.5437 -0.9809
v 22.7089 27.8624 -5.5193
v 19.5343 27.8624 -3.8094
v 24.0787 26.3680 -2.3847
v 22.3688 26.3680 -5.5594
v 19.6880 28.0380 -4.1155
v 24.0787 26.3680 -2.3847
v 19.6880 28.0380 -4.1155
v 21.3979 28.0380 -0.9408
v 10.7210 12.6089 3.4344
v 14.4018 12.6089 1.0198
v 11.8433 15.3370 -2.8804
v 10.7210 12.6089 3.4344
v 11.8433 15.3370 -2.8804
v 8.1625 15.3370 -0.4658
v 13.7208 11.7078 1.3096
v 11.3062 11.7078 -2.3712
v 8.8434 16.2381 -0.7556
v 13.7208 11.7078 1.3096
v 8.8434 16.2381 -0.7556
v 11.2580 16.2381 2.9252
v 20.2296 25.1844 3.7504
v 18.6961 25.1844 -0.2754
v 16.2741 29.1437 0.6471
v 20.2296 25.1844 3.7504
v 16.2741 29.1437 0.6471
v 17.8075 29.1437 4.6730
v 19.6787 25.4647 -0.1066
v 15.6529 25.4647 1.4269
v 16.8250 28.8633 4.5041
v 19.6787 25.4647 -0.1066
v 16.8250 28.8633 4.5041
v 20.8508 28.8633 2.9706
v 5.3590 21.1391 18.0098
v 0.2025 21.1391 18.3994
v 0.4808 24.3785 22.0820
v 5.3590 21.1391 18.0098
v 0.4808 24.3785 22.0820
v 5.6373 24.3785 21.6924
v 1.0851 20.9344 17.5916
v 1.4747 20.9344 22.7481
v 4.7547 24.5831 22.5003
v 1.0851 20.9344 17.5916
v 4.7547 24.5831 22.5003
v 4.3651 24.5831 17.3437
v 2.9339 20.6579 0.3552
v -0.3346 20.6579 3.0043
v 1.4921 23.6932 5.2581
v 2.9339 20.6579 0.3552
v 1.4921 23.6932 5.2581
v 4.7606 23.6932 2.6090
v -0.0360 20.4461 1.9217
v 2.6131 20.4461 5.1902
v 4.4621 23.9051 3.6916
v -0.0360 20.4461 1.9217
v 4.4621 23.9051 3.6916
v 1.8130 23.9051 0.4231
v 4.7774 37.8994 -5.7234
v 7.9881 37.8994 -1.1413
v 10.4521 40.5087 -2.8678
v 4.7774 37.8994 -5.7234
v 10.4521 40.5087 -2.8678
v 7.2415 40.5087 -7.4500
v 6.2034 37.9332 -1.4349
v 10.7855 37.9332 -4.6455
v 9.0261 40.4749 -7.1564
v 6.2034 37.9332 -1.4349
v 9.0261 40.4749 -7.1564
v 4.4440 40.4749 -3.9458
v 13.6269 41.1143 9.2258
v 8.5336 41.1143 7.0677
v 7.1800 44.1911 10.2625
v 13.6269 41.1143 9.2258
v 7.1800 44.1911 10.2625
v 12.2732 44.1911 12.4206
v 9.5686 41.6251 6.3866
v 7.4105 41.6251 11.4798
v 11.2383 43.6803 13.1017
v 9.5686 41.6251 6.3866
v 11.2383 43.6803 13.1017
v 13.3964 43.6803 8.0084
v -10.5726 33.1692 3.2809
v -6.4309 33.1692 2.4046
v -7.0625 34.4656 -0.5806
v -10.5726 33.1692 3.2809
v -7.0625 34.4656 -0.5806
v -11.2042 34.4656 0.2956
v -7.2888 32.5905 3.1903
v -8.1651 32.5905 -0.9515
v -10.3463 35.0443 -0.4900
v -7.2888 32.5905 3.1903
v -10.3463 35.0443 -0.4900
v -9.4700 35.0443 3.6517
v 19.5966 24.3992 1.0206
v 20.2955 24.3992 -3.3881
v 17.9933 27.0128 -3.7531
v 19.5966 24.3992 1.0206
v 17.9933 27.0128 -3.7531
v 17.2944 27.0128 0.6556
v 21.1938 24.4718 -2.2436
v 16.7851 24.4718 -2.9425
v 16.3961 26.9402 -0.4890
v 21.1938 24.4718 -2.2436
v 16.3961 26.9402 -0.4890
v 20.8048 26.9402 0.2099
v -3.6065 39.8284 7.7880
v -2.2731 39.8284 13.1287
v 1.7664 44.1134 12.1201
v -3.6065 39.8284 7.7880
v 1.7664 44.1134 12.1201
v 0.4329 44.1134 6.7795
v -3.1961 39.4662 12.2003
v 2.1446 39.4662 10.8668
v 1.3559 44.4756 7.7079
v -3.1961 39.4662 12.2003
v 1.3559 44.4756 7.7079
v -3.9848 44.4756 9.0413
v -2.2072 23.1461 -6.2664
v 3.1941 23.1461 -4.5936
v 4.1960 25.5338 -7.8286
v -2.2072 23.1461 -6.2664
v 4.1960 25.5338 -7.8286
v -1.2053 25.5338 -9.5014
v 1.3082 22.6540 -3.9906
v 2.9811 22.6540 -9.3919
v 0.6806 26.0259 -10.1044
v 1.3082 22.6540 -3.9906
v 0.6806 26.0259 -10.1044
v -0.9923 26.0259 -4.7031
v 5.0963 9.7014 -6.4401
v 10.7259 9.7014 -6.5059
v 10.7031 12.7787 -8.4555
v 5.0963 9.7014 -6.4401
v 10.7031 12.7787 -8.4555
v 5.0736 12.7787 -8.3897
v 9.3741 10.1266 -4.6499
v 9.3083 10.1266 -10.2794
v 6.4254 12.3535 -10.2457
v 9.3741 10.1266 -4.6499
v 6.4254 12.3535 -10.2457
v 6.4912 12.3535 -4.6162
v 22.5568 32.2375 11.2743
v 26.6086 32.2375 8.4934
v 24.9810 34.9801 6.1220
v 22.5568 32.2375 11.2743
v 24.9810 34.9801 6.1220
v 20.9292 34.9801 8.9029
v 26.6668 32.8304 9.6894
v 23.8859 32.8304 5.6376
v 20.8710 34.3871 7.7069
v 26.6668 32.8304 9.6894
v 20.8710 34.3871 7.7069
v 23.6519 34.3871 11.7587
v -7.8949 22.3307 11.4606
v -8.4268 22.3307 6.8925
v -10.5973 25.1499 7.1452
v -7.8949 22.3307 11.4606
v -10.5973 25.1499 7.1452
v -10.0655 25.1499 11.7133
v -7.0858 22.3132 7.9746
v -11.6539 22.3132 8.5064
v -11.4065 25.1675 10.6312
v -7.0858 22.3132 7.9746
v -11.4065 25.1675 10.6312
v -6.8384 25.1675 10.0994
v 2.4771 18.6712 16.8860
v 7.3076 18.6712 19.9241
v 9.9944 20.6024 15.6522
v 2.4771 18.6712 16.8860
v 9.9944 20.6024 15.6522
v 5.1638 20.6024 12.6141
v 6.6341 18.1643 19.8903
v 9.6722 18.1643 15.0598
v 5.8373 21.1093 12.6479
v 6.6341 18.1643 19.8903
v 5.8373 21.1093 12.6479
v 2.7992 21.1093 17.4784
v 9.1086 16.9186 -9.1452
v 12.5704 16.9186 -12.3075
v 10.9226 19.5893 -14.1114
v 9.1086 16.9186 -9.1452
v 10.9226 19.5893 -14.1114
v 7.4608 19.5893 -10.9491
v 12.6316 17.1089 -10.8426
v 9.4692 17.1089 -14.3045
v 7.3997 19.3990 -12.4140
v 12.6316 17.1089 -10.8426
v 7.3997 19.3990 -12.4140
v 10.5620 19.3990 -8.9521
v 11.6857 31.6236 -10.0068
v 11.6350 31.6236 -6.2619
v 14.0326 35.2286 -6.2295
v 11.6857 31.6236 -10.0068
v 14.0326 35.2286 -6.2295
v 14.0832 35.2286 -9.9743
v 10.9670 31.8247 -6.6870
v 14.7118 31.8247 -6.6363
v 14.7512 35.0276 -9.5493
v 10.9670 31.8247 -6.6870
v 14.7512 35.0276 -9.5493
v 11.0064 35.0276 -9.6000
v 5.2611 37.7492 19.9305
v 8.8600 37.7492 22.1314
v 9.9373 40.5581 20.3698
v 5.2611 37.7492 19.9305
v 9.9373 40.5581 20.3698
v 6.3384 40.5581 18.1689
v 7.3023 37.6869 22.4410
v 9.5031 37.6869 18.8421
v 7.8961 40.6203 17.8593
v 7.3023 37.6869 22.4410
v 7.8961 40.6203 17.8593
v 5.6952 40.6203 21.4582
v 1.3169 36.2496 0.5216
v 3.9219 36.2496 -3.8953
v 2.1649 39.1854 -4.9316
v 1.3169 36.2496 0.5216
v 2.1649 39.1854 -4.9316
v -0.4401 39.1854 -0.5147
v 4.4269 36.1972 -1.7122
v 0.0100 36.1972 -4.3172
v -0.9451 39.2378 -2.6978
v 4.4269 36.1972 -1.7122
v -0.9451 39.2378 -2.6978
v 3.4718 39.2378 -0.0928
v 3.3917 14.0891 -7.7009
v 0.2635 14.0891 -10.8048
v -2.2577 16.7229 -8.2638
v 3.3917 14.0891 -7.7009
v -2.2577 16.7229 -8.2638
v 0.8704 16.7229 -5.1599
v 0.7282 14.3575 -10.9263
v -2.3757 14.3575 -7.7982
v 0.4057 16.4545 -5.0384
v 0.7282 14.3575 -10.9263
v 0.4057 16.4545 -5.0384
v 3.5096 16.4545 -8.1665
v -7.1404 40.1023 -0.7912
v -4.1381 40.1023 2.9945
v -2.8650 42.7103 1.9848
v -7.1404 40.1023 -0.7912
v -2.8650 42.7103 1.9848
v -5.8673 42.7103 -1.8009
v -6.0700 40.6347 3.1389
v -2.2843 40.6347 0.1366
v -3.9353 42.1780 -1.9453
v -6.0700 40.6347 3.1389
v -3.9353 42.1780 -1.9453
v -7.7210 42.1780 1.0570
v -8.1898 18.8820 2.1719
v -7.5270 18.8820 -1.6716
v -10.4091 23.7057 -2.1685
v -8.1898 18.8820 2.1719
v -10.4091 23.7057 -2.1685
v -11.0719 23.7057 1.6750
v -7.0873 19.0502 -1.3513
v -10.9307 19.0502 -2.0141
v -11.5116 23.5374 1.3547
v -7.0873 19.0502 -1.3513
v -11.5116 23.5374 1.3547
v -7.6682 23.5374 2.0175
v 9.1996 32.3953 15.2762
v 5.1644 32.3953 15.4329
v 5.3331 34.7029 19.7770
v 9.1996 32.3953 15.2762
v 5.3331 34.7029 19.7770
v 9.3683 34.7029 19.6203
v 5.0438 32.3442 15.5923
v 5.2005 32.3442 19.6275
v 9.4889 34.7540 19.4609
v 5.0438 32.3442 15.5923
v 9.4889 34.7540 19.4609
v 9.3322 34.7540 15.4257
v 5.9569 19.7166 -2.1610
v 10.0068 19.7166 0.9191
v 12.3718 23.3722 -2.1906
v 5.9569 19.7166 -2.1610
v 12.3718 23.3722 -2.1906
v 8.3219 23.3722 -5.2706
v 8.9127 19.4145 0.8291
v 11.9928 19.4145 -3.2209
v 9.4160 23.6744 -5.1806
v 8.9127 19.4145 0.8291
v 9.4160 23.6744 -5.1806
v 6.3359 23.6744 -1.1306
v 12.4746 28.2396 0.0498
v 15.3626 28.2396 5.1518
v 16.5232 30.1909 4.4948
v 12.4746 28.2396 0.0498
v 16.5232 30.1909 4.4948
v 13.6353 30.1909 -0.6072
v 12.4780 28.7268 4.6528
v 17.5800 28.7268 1.7648
v 16.5198 29.7038 -0.1081
v 12.4780 28.7268 4.6528
v 16.5198 29.7038 -0.1081
v 11.4179 29.7038 2.7798
v 8.5795 11.1966 -4.0438
v 9.8944 11.1966 0.3692
v 13.5143 16.5268 -0.7094
v 8.5795 11.1966 -4.0438
v 13.5143 16.5268 -0.7094
v 12.1993 16.5268 -5.1224
v 9.4108 11.2772 0.1951
v 13.8237 11.2772 -1.1199
v 12.6830 16.4463 -4.9483
v 9.4108 11.2772 0.1951
v 12.6830 16.4463 -4.9483
v 8.2700 16.4463 -3.6334
v 2.1402 10.5189 -0.9721
v -1.3773 10.5189 1.2855
v 0.7179 14.9078 4.5500
v 2.1402 10.5189 -0.9721
v 0.7179 14.9078 4.5500
v 4.2354 14.9078 2.2925
v -1.2754 10.4613 1.0416
v 0.9821 10.4613 4.5591
v 4.1336 14.9654 2.5364
v -1.2754 10.4613 1.0416
v 4.1336 14.9654 2.5364
v 1.8760 14.9654 -0.9811
v -3.2970 36.1401 10.2974
v -7.2467 36.1401 11.9732
v -6.1267 39.6058 14.6129
v -3.2970 36.1401 10.2974
v -6.1267 39.6058 14.6129
v -2.1770 39.6058 12.9371
v -6.8263 36.1023 11.0220
v -5.1505 36.1023 14.9716
v -2.5974 39.6437 13.8884
v -6.8263 36.1023 11.0220
v -2.5974 39.6437 13.8884
v -4.2732 39.6437 9.9387
v 5.9363 35.0515 -9.4704
v 10.5764 35.0515 -8.2076
v 11.5383 37.4520 -11.7420
v 5.9363 35.0515 -9.4704
v 11.5383 37.4520 -11.7420
v 6.8982 37.4520 -13.0048
v 9.3506 34.4824 -7.9474
v 10.6134 34.4824 -12.5875
v 8.1240 38.0211 -13.2650
v 9.3506 34.4824 -7.9474
v 8.1240 38.0211 -13.2650
v 6.8612 38.0211 -8.6249
v 8.8526 38.9742 0.6325
v 11.5638 38.9742 4.7577
v 13.8753 42.4586 3.2385
v 8.8526 38.9742 0.6325
v 13.8753 42.4586 3.2385
v 11.1642 42.4586 -0.8866
v 10.2511 39.3170 4.7361
v 14.3762 39.3170 2.0249
v 12.4768 42.1158 -0.8650
v 10.2511 39.3170 4.7361
v 12.4768 42.1158 -0.8650
v 8.3517 42.1158 1.8461
v -17.3467 24.0982 0.4659
v -13.6074 24.0982 -0.0821
v -14.0336 27.4142 -2.9905
v -17.3467 24.0982 0.4659
v -14.0336 27.4142 -2.9905
v -17.7729 27.4142 -2.4425
v -13.8552 24.2005 0.3786
v -14.4032 24.2005 -3.3607
v -17.5251 27.3119 -2.9032
v -13.8552 24.2005 0.3786
v -17.5251 27.3119 -2.9032
v -16.9771 27.3119 0.8361
v -9.8512 23.4359 -3.9420
v -5.9546 23.4359 -3.8090
v -5.8623 26.0594 -6.5129
v -9.8512 23.4359 -3.9420
v -5.8623 26.0594 -6.5129
v -9.7590 26.0594 -6.6459
v -6.2869 23.8150 -3.2233
v -6.1539 23.8150 -7.1199
v -9.4266 25.6803 -7.2316
v -6.2869 23.8150 -3.2233
v -9.4266 25.6803 -7.2316
v -9.5596 25.6803 -3.3350
v 4.3770 40.7249 5.1244
v 5.6703 40.7249 9.0840
v 8.5042 45.2172 8.1584
v 4.3770 40.7249 5.1244
v 8.5042 45.2172 8.1584
v 7.2109 45.2172 4.1988
v 5.0946 41.2103 9.2284
v 9.0542 41.2103 7.9351
v 7.7866 44.7318 4.0544
v 5.0946 41.2103 9.2284
v 7.7866 44.7318 4.0544
v 3.8270 44.7318 5.3477
v 3.4040 28.3599 9.7620
v 3.0494 28.3599 14.9036
v 6.4419 31.2203 15.1376
v 3.4040 28.3599 9.7620
v 6.4419 31.2203 15.1376
v 6.7965 31.2203 9.9960
v 2.2492 28.1479 13.7654
v 7.3908 28.1479 14.1200
v 7.5967 31.4324 11.1342
v 2.2492 28.1479 13.7654
v 7.5967 31.4324 11.1342
v 2.4551 31.4324 10.7795
v 5.5022 29.3164 -10.2867
v 2.8601 29.3164 -5.3854
v 4.9723 32.4998 -4.2468
v 5.5022 29.3164 -10.2867
v 4.9723 32.4998 -4.2468
v 7.6145 32.4998 -9.1481
v 2.0440 29.6738 -7.2102
v 6.9453 29.6738 -4.5680
v 8.4306 32.1424 -7.3233
v 2.0440 29.6738 -7.2102
v 8.4306 32.1424 -7.3233
v 3.5293 32.1424 -9.9655
v -5.1250 41.2121 6.8323
v -9.5394 41.2121 4.0533
v -12.2570 44.8906 8.3703
v -5.1250 41.2121 6.8323
v -12.2570 44.8906 8.3703
v -7.8425 44.8906 11.1492
v -9.5609 41.3899 3.9718
v -12.3398 41.3899 8.3862
v -7.8211 44.7128 11.2308
v -9.5609 41.3899 3.9718
v -7.8211 44.7128 11.2308
v -5.0422 44.7128 6.8163
v 9.0440 16.1383 16.5201
v 14.4550 16.1383 14.3360
v 13.5904 19.7633 12.1941
v 9.0440 16.1383 16.5201
v 13.5904 19.7633 12.1941
v 8.1794 19.7633 14.3783
v 13.4503 16.1182 16.6424
v 11.2662 16.1182 11.2314
v 9.1841 19.7834 12.0718
v 13.4503 16.1182 16.6424
v 9.1841 19.7834 12.0718
v 11.3682 19.7834 17.4828
v 17.2910 33.8852 8.3191
v 17.0221 33.8852 4.4690
v 13.7517 37.8609 4.6974
v 17.2910 33.8852 8.3191
v 13.7517 37.8609 4.6974
v 14.0206 37.8609 8.5475
v 17.3009 34.3621 4.2919
v 13.4509 34.3621 4.5608
v 13.7417 37.3840 8.7246
v 17.3009 34.3621 4.2919
v 13.7417 37.3840 8.7246
v 17.5917 37.3840 8.4557
v -1.0705 26.5339 7.1530
v -4.0984 26.5339 2.9296
v -7.4296 28.4679 5.3178
v -1.0705 26.5339 7.1530
v -7.4296 28.4679 5.3178
v -4.4018 28.4679 9.5412
v -3.0827 25.9171 3.4043
v -7.3061 25.9171 6.4321
v -5.4174 29.0847 9.0666
v -3.0827 25.9171 3.4043
v -5.4174 29.0847 9.0666
v -1.1940 29.0847 6.0387
v -1.4853 40.5133 6.1796
v 2.2066 40.5133 9.2427
v 4.1122 43.8309 6.9458
v -1.4853 40.5133 6.1796
v 4.1122 43.8309 6.9458
v 0.4204 43.8309 3.8827
v 1.0559 40.6759 9.4656
v 4.1189 40.6759 5.7737
v 1.5711 43.6682 3.6598
v 1.0559 40.6759 9.4656
v 1.5711 43.6682 3.6598
v -1.4920 43.6682 7.3517
v 16.1679 38.2542 13.6687
v 11.6139 38.2542 14.6190
v 12.0797 40.3729 16.8512
v 16.1679 38.2542 13.6687
v 12.0797 40.3729 16.8512
v 16.6336 40.3729 15.9010
v 12.4488 38.3544 13.2334
v 13.3991 38.3544 17.7873
v 15.7988 40.2726 17.2866
v 12.4488 38.3544 13.2334
v 15.7988 40.2726 17.2866
v 14.8485 40.2726 12.7326
v 2.5759 35.5107 -5.1544
v 3.7860 35.5107 -10.3475
v -0.0365 37.4780 -11.2382
v 2.5759 35.5107 -5.1544
v -0.0365 37.4780 -11.2382
v -1.2465 37.4780 -6.0451
v 4.3290 35.6817 -9.5773
v -0.8640 35.6817 -10.7873
v -1.7895 37.3070 -6.8153
v 4.3290 35.6817 -9.5773
v -1.7895 37.3070 -6.8153
v 3.4035 37.3070 -5.6053
v -4.9415 42.8113 7.5607
v -1.2353 42.8113 3.9639
v -2.7395 46.4095 2.4140
v -4.9415 42.8113 7.5607
v -2.7395 46.4095 2.4140
v -6.4456 46.4095 6.0109
v -0.9775 43.1265 5.8073
v -4.5743 43.1265 2.1011
v -6.7035 46.0943 4.1675
v -0.9775 43.1265 5.8073
v -6.7035 46.0943 4.1675
v -3.1066 46.0943 7.8737
v 3.9021 18.0653 10.7563
v 5.9931 18.0653 6.7987
v 3.8802 21.7718 5.6823
v 3.9021 18.0653 10.7563
v 3.8802 21.7718 5.6823
v 1.7892 21.7718 9.6400
v 6.6673 18.5223 7.7558
v 2.7096 18.5223 5.6648
v 1.1150 21.3147 8.6828
v 6.6673 18.5223 7.7558
v 1.1150 21.3147 8.6828
v 5.0727 21.3147 10.7739
v 20.3656 28.7350 1.2630
v 20.5203 28.7350 -3.5739
v 17.6993 32.4777 -3.6642
v 20.3656 28.7350 1.2630
v 17.6993 32.4777 -3.6642
v 17.5447 32.4777 1.1728
v 21.5078 29.0805 -2.9014
v 16.6708 29.0805 -3.0561
v 16.5571 32.1322 0.5003
v 21.5078 29.0805 -2.9014
v 16.5571 32.1322 0.5003
v 21.3941 32.1322 0.6549
v -3.8104 38.6715 14.4536
v 0.2612 38.6715 16.5064
v 2.1684 41.8215 12.7237
v -3.8104 38.6715 14.4536
v 2.1684 41.8215 12.7237
v -1.9033 41.8215 10.6709
v -0.2489 38.3069 16.4304
v 1.8039 38.3069 12.3588
v -1.3931 42.1862 10.7469
v -0.2489 38.3069 16.4304
v -1.3931 42.1862 10.7469
v -3.4459 42.1862 14.8185
v 0.3244 16.7591 9.8530
v -1.5746 16.7591 14.3528
v 1.0151 19.5115 15.4457
v 0.3244 16.7591 9.8530
v 1.0151 19.5115 15.4457
v 2.9142 19.5115 10.9459
v -2.2808 17.3465 13.3600
v 2.2191 17.3465 15.2590
v 3.6203 18.9242 11.9387
v -2.2808 17.3465 13.3600
v 3.6203 18.9242 11.9387
v -0.8795 18.9242 10.0397
v 11.7422 29.5308 -7.7568
v 16.6663 29.5308 -8.1365
v 16.4497 31.6845 -10.9454
v 11.7422 29.5308 -7.7568
v 16.4497 31.6845 -10.9454
v 11.5256 31.6845 -10.5657
v 15.7785 29.6577 -7.0041
v 15.3987 29.6577 -11.9283
v 12.4134 31.5576 -11.6981
v 15.7785 29.6577 -7.0041
v 12.4134 31.5576 -11.6981
v 12.7931 31.5576 -6.7739
v 28.6246 27.4450 6.4347
v 23.9885 27.4450 3.8930
v 22.7280 30.4848 6.1922
v 28.6246 27.4450 6.4347
v 22.7280 30.4848 6.1922
v 27.3641 30.4848 8.7339
v 25.5027 27.8180 3.2035
v 22.9610 27.8180 7.8396
v 25.8498 30.1118 9.4234
v 25.5027 27.8180 3.2035
v 25.8498 30.1118 9.4234
v 28.3916 30.1118 4.7873
v 10.2140 17.5380 -7.3568
v 5.8399 17.5380 -8.1850
v 5.1461 19.8263 -4.5208
v 10.2140 17.5380 -7.3568
v 5.1461 19.8263 -4.5208
v 9.5203 19.8263 -3.6926
v 6.8319 16.9115 -8.3649
v 6.0037 16.9115 -3.9907
v 8.5283 20.4528 -3.5127
v 6.8319 16.9115 -8.3649
v 8.5283 20.4528 -3.5127
v 9.3565 20.4528 -7.8868
v 16.0474 35.1697 2.6336
v 15.8963 35.1697 -3.2838
v 13.3008 38.9487 -3.2176
v 16.0474 35.1697 2.6336
v 13.3008 38.9487 -3.2176
v 13.4519 38.9487 2.6999
v 17.5997 35.1686 -1.6638
v 11.6823 35.1686 -1.5127
v 11.7485 38.9497 1.0799
v 17.5997 35.1686 -1.6638
v 11.7485 38.9497 1.0799
v 17.6659 38.9497 0.9288
v 2.3599 27.9975 -9.7720
v 5.8939 27.9975 -8.0762
v 7.2528 29.7044 -10.9083
v 2.3599 27.9975 -9.7720
v 7.2528 29.7044 -10.9083
v 3.7188 29.7044 -12.6040
v 5.2235 27.7435 -7.9661
v 6.9193 27.7435 -11.5001
v 4.3892 29.9584 -12.7142
v 5.2235 27.7435 -7.9661
v 4.3892 29.9584 -12.7142
v 2.6934 29.9584 -9.1801
v -4.9611 18.0012 0.6518
v -5.5722 18.0012 -3.6419
v -7.6874 21.2874 -3.3408
v -4.9611 18.0012 0.6518
v -7.6874 21.2874 -3.3408
v -7.0763 21.2874 0.9529
v -4.3168 17.9524 -2.6292
v -8.6105 17.9524 -2.0181
v -8.3318 21.3363 -0.0597
v -4.3168 17.9524 -2.6292
v -8.3318 21.3363 -0.0597
v -4.0381 21.3363 -0.6709
v -5.2160 35.1526 7.9313
v -5.8800 35.1526 3.3021
v -9.3206 38.0195 3.7956
v -5.2160 35.1526 7.9313
v -9.3206 38.0195 3.7956
v -8.6566 38.0195 8.4248
v -5.1684 34.9162 4.0346
v -9.7976 34.9162 4.6986
v -9.3682 38.2560 7.6923
v -5.1684 34.9162 4.0346
v -9.3682 38.2560 7.6923
v -4.7390 38.2560 7.0283
v 0.7208 30.2931 18.9703
v 2.8552 30.2931 15.4434
v 1.2611 33.4357 14.4787
v 0.7208 30.2931 18.9703
v 1.2611 33.4357 14.4787
v -0.8733 33.4357 18.0056
v 3.4087 30.5453 16.7105
v -0.1182 30.5453 14.5761
v -1.4268 33.1835 16.7384
v 3.4087 30.5453 16.7105
v -1.4268 33.1835 16.7384
v 2.1001 33.1835 18.8729
v 7.7031 23.3453 18.0437
v 6.0414 23.3453 13.1405
v 3.5896 26.3464 13.9714
v 7.7031 23.3453 18.0437
v 3.5896 26.3464 13.9714
v 5.2514 26.3464 18.8747
v 7.7315 23.2262 14.0952
v 2.8282 23.2262 15.7570
v 3.5613 26.4654 17.9200
v 7.7315 23.2262 14.0952
v 3.5613 26.4654 17.9200
v 8.4645 26.4654 16.2582
v 6.7372 15.9197 18.1819
v 2.3013 15.9197 15.1320
v 0.0298 17.5000 18.4357
v 6.7372 15.9197 18.1819
v 0.0298 17.5000 18.4357
v 4.4658 17.5000 21.4856
v 3.4218 15.5318 15.0686
v 0.3719 15.5318 19.5046
v 3.3453 17.8878 21.5490
v 3.4218 15.5318 15.0686
v 3.3453 17.8878 21.5490
v 6.3952 17.8878 17.1130
v 10.6986 24.7395 3.2045
v 7.1929 24.7395 0.1050
v 3.7350 26.8090 4.0161
v 10.6986 24.7395 3.2045
v 3.7350 26.8090 4.0161
v 7.2407 26.8090 7.1156
v 7.2601 23.8144 0.5256
v 4.1606 23.8144 4.0313
v 7.1735 27.7341 6.6950
v 7.2601 23.8144 0.5256
v 7.1735 27.7341 6.6950
v 10.2730 27.7341 3.1893
v -5.1629 36.8916 16.3261
v -0.3450 36.8916 17.6509
v 0.7630 38.5999 13.6211
v -5.1629 36.8916 16.3261
v 0.7630 38.5999 13.6211
v -4.0548 38.5999 12.2963
v -1.0494 36.4962 17.8810
v 0.2753 36.4962 13.0632
v -3.3504 38.9954 12.0662
v -1.0494 36.4962 17.8810
v -3.3504 38.9954 12.0662
v -4.6751 38.9954 16.8840
v 19.9037 30.5428 0.5437
v 17.6624 30.5428 5.0998
v 20.9158 33.9224 6.7002
v 19.9037 30.5428 0.5437
v 20.9158 33.9224 6.7002
v 23.1571 33.9224 2.1441
v 17.1884 30.9778 4.4190
v 21.7444 30.9778 6.6602
v 23.6311 33.4874 2.8249
v 17.1884 30.9778 4.4190
v 23.6311 33.4874 2.8249
v 19.0751 33.4874 0.5837
v 10.3920 30.9550 11.9519
v 15.1445 30.9550 10.2813
v 14.1228 34.1863 7.3749
v 10.3920 30.9550 11.9519
v 14.1228 34.1863 7.3749
v 9.3703 34.1863 9.0455
v 14.7511 31.1948 11.4567
v 13.0805 31.1948 6.7042
v 9.7638 33.9465 7.8701
v 14.7511 31.1948 11.4567
v 9.7638 33.9465 7.8701
v 11.4344 33.9465 12.6226
v -6.5354 27.3080 7.6321
v -5.4499 27.3080 12.3846
v -0.9323 29.0033 11.3528
v -6.5354 27.3080 7.6321
v -0.9323 29.0033 11.3528
v -2.0178 29.0033 6.6003
v -5.7695 26.2199 11.5265
v -1.0170 26.2199 10.4410
v -1.6982 30.0913 7.4584
v -5.7695 26.2199 11.5265
v -1.6982 30.0913 7.4584
v -6.4507 30.0913 8.5439
v 7.0931 38.9592 -11.3172
v 6.3089 38.9592 -6.0502
v 9.9177 40.6107 -5.5129
v 7.0931 38.9592 -11.3172
v 9.9177 40.6107 -5.5129
v 10.7019 40.6107 -10.7800
v 5.7179 38.0774 -7.7726
v 10.9849 38.0774 -6.9884
v 11.2929 41.4925 -9.0576
v 5.7179 38.0774 -7.7726
v 11.2929 41.4925 -9.0576
v 6.0259 41.4925 -9.8418
v 22.1402 30.2423 3.7350
v 26.6422 30.2423 1.6556
v 24.5987 32.3799 -2.7687
v 22.1402 30.2423 3.7350
v 24.5987 32.3799 -2.7687
v 20.0967 32.3799 -0.6893
v 26.5669 30.1149 1.7375
v 24.4876 30.1149 -2.7645
v 20.1720 32.5072 -0.7712
v 26.5669 30.1149 1.7375
v 20.1720 32.5072 -0.7712
v 22.2514 32.5072 3.7308
v -4.6543 28.9189 -0.8803
v -8.5037 28.9189 -2.3096
v -9.6174 33.6799 0.6897
v -4.6543 28.9189 -0.8803
v -9.6174 33.6799 0.6897
v -5.7680 33.6799 2.1190
v -8.4929 29.4713 -2.7892
v -9.9222 29.4713 1.0602
v -5.7788 33.1276 2.5986
v -8.4929 29.4713 -2.7892
v -5.7788 33.1276 2.5986
v -4.3495 33.1276 -1.2508
v -5.0292 21.9420 -6.0809
v -7.5038 21.9420 -9.6661
v -10.4524 23.9301 -7.6309
v -5.0292 21.9420 -6.0809
v -10.4524 23.9301 -7.6309
v -7.9778 23.9301 -4.0457
v -6.9767 21.9776 -9.5834
v -10.5619 21.9776 -7.1088
v -8.5048 23.8944 -4.1284
v -6.9767 21.9776 -9.5834
v -8.5048 23.8944 -4.1284
v -4.9196 23.8944 -6.6030
v 3.8352 37.8417 -0.3826
v -0.9800 37.8417 2.1266
v 0.4597 41.3495 4.8893
v 3.8352 37.8417 -0.3826
v 0.4597 41.3495 4.8893
v 5.2749 41.3495 2.3800
v -0.7572 38.1672 0.7056
v 1.7521 38.1672 5.5208
v 5.0521 41.0240 3.8011
v -0.7572 38.1672 0.7056
v 5.0521 41.0240 3.8011
v 2.5428 41.0240 -1.0141
v -15.3726 36.3102 -0.0257
v -13.1855 36.3102 2.0235
v -11.1990 37.7931 -0.0967
v -15.3726 36.3102 -0.0257
v -11.1990 37.7931 -0.0967
v -13.3861 37.7931 -2.1459
v -13.2310 36.3644 2.0437
v -11.1818 36.3644 -0.1435
v -13.3406 37.7389 -2.1661
v -13.2310 36.3644 2.0437
v -13.3406 37.7389 -2.1661
v -15.3898 37.7389 0.0211
v 9.9432 33.9606 14.5048
v 11.8514 33.9606 18.9934
v 13.4185 36.7107 18.3272
v 9.9432 33.9606 14.5048
v 13.4185 36.7107 18.3272
v 11.5103 36.7107 13.8386
v 9.9097 34.2619 18.4832
v 14.3984 34.2619 16.5750
v 13.4520 36.4094 14.3488
v 9.9097 34.2619 18.4832
v 13.4520 36.4094 14.3488
v 8.9634 36.4094 16.2570
v 3.0494 41.5529 12.9284
v 8.0490 41.5529 10.0815
v 6.8401 45.5464 7.9584
v 3.0494 41.5529 12.9284
v 6.8401 45.5464 7.9584
v 1.8405 45.5464 10.8053
v 8.1789 42.4832 11.9121
v 5.3321 42.4832 6.9125
v 1.7105 44.6161 8.9747
v 8.1789 42.4832 11.9121
v 1.7105 44.6161 8.9747
v 4.5574 44.6161 13.9743
v 1.6391 15.8337 0.3331
v 2.2717 15.8337 5.1913
v 6.8666 17.9116 4.5930
v 1.6391 15.8337 0.3331
v 6.8666 17.9116 4.5930
v 6.2340 17.9116 -0.2652
v 2.0732 15.2250 4.6951
v 6.9314 15.2250 4.0625
v 6.4325 18.5204 0.2311
v 2.0732 15.2250 4.6951
v 6.4325 18.5204 0.2311
v 1.5743 18.5204 0.8636
v -11.7157 25.4789 2.8661
v -8.2410 25.4789 3.4824
v -7.6310 29.0390 0.0429
v -11.7157 25.4789 2.8661
v -7.6310 29.0390 0.0429
v -11.1058 29.0390 -0.5733
v -7.9426 25.8692 3.5535
v -7.3264 25.8692 0.0788
v -11.4042 28.6487 -0.6444
v -7.9426 25.8692 3.5535
v -11.4042 28.6487 -0.6444
v -12.0204 28.6487 2.8303
v 20.4852 29.3555 -5.3524
v 15.9396 29.3555 -5.0456
v 16.0846 33.0171 -2.8977
v 20.4852 29.3555 -5.3524
v 16.0846 33.0171 -2.8977
v 20.6302 33.0171 -3.2046
v 16.1471 30.4413 -6.2639
v 16.4540 30.4413 -1.7183
v 20.4226 31.9313 -1.9862
v 16.1471 30.4413 -6.2639
v 20.4226 31.9313 -1.9862
v 20.1158 31.9313 -6.5318
v 2.7658 37.6244 11.9932
v 7.7253 37.6244 13.9974
v 9.1210 41.2830 10.5437
v 2.7658 37.6244 11.9932
v 9.1210 41.2830 10.5437
v 4.1615 41.2830 8.5395
v 6.5128 37.4682 14.3833
v 8.5170 37.4682 9.4238
v 5.3740 41.4393 8.1537
v 6.5128 37.4682 14.3833
v 5.3740 41.4393 8.1537
v 3.3698 41.4393 13.1131
v -8.2599 39.9903 10.8413
v -4.2698 39.9903 13.0206
v -2.6074 44.7820 9.9770
v -8.2599 39.9903 10.8413
v -2.6074 44.7820 9.9770
v -6.5975 44.7820 7.7977
v -4.8184 40.1561 13.3354
v -2.6391 40.1561 9.3453
v -6.0488 44.6162 7.4829
v -4.8184 40.1561 13.3354
v -6.0488 44.6162 7.4829
v -8.2282 44.6162 11.4730
v -12.2122 25.7884 4.7917
v -9.9158 25.7884 7.9285
v -7.5134 28.2502 6.1697
v -12.2122 25.7884 4.7917
v -7.5134 28.2502 6.1697
v -9.8098 28.2502 3.0329
v -10.7239 25.5035 7.5950
v -7.5871 25.5035 5.2986
v -9.0017 28.5351 3.3664
v -10.7239 25.5035 7.5950
v -9.0017 28.5351 3.3664
v -12.1385 28.5351 5.6628
v 29.4954 31.5852 10.2609
v 24.8139 31.5852 9.5857
v 24.3659 34.2802 12.6921
v 29.4954 31.5852 10.2609
v 24.3659 34.2802 12.6921
v 29.0474 34.2802 13.3672
v 25.4294 32.0234 8.8705
v 24.7543 32.0234 13.5521
v 28.4318 33.8420 14.0824
v 25.4294 32.0234 8.8705
v 28.4318 33.8420 14.0824
v 29.1070 33.8420 9.4009
v 4.2223 38.8003 -2.1456
v 3.8682 38.8003 2.7633
v 9.3166 42.4563 3.1563
v 4.2223 38.8003 -2.1456
v 9.3166 42.4563 3.1563
v 9.6708 42.4563 -1.7525
v 4.1048 39.1253 3.2435
v 9.0136 39.1253 3.5976
v 9.4342 42.1313 -2.2327
v 4.1048 39.1253 3.2435
v 9.4342 42.1313 -2.2327
v 4.5254 42.1313 -2.5868
v -0.6828 15.7724 -5.5088
v -2.6779 15.7724 -2.1316
v 0.2700 17.5275 -0.3902
v -0.6828 15.7724 -5.5088
v 0.2700 17.5275 -0.3902
v 2.2651 17.5275 -3.7674
v -2.7576 15.7419 -2.4868
v 0.6196 15.7419 -0.4918
v 2.3448 17.5579 -3.4122
v -2.7576 15.7419 -2.4868
v 2.3448 17.5579 -3.4122
v -1.0324 17.5579 -5.4073
v -6.1535 36.6677 -1.1683
v -9.0141 36.6677 3.2580
v -6.0924 39.3400 5.1462
v -6.1535 36.6677 -1.1683
v -6.0924 39.3400 5.1462
v -3.2318 39.3400 0.7199
v -9.4156 37.0791 2.2290
v -4.9893 37.0791 5.0896
v -2.8303 38.9286 1.7489
v -9.4156 37.0791 2.2290
v -2.8303 38.9286 1.7489
v -7.2566 38.9286 -1.1117
v 2.1310 37.7609 13.6922
v 2.1726 37.7609 18.5239
v 5.3771 40.8802 18.4963
v 2.1310 37.7609 13.6922
v 5.3771 40.8802 18.4963
v 5.3355 40.8802 13.6646
v 1.3552 38.2715 18.0897
v 6.1869 38.2715 18.0480
v 6.1529 40.3696 14.0988
v 1.3552 38.2715 18.0897
v 6.1529 40.3696 14.0988
v 1.3212 40.3696 14.1405
v 16.9128 34.9290 -7.0812
v 13.0866 34.9290 -10.1738
v 11.6048 38.1421 -8.3405
v 16.9128 34.9290 -7.0812
v 11.6048 38.1421 -8.3405
v 15.4309 38.1421 -5.2479
v 15.0204 34.8174 -10.2582
v 11.9277 34.8174 -6.4321
v 13.4972 38.2537 -5.1635
v 15.0204 34.8174 -10.2582
v 13.4972 38.2537 -5.1635
v 16.5898 38.2537 -8.9896
v 4.2484 11.4296 -5.5509
v 5.9979 11.4296 -0.8899
v 8.8582 13.8214 -1.9635
v 4.2484 11.4296 -5.5509
v 8.8582 13.8214 -1.9635
v 7.1086 13.8214 -6.6245
v 4.8121 11.6502 -1.3124
v 9.4731 11.6502 -3.0619
v 8.2945 13.6008 -6.2020
v 4.8121 11.6502 -1.3124
v 8.2945 13.6008 -6.2020
v 3.6335 13.6008 -4.4525
v 3.4056 22.5136 0.4238
v 6.5348 22.5136 -3.1530
v 4.3947 25.5465 -5.0253
v 3.4056 22.5136 0.4238
v 4.3947 25.5465 -5.0253
v 1.2655 25.5465 -1.4485
v 6.5920 22.4686 -1.7688
v 3.0152 22.4686 -4.8981
v 1.2082 25.5915 -2.8326
v 6.5920 22.4686 -1.7688
v 1.2082 25.5915 -2.8326
v 4.7851 25.5915 0.2966
v 12.7447 17.9348 -4.4411
v 10.5335 17.9348 0.3352
v 12.7261 21.0830 1.3502
v 12.7447 17.9348 -4.4411
v 12.7261 21.0830 1.3502
v 14.9372 21.0830 -3.4261
v 9.8990 17.8359 -1.6828
v 14.6753 17.8359 0.5284
v 15.5717 21.1819 -1.4081
v 9.8990 17.8359 -1.6828
v 15.5717 21.1819 -1.4081
v 10.7954 21.1819 -3.6193
v 1.9316 27.7195 -8.6274
v -1.6793 27.7195 -5.5534
v 0.5041 31.6477 -2.9887
v 1.9316 27.7195 -8.6274
v 0.5041 31.6477 -2.9887
v 4.1150 31.6477 -6.0627
v -2.0619 28.4772 -6.1298
v 1.0120 28.4772 -2.5189
v 4.4976 30.8899 -5.4862
v -2.0619 28.4772 -6.1298
v 4.4976 30.8899 -5.4862
v 1.4237 30.8899 -9.0971
v 8.3655 39.4291 4.1592
v 6.4026 39.4291 8.5493
v 10.4569 41.6892 10.3620
v 8.3655 39.4291 4.1592
v 10.4569 41.6892 10.3620
v 12.4198 41.6892 5.9718
v 6.5609 38.6536 7.7445
v 10.9511 38.6536 9.7074
v 12.2614 42.4647 6.7767
v 6.5609 38.6536 7.7445
v 12.2614 42.4647 6.7767
v 7.8713 42.4647 4.8138
v 18.0528 29.5021 -15.1258
v 14.0860 29.5021 -13.9959
v 14.9085 31.8216 -11.1082
v 18.0528 29.5021 -15.1258
v 14.9085 31.8216 -11.1082
v 18.8753 31.8216 -12.2381
v 14.4668 29.5090 -14.6877
v 15.5967 29.5090 -10.7209
v 18.4945 31.8147 -11.5463
v 14.4668 29.5090 -14.6877
v 18.4945 31.8147 -11.5463
v 17.3646 31.8147 -15.5131
v -13.0350 24.2958 3.2787
v -9.2926 24.2958 0.1708
v -11.8444 27.6302 -2.9020
v -13.0350 24.2958 3.2787
v -11.8444 27.6302 -2.9020
v -15.5868 27.6302 0.2059
v -9.5572 24.0173 0.9562
v -12.6651 24.0173 -2.7862
v -15.3222 27.9087 -0.5796
v -9.5572 24.0173 0.9562
v -15.3222 27.9087 -0.5796
v -12.2143 27.9087 3.1628
v 22.3658 28.9247 10.7966
v 25.9447 28.9247 8.0108
v 23.9037 32.4067 5.3886
v 22.3658 28.9247 10.7966
v 23.9037 32.4067 5.3886
v 20.3248 32.4067 8.1744
v 25.4774 28.5818 9.1427
v 22.6917 28.5818 5.5638
v 20.7920 32.7496 7.0425
v 25.4774 28.5818 9.1427
v 20.7920 32.7496 7.0425
v 23.5778 32.7496 10.6214
v 2.8863 29.6993 14.3343
v 0.3391 29.6993 9.9754
v -1.6545 32.5939 11.1404
v 2.8863 29.6993 14.3343
v -1.6545 32.5939 11.1404
v 0.8928 32.5939 15.4993
v 2.0139 30.1324 10.1264
v -2.3450 30.1324 12.6736
v -0.7820 32.1607 15.3483
v 2.0139 30.1324 10.1264
v -0.7820 32.1607 15.3483
v 3.5768 32.1607 12.8011
v -6.2446 37.6733 9.0485
v -10.6772 37.6733 10.2254
v -9.8939 40.2239 13.1757
v -6.2446 37.6733 9.0485
v -9.8939 40.2239 13.1757
v -5.4613 40.2239 11.9989
v -10.0757 37.6057 9.2723
v -8.8988 37.6057 13.7049
v -6.0627 40.2915 12.9519
v -10.0757 37.6057 9.2723
v -6.0627 40.2915 12.9519
v -7.2396 40.2915 8.5193
v 9.9446 20.6435 13.1945
v 10.6503 20.6435 17.5914
v 13.9631 22.6771 17.0596
v 9.9446 20.6435 13.1945
v 13.9631 22.6771 17.0596
v 13.2574 22.6771 12.6628
v 9.9870 20.3517 16.9229
v 14.3839 20.3517 16.2172
v 13.9207 22.9689 13.3312
v 9.9870 20.3517 16.9229
v 13.9207 22.9689 13.3312
v 9.5238 22.9689 14.0369
v -2.8856 32.0566 -9.3565
v 1.4051 32.0566 -6.0663
v 3.4075 34.1777 -8.6776
v -2.8856 32.0566 -9.3565
v 3.4075 34.1777 -8.6776
v -0.8832 34.1777 -11.9678
v -0.2171 31.8253 -5.9768
v 3.0731 31.8253 -10.2675
v 0.7390 34.4090 -12.0573
v -0.2171 31.8253 -5.9768
v 0.7390 34.4090 -12.0573
v -2.5512 34.4090 -7.7666
v -5.4299 23.9795 -3.4203
v -0.0466 23.9795 -5.2062
v -1.1295 28.2874 -8.4705
v -5.4299 23.9795 -3.4203
v -1.1295 28.2874 -8.4705
v -6.5128 28.2874 -6.6845
v -0.2741 24.5080 -3.9546
v -2.0600 24.5080 -9.3379
v -6.2853 27.7589 -7.9362
v -0.2741 24.5080 -3.9546
v -6.2853 27.7589 -7.9362
v -4.4994 27.7589 -2.5528
v -1.7155 20.2578 4.0523
v -7.4831 20.2578 3.9701
v -7.5307 24.1252 7.3121
v -1.7155 20.2578 4.0523
v -7.5307 24.1252 7.3121
v -1.7631 24.1252 7.3942
v -6.0704 20.1140 2.7772
v -6.1526 20.1140 8.5448
v -3.1757 24.2690 8.5872
v -6.0704 20.1140 2.7772
v -3.1757 24.2690 8.5872
v -3.0935 24.2690 2.8196
v -6.5740 29.1885 -1.7785
v -10.7638 29.1885 -4.4604
v -12.4382 31.5213 -1.8446
v -6.5740 29.1885 -1.7785
v -12.4382 31.5213 -1.8446
v -8.2484 31.5213 0.8373
v -9.1984 28.8492 -4.5678
v -11.8803 28.8492 -0.3780
v -9.8138 31.8605 0.9447
v -9.1984 28.8492 -4.5678
v -9.8138 31.8605 0.9447
v -7.1320 31.8605 -3.2451
v -0.6097 33.2609 -4.2329
v 0.2359 33.2609 -0.0244
v 3.6066 35.4558 -0.7017
v -0.6097 33.2609 -4.2329
v 3.6066 35.4558 -0.7017
v 2.7610 35.4558 -4.9101
v -0.2526 33.3859 -0.2869
v 3.9558 33.3859 -1.1324
v 3.2495 35.3308 -4.6477
v -0.2526 33.3859 -0.2869
v 3.2495 35.3308 -4.6477
v -0.9589 35.3308 -3.8021
v 4.3581 19.0269 -4.4595
v 8.6055 19.0269 -7.1542
v 6.4386 22.9332 -10.5698
v 4.3581 19.0269 -4.4595
v 6.4386 22.9332 -10.5698
v 2.1912 22.9332 -7.8752
v 8.9381 19.9013 -6.7819
v 6.2435 19.9013 -11.0293
v 1.8586 22.0588 -8.2474
v 8.9381 19.9013 -6.7819
v 1.8586 22.0588 -8.2474
v 4.5532 22.0588 -4.0000
v 5.0947 16.3498 10.0569
v 5.4744 16.3498 13.8191
v 10.8774 20.8284 13.2739
v 5.0947 16.3498 10.0569
v 10.8774 20.8284 13.2739
v 10.4977 20.8284 9.5116
v 6.3261 15.8444 14.0471
v 10.0884 15.8444 13.6675
v 9.6460 21.3338 9.2836
v 6.3261 15.8444 14.0471
v 9.6460 21.3338 9.2836
v 5.8837 21.3338 9.6633
v 6.7243 38.6844 -12.2675
v 10.5269 38.6844 -9.7019
v 12.1374 41.9011 -12.0889
v 6.7243 38.6844 -12.2675
v 12.1374 41.9011 -12.0889
v 8.3348 41.9011 -14.6545
v 9.2432 38.5856 -9.5380
v 11.8088 38.5856 -13.3406
v 9.6185 41.9999 -14.8183
v 9.2432 38.5856 -9.5380
v 9.6185 41.9999 -14.8183
v 7.0529 41.9999 -11.0158
v 7.6729 40.6434 0.7963
v 8.9745 40.6434 5.7121
v 12.3538 44.9944 4.8173
v 7.6729 40.6434 0.7963
v 12.3538 44.9944 4.8173
v 11.0522 44.9944 -0.0984
v 8.1297 41.1591 5.6263
v 13.0454 41.1591 4.3247
v 11.8970 44.4786 -0.0127
v 8.1297 41.1591 5.6263
v 11.8970 44.4786 -0.0127
v 6.9812 44.4786 1.2889
v 3.9487 20.3437 19.6837
v 6.6308 20.3437 24.0534
v 8.5392 23.3490 22.8821
v 3.9487 20.3437 19.6837
v 8.5392 23.3490 22.8821
v 5.8572 23.3490 18.5123
v 4.9201 20.9507 24.0267
v 9.2899 20.9507 21.3447
v 7.5678 22.7421 18.5390
v 4.9201 20.9507 24.0267
v 7.5678 22.7421 18.5390
v 3.1981 22.7421 21.2211
v -0.5347 9.7530 4.1018
v 0.9582 9.7530 -1.3669
v -3.3946 13.5464 -2.5551
v -0.5347 9.7530 4.1018
v -3.3946 13.5464 -2.5551
v -4.8874 13.5464 2.9136
v 1.3130 9.5446 -0.4703
v -4.1557 9.5446 -1.9632
v -5.2422 13.7548 2.0170
v 1.3130 9.5446 -0.4703
v -5.2422 13.7548 2.0170
v 0.2265 13.7548 3.5099
v 6.1582 16.7653 -7.6195
v 9.5923 16.7653 -9.2403
v 7.7563 18.9906 -13.1304
v 6.1582 16.7653 -7.6195
v 7.7563 18.9906 -13.1304
v 4.3222 18.9906 -11.5096
v 8.9493 15.8392 -9.2156
v 7.3285 15.8392 -12.6497
v 4.9652 19.9168 -11.5343
v 8.9493 15.8392 -9.2156
v 4.9652 19.9168 -11.5343
v 6.5860 19.9168 -8.1002
v 20.4553 28.9954 4.6812
v 15.6775 28.9954 5.2833
v 16.1374 32.2532 8.9327
v 20.4553 28.9954 4.6812
v 16.1374 32.2532 8.9327
v 20.9152 32.2532 8.3306
v 15.8913 29.3839 4.6832
v 16.4934 29.3839 9.4610
v 20.7014 31.8647 8.9307
v 15.8913 29.3839 4.6832
v 20.7014 31.8647 8.9307
v 20.0993 31.8647 4.1529
v 11.0884 38.5400 11.3438
v 16.1042 38.5400 9.8393
v 14.8004 40.3731 5.4926
v 11.0884 38.5400 11.3438
v 14.8004 40.3731 5.4926
v 9.7846 40.3731 6.9970
v 15.7935 38.3628 10.2971
v 14.2890 38.3628 5.2814
v 10.0953 40.5503 6.5392
v 15.7935 38.3628 10.2971
v 10.0953 40.5503 6.5392
v 11.5998 40.5503 11.5550
v 4.7516 26.6776 -5.8936
v 9.6621 26.6776 -7.7290
v 8.5609 28.3181 -10.6751
v 4.7516 26.6776 -5.8936
v 8.5609 28.3181 -10.6751
v 3.6504 28.3181 -8.8396
v 8.9320 26.4760 -6.3367
v 7.0965 26.4760 -11.2472
v 4.3805 28.5196 -10.2320
v 8.9320 26.4760 -6.3367
v 4.3805 28.5196 -10.2320
v 6.2160 28.5196 -5.3215
v 2.1037 21.7023 13.7694
v -0.0583 21.7023 17.7865
v 2.4793 26.4197 19.1523
v 2.1037 21.7023 13.7694
v 2.4793 26.4197 19.1523
v 4.6413 26.4197 15.1352
v -0.4513 21.7721 16.7441
v 3.5658 21.7721 18.9061
v 5.0343 26.3500 16.1776
v -0.4513 21.7721 16.7441
v 5.0343 26.3500 16.1776
v 1.0172 26.3500 14.0156
v 5.2561 15.8827 -7.7489
v 6.3288 15.8827 -12.1696
v 3.2749 19.1334 -12.9107
v 5.2561 15.8827 -7.7489
v 3.2749 19.1334 -12.9107
v 2.2022 19.1334 -8.4899
v 6.8397 15.8557 -11.2927
v 2.4189 15.8557 -12.3654
v 1.6913 19.1604 -9.3668
v 6.8397 15.8557 -11.2927
v 1.6913 19.1604 -9.3668
v 6.1120 19.1604 -8.2941
v 2.1691 30.6432 5.6131
v -1.9209 30.6432 3.7036
v -3.3521 35.8898 6.7691
v 2.1691 30.6432 5.6131
v -3.3521 35.8898 6.7691
v 0.7379 35.8898 8.6786
v -1.3215 30.7593 3.3596
v -3.2310 30.7593 7.4495
v 0.1385 35.7738 9.0226
v -1.3215 30.7593 3.3596
v 0.1385 35.7738 9.0226
v 2.0480 35.7738 4.9327
v 21.2514 26.6916 -7.2607
v 17.9481 26.6916 -7.8753
v 17.6602 28.9571 -6.3279
v 21.2514 26.6916 -7.2607
v 17.6602 28.9571 -6.3279
v 20.9634 28.9571 -5.7132
v 18.7427 26.9160 -8.6358
v 18.1280 26.9160 -5.3325
v 20.1688 28.7327 -4.9528
v 18.7427 26.9160 -8.6358
v 20.1688 28.7327 -4.9528
v 20.7835 28.7327 -8.2560
v 7.4523 34.0898 17.3711
v 9.9070 34.0898 20.8664
v 11.4564 37.2040 19.7784
v 7.4523 34.0898 17.3711
v 11.4564 37.2040 19.7784
v 9.0017 37.2040 16.2830
v 8.6652 34.9127 21.1669
v 12.1605 34.9127 18.7123
v 10.2435 36.3812 15.9825
v 8.6652 34.9127 21.1669
v 10.2435 36.3812 15.9825
v 6.7482 36.3812 18.4371
v 7.6140 20.0756 2.8990
v 3.7757 20.0756 4.6474
v 5.1953 22.8957 7.7639
v 7.6140 20.0756 2.8990
v 5.1953 22.8957 7.7639
v 9.0336 22.8957 6.0155
v 4.0538 19.9732 4.0849
v 5.8023 19.9732 7.9232
v 8.7555 22.9980 6.5780
v 4.0538 19.9732 4.0849
v 8.7555 22.9980 6.5780
v 7.0070 22.9980 2.7396
v 17.9334 27.1800 -2.6512
v 15.5445 27.1800 -5.9185
v 13.1446 28.8925 -4.1638
v 17.9334 27.1800 -2.6512
v 13.1446 28.8925 -4.1638
v 15.5336 28.8925 -0.8965
v 16.3050 27.1520 -5.7886
v 13.0378 27.1520 -3.3996
v 14.7730 28.9205 -1.0264
v 16.3050 27.1520 -5.7886
v 14.7730 28.9205 -1.0264
v 18.0403 28.9205 -3.4154
v 9.4122 37.8369 14.6587
v 10.3274 37.8369 18.6485
v 13.5970 39.1705 17.8985
v 9.4122 37.8369 14.6587
v 13.5970 39.1705 17.8985
v 12.6819 39.1705 13.9088
v 9.8680 37.6725 18.2978
v 13.8577 37.6725 17.3827
v 13.1413 39.3349 14.2594
v 9.8680 37.6725 18.2978
v 13.1413 39.3349 14.2594
v 9.1516 39.3349 15.1746
v 0.6959 15.2010 6.5473
v -3.2423 15.2010 5.3581
v -3.9067 17.9794 7.5584
v 0.6959 15.2010 6.5473
v -3.9067 17.9794 7.5584
v 0.0315 17.9794 8.7476
v -2.4865 15.6550 4.6382
v -3.6756 15.6550 8.5764
v -0.7244 17.5254 9.4675
v -2.4865 15.6550 4.6382
v -0.7244 17.5254 9.4675
v 0.4648 17.5254 5.5293
v 5.1741 15.4765 21.8625
v 9.6171 15.4765 20.6555
v 8.7665 18.2875 17.5245
v 5.1741 15.4765 21.8625
v 8.7665 18.2875 17.5245
v 4.3236 18.2875 18.7315
v 8.7615 15.1234 21.5924
v 7.5545 15.1234 17.1494
v 5.1792 18.6405 17.7947
v 8.7615 15.1234 21.5924
v 5.1792 18.6405 17.7947
v 6.3862 18.6405 22.2376
v -5.5440 18.5086 -1.5795
v -9.5729 18.5086 1.5090
v -6.8592 21.6954 5.0490
v -5.5440 18.5086 -1.5795
v -6.8592 21.6954 5.0490
v -2.8303 21.6954 1.9605
v -9.6165 18.7029 1.1543
v -6.5280 18.7029 5.1832
v -2.7867 21.5011 2.3152
v -9.6165 18.7029 1.1543
v -2.7867 21.5011 2.3152
v -5.8752 21.5011 -1.7137
v 12.5166 31.5754 -12.1834
v 7.9558 31.5754 -12.5875
v 7.5995 34.0171 -8.5672
v 12.5166 31.5754 -12.1834
v 7.5995 34.0171 -8.5672
v 12.1604 34.0171 -8.1631
v 8.9278 30.8537 -12.7738
v 8.5237 30.8537 -8.2130
v 11.1884 34.7389 -7.9769
v 8.9278 30.8537 -12.7738
v 11.1884 34.7389 -7.9769
v 11.5925 34.7389 -12.5377
v 20.1956 25.1824 1.2951
v 23.8438 25.1824 2.3945
v 24.3781 26.6787 0.6214
v 20.1956 25.1824 1.2951
v 24.3781 26.6787 0.6214
v 20.7299 26.6787 -0.4780
v 22.3766 24.9451 2.9750
v 23.4760 24.9451 -0.6732
v 22.1971 26.9160 -1.0586
v 22.3766 24.9451 2.9750
v 22.1971 26.9160 -1.0586
v 21.0977 26.9160 2.5896
v 14.5590 34.6928 -5.0549
v 9.0913 34.6928 -4.3478
v 9.4421 39.0037 -1.6351
v 14.5590 34.6928 -5.0549
v 9.4421 39.0037 -1.6351
v 14.9098 39.0037 -2.3423
v 10.0223 34.8905 -5.8687
v 10.7295 34.8905 -0.4011
v 13.9788 38.8059 -0.8213
v 10.0223 34.8905 -5.8687
v 13.9788 38.8059 -0.8213
v 13.2717 38.8059 -6.2890
v 26.0934 30.9804 7.3688
v 27.5994 30.9804 3.5679
v 24.3734 34.3644 2.2897
v 26.0934 30.9804 7.3688
v 24.3734 34.3644 2.2897
v 22.8674 34.3644 6.0906
v 27.6196 30.6391 4.3562
v 23.8187 30.6391 2.8503
v 22.8472 34.7057 5.3023
v 27.6196 30.6391 4.3562
v 22.8472 34.7057 5.3023
v 26.6481 34.7057 6.8082
v -0.9184 22.9824 6.1593
v 2.1200 22.9824 10.6227
v 5.2672 27.0110 8.4803
v -0.9184 22.9824 6.1593
v 5.2672 27.0110 8.4803
v 2.2288 27.0110 4.0169
v 0.9856 22.9360 10.3709
v 5.4489 22.9360 7.3326
v 3.3632 27.0574 4.2686
v 0.9856 22.9360 10.3709
v 3.3632 27.0574 4.2686
v -1.1001 27.0574 7.3070
v 2.8143 35.7276 14.6031
v 1.6134 35.7276 19.2651
v 3.8700 38.2293 19.8463
v 2.8143 35.7276 14.6031
v 3.8700 38.2293 19.8463
v 5.0709 38.2293 15.1843
v 0.7888 35.5198 17.4874
v 5.4508 35.5198 18.6882
v 5.8955 38.4371 16.9620
v 0.7888 35.5198 17.4874
v 5.8955 38.4371 16.9620
v 1.2335 38.4371 15.7611
v -0.0905 15.3533 12.9346
v -3.9257 15.3533 12.4249
v -4.2143 17.3542 14.5967
v -0.0905 15.3533 12.9346
v -4.2143 17.3542 14.5967
v -0.3792 17.3542 15.1064
v -3.2742 15.8318 11.6651
v -3.7839 15.8318 15.5002
v -1.0307 16.8757 15.8661
v -3.2742 15.8318 11.6651
v -1.0307 16.8757 15.8661
v -0.5210 16.8757 12.0310
v 11.2190 15.5256 -6.1627
v 14.6496 15.5256 -5.4828
v 15.1846 18.4594 -8.1822
v 11.2190 15.5256 -6.1627
v 15.1846 18.4594 -8.1822
v 11.7539 18.4594 -8.8621
v 14.6904 16.2376 -5.0947
v 15.3703 16.2376 -8.5254
v 11.7131 17.7474 -9.2501
v 14.6904 16.2376 -5.0947
v 11.7131 17.7474 -9.2501
v 11.0332 17.7474 -5.8195
v -7.7025 39.3746 0.3412
v -10.9254 39.3746 3.0127
v -8.3797 44.2392 6.0837
v -7.7025 39.3746 0.3412
v -8.3797 44.2392 6.0837
v -5.1569 44.2392 3.4122
v -10.9953 39.4671 2.9426
v -8.3238 39.4671 6.1655
v -5.0869 44.1467 3.4823
v -10.9953 39.4671 2.9426
v -5.0869 44.1467 3.4823
v -7.7584 44.1467 0.2595
v -8.9041 22.2145 10.2218
v -9.1359 22.2145 14.6864
v -6.5472 25.2334 14.8208
v -8.9041 22.2145 10.2218
v -6.5472 25.2334 14.8208
v -6.3154 25.2334 10.3562
v -10.0269 22.2453 13.7347
v -5.5624 22.2453 13.9665
v -5.4244 25.2026 11.3079
v -10.0269 22.2453 13.7347
v -5.4244 25.2026 11.3079
v -9.8889 25.2026 11.0761
v 11.9292 31.1840 -3.4527
v 16.5189 31.1840 -2.6592
v 17.1149 33.5254 -6.1062
v 11.9292 31.1840 -3.4527
v 17.1149 33.5254 -6.1062
v 12.5252 33.5254 -6.8997
v 15.9080 31.2793 -2.1764
v 16.7016 31.2793 -6.7661
v 13.1361 33.4302 -7.3825
v 15.9080 31.2793 -2.1764
v 13.1361 33.4302 -7.3825
v 12.3425 33.4302 -2.7929
v 8.0273 17.3024 -16.0409
v 3.7389 17.3024 -15.4231
v 4.4529 19.8311 -10.4670
v 8.0273 17.3024 -16.0409
v 4.4529 19.8311 -10.4670
v 8.7413 19.8311 -11.0847
v 4.4188 16.2148 -15.1802
v 5.0366 16.2148 -10.8919
v 8.0614 20.9188 -11.3276
v 4.4188 16.2148 -15.1802
v 8.0614 20.9188 -11.3276
v 7.4436 20.9188 -15.6160
v 14.3440 34.4106 9.9792
v 14.3677 34.4106 6.2998
v 12.3092 37.5739 6.2866
v 14.3440 34.4106 9.9792
v 12.3092 37.5739 6.2866
v 12.2855 37.5739 9.9659
v 15.1752 34.7126 6.7579
v 11.4958 34.7126 6.7342
v 11.4780 37.2719 9.5079
v 15.1752 34.7126 6.7579
v 11.4780 37.2719 9.5079
v 15.1573 37.2719 9.5316
v 6.8119 23.8507 -5.3451
v 3.5455 23.8507 -0.3518
v 6.7484 27.4981 1.7435
v 6.8119 23.8507 -5.3451
v 6.7484 27.4981 1.7435
v 10.0148 27.4981 -3.2498
v 3.4591 23.5018 -2.1737
v 8.4524 23.5018 1.0927
v 10.1012 27.8470 -1.4279
v 3.4591 23.5018 -2.1737
v 10.1012 27.8470 -1.4279
v 5.1079 27.8470 -4.6943
v -10.6029 22.5811 -3.6318
v -10.2645 22.5811 -7.3620
v -12.5707 25.3585 -7.5713
v -10.6029 22.5811 -3.6318
v -12.5707 25.3585 -7.5713
v -12.9091 25.3585 -3.8411
v -9.6007 22.7554 -6.7664
v -13.3309 22.7554 -7.1048
v -13.5729 25.1842 -4.4367
v -9.6007 22.7554 -6.7664
v -13.5729 25.1842 -4.4367
v -9.8427 25.1842 -4.0983
v -8.0423 26.0755 -0.9177
v -4.6464 26.0755 3.2801
v -1.3353 28.1403 0.6016
v -8.0423 26.0755 -0.9177
v -1.3353 28.1403 0.6016
v -4.7312 28.1403 -3.5962
v -5.7444 25.4202 2.8296
v -1.5466 25.4202 -0.5662
v -3.6332 28.7956 -3.1457
v -5.7444 25.4202 2.8296
v -3.6332 28.7956 -3.1457
v -7.8310 28.7956 0.2502
v 12.8520 32.6942 -10.5286
v 16.8344 32.6942 -7.1436
v 18.9613 36.4803 -9.6459
v 12.8520 32.6942 -10.5286
v 18.9613 36.4803 -9.6459
v 14.9789 36.4803 -13.0309
v 15.7667 33.1284 -6.7764
v 19.1517 33.1284 -10.7588
v 16.0466 36.0461 -13.3981
v 15.7667 33.1284 -6.7764
v 16.0466 36.0461 -13.3981
v 12.6616 36.0461 -9.4157
v -10.8584 33.5843 2.5415
v -9.9708 33.5843 -1.6221
v -12.9967 36.0734 -2.2671
v -10.8584 33.5843 2.5415
v -12.9967 36.0734 -2.2671
v -13.8843 36.0734 1.8965
v -9.4615 34.0898 -1.2213
v -13.6251 34.0898 -2.1089
v -14.3936 35.5679 1.4957
v -9.4615 34.0898 -1.2213
v -14.3936 35.5679 1.4957
v -10.2300 35.5679 2.3833
v 15.1306 12.9010 -5.2320
v 11.3666 12.9010 -3.2659
v 12.4720 14.9479 -1.1498
v 15.1306 12.9010 -5.2320
v 12.4720 14.9479 -1.1498
v 16.2360 14.9479 -3.1159
v 11.5482 13.2768 -4.4095
v 13.5143 13.2768 -0.6455
v 16.0544 14.5720 -1.9723
v 11.5482 13.2768 -4.4095
v 16.0544 14.5720 -1.9723
v 14.0883 14.5720 -5.7363
v 3.0115 38.5762 -4.2466
v -0.9175 38.5762 -1.4872
v 0.6302 41.8552 0.7165
v 3.0115 38.5762 -4.2466
v 0.6302 41.8552 0.7165
v 4.5592 41.8552 -2.0429
v -1.0524 39.1341 -2.6806
v 1.7070 39.1341 1.2484
v 4.6941 41.2973 -0.8495
v -1.0524 39.1341 -2.6806
v 4.6941 41.2973 -0.8495
v 1.9347 41.2973 -4.7785
v -0.0340 18.6971 -11.2627
v -4.0301 18.6971 -8.6126
v -1.6152 21.5365 -4.9710
v -0.0340 18.6971 -11.2627
v -1.6152 21.5365 -4.9710
v 2.3810 21.5365 -7.6211
v -4.1480 19.0974 -8.7897
v -1.4979 19.0974 -4.7935
v 2.4988 21.1361 -7.4440
v -4.1480 19.0974 -8.7897
v 2.4988 21.1361 -7.4440
v -0.1512 21.1361 -11.4402
v 15.2243 18.7067 -5.0331
v 11.4297 18.7067 -8.9206
v 9.1494 22.1767 -6.6948
v 15.2243 18.7067 -5.0331
v 9.1494 22.1767 -6.6948
v 12.9441 22.1767 -2.8073
v 12.9159 18.8527 -9.0056
v 9.0285 18.8527 -5.2110
v 11.4578 22.0306 -2.7223
v 12.9159 18.8527 -9.0056
v 11.4578 22.0306 -2.7223
v 15.3452 22.0306 -6.5169
v 3.1678 20.9034 18.6019
v -0.8256 20.9034 14.9266
v -3.2210 23.9776 17.5293
v 3.1678 20.9034 18.6019
v -3.2210 23.9776 17.5293
v 0.7724 23.9776 21.2047
v 0.5716 20.8117 14.9281
v -3.1038 20.8117 18.9215
v -0.6248 24.0694 21.2031
v 0.5716 20.8117 14.9281
v -0.6248 24.0694 21.2031
v 3.0506 24.0694 17.2097
v 4.2749 34.8967 -6.2449
v 7.4213 34.8967 -1.3274
v 9.4512 38.1636 -2.6262
v 4.2749 34.8967 -6.2449
v 9.4512 38.1636 -2.6262
v 6.3048 38.1636 -7.5438
v 5.3588 35.5386 -1.3704
v 10.2764 35.5386 -4.5168
v 8.3673 37.5216 -7.5007
v 5.3588 35.5386 -1.3704
v 8.3673 37.5216 -7.5007
v 3.4497 37.5216 -4.3543
v 7.5425 40.2001 0.6914
v 12.0238 40.2001 0.9074
v 12.2217 43.1847 -3.1982
v 7.5425 40.2001 0.6914
v 12.2217 43.1847 -3.1982
v 7.7404 43.1847 -3.4142
v 11.6383 39.9698 1.0771
v 11.8544 39.9698 -3.4042
v 8.1259 43.4150 -3.5839
v 11.6383 39.9698 1.0771
v 8.1259 43.4150 -3.5839
v 7.9099 43.4150 0.8974
v 20.1718 27.2574 0.9715
v 23.7863 27.2574 0.9443
v 23.7683 29.8023 -1.4355
v 20.1718 27.2574 0.9715
v 23.7683 29.8023 -1.4355
v 20.1539 29.8023 -1.4082
v 23.3291 27.4231 1.5651
v 23.3018 27.4231 -2.0493
v 20.6111 29.6366 -2.0291
v 23.3291 27.4231 1.5651
v 20.6111 29.6366 -2.0291
v 20.6384 29.6366 1.5854
v 18.2629 25.8033 -2.9080
v 19.2384 25.8033 -6.8102
v 17.7242 28.4482 -7.1887
v 18.2629 25.8033 -2.9080
v 17.7242 28.4482 -7.1887
v 16.7487 28.4482 -3.2865
v 20.2310 26.1441 -5.7061
v 16.3288 26.1441 -6.6817
v 15.7561 28.1074 -4.3906
v 20.2310 26.1441 -5.7061
v 15.7561 28.1074 -4.3906
v 19.6583 28.1074 -3.4151
v 23.7439 27.0637 6.2571
v 26.2725 27.0637 2.3392
v 23.3197 29.9477 0.4334
v 23.7439 27.0637 6.2571
v 23.3197 29.9477 0.4334
v 20.7910 29.9477 4.3513
v 26.2826 26.7635 3.3827
v 22.3646 26.7635 0.8540
v 20.7809 30.2478 3.3078
v 26.2826 26.7635 3.3827
v 20.7809 30.2478 3.3078
v 24.6989 30.2478 5.8365
v -5.2570 40.8651 1.4390
v -3.5147 40.8651 5.7389
v -0.8464 45.3944 4.6578
v -5.2570 40.8651 1.4390
v -0.8464 45.3944 4.6578
v -2.5888 45.3944 0.3578
v -4.2558 42.2045 6.2540
v 0.0442 42.2045 4.5117
v -1.8476 44.0551 -0.1573
v -4.2558 42.2045 6.2540
v -1.8476 44.0551 -0.1573
v -6.1476 44.0551 1.5851
v 5.3418 30.2317 2.5985
v 2.4471 30.2317 6.5455
v 6.9158 32.3603 9.8229
v 5.3418 30.2317 2.5985
v 6.9158 32.3603 9.8229
v 9.8106 32.3603 5.8760
v 3.0232 29.0275 6.3070
v 6.9702 29.0275 9.2017
v 9.2344 33.5645 6.1145
v 3.0232 29.0275 6.3070
v 9.2344 33.5645 6.1145
v 5.2874 33.5645 3.2197
v 14.1394 27.8787 -13.9953
v 12.6212 27.8787 -9.8626
v 15.4564 30.4626 -8.8211
v 14.1394 27.8787 -13.9953
v 15.4564 30.4626 -8.8211
v 16.9746 30.4626 -12.9538
v 12.2266 27.8269 -10.7928
v 16.3593 27.8269 -9.2746
v 17.3692 30.5144 -12.0236
v 12.2266 27.8269 -10.7928
v 17.3692 30.5144 -12.0236
v 13.2365 30.5144 -13.5418
v 6.0258 29.1483 -10.4523
v 8.3491 29.1483 -13.8735
v 6.0845 31.3688 -15.4114
v 6.0258 29.1483 -10.4523
v 6.0845 31.3688 -15.4114
v 3.7612 31.3688 -11.9902
v 8.6294 29.3968 -13.0420
v 5.2083 29.3968 -15.3653
v 3.4809 31.1202 -12.8217
v 8.6294 29.3968 -13.0420
v 3.4809 31.1202 -12.8217
v 6.9020 31.1202 -10.4984
v -6.4394 32.8357 -1.2600
v -7.7970 32.8357 -5.7538
v -9.6294 34.9188 -5.2002
v -6.4394 32.8357 -1.2600
v -9.6294 34.9188 -5.2002
v -8.2718 34.9188 -0.7064
v -6.0678 32.8471 -4.8368
v -10.5616 32.8471 -3.4791
v -10.0010 34.9075 -1.6234
v -6.0678 32.8471 -4.8368
v -10.0010 34.9075 -1.6234
v -5.5072 34.9075 -2.9811
v -13.1207 27.8295 -5.9541
v -16.2000 27.8295 -2.5098
v -13.2440 29.9820 0.1330
v -13.1207 27.8295 -5.9541
v -13.2440 29.9820 0.1330
v -10.1647 29.9820 -3.3112
v -15.6637 26.9586 -3.6009
v -12.2195 26.9586 -0.5216
v -10.7010 30.8529 -2.2201
v -15.6637 26.9586 -3.6009
v -10.7010 30.8529 -2.2201
v -14.1452 30.8529 -5.2994
v -4.8322 32.8787 4.7577
v -3.8417 32.8787 1.0558
v -6.1484 35.9985 0.4386
v -4.8322 32.8787 4.7577
v -6.1484 35.9985 0.4386
v -7.1389 35.9985 4.1405
v -3.1801 33.6011 1.3769
v -6.8820 33.6011 0.3864
v -7.8005 35.2761 3.8194
v -3.1801 33.6011 1.3769
v -7.8005 35.2761 3.8194
v -4.0986 35.2761 4.8099
v 25.5142 30.2063 9.2779
v 20.4079 30.2063 9.7879
v 20.7599 33.0599 13.3123
v 25.5142 30.2063 9.2779
v 20.7599 33.0599 13.3123
v 25.8662 33.0599 12.8023
v 21.1947 30.1177 8.9104
v 21.7047 30.1177 14.0168
v 25.0795 33.1484 13.6797
v 21.1947 30.1177 8.9104
v 25.0795 33.1484 13.6797
v 24.5695 33.1484 8.5734
v 13.7335 38.4451 20.1874
v 13.5641 38.4451 16.5371
v 9.6394 41.1227 16.7192
v 13.7335 38.4451 20.1874
v 9.6394 41.1227 16.7192
v 9.8088 41.1227 20.3696
v 13.4304 38.1766 16.6189
v 9.7801 38.1766 16.7883
v 9.9425 41.3912 20.2878
v 13.4304 38.1766 16.6189
v 9.9425 41.3912 20.2878
v 13.5928 41.3912 20.1183
v -3.6153 13.4283 -10.2031
v 0.2471 13.4283 -7.9905
v 1.9011 17.1145 -10.8778
v -3.6153 13.4283 -10.2031
v 1.9011 17.1145 -10.8778
v -1.9613 17.1145 -13.0904
v -0.1346 13.9588 -7.5616
v 2.0780 13.9588 -11.4240
v -1.5796 16.5839 -13.5193
v -0.1346 13.9588 -7.5616
v -1.5796 16.5839 -13.5193
v -3.7923 16.5839 -9.6569
v -7.4784 42.4752 15.3192
v -4.5121 42.4752 12.7322
v -6.9292 44.3323 9.9606
v -7.4784 42.4752 15.3192
v -6.9292 44.3323 9.9606
v -9.8956 44.3323 12.5476
v -4.6905 42.1296 13.0592
v -7.2775 42.1296 10.0929
v -9.7172 44.6779 12.2206
v -4.6905 42.1296 13.0592
v -9.7172 44.6779 12.2206
v -7.1302 44.6779 15.1869
v -5.7574 23.9338 6.5582
v -7.7184 23.9338 10.6479
v -4.9136 26.5431 11.9928
v -5.7574 23.9338 6.5582
v -4.9136 26.5431 11.9928
v -2.9526 26.5431 7.9032
v -8.0251 23.8612 9.6398
v -3.9355 23.8612 11.6008
v -2.6459 26.6157 8.9113
v -8.0251 23.8612 9.6398
v -2.6459 26.6157 8.9113
v -6.7355 26.6157 6.9503
v 10.4115 32.6771 16.3158
v 9.2594 32.6771 11.1405
v 5.4113 35.9260 11.9972
v 10.4115 32.6771 16.3158
v 5.4113 35.9260 11.9972
v 6.5634 35.9260 17.1725
v 10.1668 32.2554 12.0880
v 4.9915 32.2554 13.2401
v 5.6560 36.3476 16.2250
v 10.1668 32.2554 12.0880
v 5.6560 36.3476 16.2250
v 10.8313 36.3476 15.0729
v -0.6020 14.6563 4.3927
v -0.8004 14.6563 0.4441
v -5.5016 19.0019 0.6802
v -0.6020 14.6563 4.3927
v -5.5016 19.0019 0.6802
v -5.3033 19.0019 4.6288
v -1.1841 14.4319 0.3154
v -5.1327 14.4319 0.5137
v -4.9195 19.2263 4.7575
v -1.1841 14.4319 0.3154
v -4.9195 19.2263 4.7575
v -0.9709 19.2263 4.5592
v 8.8068 32.4888 6.7175
v 12.7623 32.4888 6.2935
v 12.2977 35.5860 1.9596
v 8.8068 32.4888 6.7175
v 12.2977 35.5860 1.9596
v 8.3422 35.5860 2.3837
v 12.1921 31.7823 6.1633
v 11.7681 31.7823 2.2077
v 8.9124 36.2925 2.5139
v 12.1921 31.7823 6.1633
v 8.9124 36.2925 2.5139
v 9.3364 36.2925 6.4694
v 9.8558 16.9109 -0.8550
v 7.7718 16.9109 -5.6474
v 4.8567 19.1483 -4.3797
v 9.8558 16.9109 -0.8550
v 4.8567 19.1483 -4.3797
v 6.9407 19.1483 0.4127
v 9.1151 16.9234 -5.1249
v 4.3228 16.9234 -3.0409
v 5.5974 19.1358 -0.1098
v 9.1151 16.9234 -5.1249
v 5.5974 19.1358 -0.1098
v 10.3898 19.1358 -2.1938
v -5.2771 36.6907 16.7400
v -6.0286 36.6907 12.5209
v -9.6574 39.4864 13.1673
v -5.2771 36.6907 16.7400
v -9.6574 39.4864 13.1673
v -8.9059 39.4864 17.3863
v -5.6197 36.3224 13.1073
v -9.8387 36.3224 13.8588
v -9.3148 39.8547 16.8000
v -5.6197 36.3224 13.1073
v -9.3148 39.8547 16.8000
v -5.0958 39.8547 16.0484
v 13.2657 37.4295 -11.7301
v 8.7786 37.4295 -10.3816
v 9.7812 39.1652 -7.0453
v 13.2657 37.4295 -11.7301
v 9.7812 39.1652 -7.0453
v 14.2684 39.1652 -8.3938
v 9.5089 36.9451 -11.2285
v 10.8574 36.9451 -6.7414
v 13.5381 39.6495 -7.5470
v 9.5089 36.9451 -11.2285
v 13.5381 39.6495 -7.5470
v 12.1896 39.6495 -12.0341
v 9.9464 40.4254 15.1683
v 13.4992 40.4254 17.5821
v 14.7854 43.2174 15.6889
v 9.9464 40.4254 15.1683
v 14.7854 43.2174 15.6889
v 11.2326 43.2174 13.2751
v 12.3397 40.7165 18.0072
v 14.7535 40.7165 14.4544
v 12.3921 42.9263 12.8501
v 12.3397 40.7165 18.0072
v 12.3921 42.9263 12.8501
v 9.9783 42.9263 16.4029
v 12.6255 37.6921 8.9720
v 8.0449 37.6921 10.5092
v 9.2192 40.1220 14.0083
v 12.6255 37.6921 8.9720
v 9.2192 40.1220 14.0083
v 13.7998 40.1220 12.4711
v 8.9648 37.0880 9.5989
v 10.5020 37.0880 14.1795
v 12.8799 40.7262 13.3815
v 8.9648 37.0880 9.5989
v 12.8799 40.7262 13.3815
v 11.3427 40.7262 8.8009
v -4.0372 18.4705 -2.0014
v -1.9620 18.4705 1.4742
v 2.1681 21.6865 -0.9918
v -4.0372 18.4705 -2.0014
v 2.1681 21.6865 -0.9918
v 0.0929 21.6865 -4.4674
v -1.5053 18.2931 1.4956
v 1.9704 18.2931 -0.5796
v -0.3638 21.8639 -4.4889
v -1.5053 18.2931 1.4956
v -0.3638 21.8639 -4.4889
v -3.8394 21.8639 -2.4136
v -6.7809 22.2887 -0.3002
v -5.5129 22.2887 -5.5675
v -8.4984 23.9137 -6.2862
v -6.7809 22.2887 -0.3002
v -8.4984 23.9137 -6.2862
v -9.7664 23.9137 -1.0189
v -4.6586 22.1986 -4.1023
v -9.9260 22.1986 -5.3702
v -10.6207 24.0037 -2.4841
v -4.6586 22.1986 -4.1023
v -10.6207 24.0037 -2.4841
v -5.3534 24.0037 -1.2162
v 6.1882 11.3713 -6.7185
v 1.2498 11.3713 -9.2970
v -0.2907 13.6226 -6.3466
v 6.1882 11.3713 -6.7185
v -0.2907 13.6226 -6.3466
v 4.6478 13.6226 -3.7682
v 2.7257 11.4359 -9.7914
v 0.1472 11.4359 -4.8529
v 3.1719 13.5579 -3.2737
v 2.7257 11.4359 -9.7914
v 3.1719 13.5579 -3.2737
v 5.7504 13.5579 -8.2122
v 4.7290 41.5813 3.1782
v 1.2849 41.5813 -0.4724
v -0.8092 44.8134 1.5033
v 4.7290 41.5813 3.1782
v -0.8092 44.8134 1.5033
v 2.6349 44.8134 5.1538
v 2.4924 42.1318 -0.7515
v -1.1581 42.1318 2.6926
v 1.4273 44.2629 5.4330
v 2.4924 42.1318 -0.7515
v 1.4273 44.2629 5.4330
v 5.0778 44.2629 1.9889
v -10.7208 33.0709 6.7628
v -7.9465 33.0709 3.9304
v -10.9310 34.6437 1.0072
v -10.7208 33.0709 6.7628
v -10.9310 34.6437 1.0072
v -13.7052 34.6437 3.8397
v -8.1994 32.4465 4.0366
v -11.0319 32.4465 1.2623
v -13.4523 35.2680 3.7335
v -8.1994 32.4465 4.0366
v -13.4523 35.2680 3.7335
v -10.6198 35.2680 6.5077
v -7.6495 25.5039 13.0145
v -7.0540 25.5039 9.1100
v -9.9344 27.0502 8.6707
v -7.6495 25.5039 13.0145
v -9.9344 27.0502 8.6707
v -10.5299 27.0502 12.5752
v -6.6215 25.4861 9.7096
v -10.5260 25.4861 9.1141
v -10.9624 27.0680 11.9755
v -6.6215 25.4861 9.7096
v -10.9624 27.0680 11.9755
v -7.0579 27.0680 12.5711
v 4.6434 17.1214 15.0441
v 6.2402 17.1214 10.8959
v 3.7919 21.0986 9.9534
v 4.6434 17.1214 15.0441
v 3.7919 21.0986 9.9534
v 2.1951 21.0986 14.1017
v 6.8118 17.2180 11.9463
v 2.6635 17.2180 10.3495
v 1.6235 21.0020 13.0512
v 6.8118 17.2180 11.9463
v 1.6235 21.0020 13.0512
v 5.7718 21.0020 14.6481
v 29.6067 32.0377 7.2868
v 28.4636 32.0377 4.1577
v 23.7611 34.8916 5.8756
v 29.6067 32.0377 7.2868
v 23.7611 34.8916 5.8756
v 24.9042 34.8916 9.0047
v 27.3666 32.1613 3.5959
v 24.2376 32.1613 4.7390
v 26.0012 34.7679 9.5665
v 27.3666 32.1613 3.5959
v 26.0012 34.7679 9.5665
v 29.1302 34.7679 8.4234
v 1.5200 31.5219 0.1288
v 0.0674 31.5219 -4.6920
v -3.0473 33.5881 -3.7535
v 1.5200 31.5219 0.1288
v -3.0473 33.5881 -3.7535
v -1.5947 33.5881 1.0674
v 1.1717 31.5544 -4.1153
v -3.6492 31.5544 -2.6627
v -2.6990 33.5555 0.4907
v 1.1717 31.5544 -4.1153
v -2.6990 33.5555 0.4907
v 2.1219 33.5555 -0.9619
v 15.9804 34.9936 12.7551
v 16.9955 34.9936 9.1600
v 13.1773 37.1488 8.0818
v 15.9804 34.9936 12.7551
v 13.1773 37.1488 8.0818
v 12.1622 37.1488 11.6769
v 16.8955 34.8680 9.0877
v 13.3004 34.8680 8.0726
v 12.2622 37.2743 11.7492
v 16.8955 34.8680 9.0877
v 12.2622 37.2743 11.7492
v 15.8573 37.2743 12.7643
v 8.6286 15.5829 6.7143
v 3.7637 15.5829 6.4695
v 3.5841 18.4733 10.0382
v 8.6286 15.5829 6.7143
v 3.5841 18.4733 10.0382
v 8.4491 18.4733 10.2830
v 4.1252 16.1091 5.8379
v 3.8804 16.1091 10.7029
v 8.0875 17.9471 10.9146
v 4.1252 16.1091 5.8379
v 8.0875 17.9471 10.9146
v 8.3323 17.9471 6.0496
v 11.9702 28.6039 2.3854
v 9.2152 28.6039 -2.6620
v 6.4595 30.4326 -1.1579
v 11.9702 28.6039 2.3854
v 6.4595 30.4326 -1.1579
v 9.2145 30.4326 3.8895
v 11.2835 27.9697 -1.5975
v 6.2361 27.9697 1.1575
v 7.1462 31.0667 2.8249
v 11.2835 27.9697 -1.5975
v 7.1462 31.0667 2.8249
v 12.1936 31.0667 0.0699
v -1.9369 40.5333 13.6717
v -6.7426 40.5333 12.8271
v -7.2773 42.1853 15.8695
v -1.9369 40.5333 13.6717
v -7.2773 42.1853 15.8695
v -2.4715 42.1853 16.7141
v -5.6089 40.3709 12.1175
v -6.4534 40.3709 16.9232
v -3.6052 42.3478 17.4237
v -5.6089 40.3709 12.1175
v -3.6052 42.3478 17.4237
v -2.7607 42.3478 12.6180
v -8.2624 28.8377 3.8626
v -11.6066 28.8377 7.0188
v -9.5212 30.3026 9.2284
v -8.2624 28.8377 3.8626
v -9.5212 30.3026 9.2284
v -6.1771 30.3026 6.0723
v -11.6151 28.9664 5.9543
v -8.4590 28.9664 9.2984
v -6.1685 30.1739 7.1368
v -11.6151 28.9664 5.9543
v -6.1685 30.1739 7.1368
v -9.3247 30.1739 3.7926
v 8.7112 36.1851 23.1855
v 10.0945 36.1851 19.2107
v 6.9696 37.6373 18.1232
v 8.7112 36.1851 23.1855
v 6.9696 37.6373 18.1232
v 5.5863 37.6373 22.0980
v 10.2094 35.5268 20.2496
v 6.2346 35.5268 18.8663
v 5.4715 38.2956 21.0591
v 10.2094 35.5268 20.2496
v 5.4715 38.2956 21.0591
v 9.4462 38.2956 22.4424
v 18.3220 32.7413 -3.2595
v 14.9299 32.7413 -3.0508
v 15.1557 34.1942 0.6190
v 18.3220 32.7413 -3.2595
v 15.1557 34.1942 0.6190
v 18.5479 34.1942 0.4102
v 14.9279 32.4759 -2.9113
v 15.1367 32.4759 0.4808
v 18.5498 34.4596 0.2708
v 14.9279 32.4759 -2.9113
v 18.5498 34.4596 0.2708
v 18.3411 34.4596 -3.1214
v 0.4158 13.0736 -3.4200
v -2.8580 13.0736 -8.3000
v -5.3747 16.8948 -6.6116
v 0.4158 13.0736 -3.4200
v -5.3747 16.8948 -6.6116
v -2.1009 16.8948 -1.7316
v -0.9805 13.2255 -8.0555
v -5.8606 13.2255 -4.7817
v -3.9784 16.7429 -1.9761
v -0.9805 13.2255 -8.0555
v -3.9784 16.7429 -1.9761
v 0.9017 16.7429 -5.2499
v -6.2069 35.8134 8.1062
v -2.0706 35.8134 11.2212
v 0.2482 37.8729 8.1421
v -6.2069 35.8134 8.1062
v 0.2482 37.8729 8.1421
v -3.8881 37.8729 5.0271
v -2.9414 35.9566 11.3938
v 0.1735 35.9566 7.2575
v -3.0173 37.7297 4.8545
v -2.9414 35.9566 11.3938
v -3.0173 37.7297 4.8545
v -6.1323 37.7297 8.9908
v 21.0577 26.5437 -0.9809
v 24.2324 26.5437 -2.6908
v 22.7089 27.8624 -5.5193
v 21.0577 26.5437 -0.9809
v 22.7089 27.8624 -5.5193
v 19.5343 27.8624 -3.8094
v 24.0787 26.3680 -2.3847
v 22.3688 26.3680 -5.5594
v 19.6880 28.0380 -4.1155
v 24.0787 26.3680 -2.3847
v 19.6880 28.0380 -4.1155
v 21.3979 28.0380 -0.9408
v 10.7210 12.6089 3.4344
v 14.4018 12.6089 1.0198
v 11.8433 15.3370 -2.8804
v 10.7210 12.6089 3.4344
v 11.8433 15.3370 -2.8804
v 8.1625 15.3370 -0.4658
v 13.7208 11.7078 1.3096
v 11.3062 11.7078 -2.3712
v 8.8434 16.2381 -0.7556
v 13.7208 11.7078 1.3096
v 8.8434 16.2381 -0.7556
v 11.2580 16.2381 2.9252
v 20.2296 25.1844 3.7504
v 18.6961 25.1844 -0.2754
v 16.2741 29.1437 0.6471
v 20.2296 25.1844 3.7504
v 16.2741 29.1437 0.6471
v 17.8075 29.1437 4.6730
v 19.6787 25.4647 -0.1066
v 15.6529 25.4647 1.4269
v 16.8250 28.8633 4.5041
v 19.6787 25.4647 -0.1066
v 16.8250 28.8633 4.5041
v 20.8508 28.8633 2.9706
vt 0.00000 0.00000
vt 1.00000 0.00000
vt 1.00000 1.00000
vt 0.00000 0.00000
vt 1.00000 1.00000
vt 0.00000 1.00000
vt 0.00000 0.00000
vt 1.00000 0.00000
vt 1.00000 1.00000
vt 0.00000 0.00000
vt 1.00000 1.00000
vt 0.00000 1.00000
vt 0.00000 0.00000
vt 1.00000 0.00000
vt 1.00000 1.00000
vt 0.00000 0.00000
vt 1.00000 1.00000
vt 0.00000 1.00000
vt 0.00000 0.00000
vt 1.00000 0.00000
vt 1.00000 1.00000
vt 0.00000 0.00000
vt 1.00000 1.00000
vt 0.00000 1.00000
vt 0.00000 0.00000
vt 1.00000 0.00000
vt 1.00000 1.00000
vt 0.00000 0.00000
vt 1.00000 1.00000
vt 0.00000 1.00000
vt 0.00000 0.00000
vt 1.00000 0.00000
vt 1.00000 1.00000
vt 0.00000 0.00000
vt 1.00000 1.00000
vt 0.00000 1.00000
vt 0.00000 0.00000
vt 1.00000 0.00000
vt 1.00000 1.00000
vt 0.00000 0.00000
vt 1.00000 1.00000
vt 0.00000 1.00000
vt 0.00000 0.00000
vt 1.00000 0.00000
vt 1.00000 1.00000
vt 0.00000 0.00000
vt 1.00000 1.00000
vt 0.00000 1.00000
vt 0.00000 0.00000
vt 1.00000 0.00000
vt 1.00000 1.00000
vt 0.00000 0.00000
vt 1.00000 1.00000
vt 0.00000 1.00000
vt 0.00000 0.00000
vt 1.00000 0.00000
vt 1.00000 1.00000
vt 0.00000 0.00000
vt 1.00000 1.00000
vt 0.00000 1.00000
vt 0.00000 0.00000
vt 1.00000 0.00000
vt 1.00000 1.00000
vt 0.00000 0.00000
vt 1.00000 1.00000
vt 0.00000 1.00000
vt 0.00000 0.00000
vt 1.00000 0.00000
vt 1.00000 1.00000
vt 0.00000 0.00000
vt 1.00000 1.00000
vt 0.00000 1.00000
vt 0.00000 0.00000
vt 1.00000 0.00000
vt 1.00000 1.00000
vt 0.00000 0.00000
vt 1.00000 1.00000
vt 0.00000 1.00000
vt 0.00000 0.00000
vt 1.00000 0.00000
vt 1.00000 1.00000
vt 0.00000 0.00000
vt 1.00000 1.00000
vt 0.00000 1.00000
vt 0.00000 0.00000
vt 1.00000 0.00000
vt 1.00000 1.00000
vt 0.00000 0.00000
vt 1.00000 1.00000
vt 0.00000 1.00000
vt 0.00000 0.00000
vt 1.00000 0.00000
vt 1.00000 1.00000
vt 0.00000 0.00000
vt 1.00000 1.00000
vt 0.00000 1.00000
vt 0.00000 0.00000
vt 1.00000 0.00000
vt 1.00000 1.00000
vt 0.00000 0.00000
vt 1.00000 1.00000
vt 0.00000 1.00000
vt 0.00000 0.00000
vt 1.00000 0.00000
vt 1.00000 1.00000
vt 0.00000 0.00000
vt 1.00000 1.00000
vt 0.00000 1.00000
vt 0.00000 0.00000
vt 1.00000 0.00000
vt 1.00000 1.00000
vt 0.00000 0.00000
vt 1.00000 1.00000
vt 0.00000 1.00000
vt 0.00000 0.00000
vt 1.00000 0.00000
vt 1.00000 1.00000
vt 0.00000 0.00000
vt 1.00000 1.00000
vt 0.00000 1.00000
vt 0.00000 0.00000
vt 1.00000 0.00000
vt 1.00000 1.00000
vt 0.00000 0.00000
vt 1.00000 1.00000
vt 0.00000 1.00000
vt 0.00000 0.00000
vt 1.00000 0.00000
vt 1.00000 1.00000
vt 0.00000 0.00000
vt 1.00000 1.00000
vt 0.00000 1.00000
vt 0.00000 0.00000
vt 1.00000 0.00000
vt 1.00000 1.00000
vt 0.00000 0.00000
vt 1.00000 1.00000
vt 0.00000 1.00000
vt 0.00000 0.00000
vt 1.00000 0.00000
vt 1.00000 1.00000
vt 0.00000 0.00000
vt 1.00000 1.00000
vt 0.00000 1.00000
vt 0.00000 0.00000
vt 1.00000 0.00000
vt 1.00000 1.00000
vt 0.00000 0.00000
vt 1.00000 1.00000
vt 0.00000 1.00000
vt 0.00000 0.00000
vt 1.00000 0.00000
vt 1.00000 1.00000
vt 0.00000 0.00000
vt 1.00000 1.00000
vt 0.00000 1.00000
vt 0.00000 0.00000
vt 1.00000 0.00000
vt 1.00000 1.00000
vt 0.00000 0.00000
vt 1.00000 1.00000
vt 0.00000 1.00000
vt 0.00000 0.00000
vt 1.00000 0.00000
vt 1.00000 1.00000
vt 0.00000 0.00000
vt 1.00000 1.00000
vt 0.00000 1.00000
vt 0.00000 0.00000
vt 1.00000 0.00000
vt 1.00000 1.00000
vt 0.00000 0.00000
vt 1.00000 1.00000
vt 0.00000 1.00000
vt 0.00000 0.00000
vt 1.00000 0.00000
vt 1.00000 1.00000
vt 0.00000 0.00000
vt 1.00000 1.00000
vt 0.00000 1.00000
vt 0.00000 0.00000
vt 1.00000 0.00000
vt 1.00000 1.00000
vt 0.00000 0.00000
vt 1.00000 1.00000
vt 0.00000 1.00000
vt 0.00000 0.00000
vt 1.00000 0.00000
vt 1.00000 1.00000
vt 0.00000 0.00000
vt 1.00000 1.00000
vt 0.00000 1.00000
vt 0.00000 0.00000
vt 1.00000 0.00000
vt 1.00000 1.00000
vt 0.00000 0.00000
vt 1.00000 1.00000
vt 0.00000 1.00000
vt 0.00000 0.00000
vt 1.00000 0.00000
vt 1.00000 1.00000
vt 0.00000 0.00000
vt 1.00000 1.00000
vt 0.00000 1.00000
vt 0.00000 0.00000
vt 1.00000 0.00000
vt 1.00000 1.00000
vt 0.00000 0.00000
vt 1.00000 1.00000
vt 0.00000 1.00000
vt 0.00000 0.00000
vt 1.00000 0.00000
vt 1.00000 1.00000
vt 0.00000 0.00000
vt 1.00000 1.00000
vt 0.00000 1.00000
vt 0.00000 0.00000
vt 1.00000 0.00000
vt 1.00000 1.00000
vt 0.00000 0.00000
vt 1.00000 1.00000
vt 0.00000 1.00000
vt 0.00000 0.00000
vt 1.00000 0.00000
vt 1.00000 1.00000
vt 0.00000 0.00000
vt 1.00000 1.00000
vt 0.00000 1.00000
vt 0.00000 0.00000
vt 1.00000 0.00000
vt 1.00000 1.00000
vt 0.00000 0.00000
vt 1.00000 1.00000
vt 0.00000 1.00000
vt 0.00000 0.00000
vt 1.00000 0.00000
vt 1.00000 1.00000
vt 0.00000 0.00000
vt 1.00000 1.00000
vt 0.00000 1.00000
vt 0.00000 0.00000
vt 1.00000 0.00000
vt 1.00000 1.00000
vt 0.00000 0.00000
vt 1.00000 1.00000
vt 0.00000 1.00000
vt 0.00000 0.00000
vt 1.00000 0.00000
vt 1.00000 1.00000
vt 0.00000 0.00000
vt 1.00000 1.00000
vt 0.00000 1.00000
vt 0.00000 0.00000
vt 1.00000 0.00000
vt 1.00000 1.00000
vt 0.00000 0.00000
vt 1.00000 1.00000
vt 0.00000 1.00000
vt 0.00000 0.00000
vt 1.00000 0.00000
vt 1.00000 1.00000
vt 0.00000 0.00000
vt 1.00000 1.00000
vt 0.00000 1.00000
vt 0.00000 0.00000
vt 1.00000 0.00000
vt 1.00000 1.00000
vt 0.00000 0.00000
vt 1.00000 1.00000
vt 0.00000 1.00000
vt 0.00000 0.00000
vt 1.00000 0.00000
vt 1.00000 1.00000
vt 0.00000 0.00000
vt 1.00000 1.00000
vt 0.00000 1.00000
vt 0.00000 0.00000
vt 1.00000 0.00000
vt 1.00000 1.00000
vt 0.00000 0.00000
vt 1.00000 1.00000
vt 0.00000 1.00000
vt 0.00000 0.00000
vt 1.00000 0.00000
vt 1.00000 1.00000
vt 0.00000 0.00000
vt 1.00000 1.00000
vt 0.00000 1.00000
vt 0.00000 0.00000
vt 1.00000 0.00000
vt 1.00000 1.00000
vt 0.00000 0.00000
vt 1.00000 1.00000
vt 0.00000 1.00000
vt 0.00000 0.00000
vt 1.00000 0.00000
vt 1.00000 1.00000
vt 0.00000 0.00000
vt 1.00000 1.00000
vt 0.00000 1.00000
vt 0.00000 0.00000
vt 1.00000 0.00000
vt 1.00000 1.00000
vt 0.00000 0.00000
vt 1.00000 1.00000
vt 0.00000 1.00000
vt 0.00000 0.00000
vt 1.00000 0.00000
vt 1.00000 1.00000
vt 0.00000 0.00000
vt 1.00000 1.00000
vt 0.00000 1.00000
vt 0.00000 0.00000
vt 1.00000 0.00000
vt 1.00000 1.00000
vt 0.00000 0.00000
vt 1.00000 1.00000
vt 0.00000 1.00000
vt 0.00000 0.00000
vt 1.00000 0.00000
vt 1.00000 1.00000
vt 0.00000 0.00000
vt 1.00000 1.00000
vt 0.00000 1.00000
vt 0.00000 0.00000
vt 1.00000 0.00000
vt 1.00000 1.00000
vt 0.00000 0.00000
vt 1.00000 1.00000
vt 0.00000 1.00000
vt 0.00000 0.00000
vt 1.00000 0.00000
vt 1.00000 1.00000
vt 0.00000 0.00000
vt 1.00000 1.00000
vt 0.00000 1.00000
vt 0.00000 0.00000
vt 1.00000 0.00000
vt 1.00000 1.00000
vt 0.00000 0.00000
vt 1.00000 1.00000
vt 0.00000 1.00000
vt 0.00000 0.00000
vt 1.00000 0.00000
vt 1.00000 1.00000
vt 0.00000 0.00000
vt 1.00000 1.00000
vt 0.00000 1.00000
vt 0.00000 0.00000
vt 1.00000 0.00000
vt 1.00000 1.00000
vt 0.00000 0.00000
vt 1.00000 1.00000
vt 0.00000 1.00000
vt 0.00000 0.00000
vt 1.00000 0.00000
vt 1.00000 1.00000
vt 0.00000 0.00000
vt 1.00000 1.00000
vt 0.00000 1.00000
vt 0.00000 0.00000
vt 1.00000 0.00000
vt 1.00000 1.00000
vt 0.00000 0.00000
vt 1.00000 1.00000
vt 0.00000 1.00000
vt 0.00000 0.00000
vt 1.00000 0.00000
vt 1.00000 1.00000
vt 0.00000 0.00000
vt 1.00000 1.00000
vt 0.00000 1.00000
vt 0.00000 0.00000
vt 1.00000 0.00000
vt 1.00000 1.00000
vt 0.00000 0.00000
vt 1.00000 1.00000
vt 0.00000 1.00000
vt 0.00000 0.00000
vt 1.00000 0.00000
vt 1.00000 1.00000
vt 0.00000 0.00000
vt 1.00000 1.00000
vt 0.00000 1.00000
vt 0.00000 0.00000
vt 1.00000 0.00000
vt 1.00000 1.00000
vt 0.00000 0.00000
vt 1.00000 1.00000
vt 0.00000 1.00000
vt 0.00000 0.00000
vt 1.00000 0.00000
vt 1.00000 1.00000
vt 0.00000 0.00000
vt 1.00000 1.00000
vt 0.00000 1.00000
vt 0.00000 0.00000
vt 1.00000 0.00000
vt 1.00000 1.00000
vt 0.00000 0.00000
vt 1.00000 1.00000
vt 0.00000 1.00000
vt 0.00000 0.00000
vt 1.00000 0.00000
vt 1.00000 1.00000
vt 0.00000 0.00000
vt 1.00000 1.00000
vt 0.00000 1.00000
vt 0.00000 0.00000
vt 1.00000 0.00000
vt 1.00000 1.00000
vt 0.00000 0.00000
vt 1.00000 1.00000
vt 0.00000 1.00000
vt 0.00000 0.00000
vt 1.00000 0.00000
vt 1.00000 1.00000
vt 0.00000 0.00000
vt 1.00000 1.00000
vt 0.00000 1.00000
vt 0.00000 0.00000
vt 1.00000 0.00000
vt 1.00000 1.00000
vt 0.00000 0.00000
vt 1.00000 1.00000
vt 0.00000 1.00000
vt 0.00000 0.00000
vt 1.00000 0.00000
vt 1.00000 1.00000
vt 0.00000 0.00000
vt 1.00000 1.00000
vt 0.00000 1.00000
vt 0.00000 0.00000
vt 1.00000 0.00000
vt 1.00000 1.00000
vt 0.00000 0.00000
vt 1.00000 1.00000
vt 0.00000 1.00000
vt 0.00000 0.00000
vt 1.00000 0.00000
vt 1.00000 1.00000
vt 0.00000 0.00000
vt 1.00000 1.00000
vt 0.00000 1.00000
vt 0.00000 0.00000
vt 1.00000 0.00000
vt 1.00000 1.00000
vt 0.00000 0.00000
vt 1.00000 1.00000
vt 0.00000 1.00000
vt 0.00000 0.00000
vt 1.00000 0.00000
vt 1.00000 1.00000
vt 0.00000 0.00000
vt 1.00000 1.00000
vt 0.00000 1.00000
vt 0.00000 0.00000
vt 1.00000 0.00000
vt 1.00000 1.00000
vt 0.00000 0.00000
vt 1.00000 1.00000
vt 0.00000 1.00000
vt 0.00000 0.00000
vt 1.00000 0.00000
vt 1.00000 1.00000
vt 0.00000 0.00000
vt 1.00000 1.00000
vt 0.00000 1.00000
vt 0.00000 0.00000
vt 1.00000 0.00000
vt 1.00000 1.00000
vt 0.00000 0.00000
vt 1.00000 1.00000
vt 0.00000 1.00000
vt 0.00000 0.00000
vt 1.00000 0.00000
vt 1.00000 1.00000
vt 0.00000 0.00000
vt 1.00000 1.00000
vt 0.00000 1.00000
vt 0.00000 0.00000
vt 1.00000 0.00000
vt 1.00000 1.00000
vt 0.00000 0.00000
vt 1.00000 1.00000
vt 0.00000 1.00000
vt 0.00000 0.00000
vt 1.00000 0.00000
vt 1.00000 1.00000
vt 0.00000 0.00000
vt 1.00000 1.00000
vt 0.00000 1.00000
vt 0.00000 0.00000
vt 1.00000 0.00000
vt 1.00000 1.00000
vt 0.00000 0.00000
vt 1.00000 1.00000
vt 0.00000 1.00000
vt 0.00000 0.00000
vt 1.00000 0.00000
vt 1.00000 1.00000
vt 0.00000 0.00000
vt 1.00000 1.00000
vt 0.00000 1.00000
vt 0.00000 0.00000
vt 1.00000 0.00000
vt 1.00000 1.00000
vt 0.00000 0.00000
vt 1.00000 1.00000
vt 0.00000 1.00000
vt 0.00000 0.00000
vt 1.00000 0.00000
vt 1.00000 1.00000
vt 0.00000 0.00000
vt 1.00000 1.00000
vt 0.00000 1.00000
vt 0.00000 0.00000
vt 1.00000 0.00000
vt 1.00000 1.00000
vt 0.00000 0.00000
vt 1.00000 1.00000
vt 0.00000 1.00000
vt 0.00000 0.00000
vt 1.00000 0.00000
vt 1.00000 1.00000
vt 0.00000 0.00000
vt 1.00000 1.00000
vt 0.00000 1.00000
vt 0.00000 0.00000
vt 1.00000 0.00000
vt 1.00000 1.00000
vt 0.00000 0.00000
vt 1.00000 1.00000
vt 0.00000 1.00000
vt 0.00000 0.00000
vt 1.00000 0.00000
vt 1.00000 1.00000
vt 0.00000 0.00000
vt 1.00000 1.00000
vt 0.00000 1.00000
vt 0.00000 0.00000
vt 1.00000 0.00000
vt 1.00000 1.00000
vt 0.00000 0.00000
vt 1.00000 1.00000
vt 0.00000 1.00000
vt 0.00000 0.00000
vt 1.00000 0.00000
vt 1.00000 1.00000
vt 0.00000 0.00000
vt 1.00000 1.00000
vt 0.00000 1.00000
vt 0.00000 0.00000
vt 1.00000 0.00000
vt 1.00000 1.00000
vt 0.00000 0.00000
vt 1.00000 1.00000
vt 0.00000 1.00000
vt 0.00000 0.00000
vt 1.00000 0.00000
vt 1.00000 1.00000
vt 0.00000 0.00000
vt 1.00000 1.00000
vt 0.00000 1.00000
vt 0.00000 0.00000
vt 1.00000 0.00000
vt 1.00000 1.00000
vt 0.00000 0.00000
vt 1.00000 1.00000
vt 0.00000 1.00000
vt 0.00000 0.00000
vt 1.00000 0.00000
vt 1.00000 1.00000
vt 0.00000 0.00000
vt 1.00000 1.00000
vt 0.00000 1.00000
vt 0.00000 0.00000
vt 1.00000 0.00000
vt 1.00000 1.00000
vt 0.00000 0.00000
vt 1.00000 1.00000
vt 0.00000 1.00000
vt 0.00000 0.00000
vt 1.00000 0.00000
vt 1.00000 1.00000
vt 0.00000 0.00000
vt 1.00000 1.00000
vt 0.00000 1.00000
vt 0.00000 0.00000
vt 1.00000 0.00000
vt 1.00000 1.00000
vt 0.00000 0.00000
vt 1.00000 1.00000
vt 0.00000 1.00000
vt 0.00000 0.00000
vt 1.00000 0.00000
vt 1.00000 1.00000
vt 0.00000 0.00000
vt 1.00000 1.00000
vt 0.00000 1.00000
vt 0.00000 0.00000
vt 1.00000 0.00000
vt 1.00000 1.00000
vt 0.00000 0.00000
vt 1.00000 1.00000
vt 0.00000 1.00000
vt 0.00000 0.00000
vt 1.00000 0.00000
vt 1.00000 1.00000
vt 0.00000 0.00000
vt 1.00000 1.00000
vt 0.00000 1.00000
vt 0.00000 0.00000
vt 1.00000 0.00000
vt 1.00000 1.00000
vt 0.00000 0.00000
vt 1.00000 1.00000
vt 0.00000 1.00000
vt 0.00000 0.00000
vt 1.00000 0.00000
vt 1.00000 1.00000
vt 0.00000 0.00000
vt 1.00000 1.00000
vt 0.00000 1.00000
vt 0.00000 0.00000
vt 1.00000 0.00000
vt 1.00000 1.00000
vt 0.00000 0.00000
vt 1.00000 1.00000
vt 0.00000 1.00000
vt 0.00000 0.00000
vt 1.00000 0.00000
vt 1.00000 1.00000
vt 0.00000 0.00000
vt 1.00000 1.00000
vt 0.00000 1.00000
vt 0.00000 0.00000
vt 1.00000 0.00000
vt 1.00000 1.00000
vt 0.00000 0.00000
vt 1.00000 1.00000
vt 0.00000 1.00000
vt 0.00000 0.00000
vt 1.00000 0.00000
vt 1.00000 1.00000
vt 0.00000 0.00000
vt 1.00000 1.00000
vt 0.00000 1.00000
vt 0.00000 0.00000
vt 1.00000 0.00000
vt 1.00000 1.00000
vt 0.00000 0.00000
vt 1.00000 1.00000
vt 0.00000 1.00000
vt 0.00000 0.00000
vt 1.00000 0.00000
vt 1.00000 1.00000
vt 0.00000 0.00000
vt 1.00000 1.00000
vt 0.00000 1.00000
vt 0.00000 0.00000
vt 1.00000 0.00000
vt 1.00000 1.00000
vt 0.00000 0.00000
vt 1.00000 1.00000
vt 0.00000 1.00000
vt 0.00000 0.00000
vt 1.00000 0.00000
vt 1.00000 1.00000
vt 0.00000 0.00000
vt 1.00000 1.00000
vt 0.00000 1.00000
vt 0.00000 0.00000
vt 1.00000 0.00000
vt 1.00000 1.00000
vt 0.00000 0.00000
vt 1.00000 1.00000
vt 0.00000 1.00000
vt 0.00000 0.00000
vt 1.00000 0.00000
vt 1.00000 1.00000
vt 0.00000 0.00000
vt 1.00000 1.00000
vt 0.00000 1.00000
vt 0.00000 0.00000
vt 1.00000 0.00000
vt 1.00000 1.00000
vt 0.00000 0.00000
vt 1.00000 1.00000
vt 0.00000 1.00000
vt 0.00000 0.00000
vt 1.00000 0.00000
vt 1.00000 1.00000
vt 0.00000 0.00000
vt 1.00000 1.00000
vt 0.00000 1.00000
vt 0.00000 0.00000
vt 1.00000 0.00000
vt 1.00000 1.00000
vt 0.00000 0.00000
vt 1.00000 1.00000
vt 0.00000 1.00000
vt 0.00000 0.00000
vt 1.00000 0.00000
vt 1.00000 1.00000
vt 0.00000 0.00000
vt 1.00000 1.00000
vt 0.00000 1.00000
vt 0.00000 0.00000
vt 1.00000 0.00000
vt 1.00000 1.00000
vt 0.00000 0.00000
vt 1.00000 1.00000
vt 0.00000 1.00000
vt 0.00000 0.00000
vt 1.00000 0.00000
vt 1.00000 1.00000
vt 0.00000 0.00000
vt 1.00000 1.00000
vt 0.00000 1.00000
vt 0.00000 0.00000
vt 1.00000 0.00000
vt 1.00000 1.00000
vt 0.00000 0.00000
vt 1.00000 1.00000
vt 0.00000 1.00000
vt 0.00000 0.00000
vt 1.00000 0.00000
vt 1.00000 1.00000
vt 0.00000 0.00000
vt 1.00000 1.00000
vt 0.00000 1.00000
vt 0.00000 0.00000
vt 1.00000 0.00000
vt 1.00000 1.00000
vt 0.00000 0.00000
vt 1.00000 1.00000
vt 0.00000 1.00000
vt 0.00000 0.00000
vt 1.00000 0.00000
vt 1.00000 1.00000
vt 0.00000 0.00000
vt 1.00000 1.00000
vt 0.00000 1.00000
vt 0.00000 0.00000
vt 1.00000 0.00000
vt 1.00000 1.00000
vt 0.00000 0.00000
vt 1.00000 1.00000
vt 0.00000 1.00000
vt 0.00000 0.00000
vt 1.00000 0.00000
vt 1.00000 1.00000
vt 0.00000 0.00000
vt 1.00000 1.00000
vt 0.00000 1.00000
vt 0.00000 0.00000
vt 1.00000 0.00000
vt 1.00000 1.00000
vt 0.00000 0.00000
vt 1.00000 1.00000
vt 0.00000 1.00000
vt 0.00000 0.00000
vt 1.00000 0.00000
vt 1.00000 1.00000
vt 0.00000 0.00000
vt 1.00000 1.00000
vt 0.00000 1.00000
vt 0.00000 0.00000
vt 1.00000 0.00000
vt 1.00000 1.00000
vt 0.00000 0.00000
vt 1.00000 1.00000
vt 0.00000 1.00000
vt 0.00000 0.00000
vt 1.00000 0.00000
vt 1.00000 1.00000
vt 0.00000 0.00000
vt 1.00000 1.00000
vt 0.00000 1.00000
vt 0.00000 0.00000
vt 1.00000 0.00000
vt 1.00000 1.00000
vt 0.00000 0.00000
vt 1.00000 1.00000
vt 0.00000 1.00000
vt 0.00000 0.00000
vt 1.00000 0.00000
vt 1.00000 1.00000
vt 0.00000 0.00000
vt 1.00000 1.00000
vt 0.00000 1.00000
vt 0.00000 0.00000
vt 1.00000 0.00000
vt 1.00000 1.00000
vt 0.00000 0.00000
vt 1.00000 1.00000
vt 0.00000 1.00000
vt 0.00000 0.00000
vt 1.00000 0.00000
vt 1.00000 1.00000
vt 0.00000 0.00000
vt 1.00000 1.00000
vt 0.00000 1.00000
vt 0.00000 0.00000
vt 1.00000 0.00000
vt 1.00000 1.00000
vt 0.00000 0.00000
vt 1.00000 1.00000
vt 0.00000 1.00000
vt 0.00000 0.00000
vt 1.00000 0.00000
vt 1.00000 1.00000
vt 0.00000 0.00000
vt 1.00000 1.00000
vt 0.00000 1.00000
vt 0.00000 0.00000
vt 1.00000 0.00000
vt 1.00000 1.00000
vt 0.00000 0.00000
vt 1.00000 1.00000
vt 0.00000 1.00000
vt 0.00000 0.00000
vt 1.00000 0.00000
vt 1.00000 1.00000
vt 0.00000 0.00000
vt 1.00000 1.00000
vt 0.00000 1.00000
vt 0.00000 0.00000
vt 1.00000 0.00000
vt 1.00000 1.00000
vt 0.00000 0.00000
vt 1.00000 1.00000
vt 0.00000 1.00000
vt 0.00000 0.00000
vt 1.00000 0.00000
vt 1.00000 1.00000
vt 0.00000 0.00000
vt 1.00000 1.00000
vt 0.00000 1.00000
vt 0.00000 0.00000
vt 1.00000 0.00000
vt 1.00000 1.00000
vt 0.00000 0.00000
vt 1.00000 1.00000
vt 0.00000 1.00000
vt 0.00000 0.00000
vt 1.00000 0.00000
vt 1.00000 1.00000
vt 0.00000 0.00000
vt 1.00000 1.00000
vt 0.00000 1.00000
vt 0.00000 0.00000
vt 1.00000 0.00000
vt 1.00000 1.00000
vt 0.00000 0.00000
vt 1.00000 1.00000
vt 0.00000 1.00000
vt 0.00000 0.00000
vt 1.00000 0.00000
vt 1.00000 1.00000
vt 0.00000 0.00000
vt 1.00000 1.00000
vt 0.00000 1.00000
vt 0.00000 0.00000
vt 1.00000 0.00000
vt 1.00000 1.00000
vt 0.00000 0.00000
vt 1.00000 1.00000
vt 0.00000 1.00000
vt 0.00000 0.00000
vt 1.00000 0.00000
vt 1.00000 1.00000
vt 0.00000 0.00000
vt 1.00000 1.00000
vt 0.00000 1.00000
vt 0.00000 0.00000
vt 1.00000 0.00000
vt 1.00000 1.00000
vt 0.00000 0.00000
vt 1.00000 1.00000
vt 0.00000 1.00000
vt 0.00000 0.00000
vt 1.00000 0.00000
vt 1.00000 1.00000
vt 0.00000 0.00000
vt 1.00000 1.00000
vt 0.00000 1.00000
vt 0.00000 0.00000
vt 1.00000 0.00000
vt 1.00000 1.00000
vt 0.00000 0.00000
vt 1.00000 1.00000
vt 0.00000 1.00000
vt 0.00000 0.00000
vt 1.00000 0.00000
vt 1.00000 1.00000
vt 0.00000 0.00000
vt 1.00000 1.00000
vt 0.00000 1.00000
vt 0.00000 0.00000
vt 1.00000 0.00000
vt 1.00000 1.00000
vt 0.00000 0.00000
vt 1.00000 1.00000
vt 0.00000 1.00000
vt 0.00000 0.00000
vt 1.00000 0.00000
vt 1.00000 1.00000
vt 0.00000 0.00000
vt 1.00000 1.00000
vt 0.00000 1.00000
vt 0.00000 0.00000
vt 1.00000 0.00000
vt 1.00000 1.00000
vt 0.00000 0.00000
vt 1.00000 1.00000
vt 0.00000 1.00000
vt 0.00000 0.00000
vt 1.00000 0.00000
vt 1.00000 1.00000
vt 0.00000 0.00000
vt 1.00000 1.00000
vt 0.00000 1.00000
vt 0.00000 0.00000
vt 1.00000 0.00000
vt 1.00000 1.00000
vt 0.00000 0.00000
vt 1.00000 1.00000
vt 0.00000 1.00000
vt 0.00000 0.00000
vt 1.00000 0.00000
vt 1.00000 1.00000
vt 0.00000 0.00000
vt 1.00000 1.00000
vt 0.00000 1.00000
vt 0.00000 0.00000
vt 1.00000 0.00000
vt 1.00000 1.00000
vt 0.00000 0.00000
vt 1.00000 1.00000
vt 0.00000 1.00000
vt 0.00000 0.00000
vt 1.00000 0.00000
vt 1.00000 1.00000
vt 0.00000 0.00000
vt 1.00000 1.00000
vt 0.00000 1.00000
vt 0.00000 0.00000
vt 1.00000 0.00000
vt 1.00000 1.00000
vt 0.00000 0.00000
vt 1.00000 1.00000
vt 0.00000 1.00000
vt 0.00000 0.00000
vt 1.00000 0.00000
vt 1.00000 1.00000
vt 0.00000 0.00000
vt 1.00000 1.00000
vt 0.00000 1.00000
vt 0.00000 0.00000
vt 1.00000 0.00000
vt 1.00000 1.00000
vt 0.00000 0.00000
vt 1.00000 1.00000
vt 0.00000 1.00000
vt 0.00000 0.00000
vt 1.00000 0.00000
vt 1.00000 1.00000
vt 0.00000 0.00000
vt 1.00000 1.00000
vt 0.00000 1.00000
vt 0.00000 0.00000
vt 1.00000 0.00000
vt 1.00000 1.00000
vt 0.00000 0.00000
vt 1.00000 1.00000
vt 0.00000 1.00000
vt 0.00000 0.00000
vt 1.00000 0.00000
vt 1.00000 1.00000
vt 0.00000 0.00000
vt 1.00000 1.00000
vt 0.00000 1.00000
vt 0.00000 0.00000
vt 1.00000 0.00000
vt 1.00000 1.00000
vt 0.00000 0.00000
vt 1.00000 1.00000
vt 0.00000 1.00000
vt 0.00000 0.00000
vt 1.00000 0.00000
vt 1.00000 1.00000
vt 0.00000 0.00000
vt 1.00000 1.00000
vt 0.00000 1.00000
vt 0.00000 0.00000
vt 1.00000 0.00000
vt 1.00000 1.00000
vt 0.00000 0.00000
vt 1.00000 1.00000
vt 0.00000 1.00000
vt 0.00000 0.00000
vt 1.00000 0.00000
vt 1.00000 1.00000
vt 0.00000 0.00000
vt 1.00000 1.00000
vt 0.00000 1.00000
vt 0.00000 0.00000
vt 1.00000 0.00000
vt 1.00000 1.00000
vt 0.00000 0.00000
vt 1.00000 1.00000
vt 0.00000 1.00000
vt 0.00000 0.00000
vt 1.00000 0.00000
vt 1.00000 1.00000
vt 0.00000 0.00000
vt 1.00000 1.00000
vt 0.00000 1.00000
vt 0.00000 0.00000
vt 1.00000 0.00000
vt 1.00000 1.00000
vt 0.00000 0.00000
vt 1.00000 1.00000
vt 0.00000 1.00000
vt 0.00000 0.00000
vt 1.00000 0.00000
vt 1.00000 1.00000
vt 0.00000 0.00000
vt 1.00000 1.00000
vt 0.00000 1.00000
vt 0.00000 0.00000
vt 1.00000 0.00000
vt 1.00000 1.00000
vt 0.00000 0.00000
vt 1.00000 1.00000
vt 0.00000 1.00000
vt 0.00000 0.00000
vt 1.00000 0.00000
vt 1.00000 1.00000
vt 0.00000 0.00000
vt 1.00000 1.00000
vt 0.00000 1.00000
vt 0.00000 0.00000
vt 1.00000 0.00000
vt 1.00000 1.00000
vt 0.00000 0.00000
vt 1.00000 1.00000
vt 0.00000 1.00000
vt 0.00000 0.00000
vt 1.00000 0.00000
vt 1.00000 1.00000
vt 0.00000 0.00000
vt 1.00000 1.00000
vt 0.00000 1.00000
vt 0.00000 0.00000
vt 1.00000 0.00000
vt 1.00000 1.00000
vt 0.00000 0.00000
vt 1.00000 1.00000
vt 0.00000 1.00000
vt 0.00000 0.00000
vt 1.00000 0.00000
vt 1.00000 1.00000
vt 0.00000 0.00000
vt 1.00000 1.00000
vt 0.00000 1.00000
vt 0.00000 0.00000
vt 1.00000 0.00000
vt 1.00000 1.00000
vt 0.00000 0.00000
vt 1.00000 1.00000
vt 0.00000 1.00000
vt 0.00000 0.00000
vt 1.00000 0.00000
vt 1.00000 1.00000
vt 0.00000 0.00000
vt 1.00000 1.00000
vt 0.00000 1.00000
vt 0.00000 0.00000
vt 1.00000 0.00000
vt 1.00000 1.00000
vt 0.00000 0.00000
vt 1.00000 1.00000
vt 0.00000 1.00000
vt 0.00000 0.00000
vt 1.00000 0.00000
vt 1.00000 1.00000
vt 0.00000 0.00000
vt 1.00000 1.00000
vt 0.00000 1.00000
vt 0.00000 0.00000
vt 1.00000 0.00000
vt 1.00000 1.00000
vt 0.00000 0.00000
vt 1.00000 1.00000
vt 0.00000 1.00000
vt 0.00000 0.00000
vt 1.00000 0.00000
vt 1.00000 1.00000
vt 0.00000 0.00000
vt 1.00000 1.00000
vt 0.00000 1.00000
vt 0.00000 0.00000
vt 1.00000 0.00000
vt 1.00000 1.00000
vt 0.00000 0.00000
vt 1.00000 1.00000
vt 0.00000 1.00000
vt 0.00000 0.00000
vt 1.00000 0.00000
vt 1.00000 1.00000
vt 0.00000 0.00000
vt 1.00000 1.00000
vt 0.00000 1.00000
vt 0.00000 0.00000
vt 1.00000 0.00000
vt 1.00000 1.00000
vt 0.00000 0.00000
vt 1.00000 1.00000
vt 0.00000 1.00000
vt 0.00000 0.00000
vt 1.00000 0.00000
vt 1.00000 1.00000
vt 0.00000 0.00000
vt 1.00000 1.00000
vt 0.00000 1.00000
vt 0.00000 0.00000
vt 1.00000 0.00000
vt 1.00000 1.00000
vt 0.00000 0.00000
vt 1.00000 1.00000
vt 0.00000 1.00000
vt 0.00000 0.00000
vt 1.00000 0.00000
vt 1.00000 1.00000
vt 0.00000 0.00000
vt 1.00000 1.00000
vt 0.00000 1.00000
vt 0.00000 0.00000
vt 1.00000 0.00000
vt 1.00000 1.00000
vt 0.00000 0.00000
vt 1.00000 1.00000
vt 0.00000 1.00000
vt 0.00000 0.00000
vt 1.00000 0.00000
vt 1.00000 1.00000
vt 0.00000 0.00000
vt 1.00000 1.00000
vt 0.00000 1.00000
vt 0.00000 0.00000
vt 1.00000 0.00000
vt 1.00000 1.00000
vt 0.00000 0.00000
vt 1.00000 1.00000
vt 0.00000 1.00000
vt 0.00000 0.00000
vt 1.00000 0.00000
vt 1.00000 1.00000
vt 0.00000 0.00000
vt 1.00000 1.00000
vt 0.00000 1.00000
vt 0.00000 0.00000
vt 1.00000 0.00000
vt 1.00000 1.00000
vt 0.00000 0.00000
vt 1.00000 1.00000
vt 0.00000 1.00000
vt 0.00000 0.00000
vt 1.00000 0.00000
vt 1.00000 1.00000
vt 0.00000 0.00000
vt 1.00000 1.00000
vt 0.00000 1.00000
vt 0.00000 0.00000
vt 1.00000 0.00000
vt 1.00000 1.00000
vt 0.00000 0.00000
vt 1.00000 1.00000
vt 0.00000 1.00000
vt 0.00000 0.00000
vt 1.00000 0.00000
vt 1.00000 1.00000
vt 0.00000 0.00000
vt 1.00000 1.00000
vt 0.00000 1.00000
vt 0.00000 0.00000
vt 1.00000 0.00000
vt 1.00000 1.00000
vt 0.00000 0.00000
vt 1.00000 1.00000
vt 0.00000 1.00000
vt 0.00000 0.00000
vt 1.00000 0.00000
vt 1.00000 1.00000
vt 0.00000 0.00000
vt 1.00000 1.00000
vt 0.00000 1.00000
vt 0.00000 0.00000
vt 1.00000 0.00000
vt 1.00000 1.00000
vt 0.00000 0.00000
vt 1.00000 1.00000
vt 0.00000 1.00000
vt 0.00000 0.00000
vt 1.00000 0.00000
vt 1.00000 1.00000
vt 0.00000 0.00000
vt 1.00000 1.00000
vt 0.00000 1.00000
vt 0.00000 0.00000
vt 1.00000 0.00000
vt 1.00000 1.00000
vt 0.00000 0.00000
vt 1.00000 1.00000
vt 0.00000 1.00000
vt 0.00000 0.00000
vt 1.00000 0.00000
vt 1.00000 1.00000
vt 0.00000 0.00000
vt 1.00000 1.00000
vt 0.00000 1.00000
vt 0.00000 0.00000
vt 1.00000 0.00000
vt 1.00000 1.00000
vt 0.00000 0.00000
vt 1.00000 1.00000
vt 0.00000 1.00000
vt 0.00000 0.00000
vt 1.00000 0.00000
vt 1.00000 1.00000
vt 0.00000 0.00000
vt 1.00000 1.00000
vt 0.00000 1.00000
vt 0.00000 0.00000
vt 1.00000 0.00000
vt 1.00000 1.00000
vt 0.00000 0.00000
vt 1.00000 1.00000
vt 0.00000 1.00000
vt 0.00000 0.00000
vt 1.00000 0.00000
vt 1.00000 1.00000
vt 0.00000 0.00000
vt 1.00000 1.00000
vt 0.00000 1.00000
vt 0.00000 0.00000
vt 1.00000 0.00000
vt 1.00000 1.00000
vt 0.00000 0.00000
vt 1.00000 1.00000
vt 0.00000 1.00000
vt 0.00000 0.00000
vt 1.00000 0.00000
vt 1.00000 1.00000
vt 0.00000 0.00000
vt 1.00000 1.00000
vt 0.00000 1.00000
vt 0.00000 0.00000
vt 1.00000 0.00000
vt 1.00000 1.00000
vt 0.00000 0.00000
vt 1.00000 1.00000
vt 0.00000 1.00000
vt 0.00000 0.00000
vt 1.00000 0.00000
vt 1.00000 1.00000
vt 0.00000 0.00000
vt 1.00000 1.00000
vt 0.00000 1.00000
vt 0.00000 0.00000
vt 1.00000 0.00000
vt 1.00000 1.00000
vt 0.00000 0.00000
vt 1.00000 1.00000
vt 0.00000 1.00000
vt 0.00000 0.00000
vt 1.00000 0.00000
vt 1.00000 1.00000
vt 0.00000 0.00000
vt 1.00000 1.00000
vt 0.00000 1.00000
vt 0.00000 0.00000
vt 1.00000 0.00000
vt 1.00000 1.00000
vt 0.00000 0.00000
vt 1.00000 1.00000
vt 0.00000 1.00000
vt 0.00000 0.00000
vt 1.00000 0.00000
vt 1.00000 1.00000
vt 0.00000 0.00000
vt 1.00000 1.00000
vt 0.00000 1.00000
vt 0.00000 0.00000
vt 1.00000 0.00000
vt 1.00000 1.00000
vt 0.00000 0.00000
vt 1.00000 1.00000
vt 0.00000 1.00000
vt 0.00000 0.00000
vt 1.00000 0.00000
vt 1.00000 1.00000
vt 0.00000 0.00000
vt 1.00000 1.00000
vt 0.00000 1.00000
vt 0.00000 0.00000
vt 1.00000 0.00000
vt 1.00000 1.00000
vt 0.00000 0.00000
vt 1.00000 1.00000
vt 0.00000 1.00000
vt 0.00000 0.00000
vt 1.00000 0.00000
vt 1.00000 1.00000
vt 0.00000 0.00000
vt 1.00000 1.00000
vt 0.00000 1.00000
vt 0.00000 0.00000
vt 1.00000 0.00000
vt 1.00000 1.00000
vt 0.00000 0.00000
vt 1.00000 1.00000
vt 0.00000 1.00000
vt 0.00000 0.00000
vt 1.00000 0.00000
vt 1.00000 1.00000
vt 0.00000 0.00000
vt 1.00000 1.00000
vt 0.00000 1.00000
vt 0.00000 0.00000
vt 1.00000 0.00000
vt 1.00000 1.00000
vt 0.00000 0.00000
vt 1.00000 1.00000
vt 0.00000 1.00000
vt 0.00000 0.00000
vt 1.00000 0.00000
vt 1.00000 1.00000
vt 0.00000 0.00000
vt 1.00000 1.00000
vt 0.00000 1.00000
vt 0.00000 0.00000
vt 1.00000 0.00000
vt 1.00000 1.00000
vt 0.00000 0.00000
vt 1.00000 1.00000
vt 0.00000 1.00000
vt 0.00000 0.00000
vt 1.00000 0.00000
vt 1.00000 1.00000
vt 0.00000 0.00000
vt 1.00000 1.00000
vt 0.00000 1.00000
vt 0.00000 0.00000
vt 1.00000 0.00000
vt 1.00000 1.00000
vt 0.00000 0.00000
vt 1.00000 1.00000
vt 0.00000 1.00000
vt 0.00000 0.00000
vt 1.00000 0.00000
vt 1.00000 1.00000
vt 0.00000 0.00000
vt 1.00000 1.00000
vt 0.00000 1.00000
vt 0.00000 0.00000
vt 1.00000 0.00000
vt 1.00000 1.00000
vt 0.00000 0.00000
vt 1.00000 1.00000
vt 0.00000 1.00000
vt 0.00000 0.00000
vt 1.00000 0.00000
vt 1.00000 1.00000
vt 0.00000 0.00000
vt 1.00000 1.00000
vt 0.00000 1.00000
vt 0.00000 0.00000
vt 1.00000 0.00000
vt 1.00000 1.00000
vt 0.00000 0.00000
vt 1.00000 1.00000
vt 0.00000 1.00000
vt 0.00000 0.00000
vt 1.00000 0.00000
vt 1.00000 1.00000
vt 0.00000 0.00000
vt 1.00000 1.00000
vt 0.00000 1.00000
vt 0.00000 0.00000
vt 1.00000 0.00000
vt 1.00000 1.00000
vt 0.00000 0.00000
vt 1.00000 1.00000
vt 0.00000 1.00000
vt 0.00000 0.00000
vt 1.00000 0.00000
vt 1.00000 1.00000
vt 0.00000 0.00000
vt 1.00000 1.00000
vt 0.00000 1.00000
vt 0.00000 0.00000
vt 1.00000 0.00000
vt 1.00000 1.00000
vt 0.00000 0.00000
vt 1.00000 1.00000
vt 0.00000 1.00000
vt 0.00000 0.00000
vt 1.00000 0.00000
vt 1.00000 1.00000
vt 0.00000 0.00000
vt 1.00000 1.00000
vt 0.00000 1.00000
vt 0.00000 0.00000
vt 1.00000 0.00000
vt 1.00000 1.00000
vt 0.00000 0.00000
vt 1.00000 1.00000
vt 0.00000 1.00000
vt 0.00000 0.00000
vt 1.00000 0.00000
vt 1.00000 1.00000
vt 0.00000 0.00000
vt 1.00000 1.00000
vt 0.00000 1.00000
vt 0.00000 0.00000
vt 1.00000 0.00000
vt 1.00000 1.00000
vt 0.00000 0.00000
vt 1.00000 1.00000
vt 0.00000 1.00000
vt 0.00000 0.00000
vt 1.00000 0.00000
vt 1.00000 1.00000
vt 0.00000 0.00000
vt 1.00000 1.00000
vt 0.00000 1.00000
vt 0.00000 0.00000
vt 1.00000 0.00000
vt 1.00000 1.00000
vt 0.00000 0.00000
vt 1.00000 1.00000
vt 0.00000 1.00000
vt 0.00000 0.00000
vt 1.00000 0.00000
vt 1.00000 1.00000
vt 0.00000 0.00000
vt 1.00000 1.00000
vt 0.00000 1.00000
vt 0.00000 0.00000
vt 1.00000 0.00000
vt 1.00000 1.00000
vt 0.00000 0.00000
vt 1.00000 1.00000
vt 0.00000 1.00000
vt 0.00000 0.00000
vt 1.00000 0.00000
vt 1.00000 1.00000
vt 0.00000 0.00000
vt 1.00000 1.00000
vt 0.00000 1.00000
vt 0.00000 0.00000
vt 1.00000 0.00000
vt 1.00000 1.00000
vt 0.00000 0.00000
vt 1.00000 1.00000
vt 0.00000 1.00000
vt 0.00000 0.00000
vt 1.00000 0.00000
vt 1.00000 1.00000
vt 0.00000 0.00000
vt 1.00000 1.00000
vt 0.00000 1.00000
vt 0.00000 0.00000
vt 1.00000 0.00000
vt 1.00000 1.00000
vt 0.00000 0.00000
vt 1.00000 1.00000
vt 0.00000 1.00000
vt 0.00000 0.00000
vt 1.00000 0.00000
vt 1.00000 1.00000
vt 0.00000 0.00000
vt 1.00000 1.00000
vt 0.00000 1.00000
vt 0.00000 0.00000
vt 1.00000 0.00000
vt 1.00000 1.00000
vt 0.00000 0.00000
vt 1.00000 1.00000
vt 0.00000 1.00000
vt 0.00000 0.00000
vt 1.00000 0.00000
vt 1.00000 1.00000
vt 0.00000 0.00000
vt 1.00000 1.00000
vt 0.00000 1.00000
vt 0.00000 0.00000
vt 1.00000 0.00000
vt 1.00000 1.00000
vt 0.00000 0.00000
vt 1.00000 1.00000
vt 0.00000 1.00000
vt 0.00000 0.00000
vt 1.00000 0.00000
vt 1.00000 1.00000
vt 0.00000 0.00000
vt 1.00000 1.00000
vt 0.00000 1.00000
vt 0.00000 0.00000
vt 1.00000 0.00000
vt 1.00000 1.00000
vt 0.00000 0.00000
vt 1.00000 1.00000
vt 0.00000 1.00000
vt 0.00000 0.00000
vt 1.00000 0.00000
vt 1.00000 1.00000
vt 0.00000 0.00000
vt 1.00000 1.00000
vt 0.00000 1.00000
vt 0.00000 0.00000
vt 1.00000 0.00000
vt 1.00000 1.00000
vt 0.00000 0.00000
vt 1.00000 1.00000
vt 0.00000 1.00000
vt 0.00000 0.00000
vt 1.00000 0.00000
vt 1.00000 1.00000
vt 0.00000 0.00000
vt 1.00000 1.00000
vt 0.00000 1.00000
vt 0.00000 0.00000
vt 1.00000 0.00000
vt 1.00000 1.00000
vt 0.00000 0.00000
vt 1.00000 1.00000
vt 0.00000 1.00000
vt 0.00000 0.00000
vt 1.00000 0.00000
vt 1.00000 1.00000
vt 0.00000 0.00000
vt 1.00000 1.00000
vt 0.00000 1.00000
vt 0.00000 0.00000
vt 1.00000 0.00000
vt 1.00000 1.00000
vt 0.00000 0.00000
vt 1.00000 1.00000
vt 0.00000 1.00000
vt 0.00000 0.00000
vt 1.00000 0.00000
vt 1.00000 1.00000
vt 0.00000 0.00000
vt 1.00000 1.00000
vt 0.00000 1.00000
vt 0.00000 0.00000
vt 1.00000 0.00000
vt 1.00000 1.00000
vt 0.00000 0.00000
vt 1.00000 1.00000
vt 0.00000 1.00000
vt 0.00000 0.00000
vt 1.00000 0.00000
vt 1.00000 1.00000
vt 0.00000 0.00000
vt 1.00000 1.00000
vt 0.00000 1.00000
vt 0.00000 0.00000
vt 1.00000 0.00000
vt 1.00000 1.00000
vt 0.00000 0.00000
vt 1.00000 1.00000
vt 0.00000 1.00000
vt 0.00000 0.00000
vt 1.00000 0.00000
vt 1.00000 1.00000
vt 0.00000 0.00000
vt 1.00000 1.00000
vt 0.00000 1.00000
vt 0.00000 0.00000
vt 1.00000 0.00000
vt 1.00000 1.00000
vt 0.00000 0.00000
vt 1.00000 1.00000
vt 0.00000 1.00000
vt 0.00000 0.00000
vt 1.00000 0.00000
vt 1.00000 1.00000
vt 0.00000 0.00000
vt 1.00000 1.00000
vt 0.00000 1.00000
vt 0.00000 0.00000
vt 1.00000 0.00000
vt 1.00000 1.00000
vt 0.00000 0.00000
vt 1.00000 1.00000
vt 0.00000 1.00000
vt 0.00000 0.00000
vt 1.00000 0.00000
vt 1.00000 1.00000
vt 0.00000 0.00000
vt 1.00000 1.00000
vt 0.00000 1.00000
vt 0.00000 0.00000
vt 1.00000 0.00000
vt 1.00000 1.00000
vt 0.00000 0.00000
vt 1.00000 1.00000
vt 0.00000 1.00000
vt 0.00000 0.00000
vt 1.00000 0.00000
vt 1.00000 1.00000
vt 0.00000 0.00000
vt 1.00000 1.00000
vt 0.00000 1.00000
vt 0.00000 0.00000
vt 1.00000 0.00000
vt 1.00000 1.00000
vt 0.00000 0.00000
vt 1.00000 1.00000
vt 0.00000 1.00000
vt 0.00000 0.00000
vt 1.00000 0.00000
vt 1.00000 1.00000
vt 0.00000 0.00000
vt 1.00000 1.00000
vt 0.00000 1.00000
vt 0.00000 0.00000
vt 1.00000 0.00000
vt 1.00000 1.00000
vt 0.00000 0.00000
vt 1.00000 1.00000
vt 0.00000 1.00000
vt 0.00000 0.00000
vt 1.00000 0.00000
vt 1.00000 1.00000
vt 0.00000 0.00000
vt 1.00000 1.00000
vt 0.00000 1.00000
vt 0.00000 0.00000
vt 1.00000 0.00000
vt 1.00000 1.00000
vt 0.00000 0.00000
vt 1.00000 1.00000
vt 0.00000 1.00000
vt 0.00000 0.00000
vt 1.00000 0.00000
vt 1.00000 1.00000
vt 0.00000 0.00000
vt 1.00000 1.00000
vt 0.00000 1.00000
vt 0.00000 0.00000
vt 1.00000 0.00000
vt 1.00000 1.00000
vt 0.00000 0.00000
vt 1.00000 1.00000
vt 0.00000 1.00000
vt 0.00000 0.00000
vt 1.00000 0.00000
vt 1.00000 1.00000
vt 0.00000 0.00000
vt 1.00000 1.00000
vt 0.00000 1.00000
vt 0.00000 0.00000
vt 1.00000 0.00000
vt 1.00000 1.00000
vt 0.00000 0.00000
vt 1.00000 1.00000
vt 0.00000 1.00000
vt 0.00000 0.00000
vt 1.00000 0.00000
vt 1.00000 1.00000
vt 0.00000 0.00000
vt 1.00000 1.00000
vt 0.00000 1.00000
vt 0.00000 0.00000
vt 1.00000 0.00000
vt 1.00000 1.00000
vt 0.00000 0.00000
vt 1.00000 1.00000
vt 0.00000 1.00000
vt 0.00000 0.00000
vt 1.00000 0.00000
vt 1.00000 1.00000
vt 0.00000 0.00000
vt 1.00000 1.00000
vt 0.00000 1.00000
vt 0.00000 0.00000
vt 1.00000 0.00000
vt 1.00000 1.00000
vt 0.00000 0.00000
vt 1.00000 1.00000
vt 0.00000 1.00000
vt 0.00000 0.00000
vt 1.00000 0.00000
vt 1.00000 1.00000
vt 0.00000 0.00000
vt 1.00000 1.00000
vt 0.00000 1.00000
vt 0.00000 0.00000
vt 1.00000 0.00000
vt 1.00000 1.00000
vt 0.00000 0.00000
vt 1.00000 1.00000
vt 0.00000 1.00000
vt 0.00000 0.00000
vt 1.00000 0.00000
vt 1.00000 1.00000
vt 0.00000 0.00000
vt 1.00000 1.00000
vt 0.00000 1.00000
vt 0.00000 0.00000
vt 1.00000 0.00000
vt 1.00000 1.00000
vt 0.00000 0.00000
vt 1.00000 1.00000
vt 0.00000 1.00000
vt 0.00000 0.00000
vt 1.00000 0.00000
vt 1.00000 1.00000
vt 0.00000 0.00000
vt 1.00000 1.00000
vt 0.00000 1.00000
vt 0.00000 0.00000
vt 1.00000 0.00000
vt 1.00000 1.00000
vt 0.00000 0.00000
vt 1.00000 1.00000
vt 0.00000 1.00000
vt 0.00000 0.00000
vt 1.00000 0.00000
vt 1.00000 1.00000
vt 0.00000 0.00000
vt 1.00000 1.00000
vt 0.00000 1.00000
vt 0.00000 0.00000
vt 1.00000 0.00000
vt 1.00000 1.00000
vt 0.00000 0.00000
vt 1.00000 1.00000
vt 0.00000 1.00000
vt 0.00000 0.00000
vt 1.00000 0.00000
vt 1.00000 1.00000
vt 0.00000 0.00000
vt 1.00000 1.00000
vt 0.00000 1.00000
vt 0.00000 0.00000
vt 1.00000 0.00000
vt 1.00000 1.00000
vt 0.00000 0.00000
vt 1.00000 1.00000
vt 0.00000 1.00000
vt 0.00000 0.00000
vt 1.00000 0.00000
vt 1.00000 1.00000
vt 0.00000 0.00000
vt 1.00000 1.00000
vt 0.00000 1.00000
vt 0.00000 0.00000
vt 1.00000 0.00000
vt 1.00000 1.00000
vt 0.00000 0.00000
vt 1.00000 1.00000
vt 0.00000 1.00000
vt 0.00000 0.00000
vt 1.00000 0.00000
vt 1.00000 1.00000
vt 0.00000 0.00000
vt 1.00000 1.00000
vt 0.00000 1.00000
vt 0.00000 0.00000
vt 1.00000 0.00000
vt 1.00000 1.00000
vt 0.00000 0.00000
vt 1.00000 1.00000
vt 0.00000 1.00000
vt 0.00000 0.00000
vt 1.00000 0.00000
vt 1.00000 1.00000
vt 0.00000 0.00000
vt 1.00000 1.00000
vt 0.00000 1.00000
vt 0.00000 0.00000
vt 1.00000 0.00000
vt 1.00000 1.00000
vt 0.00000 0.00000
vt 1.00000 1.00000
vt 0.00000 1.00000
vt 0.00000 0.00000
vt 1.00000 0.00000
vt 1.00000 1.00000
vt 0.00000 0.00000
vt 1.00000 1.00000
vt 0.00000 1.00000
vt 0.00000 0.00000
vt 1.00000 0.00000
vt 1.00000 1.00000
vt 0.00000 0.00000
vt 1.00000 1.00000
vt 0.00000 1.00000
vt 0.00000 0.00000
vt 1.00000 0.00000
vt 1.00000 1.00000
vt 0.00000 0.00000
vt 1.00000 1.00000
vt 0.00000 1.00000
vt 0.00000 0.00000
vt 1.00000 0.00000
vt 1.00000 1.00000
vt 0.00000 0.00000
vt 1.00000 1.00000
vt 0.00000 1.00000
vt 0.00000 0.00000
vt 1.00000 0.00000
vt 1.00000 1.00000
vt 0.00000 0.00000
vt 1.00000 1.00000
vt 0.00000 1.00000
vt 0.00000 0.00000
vt 1.00000 0.00000
vt 1.00000 1.00000
vt 0.00000 0.00000
vt 1.00000 1.00000
vt 0.00000 1.00000
vt 0.00000 0.00000
vt 1.00000 0.00000
vt 1.00000 1.00000
vt 0.00000 0.00000
vt 1.00000 1.00000
vt 0.00000 1.00000
vt 0.00000 0.00000
vt 1.00000 0.00000
vt 1.00000 1.00000
vt 0.00000 0.00000
vt 1.00000 1.00000
vt 0.00000 1.00000
vt 0.00000 0.00000
vt 1.00000 0.00000
vt 1.00000 1.00000
vt 0.00000 0.00000
vt 1.00000 1.00000
vt 0.00000 1.00000
vt 0.00000 0.00000
vt 1.00000 0.00000
vt 1.00000 1.00000
vt 0.00000 0.00000
vt 1.00000 1.00000
vt 0.00000 1.00000
vt 0.00000 0.00000
vt 1.00000 0.00000
vt 1.00000 1.00000
vt 0.00000 0.00000
vt 1.00000 1.00000
vt 0.00000 1.00000
vt 0.00000 0.00000
vt 1.00000 0.00000
vt 1.00000 1.00000
vt 0.00000 0.00000
vt 1.00000 1.00000
vt 0.00000 1.00000
vt 0.00000 0.00000
vt 1.00000 0.00000
vt 1.00000 1.00000
vt 0.00000 0.00000
vt 1.00000 1.00000
vt 0.00000 1.00000
vt 0.00000 0.00000
vt 1.00000 0.00000
vt 1.00000 1.00000
vt 0.00000 0.00000
vt 1.00000 1.00000
vt 0.00000 1.00000
vt 0.00000 0.00000
vt 1.00000 0.00000
vt 1.00000 1.00000
vt 0.00000 0.00000
vt 1.00000 1.00000
vt 0.00000 1.00000
vt 0.00000 0.00000
vt 1.00000 0.00000
vt 1.00000 1.00000
vt 0.00000 0.00000
vt 1.00000 1.00000
vt 0.00000 1.00000
vt 0.00000 0.00000
vt 1.00000 0.00000
vt 1.00000 1.00000
vt 0.00000 0.00000
vt 1.00000 1.00000
vt 0.00000 1.00000
vt 0.00000 0.00000
vt 1.00000 0.00000
vt 1.00000 1.00000
vt 0.00000 0.00000
vt 1.00000 1.00000
vt 0.00000 1.00000
vt 0.00000 0.00000
vt 1.00000 0.00000
vt 1.00000 1.00000
vt 0.00000 0.00000
vt 1.00000 1.00000
vt 0.00000 1.00000
vt 0.00000 0.00000
vt 1.00000 0.00000
vt 1.00000 1.00000
vt 0.00000 0.00000
vt 1.00000 1.00000
vt 0.00000 1.00000
vt 0.00000 0.00000
vt 1.00000 0.00000
vt 1.00000 1.00000
vt 0.00000 0.00000
vt 1.00000 1.00000
vt 0.00000 1.00000
vt 0.00000 0.00000
vt 1.00000 0.00000
vt 1.00000 1.00000
vt 0.00000 0.00000
vt 1.00000 1.00000
vt 0.00000 1.00000
vt 0.00000 0.00000
vt 1.00000 0.00000
vt 1.00000 1.00000
vt 0.00000 0.00000
vt 1.00000 1.00000
vt 0.00000 1.00000
vt 0.00000 0.00000
vt 1.00000 0.00000
vt 1.00000 1.00000
vt 0.00000 0.00000
vt 1.00000 1.00000
vt 0.00000 1.00000
vt 0.00000 0.00000
vt 1.00000 0.00000
vt 1.00000 1.00000
vt 0.00000 0.00000
vt 1.00000 1.00000
vt 0.00000 1.00000
vt 0.00000 0.00000
vt 1.00000 0.00000
vt 1.00000 1.00000
vt 0.00000 0.00000
vt 1.00000 1.00000
vt 0.00000 1.00000
vt 0.00000 0.00000
vt 1.00000 0.00000
vt 1.00000 1.00000
vt 0.00000 0.00000
vt 1.00000 1.00000
vt 0.00000 1.00000
vt 0.00000 0.00000
vt 1.00000 0.00000
vt 1.00000 1.00000
vt 0.00000 0.00000
vt 1.00000 1.00000
vt 0.00000 1.00000
vt 0.00000 0.00000
vt 1.00000 0.00000
vt 1.00000 1.00000
vt 0.00000 0.00000
vt 1.00000 1.00000
vt 0.00000 1.00000
vt 0.00000 0.00000
vt 1.00000 0.00000
vt 1.00000 1.00000
vt 0.00000 0.00000
vt 1.00000 1.00000
vt 0.00000 1.00000
vt 0.00000 0.00000
vt 1.00000 0.00000
vt 1.00000 1.00000
vt 0.00000 0.00000
vt 1.00000 1.00000
vt 0.00000 1.00000
vt 0.00000 0.00000
vt 1.00000 0.00000
vt 1.00000 1.00000
vt 0.00000 0.00000
vt 1.00000 1.00000
vt 0.00000 1.00000
vt 0.00000 0.00000
vt 1.00000 0.00000
vt 1.00000 1.00000
vt 0.00000 0.00000
vt 1.00000 1.00000
vt 0.00000 1.00000
vt 0.00000 0.00000
vt 1.00000 0.00000
vt 1.00000 1.00000
vt 0.00000 0.00000
vt 1.00000 1.00000
vt 0.00000 1.00000
vt 0.00000 0.00000
vt 1.00000 0.00000
vt 1.00000 1.00000
vt 0.00000 0.00000
vt 1.00000 1.00000
vt 0.00000 1.00000
vt 0.00000 0.00000
vt 1.00000 0.00000
vt 1.00000 1.00000
vt 0.00000 0.00000
vt 1.00000 1.00000
vt 0.00000 1.00000
vt 0.00000 0.00000
vt 1.00000 0.00000
vt 1.00000 1.00000
vt 0.00000 0.00000
vt 1.00000 1.00000
vt 0.00000 1.00000
vt 0.00000 0.00000
vt 1.00000 0.00000
vt 1.00000 1.00000
vt 0.00000 0.00000
vt 1.00000 1.00000
vt 0.00000 1.00000
vt 0.00000 0.00000
vt 1.00000 0.00000
vt 1.00000 1.00000
vt 0.00000 0.00000
vt 1.00000 1.00000
vt 0.00000 1.00000
vt 0.00000 0.00000
vt 1.00000 0.00000
vt 1.00000 1.00000
vt 0.00000 0.00000
vt 1.00000 1.00000
vt 0.00000 1.00000
vt 0.00000 0.00000
vt 1.00000 0.00000
vt 1.00000 1.00000
vt 0.00000 0.00000
vt 1.00000 1.00000
vt 0.00000 1.00000
vt 0.00000 0.00000
vt 1.00000 0.00000
vt 1.00000 1.00000
vt 0.00000 0.00000
vt 1.00000 1.00000
vt 0.00000 1.00000
vt 0.00000 0.00000
vt 1.00000 0.00000
vt 1.00000 1.00000
vt 0.00000 0.00000
vt 1.00000 1.00000
vt 0.00000 1.00000
vt 0.00000 0.00000
vt 1.00000 0.00000
vt 1.00000 1.00000
vt 0.00000 0.00000
vt 1.00000 1.00000
vt 0.00000 1.00000
vt 0.00000 0.00000
vt 1.00000 0.00000
vt 1.00000 1.00000
vt 0.00000 0.00000
vt 1.00000 1.00000
vt 0.00000 1.00000
vt 0.00000 0.00000
vt 1.00000 0.00000
vt 1.00000 1.00000
vt 0.00000 0.00000
vt 1.00000 1.00000
vt 0.00000 1.00000
vt 0.00000 0.00000
vt 1.00000 0.00000
vt 1.00000 1.00000
vt 0.00000 0.00000
vt 1.00000 1.00000
vt 0.00000 1.00000
vt 0.00000 0.00000
vt 1.00000 0.00000
vt 1.00000 1.00000
vt 0.00000 0.00000
vt 1.00000 1.00000
vt 0.00000 1.00000
vt 0.00000 0.00000
vt 1.00000 0.00000
vt 1.00000 1.00000
vt 0.00000 0.00000
vt 1.00000 1.00000
vt 0.00000 1.00000
vt 0.00000 0.00000
vt 1.00000 0.00000
vt 1.00000 1.00000
vt 0.00000 0.00000
vt 1.00000 1.00000
vt 0.00000 1.00000
vt 0.00000 0.00000
vt 1.00000 0.00000
vt 1.00000 1.00000
vt 0.00000 0.00000
vt 1.00000 1.00000
vt 0.00000 1.00000
vt 0.00000 0.00000
vt 1.00000 0.00000
vt 1.00000 1.00000
vt 0.00000 0.00000
vt 1.00000 1.00000
vt 0.00000 1.00000
vt 0.00000 0.00000
vt 1.00000 0.00000
vt 1.00000 1.00000
vt 0.00000 0.00000
vt 1.00000 1.00000
vt 0.00000 1.00000
vt 0.00000 0.00000
vt 1.00000 0.00000
vt 1.00000 1.00000
vt 0.00000 0.00000
vt 1.00000 1.00000
vt 0.00000 1.00000
vt 0.00000 0.00000
vt 1.00000 0.00000
vt 1.00000 1.00000
vt 0.00000 0.00000
vt 1.00000 1.00000
vt 0.00000 1.00000
vt 0.00000 0.00000
vt 1.00000 0.00000
vt 1.00000 1.00000
vt 0.00000 0.00000
vt 1.00000 1.00000
vt 0.00000 1.00000
vt 0.00000 0.00000
vt 1.00000 0.00000
vt 1.00000 1.00000
vt 0.00000 0.00000
vt 1.00000 1.00000
vt 0.00000 1.00000
vt 0.00000 0.00000
vt 1.00000 0.00000
vt 1.00000 1.00000
vt 0.00000 0.00000
vt 1.00000 1.00000
vt 0.00000 1.00000
vt 0.00000 0.00000
vt 1.00000 0.00000
vt 1.00000 1.00000
vt 0.00000 0.00000
vt 1.00000 1.00000
vt 0.00000 1.00000
vt 0.00000 0.00000
vt 1.00000 0.00000
vt 1.00000 1.00000
vt 0.00000 0.00000
vt 1.00000 1.00000
vt 0.00000 1.00000
vt 0.00000 0.00000
vt 1.00000 0.00000
vt 1.00000 1.00000
vt 0.00000 0.00000
vt 1.00000 1.00000
vt 0.00000 1.00000
vt 0.00000 0.00000
vt 1.00000 0.00000
vt 1.00000 1.00000
vt 0.00000 0.00000
vt 1.00000 1.00000
vt 0.00000 1.00000
vt 0.00000 0.00000
vt 1.00000 0.00000
vt 1.00000 1.00000
vt 0.00000 0.00000
vt 1.00000 1.00000
vt 0.00000 1.00000
vt 0.00000 0.00000
vt 1.00000 0.00000
vt 1.00000 1.00000
vt 0.00000 0.00000
vt 1.00000 1.00000
vt 0.00000 1.00000
vt 0.00000 0.00000
vt 1.00000 0.00000
vt 1.00000 1.00000
vt 0.00000 0.00000
vt 1.00000 1.00000
vt 0.00000 1.00000
vt 0.00000 0.00000
vt 1.00000 0.00000
vt 1.00000 1.00000
vt 0.00000 0.00000
vt 1.00000 1.00000
vt 0.00000 1.00000
vt 0.00000 0.00000
vt 1.00000 0.00000
vt 1.00000 1.00000
vt 0.00000 0.00000
vt 1.00000 1.00000
vt 0.00000 1.00000
vt 0.00000 0.00000
vt 1.00000 0.00000
vt 1.00000 1.00000
vt 0.00000 0.00000
vt 1.00000 1.00000
vt 0.00000 1.00000
vt 0.00000 0.00000
vt 1.00000 0.00000
vt 1.00000 1.00000
vt 0.00000 0.00000
vt 1.00000 1.00000
vt 0.00000 1.00000
vt 0.00000 0.00000
vt 1.00000 0.00000
vt 1.00000 1.00000
vt 0.00000 0.00000
vt 1.00000 1.00000
vt 0.00000 1.00000
vt 0.00000 0.00000
vt 1.00000 0.00000
vt 1.00000 1.00000
vt 0.00000 0.00000
vt 1.00000 1.00000
vt 0.00000 1.00000
vt 0.00000 0.00000
vt 1.00000 0.00000
vt 1.00000 1.00000
vt 0.00000 0.00000
vt 1.00000 1.00000
vt 0.00000 1.00000
vt 0.00000 0.00000
vt 1.00000 0.00000
vt 1.00000 1.00000
vt 0.00000 0.00000
vt 1.00000 1.00000
vt 0.00000 1.00000
vt 0.00000 0.00000
vt 1.00000 0.00000
vt 1.00000 1.00000
vt 0.00000 0.00000
vt 1.00000 1.00000
vt 0.00000 1.00000
vt 0.00000 0.00000
vt 1.00000 0.00000
vt 1.00000 1.00000
vt 0.00000 0.00000
vt 1.00000 1.00000
vt 0.00000 1.00000
vt 0.00000 0.00000
vt 1.00000 0.00000
vt 1.00000 1.00000
vt 0.00000 0.00000
vt 1.00000 1.00000
vt 0.00000 1.00000
vt 0.00000 0.00000
vt 1.00000 0.00000
vt 1.00000 1.00000
vt 0.00000 0.00000
vt 1.00000 1.00000
vt 0.00000 1.00000
vt 0.00000 0.00000
vt 1.00000 0.00000
vt 1.00000 1.00000
vt 0.00000 0.00000
vt 1.00000 1.00000
vt 0.00000 1.00000
vt 0.00000 0.00000
vt 1.00000 0.00000
vt 1.00000 1.00000
vt 0.00000 0.00000
vt 1.00000 1.00000
vt 0.00000 1.00000
vt 0.00000 0.00000
vt 1.00000 0.00000
vt 1.00000 1.00000
vt 0.00000 0.00000
vt 1.00000 1.00000
vt 0.00000 1.00000
vt 0.00000 0.00000
vt 1.00000 0.00000
vt 1.00000 1.00000
vt 0.00000 0.00000
vt 1.00000 1.00000
vt 0.00000 1.00000
vt 0.00000 0.00000
vt 1.00000 0.00000
vt 1.00000 1.00000
vt 0.00000 0.00000
vt 1.00000 1.00000
vt 0.00000 1.00000
vt 0.00000 0.00000
vt 1.00000 0.00000
vt 1.00000 1.00000
vt 0.00000 0.00000
vt 1.00000 1.00000
vt 0.00000 1.00000
vt 0.00000 0.00000
vt 1.00000 0.00000
vt 1.00000 1.00000
vt 0.00000 0.00000
vt 1.00000 1.00000
vt 0.00000 1.00000
vt 0.00000 0.00000
vt 1.00000 0.00000
vt 1.00000 1.00000
vt 0.00000 0.00000
vt 1.00000 1.00000
vt 0.00000 1.00000
vt 0.00000 0.00000
vt 1.00000 0.00000
vt 1.00000 1.00000
vt 0.00000 0.00000
vt 1.00000 1.00000
vt 0.00000 1.00000
vt 0.00000 0.00000
vt 1.00000 0.00000
vt 1.00000 1.00000
vt 0.00000 0.00000
vt 1.00000 1.00000
vt 0.00000 1.00000
vt 0.00000 0.00000
vt 1.00000 0.00000
vt 1.00000 1.00000
vt 0.00000 0.00000
vt 1.00000 1.00000
vt 0.00000 1.00000
vt 0.00000 0.00000
vt 1.00000 0.00000
vt 1.00000 1.00000
vt 0.00000 0.00000
vt 1.00000 1.00000
vt 0.00000 1.00000
vt 0.00000 0.00000
vt 1.00000 0.00000
vt 1.00000 1.00000
vt 0.00000 0.00000
vt 1.00000 1.00000
vt 0.00000 1.00000
vt 0.00000 0.00000
vt 1.00000 0.00000
vt 1.00000 1.00000
vt 0.00000 0.00000
vt 1.00000 1.00000
vt 0.00000 1.00000
vt 0.00000 0.00000
vt 1.00000 0.00000
vt 1.00000 1.00000
vt 0.00000 0.00000
vt 1.00000 1.00000
vt 0.00000 1.00000
vt 0.00000 0.00000
vt 1.00000 0.00000
vt 1.00000 1.00000
vt 0.00000 0.00000
vt 1.00000 1.00000
vt 0.00000 1.00000
vt 0.00000 0.00000
vt 1.00000 0.00000
vt 1.00000 1.00000
vt 0.00000 0.00000
vt 1.00000 1.00000
vt 0.00000 1.00000
vt 0.00000 0.00000
vt 1.00000 0.00000
vt 1.00000 1.00000
vt 0.00000 0.00000
vt 1.00000 1.00000
vt 0.00000 1.00000
vt 0.00000 0.00000
vt 1.00000 0.00000
vt 1.00000 1.00000
vt 0.00000 0.00000
vt 1.00000 1.00000
vt 0.00000 1.00000
vt 0.00000 0.00000
vt 1.00000 0.00000
vt 1.00000 1.00000
vt 0.00000 0.00000
vt 1.00000 1.00000
vt 0.00000 1.00000
vt 0.00000 0.00000
vt 1.00000 0.00000
vt 1.00000 1.00000
vt 0.00000 0.00000
vt 1.00000 1.00000
vt 0.00000 1.00000
vt 0.00000 0.00000
vt 1.00000 0.00000
vt 1.00000 1.00000
vt 0.00000 0.00000
vt 1.00000 1.00000
vt 0.00000 1.00000
vt 0.00000 0.00000
vt 1.00000 0.00000
vt 1.00000 1.00000
vt 0.00000 0.00000
vt 1.00000 1.00000
vt 0.00000 1.00000
vt 0.00000 0.00000
vt 1.00000 0.00000
vt 1.00000 1.00000
vt 0.00000 0.00000
vt 1.00000 1.00000
vt 0.00000 1.00000
vt 0.00000 0.00000
vt 1.00000 0.00000
vt 1.00000 1.00000
vt 0.00000 0.00000
vt 1.00000 1.00000
vt 0.00000 1.00000
vt 0.00000 0.00000
vt 1.00000 0.00000
vt 1.00000 1.00000
vt 0.00000 0.00000
vt 1.00000 1.00000
vt 0.00000 1.00000
vt 0.00000 0.00000
vt 1.00000 0.00000
vt 1.00000 1.00000
vt 0.00000 0.00000
vt 1.00000 1.00000
vt 0.00000 1.00000
vt 0.00000 0.00000
vt 1.00000 0.00000
vt 1.00000 1.00000
vt 0.00000 0.00000
vt 1.00000 1.00000
vt 0.00000 1.00000
vt 0.00000 0.00000
vt 1.00000 0.00000
vt 1.00000 1.00000
vt 0.00000 0.00000
vt 1.00000 1.00000
vt 0.00000 1.00000
vt 0.00000 0.00000
vt 1.00000 0.00000
vt 1.00000 1.00000
vt 0.00000 0.00000
vt 1.00000 1.00000
vt 0.00000 1.00000
vt 0.00000 0.00000
vt 1.00000 0.00000
vt 1.00000 1.00000
vt 0.00000 0.00000
vt 1.00000 1.00000
vt 0.00000 1.00000
vt 0.00000 0.00000
vt 1.00000 0.00000
vt 1.00000 1.00000
vt 0.00000 0.00000
vt 1.00000 1.00000
vt 0.00000 1.00000
vt 0.00000 0.00000
vt 1.00000 0.00000
vt 1.00000 1.00000
vt 0.00000 0.00000
vt 1.00000 1.00000
vt 0.00000 1.00000
vt 0.00000 0.00000
vt 1.00000 0.00000
vt 1.00000 1.00000
vt 0.00000 0.00000
vt 1.00000 1.00000
vt 0.00000 1.00000
vt 0.00000 0.00000
vt 1.00000 0.00000
vt 1.00000 1.00000
vt 0.00000 0.00000
vt 1.00000 1.00000
vt 0.00000 1.00000
vt 0.00000 0.00000
vt 1.00000 0.00000
vt 1.00000 1.00000
vt 0.00000 0.00000
vt 1.00000 1.00000
vt 0.00000 1.00000
vt 0.00000 0.00000
vt 1.00000 0.00000
vt 1.00000 1.00000
vt 0.00000 0.00000
vt 1.00000 1.00000
vt 0.00000 1.00000
vt 0.00000 0.00000
vt 1.00000 0.00000
vt 1.00000 1.00000
vt 0.00000 0.00000
vt 1.00000 1.00000
vt 0.00000 1.00000
vt 0.00000 0.00000
vt 1.00000 0.00000
vt 1.00000 1.00000
vt 0.00000 0.00000
vt 1.00000 1.00000
vt 0.00000 1.00000
vt 0.00000 0.00000
vt 1.00000 0.00000
vt 1.00000 1.00000
vt 0.00000 0.00000
vt 1.00000 1.00000
vt 0.00000 1.00000
vt 0.00000 0.00000
vt 1.00000 0.00000
vt 1.00000 1.00000
vt 0.00000 0.00000
vt 1.00000 1.00000
vt 0.00000 1.00000
vt 0.00000 0.00000
vt 1.00000 0.00000
vt 1.00000 1.00000
vt 0.00000 0.00000
vt 1.00000 1.00000
vt 0.00000 1.00000
vt 0.00000 0.00000
vt 1.00000 0.00000
vt 1.00000 1.00000
vt 0.00000 0.00000
vt 1.00000 1.00000
vt 0.00000 1.00000
vt 0.00000 0.00000
vt 1.00000 0.00000
vt 1.00000 1.00000
vt 0.00000 0.00000
vt 1.00000 1.00000
vt 0.00000 1.00000
vt 0.00000 0.00000
vt 1.00000 0.00000
vt 1.00000 1.00000
vt 0.00000 0.00000
vt 1.00000 1.00000
vt 0.00000 1.00000
vt 0.00000 0.00000
vt 1.00000 0.00000
vt 1.00000 1.00000
vt 0.00000 0.00000
vt 1.00000 1.00000
vt 0.00000 1.00000
vt 0.00000 0.00000
vt 1.00000 0.00000
vt 1.00000 1.00000
vt 0.00000 0.00000
vt 1.00000 1.00000
vt 0.00000 1.00000
vt 0.00000 0.00000
vt 1.00000 0.00000
vt 1.00000 1.00000
vt 0.00000 0.00000
vt 1.00000 1.00000
vt 0.00000 1.00000
vt 0.00000 0.00000
vt 1.00000 0.00000
vt 1.00000 1.00000
vt 0.00000 0.00000
vt 1.00000 1.00000
vt 0.00000 1.00000
vt 0.00000 0.00000
vt 1.00000 0.00000
vt 1.00000 1.00000
vt 0.00000 0.00000
vt 1.00000 1.00000
vt 0.00000 1.00000
vt 0.00000 0.00000
vt 1.00000 0.00000
vt 1.00000 1.00000
vt 0.00000 0.00000
vt 1.00000 1.00000
vt 0.00000 1.00000
vt 0.00000 0.00000
vt 1.00000 0.00000
vt 1.00000 1.00000
vt 0.00000 0.00000
vt 1.00000 1.00000
vt 0.00000 1.00000
vt 0.00000 0.00000
vt 1.00000 0.00000
vt 1.00000 1.00000
vt 0.00000 0.00000
vt 1.00000 1.00000
vt 0.00000 1.00000
vt 0.00000 0.00000
vt 1.00000 0.00000
vt 1.00000 1.00000
vt 0.00000 0.00000
vt 1.00000 1.00000
vt 0.00000 1.00000
vt 0.00000 0.00000
vt 1.00000 0.00000
vt 1.00000 1.00000
vt 0.00000 0.00000
vt 1.00000 1.00000
vt 0.00000 1.00000
vt 0.00000 0.00000
vt 1.00000 0.00000
vt 1.00000 1.00000
vt 0.00000 0.00000
vt 1.00000 1.00000
vt 0.00000 1.00000
vt 0.00000 0.00000
vt 1.00000 0.00000
vt 1.00000 1.00000
vt 0.00000 0.00000
vt 1.00000 1.00000
vt 0.00000 1.00000
vt 0.00000 0.00000
vt 1.00000 0.00000
vt 1.00000 1.00000
vt 0.00000 0.00000
vt 1.00000 1.00000
vt 0.00000 1.00000
vt 0.00000 0.00000
vt 1.00000 0.00000
vt 1.00000 1.00000
vt 0.00000 0.00000
vt 1.00000 1.00000
vt 0.00000 1.00000
vt 0.00000 0.00000
vt 1.00000 0.00000
vt 1.00000 1.00000
vt 0.00000 0.00000
vt 1.00000 1.00000
vt 0.00000 1.00000
vt 0.00000 0.00000
vt 1.00000 0.00000
vt 1.00000 1.00000
vt 0.00000 0.00000
vt 1.00000 1.00000
vt 0.00000 1.00000
vt 0.00000 0.00000
vt 1.00000 0.00000
vt 1.00000 1.00000
vt 0.00000 0.00000
vt 1.00000 1.00000
vt 0.00000 1.00000
vt 0.00000 0.00000
vt 1.00000 0.00000
vt 1.00000 1.00000
vt 0.00000 0.00000
vt 1.00000 1.00000
vt 0.00000 1.00000
vt 0.00000 0.00000
vt 1.00000 0.00000
vt 1.00000 1.00000
vt 0.00000 0.00000
vt 1.00000 1.00000
vt 0.00000 1.00000
vt 0.00000 0.00000
vt 1.00000 0.00000
vt 1.00000 1.00000
vt 0.00000 0.00000
vt 1.00000 1.00000
vt 0.00000 1.00000
vt 0.00000 0.00000
vt 1.00000 0.00000
vt 1.00000 1.00000
vt 0.00000 0.00000
vt 1.00000 1.00000
vt 0.00000 1.00000
vt 0.00000 0.00000
vt 1.00000 0.00000
vt 1.00000 1.00000
vt 0.00000 0.00000
vt 1.00000 1.00000
vt 0.00000 1.00000
vt 0.00000 0.00000
vt 1.00000 0.00000
vt 1.00000 1.00000
vt 0.00000 0.00000
vt 1.00000 1.00000
vt 0.00000 1.00000
vt 0.00000 0.00000
vt 1.00000 0.00000
vt 1.00000 1.00000
vt 0.00000 0.00000
vt 1.00000 1.00000
vt 0.00000 1.00000
vt 0.00000 0.00000
vt 1.00000 0.00000
vt 1.00000 1.00000
vt 0.00000 0.00000
vt 1.00000 1.00000
vt 0.00000 1.00000
vt 0.00000 0.00000
vt 1.00000 0.00000
vt 1.00000 1.00000
vt 0.00000 0.00000
vt 1.00000 1.00000
vt 0.00000 1.00000
vt 0.00000 0.00000
vt 1.00000 0.00000
vt 1.00000 1.00000
vt 0.00000 0.00000
vt 1.00000 1.00000
vt 0.00000 1.00000
vt 0.00000 0.00000
vt 1.00000 0.00000
vt 1.00000 1.00000
vt 0.00000 0.00000
vt 1.00000 1.00000
vt 0.00000 1.00000
vt 0.00000 0.00000
vt 1.00000 0.00000
vt 1.00000 1.00000
vt 0.00000 0.00000
vt 1.00000 1.00000
vt 0.00000 1.00000
vt 0.00000 0.00000
vt 1.00000 0.00000
vt 1.00000 1.00000
vt 0.00000 0.00000
vt 1.00000 1.00000
vt 0.00000 1.00000
vt 0.00000 0.00000
vt 1.00000 0.00000
vt 1.00000 1.00000
vt 0.00000 0.00000
vt 1.00000 1.00000
vt 0.00000 1.00000
vt 0.00000 0.00000
vt 1.00000 0.00000
vt 1.00000 1.00000
vt 0.00000 0.00000
vt 1.00000 1.00000
vt 0.00000 1.00000
vt 0.00000 0.00000
vt 1.00000 0.00000
vt 1.00000 1.00000
vt 0.00000 0.00000
vt 1.00000 1.00000
vt 0.00000 1.00000
vt 0.00000 0.00000
vt 1.00000 0.00000
vt 1.00000 1.00000
vt 0.00000 0.00000
vt 1.00000 1.00000
vt 0.00000 1.00000
vt 0.00000 0.00000
vt 1.00000 0.00000
vt 1.00000 1.00000
vt 0.00000 0.00000
vt 1.00000 1.00000
vt 0.00000 1.00000
vt 0.00000 0.00000
vt 1.00000 0.00000
vt 1.00000 1.00000
vt 0.00000 0.00000
vt 1.00000 1.00000
vt 0.00000 1.00000
vt 0.00000 0.00000
vt 1.00000 0.00000
vt 1.00000 1.00000
vt 0.00000 0.00000
vt 1.00000 1.00000
vt 0.00000 1.00000
vt 0.00000 0.00000
vt 1.00000 0.00000
vt 1.00000 1.00000
vt 0.00000 0.00000
vt 1.00000 1.00000
vt 0.00000 1.00000
vt 0.00000 0.00000
vt 1.00000 0.00000
vt 1.00000 1.00000
vt 0.00000 0.00000
vt 1.00000 1.00000
vt 0.00000 1.00000
vt 0.00000 0.00000
vt 1.00000 0.00000
vt 1.00000 1.00000
vt 0.00000 0.00000
vt 1.00000 1.00000
vt 0.00000 1.00000
vt 0.00000 0.00000
vt 1.00000 0.00000
vt 1.00000 1.00000
vt 0.00000 0.00000
vt 1.00000 1.00000
vt 0.00000 1.00000
vt 0.00000 0.00000
vt 1.00000 0.00000
vt 1.00000 1.00000
vt 0.00000 0.00000
vt 1.00000 1.00000
vt 0.00000 1.00000
vt 0.00000 0.00000
vt 1.00000 0.00000
vt 1.00000 1.00000
vt 0.00000 0.00000
vt 1.00000 1.00000
vt 0.00000 1.00000
vt 0.00000 0.00000
vt 1.00000 0.00000
vt 1.00000 1.00000
vt 0.00000 0.00000
vt 1.00000 1.00000
vt 0.00000 1.00000
vt 0.00000 0.00000
vt 1.00000 0.00000
vt 1.00000 1.00000
vt 0.00000 0.00000
vt 1.00000 1.00000
vt 0.00000 1.00000
vt 0.00000 0.00000
vt 1.00000 0.00000
vt 1.00000 1.00000
vt 0.00000 0.00000
vt 1.00000 1.00000
vt 0.00000 1.00000
vt 0.00000 0.00000
vt 1.00000 0.00000
vt 1.00000 1.00000
vt 0.00000 0.00000
vt 1.00000 1.00000
vt 0.00000 1.00000
vt 0.00000 0.00000
vt 1.00000 0.00000
vt 1.00000 1.00000
vt 0.00000 0.00000
vt 1.00000 1.00000
vt 0.00000 1.00000
vt 0.00000 0.00000
vt 1.00000 0.00000
vt 1.00000 1.00000
vt 0.00000 0.00000
vt 1.00000 1.00000
vt 0.00000 1.00000
vt 0.00000 0.00000
vt 1.00000 0.00000
vt 1.00000 1.00000
vt 0.00000 0.00000
vt 1.00000 1.00000
vt 0.00000 1.00000
vt 0.00000 0.00000
vt 1.00000 0.00000
vt 1.00000 1.00000
vt 0.00000 0.00000
vt 1.00000 1.00000
vt 0.00000 1.00000
vt 0.00000 0.00000
vt 1.00000 0.00000
vt 1.00000 1.00000
vt 0.00000 0.00000
vt 1.00000 1.00000
vt 0.00000 1.00000
vt 0.00000 0.00000
vt 1.00000 0.00000
vt 1.00000 1.00000
vt 0.00000 0.00000
vt 1.00000 1.00000
vt 0.00000 1.00000
vt 0.00000 0.00000
vt 1.00000 0.00000
vt 1.00000 1.00000
vt 0.00000 0.00000
vt 1.00000 1.00000
vt 0.00000 1.00000
vt 0.00000 0.00000
vt 1.00000 0.00000
vt 1.00000 1.00000
vt 0.00000 0.00000
vt 1.00000 1.00000
vt 0.00000 1.00000
vt 0.00000 0.00000
vt 1.00000 0.00000
vt 1.00000 1.00000
vt 0.00000 0.00000
vt 1.00000 1.00000
vt 0.00000 1.00000
vt 0.00000 0.00000
vt 1.00000 0.00000
vt 1.00000 1.00000
vt 0.00000 0.00000
vt 1.00000 1.00000
vt 0.00000 1.00000
vt 0.00000 0.00000
vt 1.00000 0.00000
vt 1.00000 1.00000
vt 0.00000 0.00000
vt 1.00000 1.00000
vt 0.00000 1.00000
vt 0.00000 0.00000
vt 1.00000 0.00000
vt 1.00000 1.00000
vt 0.00000 0.00000
vt 1.00000 1.00000
vt 0.00000 1.00000
vt 0.00000 0.00000
vt 1.00000 0.00000
vt 1.00000 1.00000
vt 0.00000 0.00000
vt 1.00000 1.00000
vt 0.00000 1.00000
vt 0.00000 0.00000
vt 1.00000 0.00000
vt 1.00000 1.00000
vt 0.00000 0.00000
vt 1.00000 1.00000
vt 0.00000 1.00000
vt 0.00000 0.00000
vt 1.00000 0.00000
vt 1.00000 1.00000
vt 0.00000 0.00000
vt 1.00000 1.00000
vt 0.00000 1.00000
vt 0.00000 0.00000
vt 1.00000 0.00000
vt 1.00000 1.00000
vt 0.00000 0.00000
vt 1.00000 1.00000
vt 0.00000 1.00000
vt 0.00000 0.00000
vt 1.00000 0.00000
vt 1.00000 1.00000
vt 0.00000 0.00000
vt 1.00000 1.00000
vt 0.00000 1.00000
vt 0.00000 0.00000
vt 1.00000 0.00000
vt 1.00000 1.00000
vt 0.00000 0.00000
vt 1.00000 1.00000
vt 0.00000 1.00000
vt 0.00000 0.00000
vt 1.00000 0.00000
vt 1.00000 1.00000
vt 0.00000 0.00000
vt 1.00000 1.00000
vt 0.00000 1.00000
vt 0.00000 0.00000
vt 1.00000 0.00000
vt 1.00000 1.00000
vt 0.00000 0.00000
vt 1.00000 1.00000
vt 0.00000 1.00000
vt 0.00000 0.00000
vt 1.00000 0.00000
vt 1.00000 1.00000
vt 0.00000 0.00000
vt 1.00000 1.00000
vt 0.00000 1.00000
vt 0.00000 0.00000
vt 1.00000 0.00000
vt 1.00000 1.00000
vt 0.00000 0.00000
vt 1.00000 1.00000
vt 0.00000 1.00000
vt 0.00000 0.00000
vt 1.00000 0.00000
vt 1.00000 1.00000
vt 0.00000 0.00000
vt 1.00000 1.00000
vt 0.00000 1.00000
vt 0.00000 0.00000
vt 1.00000 0.00000
vt 1.00000 1.00000
vt 0.00000 0.00000
vt 1.00000 1.00000
vt 0.00000 1.00000
vt 0.00000 0.00000
vt 1.00000 0.00000
vt 1.00000 1.00000
vt 0.00000 0.00000
vt 1.00000 1.00000
vt 0.00000 1.00000
vt 0.00000 0.00000
vt 1.00000 0.00000
vt 1.00000 1.00000
vt 0.00000 0.00000
vt 1.00000 1.00000
vt 0.00000 1.00000
vt 0.00000 0.00000
vt 1.00000 0.00000
vt 1.00000 1.00000
vt 0.00000 0.00000
vt 1.00000 1.00000
vt 0.00000 1.00000
vt 0.00000 0.00000
vt 1.00000 0.00000
vt 1.00000 1.00000
vt 0.00000 0.00000
vt 1.00000 1.00000
vt 0.00000 1.00000
vt 0.00000 0.00000
vt 1.00000 0.00000
vt 1.00000 1.00000
vt 0.00000 0.00000
vt 1.00000 1.00000
vt 0.00000 1.00000
vt 0.00000 0.00000
vt 1.00000 0.00000
vt 1.00000 1.00000
vt 0.00000 0.00000
vt 1.00000 1.00000
vt 0.00000 1.00000
vt 0.00000 0.00000
vt 1.00000 0.00000
vt 1.00000 1.00000
vt 0.00000 0.00000
vt 1.00000 1.00000
vt 0.00000 1.00000
vt 0.00000 0.00000
vt 1.00000 0.00000
vt 1.00000 1.00000
vt 0.00000 0.00000
vt 1.00000 1.00000
vt 0.00000 1.00000
vt 0.00000 0.00000
vt 1.00000 0.00000
vt 1.00000 1.00000
vt 0.00000 0.00000
vt 1.00000 1.00000
vt 0.00000 1.00000
vt 0.00000 0.00000
vt 1.00000 0.00000
vt 1.00000 1.00000
vt 0.00000 0.00000
vt 1.00000 1.00000
vt 0.00000 1.00000
vt 0.00000 0.00000
vt 1.00000 0.00000
vt 1.00000 1.00000
vt 0.00000 0.00000
vt 1.00000 1.00000
vt 0.00000 1.00000
vt 0.00000 0.00000
vt 1.00000 0.00000
vt 1.00000 1.00000
vt 0.00000 0.00000
vt 1.00000 1.00000
vt 0.00000 1.00000
vt 0.00000 0.00000
vt 1.00000 0.00000
vt 1.00000 1.00000
vt 0.00000 0.00000
vt 1.00000 1.00000
vt 0.00000 1.00000
vt 0.00000 0.00000
vt 1.00000 0.00000
vt 1.00000 1.00000
vt 0.00000 0.00000
vt 1.00000 1.00000
vt 0.00000 1.00000
vt 0.00000 0.00000
vt 1.00000 0.00000
vt 1.00000 1.00000
vt 0.00000 0.00000
vt 1.00000 1.00000
vt 0.00000 1.00000
vt 0.00000 0.00000
vt 1.00000 0.00000
vt 1.00000 1.00000
vt 0.00000 0.00000
vt 1.00000 1.00000
vt 0.00000 1.00000
vt 0.00000 0.00000
vt 1.00000 0.00000
vt 1.00000 1.00000
vt 0.00000 0.00000
vt 1.00000 1.00000
vt 0.00000 1.00000
vt 0.00000 0.00000
vt 1.00000 0.00000
vt 1.00000 1.00000
vt 0.00000 0.00000
vt 1.00000 1.00000
vt 0.00000 1.00000
vt 0.00000 0.00000
vt 1.00000 0.00000
vt 1.00000 1.00000
vt 0.00000 0.00000
vt 1.00000 1.00000
vt 0.00000 1.00000
vt 0.00000 0.00000
vt 1.00000 0.00000
vt 1.00000 1.00000
vt 0.00000 0.00000
vt 1.00000 1.00000
vt 0.00000 1.00000
vt 0.00000 0.00000
vt 1.00000 0.00000
vt 1.00000 1.00000
vt 0.00000 0.00000
vt 1.00000 1.00000
vt 0.00000 1.00000
vt 0.00000 0.00000
vt 1.00000 0.00000
vt 1.00000 1.00000
vt 0.00000 0.00000
vt 1.00000 1.00000
vt 0.00000 1.00000
vt 0.00000 0.00000
vt 1.00000 0.00000
vt 1.00000 1.00000
vt 0.00000 0.00000
vt 1.00000 1.00000
vt 0.00000 1.00000
vt 0.00000 0.00000
vt 1.00000 0.00000
vt 1.00000 1.00000
vt 0.00000 0.00000
vt 1.00000 1.00000
vt 0.00000 1.00000
vt 0.00000 0.00000
vt 1.00000 0.00000
vt 1.00000 1.00000
vt 0.00000 0.00000
vt 1.00000 1.00000
vt 0.00000 1.00000
vt 0.00000 0.00000
vt 1.00000 0.00000
vt 1.00000 1.00000
vt 0.00000 0.00000
vt 1.00000 1.00000
vt 0.00000 1.00000
vt 0.00000 0.00000
vt 1.00000 0.00000
vt 1.00000 1.00000
vt 0.00000 0.00000
vt 1.00000 1.00000
vt 0.00000 1.00000
vt 0.00000 0.00000
vt 1.00000 0.00000
vt 1.00000 1.00000
vt 0.00000 0.00000
vt 1.00000 1.00000
vt 0.00000 1.00000
vt 0.00000 0.00000
vt 1.00000 0.00000
vt 1.00000 1.00000
vt 0.00000 0.00000
vt 1.00000 1.00000
vt 0.00000 1.00000
vt 0.00000 0.00000
vt 1.00000 0.00000
vt 1.00000 1.00000
vt 0.00000 0.00000
vt 1.00000 1.00000
vt 0.00000 1.00000
vt 0.00000 0.00000
vt 1.00000 0.00000
vt 1.00000 1.00000
vt 0.00000 0.00000
vt 1.00000 1.00000
vt 0.00000 1.00000
vt 0.00000 0.00000
vt 1.00000 0.00000
vt 1.00000 1.00000
vt 0.00000 0.00000
vt 1.00000 1.00000
vt 0.00000 1.00000
vt 0.00000 0.00000
vt 1.00000 0.00000
vt 1.00000 1.00000
vt 0.00000 0.00000
vt 1.00000 1.00000
vt 0.00000 1.00000
vt 0.00000 0.00000
vt 1.00000 0.00000
vt 1.00000 1.00000
vt 0.00000 0.00000
vt 1.00000 1.00000
vt 0.00000 1.00000
vt 0.00000 0.00000
vt 1.00000 0.00000
vt 1.00000 1.00000
vt 0.00000 0.00000
vt 1.00000 1.00000
vt 0.00000 1.00000
vt 0.00000 0.00000
vt 1.00000 0.00000
vt 1.00000 1.00000
vt 0.00000 0.00000
vt 1.00000 1.00000
vt 0.00000 1.00000
vt 0.00000 0.00000
vt 1.00000 0.00000
vt 1.00000 1.00000
vt 0.00000 0.00000
vt 1.00000 1.00000
vt 0.00000 1.00000
vt 0.00000 0.00000
vt 1.00000 0.00000
vt 1.00000 1.00000
vt 0.00000 0.00000
vt 1.00000 1.00000
vt 0.00000 1.00000
vt 0.00000 0.00000
vt 1.00000 0.00000
vt 1.00000 1.00000
vt 0.00000 0.00000
vt 1.00000 1.00000
vt 0.00000 1.00000
vt 0.00000 0.00000
vt 1.00000 0.00000
vt 1.00000 1.00000
vt 0.00000 0.00000
vt 1.00000 1.00000
vt 0.00000 1.00000
vt 0.00000 0.00000
vt 1.00000 0.00000
vt 1.00000 1.00000
vt 0.00000 0.00000
vt 1.00000 1.00000
vt 0.00000 1.00000
vt 0.00000 0.00000
vt 1.00000 0.00000
vt 1.00000 1.00000
vt 0.00000 0.00000
vt 1.00000 1.00000
vt 0.00000 1.00000
vt 0.00000 0.00000
vt 1.00000 0.00000
vt 1.00000 1.00000
vt 0.00000 0.00000
vt 1.00000 1.00000
vt 0.00000 1.00000
vt 0.00000 0.00000
vt 1.00000 0.00000
vt 1.00000 1.00000
vt 0.00000 0.00000
vt 1.00000 1.00000
vt 0.00000 1.00000
vt 0.00000 0.00000
vt 1.00000 0.00000
vt 1.00000 1.00000
vt 0.00000 0.00000
vt 1.00000 1.00000
vt 0.00000 1.00000
vt 0.00000 0.00000
vt 1.00000 0.00000
vt 1.00000 1.00000
vt 0.00000 0.00000
vt 1.00000 1.00000
vt 0.00000 1.00000
vt 0.00000 0.00000
vt 1.00000 0.00000
vt 1.00000 1.00000
vt 0.00000 0.00000
vt 1.00000 1.00000
vt 0.00000 1.00000
vt 0.00000 0.00000
vt 1.00000 0.00000
vt 1.00000 1.00000
vt 0.00000 0.00000
vt 1.00000 1.00000
vt 0.00000 1.00000
vt 0.00000 0.00000
vt 1.00000 0.00000
vt 1.00000 1.00000
vt 0.00000 0.00000
vt 1.00000 1.00000
vt 0.00000 1.00000
vt 0.00000 0.00000
vt 1.00000 0.00000
vt 1.00000 1.00000
vt 0.00000 0.00000
vt 1.00000 1.00000
vt 0.00000 1.00000
vt 0.00000 0.00000
vt 1.00000 0.00000
vt 1.00000 1.00000
vt 0.00000 0.00000
vt 1.00000 1.00000
vt 0.00000 1.00000
vt 0.00000 0.00000
vt 1.00000 0.00000
vt 1.00000 1.00000
vt 0.00000 0.00000
vt 1.00000 1.00000
vt 0.00000 1.00000
vt 0.00000 0.00000
vt 1.00000 0.00000
vt 1.00000 1.00000
vt 0.00000 0.00000
vt 1.00000 1.00000
vt 0.00000 1.00000
vt 0.00000 0.00000
vt 1.00000 0.00000
vt 1.00000 1.00000
vt 0.00000 0.00000
vt 1.00000 1.00000
vt 0.00000 1.00000
vt 0.00000 0.00000
vt 1.00000 0.00000
vt 1.00000 1.00000
vt 0.00000 0.00000
vt 1.00000 1.00000
vt 0.00000 1.00000
vt 0.00000 0.00000
vt 1.00000 0.00000
vt 1.00000 1.00000
vt 0.00000 0.00000
vt 1.00000 1.00000
vt 0.00000 1.00000
vt 0.00000 0.00000
vt 1.00000 0.00000
vt 1.00000 1.00000
vt 0.00000 0.00000
vt 1.00000 1.00000
vt 0.00000 1.00000
vt 0.00000 0.00000
vt 1.00000 0.00000
vt 1.00000 1.00000
vt 0.00000 0.00000
vt 1.00000 1.00000
vt 0.00000 1.00000
vt 0.00000 0.00000
vt 1.00000 0.00000
vt 1.00000 1.00000
vt 0.00000 0.00000
vt 1.00000 1.00000
vt 0.00000 1.00000
vt 0.00000 0.00000
vt 1.00000 0.00000
vt 1.00000 1.00000
vt 0.00000 0.00000
vt 1.00000 1.00000
vt 0.00000 1.00000
vt 0.00000 0.00000
vt 1.00000 0.00000
vt 1.00000 1.00000
vt 0.00000 0.00000
vt 1.00000 1.00000
vt 0.00000 1.00000
vt 0.00000 0.00000
vt 1.00000 0.00000
vt 1.00000 1.00000
vt 0.00000 0.00000
vt 1.00000 1.00000
vt 0.00000 1.00000
vt 0.00000 0.00000
vt 1.00000 0.00000
vt 1.00000 1.00000
vt 0.00000 0.00000
vt 1.00000 1.00000
vt 0.00000 1.00000
vt 0.00000 0.00000
vt 1.00000 0.00000
vt 1.00000 1.00000
vt 0.00000 0.00000
vt 1.00000 1.00000
vt 0.00000 1.00000
vt 0.00000 0.00000
vt 1.00000 0.00000
vt 1.00000 1.00000
vt 0.00000 0.00000
vt 1.00000 1.00000
vt 0.00000 1.00000
vt 0.00000 0.00000
vt 1.00000 0.00000
vt 1.00000 1.00000
vt 0.00000 0.00000
vt 1.00000 1.00000
vt 0.00000 1.00000
vt 0.00000 0.00000
vt 1.00000 0.00000
vt 1.00000 1.00000
vt 0.00000 0.00000
vt 1.00000 1.00000
vt 0.00000 1.00000
vt 0.00000 0.00000
vt 1.00000 0.00000
vt 1.00000 1.00000
vt 0.00000 0.00000
vt 1.00000 1.00000
vt 0.00000 1.00000
vt 0.00000 0.00000
vt 1.00000 0.00000
vt 1.00000 1.00000
vt 0.00000 0.00000
vt 1.00000 1.00000
vt 0.00000 1.00000
vt 0.00000 0.00000
vt 1.00000 0.00000
vt 1.00000 1.00000
vt 0.00000 0.00000
vt 1.00000 1.00000
vt 0.00000 1.00000
vt 0.00000 0.00000
vt 1.00000 0.00000
vt 1.00000 1.00000
vt 0.00000 0.00000
vt 1.00000 1.00000
vt 0.00000 1.00000
vt 0.00000 0.00000
vt 1.00000 0.00000
vt 1.00000 1.00000
vt 0.00000 0.00000
vt 1.00000 1.00000
vt 0.00000 1.00000
vt 0.00000 0.00000
vt 1.00000 0.00000
vt 1.00000 1.00000
vt 0.00000 0.00000
vt 1.00000 1.00000
vt 0.00000 1.00000
vt 0.00000 0.00000
vt 1.00000 0.00000
vt 1.00000 1.00000
vt 0.00000 0.00000
vt 1.00000 1.00000
vt 0.00000 1.00000
vt 0.00000 0.00000
vt 1.00000 0.00000
vt 1.00000 1.00000
vt 0.00000 0.00000
vt 1.00000 1.00000
vt 0.00000 1.00000
vt 0.00000 0.00000
vt 1.00000 0.00000
vt 1.00000 1.00000
vt 0.00000 0.00000
vt 1.00000 1.00000
vt 0.00000 1.00000
vt 0.00000 0.00000
vt 1.00000 0.00000
vt 1.00000 1.00000
vt 0.00000 0.00000
vt 1.00000 1.00000
vt 0.00000 1.00000
vt 0.00000 0.00000
vt 1.00000 0.00000
vt 1.00000 1.00000
vt 0.00000 0.00000
vt 1.00000 1.00000
vt 0.00000 1.00000
vt 0.00000 0.00000
vt 1.00000 0.00000
vt 1.00000 1.00000
vt 0.00000 0.00000
vt 1.00000 1.00000
vt 0.00000 1.00000
vt 0.00000 0.00000
vt 1.00000 0.00000
vt 1.00000 1.00000
vt 0.00000 0.00000
vt 1.00000 1.00000
vt 0.00000 1.00000
vt 0.00000 0.00000
vt 1.00000 0.00000
vt 1.00000 1.00000
vt 0.00000 0.00000
vt 1.00000 1.00000
vt 0.00000 1.00000
vt 0.00000 0.00000
vt 1.00000 0.00000
vt 1.00000 1.00000
vt 0.00000 0.00000
vt 1.00000 1.00000
vt 0.00000 1.00000
vt 0.00000 0.00000
vt 1.00000 0.00000
vt 1.00000 1.00000
vt 0.00000 0.00000
vt 1.00000 1.00000
vt 0.00000 1.00000
vt 0.00000 0.00000
vt 1.00000 0.00000
vt 1.00000 1.00000
vt 0.00000 0.00000
vt 1.00000 1.00000
vt 0.00000 1.00000
vt 0.00000 0.00000
vt 1.00000 0.00000
vt 1.00000 1.00000
vt 0.00000 0.00000
vt 1.00000 1.00000
vt 0.00000 1.00000
vt 0.00000 0.00000
vt 1.00000 0.00000
vt 1.00000 1.00000
vt 0.00000 0.00000
vt 1.00000 1.00000
vt 0.00000 1.00000
vt 0.00000 0.00000
vt 1.00000 0.00000
vt 1.00000 1.00000
vt 0.00000 0.00000
vt 1.00000 1.00000
vt 0.00000 1.00000
vt 0.00000 0.00000
vt 1.00000 0.00000
vt 1.00000 1.00000
vt 0.00000 0.00000
vt 1.00000 1.00000
vt 0.00000 1.00000
vt 0.00000 0.00000
vt 1.00000 0.00000
vt 1.00000 1.00000
vt 0.00000 0.00000
vt 1.00000 1.00000
vt 0.00000 1.00000
vt 0.00000 0.00000
vt 1.00000 0.00000
vt 1.00000 1.00000
vt 0.00000 0.00000
vt 1.00000 1.00000
vt 0.00000 1.00000
vt 0.00000 0.00000
vt 1.00000 0.00000
vt 1.00000 1.00000
vt 0.00000 0.00000
vt 1.00000 1.00000
vt 0.00000 1.00000
vt 0.00000 0.00000
vt 1.00000 0.00000
vt 1.00000 1.00000
vt 0.00000 0.00000
vt 1.00000 1.00000
vt 0.00000 1.00000
vt 0.00000 0.00000
vt 1.00000 0.00000
vt 1.00000 1.00000
vt 0.00000 0.00000
vt 1.00000 1.00000
vt 0.00000 1.00000
vt 0.00000 0.00000
vt 1.00000 0.00000
vt 1.00000 1.00000
vt 0.00000 0.00000
vt 1.00000 1.00000
vt 0.00000 1.00000
vt 0.00000 0.00000
vt 1.00000 0.00000
vt 1.00000 1.00000
vt 0.00000 0.00000
vt 1.00000 1.00000
vt 0.00000 1.00000
vt 0.00000 0.00000
vt 1.00000 0.00000
vt 1.00000 1.00000
vt 0.00000 0.00000
vt 1.00000 1.00000
vt 0.00000 1.00000
vt 0.00000 0.00000
vt 1.00000 0.00000
vt 1.00000 1.00000
vt 0.00000 0.00000
vt 1.00000 1.00000
vt 0.00000 1.00000
vt 0.00000 0.00000
vt 1.00000 0.00000
vt 1.00000 1.00000
vt 0.00000 0.00000
vt 1.00000 1.00000
vt 0.00000 1.00000
vt 0.00000 0.00000
vt 1.00000 0.00000
vt 1.00000 1.00000
vt 0.00000 0.00000
vt 1.00000 1.00000
vt 0.00000 1.00000
vt 0.00000 0.00000
vt 1.00000 0.00000
vt 1.00000 1.00000
vt 0.00000 0.00000
vt 1.00000 1.00000
vt 0.00000 1.00000
vt 0.00000 0.00000
vt 1.00000 0.00000
vt 1.00000 1.00000
vt 0.00000 0.00000
vt 1.00000 1.00000
vt 0.00000 1.00000
vt 0.00000 0.00000
vt 1.00000 0.00000
vt 1.00000 1.00000
vt 0.00000 0.00000
vt 1.00000 1.00000
vt 0.00000 1.00000
vt 0.00000 0.00000
vt 1.00000 0.00000
vt 1.00000 1.00000
vt 0.00000 0.00000
vt 1.00000 1.00000
vt 0.00000 1.00000
vt 0.00000 0.00000
vt 1.00000 0.00000
vt 1.00000 1.00000
vt 0.00000 0.00000
vt 1.00000 1.00000
vt 0.00000 1.00000
vt 0.00000 0.00000
vt 1.00000 0.00000
vt 1.00000 1.00000
vt 0.00000 0.00000
vt 1.00000 1.00000
vt 0.00000 1.00000
vt 0.00000 0.00000
vt 1.00000 0.00000
vt 1.00000 1.00000
vt 0.00000 0.00000
vt 1.00000 1.00000
vt 0.00000 1.00000
vt 0.00000 0.00000
vt 1.00000 0.00000
vt 1.00000 1.00000
vt 0.00000 0.00000
vt 1.00000 1.00000
vt 0.00000 1.00000
vt 0.00000 0.00000
vt 1.00000 0.00000
vt 1.00000 1.00000
vt 0.00000 0.00000
vt 1.00000 1.00000
vt 0.00000 1.00000
vt 0.00000 0.00000
vt 1.00000 0.00000
vt 1.00000 1.00000
vt 0.00000 0.00000
vt 1.00000 1.00000
vt 0.00000 1.00000
vt 0.00000 0.00000
vt 1.00000 0.00000
vt 1.00000 1.00000
vt 0.00000 0.00000
vt 1.00000 1.00000
vt 0.00000 1.00000
vt 0.00000 0.00000
vt 1.00000 0.00000
vt 1.00000 1.00000
vt 0.00000 0.00000
vt 1.00000 1.00000
vt 0.00000 1.00000
vt 0.00000 0.00000
vt 1.00000 0.00000
vt 1.00000 1.00000
vt 0.00000 0.00000
vt 1.00000 1.00000
vt 0.00000 1.00000
vt 0.00000 0.00000
vt 1.00000 0.00000
vt 1.00000 1.00000
vt 0.00000 0.00000
vt 1.00000 1.00000
vt 0.00000 1.00000
vt 0.00000 0.00000
vt 1.00000 0.00000
vt 1.00000 1.00000
vt 0.00000 0.00000
vt 1.00000 1.00000
vt 0.00000 1.00000
vt 0.00000 0.00000
vt 1.00000 0.00000
vt 1.00000 1.00000
vt 0.00000 0.00000
vt 1.00000 1.00000
vt 0.00000 1.00000
vt 0.00000 0.00000
vt 1.00000 0.00000
vt 1.00000 1.00000
vt 0.00000 0.00000
vt 1.00000 1.00000
vt 0.00000 1.00000
vt 0.00000 0.00000
vt 1.00000 0.00000
vt 1.00000 1.00000
vt 0.00000 0.00000
vt 1.00000 1.00000
vt 0.00000 1.00000
vt 0.00000 0.00000
vt 1.00000 0.00000
vt 1.00000 1.00000
vt 0.00000 0.00000
vt 1.00000 1.00000
vt 0.00000 1.00000
vt 0.00000 0.00000
vt 1.00000 0.00000
vt 1.00000 1.00000
vt 0.00000 0.00000
vt 1.00000 1.00000
vt 0.00000 1.00000
vt 0.00000 0.00000
vt 1.00000 0.00000
vt 1.00000 1.00000
vt 0.00000 0.00000
vt 1.00000 1.00000
vt 0.00000 1.00000
vt 0.00000 0.00000
vt 1.00000 0.00000
vt 1.00000 1.00000
vt 0.00000 0.00000
vt 1.00000 1.00000
vt 0.00000 1.00000
vt 0.00000 0.00000
vt 1.00000 0.00000
vt 1.00000 1.00000
vt 0.00000 0.00000
vt 1.00000 1.00000
vt 0.00000 1.00000
vt 0.00000 0.00000
vt 1.00000 0.00000
vt 1.00000 1.00000
vt 0.00000 0.00000
vt 1.00000 1.00000
vt 0.00000 1.00000
vt 0.00000 0.00000
vt 1.00000 0.00000
vt 1.00000 1.00000
vt 0.00000 0.00000
vt 1.00000 1.00000
vt 0.00000 1.00000
vt 0.00000 0.00000
vt 1.00000 0.00000
vt 1.00000 1.00000
vt 0.00000 0.00000
vt 1.00000 1.00000
vt 0.00000 1.00000
vt 0.00000 0.00000
vt 1.00000 0.00000
vt 1.00000 1.00000
vt 0.00000 0.00000
vt 1.00000 1.00000
vt 0.00000 1.00000
vt 0.00000 0.00000
vt 1.00000 0.00000
vt 1.00000 1.00000
vt 0.00000 0.00000
vt 1.00000 1.00000
vt 0.00000 1.00000
vt 0.00000 0.00000
vt 1.00000 0.00000
vt 1.00000 1.00000
vt 0.00000 0.00000
vt 1.00000 1.00000
vt 0.00000 1.00000
vt 0.00000 0.00000
vt 1.00000 0.00000
vt 1.00000 1.00000
vt 0.00000 0.00000
vt 1.00000 1.00000
vt 0.00000 1.00000
vt 0.00000 0.00000
vt 1.00000 0.00000
vt 1.00000 1.00000
vt 0.00000 0.00000
vt 1.00000 1.00000
vt 0.00000 1.00000
vt 0.00000 0.00000
vt 1.00000 0.00000
vt 1.00000 1.00000
vt 0.00000 0.00000
vt 1.00000 1.00000
vt 0.00000 1.00000
vt 0.00000 0.00000
vt 1.00000 0.00000
vt 1.00000 1.00000
vt 0.00000 0.00000
vt 1.00000 1.00000
vt 0.00000 1.00000
vt 0.00000 0.00000
vt 1.00000 0.00000
vt 1.00000 1.00000
vt 0.00000 0.00000
vt 1.00000 1.00000
vt 0.00000 1.00000
vt 0.00000 0.00000
vt 1.00000 0.00000
vt 1.00000 1.00000
vt 0.00000 0.00000
vt 1.00000 1.00000
vt 0.00000 1.00000
vt 0.00000 0.00000
vt 1.00000 0.00000
vt 1.00000 1.00000
vt 0.00000 0.00000
vt 1.00000 1.00000
vt 0.00000 1.00000
vt 0.00000 0.00000
vt 1.00000 0.00000
vt 1.00000 1.00000
vt 0.00000 0.00000
vt 1.00000 1.00000
vt 0.00000 1.00000
vt 0.00000 0.00000
vt 1.00000 0.00000
vt 1.00000 1.00000
vt 0.00000 0.00000
vt 1.00000 1.00000
vt 0.00000 1.00000
vt 0.00000 0.00000
vt 1.00000 0.00000
vt 1.00000 1.00000
vt 0.00000 0.00000
vt 1.00000 1.00000
vt 0.00000 1.00000
vt 0.00000 0.00000
vt 1.00000 0.00000
vt 1.00000 1.00000
vt 0.00000 0.00000
vt 1.00000 1.00000
vt 0.00000 1.00000
vt 0.00000 0.00000
vt 1.00000 0.00000
vt 1.00000 1.00000
vt 0.00000 0.00000
vt 1.00000 1.00000
vt 0.00000 1.00000
vt 0.00000 0.00000
vt 1.00000 0.00000
vt 1.00000 1.00000
vt 0.00000 0.00000
vt 1.00000 1.00000
vt 0.00000 1.00000
vt 0.00000 0.00000
vt 1.00000 0.00000
vt 1.00000 1.00000
vt 0.00000 0.00000
vt 1.00000 1.00000
vt 0.00000 1.00000
vt 0.00000 0.00000
vt 1.00000 0.00000
vt 1.00000 1.00000
vt 0.00000 0.00000
vt 1.00000 1.00000
vt 0.00000 1.00000
vt 0.00000 0.00000
vt 1.00000 0.00000
vt 1.00000 1.00000
vt 0.00000 0.00000
vt 1.00000 1.00000
vt 0.00000 1.00000
vt 0.00000 0.00000
vt 1.00000 0.00000
vt 1.00000 1.00000
vt 0.00000 0.00000
vt 1.00000 1.00000
vt 0.00000 1.00000
vt 0.00000 0.00000
vt 1.00000 0.00000
vt 1.00000 1.00000
vt 0.00000 0.00000
vt 1.00000 1.00000
vt 0.00000 1.00000
vt 0.00000 0.00000
vt 1.00000 0.00000
vt 1.00000 1.00000
vt 0.00000 0.00000
vt 1.00000 1.00000
vt 0.00000 1.00000
vt 0.00000 0.00000
vt 1.00000 0.00000
vt 1.00000 1.00000
vt 0.00000 0.00000
vt 1.00000 1.00000
vt 0.00000 1.00000
vt 0.00000 0.00000
vt 1.00000 0.00000
vt 1.00000 1.00000
vt 0.00000 0.00000
vt 1.00000 1.00000
vt 0.00000 1.00000
vt 0.00000 0.00000
vt 1.00000 0.00000
vt 1.00000 1.00000
vt 0.00000 0.00000
vt 1.00000 1.00000
vt 0.00000 1.00000
vt 0.00000 0.00000
vt 1.00000 0.00000
vt 1.00000 1.00000
vt 0.00000 0.00000
vt 1.00000 1.00000
vt 0.00000 1.00000
vt 0.00000 0.00000
vt 1.00000 0.00000
vt 1.00000 1.00000
vt 0.00000 0.00000
vt 1.00000 1.00000
vt 0.00000 1.00000
vt 0.00000 0.00000
vt 1.00000 0.00000
vt 1.00000 1.00000
vt 0.00000 0.00000
vt 1.00000 1.00000
vt 0.00000 1.00000
vt 0.00000 0.00000
vt 1.00000 0.00000
vt 1.00000 1.00000
vt 0.00000 0.00000
vt 1.00000 1.00000
vt 0.00000 1.00000
vt 0.00000 0.00000
vt 1.00000 0.00000
vt 1.00000 1.00000
vt 0.00000 0.00000
vt 1.00000 1.00000
vt 0.00000 1.00000
vt 0.00000 0.00000
vt 1.00000 0.00000
vt 1.00000 1.00000
vt 0.00000 0.00000
vt 1.00000 1.00000
vt 0.00000 1.00000
vt 0.00000 0.00000
vt 1.00000 0.00000
vt 1.00000 1.00000
vt 0.00000 0.00000
vt 1.00000 1.00000
vt 0.00000 1.00000
vt 0.00000 0.00000
vt 1.00000 0.00000
vt 1.00000 1.00000
vt 0.00000 0.00000
vt 1.00000 1.00000
vt 0.00000 1.00000
vt 0.00000 0.00000
vt 1.00000 0.00000
vt 1.00000 1.00000
vt 0.00000 0.00000
vt 1.00000 1.00000
vt 0.00000 1.00000
vt 0.00000 0.00000
vt 1.00000 0.00000
vt 1.00000 1.00000
vt 0.00000 0.00000
vt 1.00000 1.00000
vt 0.00000 1.00000
vt 0.00000 0.00000
vt 1.00000 0.00000
vt 1.00000 1.00000
vt 0.00000 0.00000
vt 1.00000 1.00000
vt 0.00000 1.00000
vt 0.00000 0.00000
vt 1.00000 0.00000
vt 1.00000 1.00000
vt 0.00000 0.00000
vt 1.00000 1.00000
vt 0.00000 1.00000
vt 0.00000 0.00000
vt 1.00000 0.00000
vt 1.00000 1.00000
vt 0.00000 0.00000
vt 1.00000 1.00000
vt 0.00000 1.00000
vt 0.00000 0.00000
vt 1.00000 0.00000
vt 1.00000 1.00000
vt 0.00000 0.00000
vt 1.00000 1.00000
vt 0.00000 1.00000
vt 0.00000 0.00000
vt 1.00000 0.00000
vt 1.00000 1.00000
vt 0.00000 0.00000
vt 1.00000 1.00000
vt 0.00000 1.00000
vt 0.00000 0.00000
vt 1.00000 0.00000
vt 1.00000 1.00000
vt 0.00000 0.00000
vt 1.00000 1.00000
vt 0.00000 1.00000
vt 0.00000 0.00000
vt 1.00000 0.00000
vt 1.00000 1.00000
vt 0.00000 0.00000
vt 1.00000 1.00000
vt 0.00000 1.00000
vt 0.00000 0.00000
vt 1.00000 0.00000
vt 1.00000 1.00000
vt 0.00000 0.00000
vt 1.00000 1.00000
vt 0.00000 1.00000
vt 0.00000 0.00000
vt 1.00000 0.00000
vt 1.00000 1.00000
vt 0.00000 0.00000
vt 1.00000 1.00000
vt 0.00000 1.00000
vt 0.00000 0.00000
vt 1.00000 0.00000
vt 1.00000 1.00000
vt 0.00000 0.00000
vt 1.00000 1.00000
vt 0.00000 1.00000
vt 0.00000 0.00000
vt 1.00000 0.00000
vt 1.00000 1.00000
vt 0.00000 0.00000
vt 1.00000 1.00000
vt 0.00000 1.00000
vt 0.00000 0.00000
vt 1.00000 0.00000
vt 1.00000 1.00000
vt 0.00000 0.00000
vt 1.00000 1.00000
vt 0.00000 1.00000
vt 0.00000 0.00000
vt 1.00000 0.00000
vt 1.00000 1.00000
vt 0.00000 0.00000
vt 1.00000 1.00000
vt 0.00000 1.00000
vt 0.00000 0.00000
vt 1.00000 0.00000
vt 1.00000 1.00000
vt 0.00000 0.00000
vt 1.00000 1.00000
vt 0.00000 1.00000
vt 0.00000 0.00000
vt 1.00000 0.00000
vt 1.00000 1.00000
vt 0.00000 0.00000
vt 1.00000 1.00000
vt 0.00000 1.00000
vt 0.00000 0.00000
vt 1.00000 0.00000
vt 1.00000 1.00000
vt 0.00000 0.00000
vt 1.00000 1.00000
vt 0.00000 1.00000
vt 0.00000 0.00000
vt 1.00000 0.00000
vt 1.00000 1.00000
vt 0.00000 0.00000
vt 1.00000 1.00000
vt 0.00000 1.00000
vt 0.00000 0.00000
vt 1.00000 0.00000
vt 1.00000 1.00000
vt 0.00000 0.00000
vt 1.00000 1.00000
vt 0.00000 1.00000
vt 0.00000 0.00000
vt 1.00000 0.00000
vt 1.00000 1.00000
vt 0.00000 0.00000
vt 1.00000 1.00000
vt 0.00000 1.00000
vt 0.00000 0.00000
vt 1.00000 0.00000
vt 1.00000 1.00000
vt 0.00000 0.00000
vt 1.00000 1.00000
vt 0.00000 1.00000
vt 0.00000 0.00000
vt 1.00000 0.00000
vt 1.00000 1.00000
vt 0.00000 0.00000
vt 1.00000 1.00000
vt 0.00000 1.00000
vt 0.00000 0.00000
vt 1.00000 0.00000
vt 1.00000 1.00000
vt 0.00000 0.00000
vt 1.00000 1.00000
vt 0.00000 1.00000
vt 0.00000 0.00000
vt 1.00000 0.00000
vt 1.00000 1.00000
vt 0.00000 0.00000
vt 1.00000 1.00000
vt 0.00000 1.00000
vt 0.00000 0.00000
vt 1.00000 0.00000
vt 1.00000 1.00000
vt 0.00000 0.00000
vt 1.00000 1.00000
vt 0.00000 1.00000
vt 0.00000 0.00000
vt 1.00000 0.00000
vt 1.00000 1.00000
vt 0.00000 0.00000
vt 1.00000 1.00000
vt 0.00000 1.00000
vt 0.00000 0.00000
vt 1.00000 0.00000
vt 1.00000 1.00000
vt 0.00000 0.00000
vt 1.00000 1.00000
vt 0.00000 1.00000
vt 0.00000 0.00000
vt 1.00000 0.00000
vt 1.00000 1.00000
vt 0.00000 0.00000
vt 1.00000 1.00000
vt 0.00000 1.00000
vt 0.00000 0.00000
vt 1.00000 0.00000
vt 1.00000 1.00000
vt 0.00000 0.00000
vt 1.00000 1.00000
vt 0.00000 1.00000
vt 0.00000 0.00000
vt 1.00000 0.00000
vt 1.00000 1.00000
vt 0.00000 0.00000
vt 1.00000 1.00000
vt 0.00000 1.00000
vt 0.00000 0.00000
vt 1.00000 0.00000
vt 1.00000 1.00000
vt 0.00000 0.00000
vt 1.00000 1.00000
vt 0.00000 1.00000
vt 0.00000 0.00000
vt 1.00000 0.00000
vt 1.00000 1.00000
vt 0.00000 0.00000
vt 1.00000 1.00000
vt 0.00000 1.00000
vt 0.00000 0.00000
vt 1.00000 0.00000
vt 1.00000 1.00000
vt 0.00000 0.00000
vt 1.00000 1.00000
vt 0.00000 1.00000
vt 0.00000 0.00000
vt 1.00000 0.00000
vt 1.00000 1.00000
vt 0.00000 0.00000
vt 1.00000 1.00000
vt 0.00000 1.00000
vt 0.00000 0.00000
vt 1.00000 0.00000
vt 1.00000 1.00000
vt 0.00000 0.00000
vt 1.00000 1.00000
vt 0.00000 1.00000
vt 0.00000 0.00000
vt 1.00000 0.00000
vt 1.00000 1.00000
vt 0.00000 0.00000
vt 1.00000 1.00000
vt 0.00000 1.00000
vt 0.00000 0.00000
vt 1.00000 0.00000
vt 1.00000 1.00000
vt 0.00000 0.00000
vt 1.00000 1.00000
vt 0.00000 1.00000
vt 0.00000 0.00000
vt 1.00000 0.00000
vt 1.00000 1.00000
vt 0.00000 0.00000
vt 1.00000 1.00000
vt 0.00000 1.00000
vt 0.00000 0.00000
vt 1.00000 0.00000
vt 1.00000 1.00000
vt 0.00000 0.00000
vt 1.00000 1.00000
vt 0.00000 1.00000
vt 0.00000 0.00000
vt 1.00000 0.00000
vt 1.00000 1.00000
vt 0.00000 0.00000
vt 1.00000 1.00000
vt 0.00000 1.00000
vt 0.00000 0.00000
vt 1.00000 0.00000
vt 1.00000 1.00000
vt 0.00000 0.00000
vt 1.00000 1.00000
vt 0.00000 1.00000
vt 0.00000 0.00000
vt 1.00000 0.00000
vt 1.00000 1.00000
vt 0.00000 0.00000
vt 1.00000 1.00000
vt 0.00000 1.00000
vt 0.00000 0.00000
vt 1.00000 0.00000
vt 1.00000 1.00000
vt 0.00000 0.00000
vt 1.00000 1.00000
vt 0.00000 1.00000
vt 0.00000 0.00000
vt 1.00000 0.00000
vt 1.00000 1.00000
vt 0.00000 0.00000
vt 1.00000 1.00000
vt 0.00000 1.00000
vt 0.00000 0.00000
vt 1.00000 0.00000
vt 1.00000 1.00000
vt 0.00000 0.00000
vt 1.00000 1.00000
vt 0.00000 1.00000
vt 0.00000 0.00000
vt 1.00000 0.00000
vt 1.00000 1.00000
vt 0.00000 0.00000
vt 1.00000 1.00000
vt 0.00000 1.00000
vt 0.00000 0.00000
vt 1.00000 0.00000
vt 1.00000 1.00000
vt 0.00000 0.00000
vt 1.00000 1.00000
vt 0.00000 1.00000
vt 0.00000 0.00000
vt 1.00000 0.00000
vt 1.00000 1.00000
vt 0.00000 0.00000
vt 1.00000 1.00000
vt 0.00000 1.00000
vt 0.00000 0.00000
vt 1.00000 0.00000
vt 1.00000 1.00000
vt 0.00000 0.00000
vt 1.00000 1.00000
vt 0.00000 1.00000
vt 0.00000 0.00000
vt 1.00000 0.00000
vt 1.00000 1.00000
vt 0.00000 0.00000
vt 1.00000 1.00000
vt 0.00000 1.00000
vt 0.00000 0.00000
vt 1.00000 0.00000
vt 1.00000 1.00000
vt 0.00000 0.00000
vt 1.00000 1.00000
vt 0.00000 1.00000
vt 0.00000 0.00000
vt 1.00000 0.00000
vt 1.00000 1.00000
vt 0.00000 0.00000
vt 1.00000 1.00000
vt 0.00000 1.00000
vt 0.00000 0.00000
vt 1.00000 0.00000
vt 1.00000 1.00000
vt 0.00000 0.00000
vt 1.00000 1.00000
vt 0.00000 1.00000
vt 0.00000 0.00000
vt 1.00000 0.00000
vt 1.00000 1.00000
vt 0.00000 0.00000
vt 1.00000 1.00000
vt 0.00000 1.00000
vt 0.00000 0.00000
vt 1.00000 0.00000
vt 1.00000 1.00000
vt 0.00000 0.00000
vt 1.00000 1.00000
vt 0.00000 1.00000
vt 0.00000 0.00000
vt 1.00000 0.00000
vt 1.00000 1.00000
vt 0.00000 0.00000
vt 1.00000 1.00000
vt 0.00000 1.00000
vt 0.00000 0.00000
vt 1.00000 0.00000
vt 1.00000 1.00000
vt 0.00000 0.00000
vt 1.00000 1.00000
vt 0.00000 1.00000
vt 0.00000 0.00000
vt 1.00000 0.00000
vt 1.00000 1.00000
vt 0.00000 0.00000
vt 1.00000 1.00000
vt 0.00000 1.00000
vt 0.00000 0.00000
vt 1.00000 0.00000
vt 1.00000 1.00000
vt 0.00000 0.00000
vt 1.00000 1.00000
vt 0.00000 1.00000
vt 0.00000 0.00000
vt 1.00000 0.00000
vt 1.00000 1.00000
vt 0.00000 0.00000
vt 1.00000 1.00000
vt 0.00000 1.00000
vt 0.00000 0.00000
vt 1.00000 0.00000
vt 1.00000 1.00000
vt 0.00000 0.00000
vt 1.00000 1.00000
vt 0.00000 1.00000
vt 0.00000 0.00000
vt 1.00000 0.00000
vt 1.00000 1.00000
vt 0.00000 0.00000
vt 1.00000 1.00000
vt 0.00000 1.00000
vt 0.00000 0.00000
vt 1.00000 0.00000
vt 1.00000 1.00000
vt 0.00000 0.00000
vt 1.00000 1.00000
vt 0.00000 1.00000
vt 0.00000 0.00000
vt 1.00000 0.00000
vt 1.00000 1.00000
vt 0.00000 0.00000
vt 1.00000 1.00000
vt 0.00000 1.00000
vt 0.00000 0.00000
vt 1.00000 0.00000
vt 1.00000 1.00000
vt 0.00000 0.00000
vt 1.00000 1.00000
vt 0.00000 1.00000
vt 0.00000 0.00000
vt 1.00000 0.00000
vt 1.00000 1.00000
vt 0.00000 0.00000
vt 1.00000 1.00000
vt 0.00000 1.00000
vt 0.00000 0.00000
vt 1.00000 0.00000
vt 1.00000 1.00000
vt 0.00000 0.00000
vt 1.00000 1.00000
vt 0.00000 1.00000
vt 0.00000 0.00000
vt 1.00000 0.00000
vt 1.00000 1.00000
vt 0.00000 0.00000
vt 1.00000 1.00000
vt 0.00000 1.00000
vt 0.00000 0.00000
vt 1.00000 0.00000
vt 1.00000 1.00000
vt 0.00000 0.00000
vt 1.00000 1.00000
vt 0.00000 1.00000
vt 0.00000 0.00000
vt 1.00000 0.00000
vt 1.00000 1.00000
vt 0.00000 0.00000
vt 1.00000 1.00000
vt 0.00000 1.00000
vt 0.00000 0.00000
vt 1.00000 0.00000
vt 1.00000 1.00000
vt 0.00000 0.00000
vt 1.00000 1.00000
vt 0.00000 1.00000
vt 0.00000 0.00000
vt 1.00000 0.00000
vt 1.00000 1.00000
vt 0.00000 0.00000
vt 1.00000 1.00000
vt 0.00000 1.00000
vt 0.00000 0.00000
vt 1.00000 0.00000
vt 1.00000 1.00000
vt 0.00000 0.00000
vt 1.00000 1.00000
vt 0.00000 1.00000
vt 0.00000 0.00000
vt 1.00000 0.00000
vt 1.00000 1.00000
vt 0.00000 0.00000
vt 1.00000 1.00000
vt 0.00000 1.00000
vt 0.00000 0.00000
vt 1.00000 0.00000
vt 1.00000 1.00000
vt 0.00000 0.00000
vt 1.00000 1.00000
vt 0.00000 1.00000
vt 0.00000 0.00000
vt 1.00000 0.00000
vt 1.00000 1.00000
vt 0.00000 0.00000
vt 1.00000 1.00000
vt 0.00000 1.00000
vt 0.00000 0.00000
vt 1.00000 0.00000
vt 1.00000 1.00000
vt 0.00000 0.00000
vt 1.00000 1.00000
vt 0.00000 1.00000
vt 0.00000 0.00000
vt 1.00000 0.00000
vt 1.00000 1.00000
vt 0.00000 0.00000
vt 1.00000 1.00000
vt 0.00000 1.00000
vt 0.00000 0.00000
vt 1.00000 0.00000
vt 1.00000 1.00000
vt 0.00000 0.00000
vt 1.00000 1.00000
vt 0.00000 1.00000
vt 0.00000 0.00000
vt 1.00000 0.00000
vt 1.00000 1.00000
vt 0.00000 0.00000
vt 1.00000 1.00000
vt 0.00000 1.00000
vt 0.00000 0.00000
vt 1.00000 0.00000
vt 1.00000 1.00000
vt 0.00000 0.00000
vt 1.00000 1.00000
vt 0.00000 1.00000
vt 0.00000 0.00000
vt 1.00000 0.00000
vt 1.00000 1.00000
vt 0.00000 0.00000
vt 1.00000 1.00000
vt 0.00000 1.00000
vt 0.00000 0.00000
vt 1.00000 0.00000
vt 1.00000 1.00000
vt 0.00000 0.00000
vt 1.00000 1.00000
vt 0.00000 1.00000
vt 0.00000 0.00000
vt 1.00000 0.00000
vt 1.00000 1.00000
vt 0.00000 0.00000
vt 1.00000 1.00000
vt 0.00000 1.00000
vt 0.00000 0.00000
vt 1.00000 0.00000
vt 1.00000 1.00000
vt 0.00000 0.00000
vt 1.00000 1.00000
vt 0.00000 1.00000
vt 0.00000 0.00000
vt 1.00000 0.00000
vt 1.00000 1.00000
vt 0.00000 0.00000
vt 1.00000 1.00000
vt 0.00000 1.00000
vt 0.00000 0.00000
vt 1.00000 0.00000
vt 1.00000 1.00000
vt 0.00000 0.00000
vt 1.00000 1.00000
vt 0.00000 1.00000
vt 0.00000 0.00000
vt 1.00000 0.00000
vt 1.00000 1.00000
vt 0.00000 0.00000
vt 1.00000 1.00000
vt 0.00000 1.00000
vt 0.00000 0.00000
vt 1.00000 0.00000
vt 1.00000 1.00000
vt 0.00000 0.00000
vt 1.00000 1.00000
vt 0.00000 1.00000
vn -0.0497 0.7518 -0.6576
vn -0.0497 0.7518 -0.6576
vn -0.0497 0.7518 -0.6576
vn -0.0497 0.7518 -0.6576
vn -0.0497 0.7518 -0.6576
vn -0.0497 0.7518 -0.6576
vn -0.7406 0.6696 0.0560
vn -0.7406 0.6696 0.0560
vn -0.7406 0.6696 0.0560
vn -0.7406 0.6696 0.0560
vn -0.7406 0.6696 0.0560
vn -0.7406 0.6696 0.0560
vn -0.4552 0.6909 -0.5616
vn -0.4552 0.6909 -0.5616
vn -0.4552 0.6909 -0.5616
vn -0.4552 0.6909 -0.5616
vn -0.4552 0.6909 -0.5616
vn -0.4552 0.6909 -0.5616
vn -0.6400 0.5668 0.5187
vn -0.6400 0.5668 0.5187
vn -0.6400 0.5668 0.5187
vn -0.6400 0.5668 0.5187
vn -0.6400 0.5668 0.5187
vn -0.6400 0.5668 0.5187
vn -0.5366 0.7555 0.3760
vn -0.5366 0.7555 0.3760
vn -0.5366 0.7555 0.3760
vn -0.5366 0.7555 0.3760
vn -0.5366 0.7555 0.3760
vn -0.5366 0.7555 0.3760
vn 0.3662 0.7699 0.5227
vn 0.3662 0.7699 0.5227
vn 0.3662 0.7699 0.5227
vn 0.3662 0.7699 0.5227
vn 0.3662 0.7699 0.5227
vn 0.3662 0.7699 0.5227
vn 0.2588 0.7482 -0.6109
vn 0.2588 0.7482 -0.6109
vn 0.2588 0.7482 -0.6109
vn 0.2588 0.7482 -0.6109
vn 0.2588 0.7482 -0.6109
vn 0.2588 0.7482 -0.6109
vn -0.4080 0.8964 -0.1729
vn -0.4080 0.8964 -0.1729
vn -0.4080 0.8964 -0.1729
vn -0.4080 0.8964 -0.1729
vn -0.4080 0.8964 -0.1729
vn -0.4080 0.8964 -0.1729
vn 0.0809 0.9204 0.3826
vn 0.0809 0.9204 0.3826
vn 0.0809 0.9204 0.3826
vn 0.0809 0.9204 0.3826
vn 0.0809 0.9204 0.3826
vn 0.0809 0.9204 0.3826
vn 0.7241 0.6725 -0.1532
vn 0.7241 0.6725 -0.1532
vn 0.7241 0.6725 -0.1532
vn 0.7241 0.6725 -0.1532
vn 0.7241 0.6725 -0.1532
vn 0.7241 0.6725 -0.1532
vn 0.7371 0.6656 0.1168
vn 0.7371 0.6656 0.1168
vn 0.7371 0.6656 0.1168
vn 0.7371 0.6656 0.1168
vn 0.7371 0.6656 0.1168
vn 0.7371 0.6656 0.1168
vn 0.1104 0.7093 -0.6962
vn 0.1104 0.7093 -0.6962
vn 0.1104 0.7093 -0.6962
vn 0.1104 0.7093 -0.6962
vn 0.1104 0.7093 -0.6962
vn 0.1104 0.7093 -0.6962
vn -0.6958 0.6969 0.1737
vn -0.6958 0.6969 0.1737
vn -0.6958 0.6969 0.1737
vn -0.6958 0.6969 0.1737
vn -0.6958 0.6969 0.1737
vn -0.6958 0.6969 0.1737
vn 0.2031 0.5450 0.8135
vn 0.2031 0.5450 0.8135
vn 0.2031 0.5450 0.8135
vn 0.2031 0.5450 0.8135
vn 0.2031 0.5450 0.8135
vn 0.2031 0.5450 0.8135
vn -0.1705 0.8173 0.5504
vn -0.1705 0.8173 0.5504
vn -0.1705 0.8173 0.5504
vn -0.1705 0.8173 0.5504
vn -0.1705 0.8173 0.5504
vn -0.1705 0.8173 0.5504
vn 0.7773 0.5812 0.2407
vn 0.7773 0.5812 0.2407
vn 0.7773 0.5812 0.2407
vn 0.7773 0.5812 0.2407
vn 0.7773 0.5812 0.2407
vn 0.7773 0.5812 0.2407
vn 0.0099 0.5352 0.8447
vn 0.0099 0.5352 0.8447
vn 0.0099 0.5352 0.8447
vn 0.0099 0.5352 0.8447
vn 0.0099 0.5352 0.8447
vn 0.0099 0.5352 0.8447
vn 0.6112 0.7914 -0.0071
vn 0.6112 0.7914 -0.0071
vn 0.6112 0.7914 -0.0071
vn 0.6112 0.7914 -0.0071
vn 0.6112 0.7914 -0.0071
vn 0.6112 0.7914 -0.0071
vn 0.3905 0.7237 0.5690
vn 0.3905 0.7237 0.5690
vn 0.3905 0.7237 0.5690
vn 0.3905 0.7237 0.5690
vn 0.3905 0.7237 0.5690
vn 0.3905 0.7237 0.5690
vn 0.3229 0.9201 -0.2217
vn 0.3229 0.9201 -0.2217
vn 0.3229 0.9201 -0.2217
vn 0.3229 0.9201 -0.2217
vn 0.3229 0.9201 -0.2217
vn 0.3229 0.9201 -0.2217
vn 0.7851 0.6126 -0.0914
vn 0.7851 0.6126 -0.0914
vn 0.7851 0.6126 -0.0914
vn 0.7851 0.6126 -0.0914
vn 0.7851 0.6126 -0.0914
vn 0.7851 0.6126 -0.0914
vn -0.0925 0.5997 -0.7948
vn -0.0925 0.5997 -0.7948
vn -0.0925 0.5997 -0.7948
vn -0.0925 0.5997 -0.7948
vn -0.0925 0.5997 -0.7948
vn -0.0925 0.5997 -0.7948
vn -0.1903 0.9340 0.3025
vn -0.1903 0.9340 0.3025
vn -0.1903 0.9340 0.3025
vn -0.1903 0.9340 0.3025
vn -0.1903 0.9340 0.3025
vn -0.1903 0.9340 0.3025
vn 0.4614 0.8384 0.2902
vn 0.4614 0.8384 0.2902
vn 0.4614 0.8384 0.2902
vn 0.4614 0.8384 0.2902
vn 0.4614 0.8384 0.2902
vn 0.4614 0.8384 0.2902
vn 0.4976 0.6750 0.5448
vn 0.4976 0.6750 0.5448
vn 0.4976 0.6750 0.5448
vn 0.4976 0.6750 0.5448
vn 0.4976 0.6750 0.5448
vn 0.4976 0.6750 0.5448
vn 0.4671 0.7744 -0.4267
vn 0.4671 0.7744 -0.4267
vn 0.4671 0.7744 -0.4267
vn 0.4671 0.7744 -0.4267
vn 0.4671 0.7744 -0.4267
vn 0.4671 0.7744 -0.4267
vn -0.8326 0.5538 -0.0113
vn -0.8326 0.5538 -0.0113
vn -0.8326 0.5538 -0.0113
vn -0.8326 0.5538 -0.0113
vn -0.8326 0.5538 -0.0113
vn -0.8326 0.5538 -0.0113
vn -0.0100 0.6729 0.7397
vn -0.0100 0.6729 0.7397
vn -0.0100 0.6729 0.7397
vn -0.0100 0.6729 0.7397
vn -0.0100 0.6729 0.7397
vn -0.0100 0.6729 0.7397
vn -0.4204 0.5923 0.6874
vn -0.4204 0.5923 0.6874
vn -0.4204 0.5923 0.6874
vn -0.4204 0.5923 0.6874
vn -0.4204 0.5923 0.6874
vn -0.4204 0.5923 0.6874
vn 0.7179 0.5403 0.4390
vn 0.7179 0.5403 0.4390
vn 0.7179 0.5403 0.4390
vn 0.7179 0.5403 0.4390
vn 0.7179 0.5403 0.4390
vn 0.7179 0.5403 0.4390
vn 0.7074 0.5706 0.4172
vn 0.7074 0.5706 0.4172
vn 0.7074 0.5706 0.4172
vn 0.7074 0.5706 0.4172
vn 0.7074 0.5706 0.4172
vn 0.7074 0.5706 0.4172
vn 0.4321 0.5259 -0.7326
vn 0.4321 0.5259 -0.7326
vn 0.4321 0.5259 -0.7326
vn 0.4321 0.5259 -0.7326
vn 0.4321 0.5259 -0.7326
vn 0.4321 0.5259 -0.7326
vn 0.4174 0.8055 -0.4207
vn 0.4174 0.8055 -0.4207
vn 0.4174 0.8055 -0.4207
vn 0.4174 0.8055 -0.4207
vn 0.4174 0.8055 -0.4207
vn 0.4174 0.8055 -0.4207
vn -0.3350 0.8817 -0.3324
vn -0.3350 0.8817 -0.3324
vn -0.3350 0.8817 -0.3324
vn -0.3350 0.8817 -0.3324
vn -0.3350 0.8817 -0.3324
vn -0.3350 0.8817 -0.3324
vn -0.6650 0.5288 0.5274
vn -0.6650 0.5288 0.5274
vn -0.6650 0.5288 0.5274
vn -0.6650 0.5288 0.5274
vn -0.6650 0.5288 0.5274
vn -0.6650 0.5288 0.5274
vn 0.3121 0.8647 0.3935
vn 0.3121 0.8647 0.3935
vn 0.3121 0.8647 0.3935
vn 0.3121 0.8647 0.3935
vn 0.3121 0.8647 0.3935
vn 0.3121 0.8647 0.3935
vn 0.8427 0.5185 0.1453
vn 0.8427 0.5185 0.1453
vn 0.8427 0.5185 0.1453
vn 0.8427 0.5185 0.1453
vn 0.8427 0.5185 0.1453
vn 0.8427 0.5185 0.1453
vn 0.1352 0.6060 -0.7839
vn 0.1352 0.6060 -0.7839
vn 0.1352 0.6060 -0.7839
vn 0.1352 0.6060 -0.7839
vn 0.1352 0.6060 -0.7839
vn 0.1352 0.6060 -0.7839
vn -0.0182 0.8833 -0.4685
vn -0.0182 0.8833 -0.4685
vn -0.0182 0.8833 -0.4685
vn -0.0182 0.8833 -0.4685
vn -0.0182 0.8833 -0.4685
vn -0.0182 0.8833 -0.4685
vn -0.4893 0.8719 0.0190
vn -0.4893 0.8719 0.0190
vn -0.4893 0.8719 0.0190
vn -0.4893 0.8719 0.0190
vn -0.4893 0.8719 0.0190
vn -0.4893 0.8719 0.0190
vn -0.4136 0.7302 0.5438
vn -0.4136 0.7302 0.5438
vn -0.4136 0.7302 0.5438
vn -0.4136 0.7302 0.5438
vn -0.4136 0.7302 0.5438
vn -0.4136 0.7302 0.5438
vn 0.6337 0.6051 0.4820
vn 0.6337 0.6051 0.4820
vn 0.6337 0.6051 0.4820
vn 0.6337 0.6051 0.4820
vn 0.6337 0.6051 0.4820
vn 0.6337 0.6051 0.4820
vn -0.7185 0.5643 0.4067
vn -0.7185 0.5643 0.4067
vn -0.7185 0.5643 0.4067
vn -0.7185 0.5643 0.4067
vn -0.7185 0.5643 0.4067
vn -0.7185 0.5643 0.4067
vn 0.2036 0.9106 0.3597
vn 0.2036 0.9106 0.3597
vn 0.2036 0.9106 0.3597
vn 0.2036 0.9106 0.3597
vn 0.2036 0.9106 0.3597
vn 0.2036 0.9106 0.3597
vn -0.7819 0.5782 0.2330
vn -0.7819 0.5782 0.2330
vn -0.7819 0.5782 0.2330
vn -0.7819 0.5782 0.2330
vn -0.7819 0.5782 0.2330
vn -0.7819 0.5782 0.2330
vn 0.2260 0.6115 0.7583
vn 0.2260 0.6115 0.7583
vn 0.2260 0.6115 0.7583
vn 0.2260 0.6115 0.7583
vn 0.2260 0.6115 0.7583
vn 0.2260 0.6115 0.7583
vn -0.4047 0.6622 -0.6306
vn -0.4047 0.6622 -0.6306
vn -0.4047 0.6622 -0.6306
vn -0.4047 0.6622 -0.6306
vn -0.4047 0.6622 -0.6306
vn -0.4047 0.6622 -0.6306
vn -0.6471 0.6393 0.4153
vn -0.6471 0.6393 0.4153
vn -0.6471 0.6393 0.4153
vn -0.6471 0.6393 0.4153
vn -0.6471 0.6393 0.4153
vn -0.6471 0.6393 0.4153
vn -0.3009 0.6375 -0.7093
vn -0.3009 0.6375 -0.7093
vn -0.3009 0.6375 -0.7093
vn -0.3009 0.6375 -0.7093
vn -0.3009 0.6375 -0.7093
vn -0.3009 0.6375 -0.7093
vn -0.7248 0.6166 0.3075
vn -0.7248 0.6166 0.3075
vn -0.7248 0.6166 0.3075
vn -0.7248 0.6166 0.3075
vn -0.7248 0.6166 0.3075
vn -0.7248 0.6166 0.3075
vn -0.1439 0.8364 0.5289
vn -0.1439 0.8364 0.5289
vn -0.1439 0.8364 0.5289
vn -0.1439 0.8364 0.5289
vn -0.1439 0.8364 0.5289
vn -0.1439 0.8364 0.5289
vn 0.7797 0.5891 0.2122
vn 0.7797 0.5891 0.2122
vn 0.7797 0.5891 0.2122
vn 0.7797 0.5891 0.2122
vn 0.7797 0.5891 0.2122
vn 0.7797 0.5891 0.2122
vn -0.6545 0.6217 0.4302
vn -0.6545 0.6217 0.4302
vn -0.6545 0.6217 0.4302
vn -0.6545 0.6217 0.4302
vn -0.6545 0.6217 0.4302
vn -0.6545 0.6217 0.4302
vn 0.3455 0.7773 0.5257
vn 0.3455 0.7773 0.5257
vn 0.3455 0.7773 0.5257
vn 0.3455 0.7773 0.5257
vn 0.3455 0.7773 0.5257
vn 0.3455 0.7773 0.5257
vn 0.1085 0.6633 0.7404
vn 0.1085 0.6633 0.7404
vn 0.1085 0.6633 0.7404
vn 0.1085 0.6633 0.7404
vn 0.1085 0.6633 0.7404
vn 0.1085 0.6633 0.7404
vn 0.6947 0.7120 -0.1018
vn 0.6947 0.7120 -0.1018
vn 0.6947 0.7120 -0.1018
vn 0.6947 0.7120 -0.1018
vn 0.6947 0.7120 -0.1018
vn 0.6947 0.7120 -0.1018
vn -0.0237 0.7179 0.6958
vn -0.0237 0.7179 0.6958
vn -0.0237 0.7179 0.6958
vn -0.0237 0.7179 0.6958
vn -0.0237 0.7179 0.6958
vn -0.0237 0.7179 0.6958
vn 0.4947 0.8689 0.0169
vn 0.4947 0.8689 0.0169
vn 0.4947 0.8689 0.0169
vn 0.4947 0.8689 0.0169
vn 0.4947 0.8689 0.0169
vn 0.4947 0.8689 0.0169
vn -0.7920 0.5529 0.2587
vn -0.7920 0.5529 0.2587
vn -0.7920 0.5529 0.2587
vn -0.7920 0.5529 0.2587
vn -0.7920 0.5529 0.2587
vn -0.7920 0.5529 0.2587
vn 0.2028 0.7572 0.6209
vn 0.2028 0.7572 0.6209
vn 0.2028 0.7572 0.6209
vn 0.2028 0.7572 0.6209
vn 0.2028 0.7572 0.6209
vn 0.2028 0.7572 0.6209
vn -0.6422 0.7653 -0.0443
vn -0.6422 0.7653 -0.0443
vn -0.6422 0.7653 -0.0443
vn -0.6422 0.7653 -0.0443
vn -0.6422 0.7653 -0.0443
vn -0.6422 0.7653 -0.0443
vn -0.0509 0.6735 0.7374
vn -0.0509 0.6735 0.7374
vn -0.0509 0.6735 0.7374
vn -0.0509 0.6735 0.7374
vn -0.0509 0.6735 0.7374
vn -0.0509 0.6735 0.7374
vn -0.7029 0.6019 -0.3789
vn -0.7029 0.6019 -0.3789
vn -0.7029 0.6019 -0.3789
vn -0.7029 0.6019 -0.3789
vn -0.7029 0.6019 -0.3789
vn -0.7029 0.6019 -0.3789
vn -0.2938 0.7852 0.5451
vn -0.2938 0.7852 0.5451
vn -0.2938 0.7852 0.5451
vn -0.2938 0.7852 0.5451
vn -0.2938 0.7852 0.5451
vn -0.2938 0.7852 0.5451
vn 0.3116 0.8111 -0.4950
vn 0.3116 0.8111 -0.4950
vn 0.3116 0.8111 -0.4950
vn 0.3116 0.8111 -0.4950
vn 0.3116 0.8111 -0.4950
vn 0.3116 0.8111 -0.4950
vn -0.4471 0.8490 -0.2815
vn -0.4471 0.8490 -0.2815
vn -0.4471 0.8490 -0.2815
vn -0.4471 0.8490 -0.2815
vn -0.4471 0.8490 -0.2815
vn -0.4471 0.8490 -0.2815
vn 0.3157 0.5374 0.7820
vn 0.3157 0.5374 0.7820
vn 0.3157 0.5374 0.7820
vn 0.3157 0.5374 0.7820
vn 0.3157 0.5374 0.7820
vn 0.3157 0.5374 0.7820
vn 0.7907 0.5224 -0.3192
vn 0.7907 0.5224 -0.3192
vn 0.7907 0.5224 -0.3192
vn 0.7907 0.5224 -0.3192
vn 0.7907 0.5224 -0.3192
vn 0.7907 0.5224 -0.3192
vn 0.7697 0.6362 -0.0537
vn 0.7697 0.6362 -0.0537
vn 0.7697 0.6362 -0.0537
vn 0.7697 0.6362 -0.0537
vn 0.7697 0.6362 -0.0537
vn 0.7697 0.6362 -0.0537
vn -0.0409 0.8100 -0.5850
vn -0.0409 0.8100 -0.5850
vn -0.0409 0.8100 -0.5850
vn -0.0409 0.8100 -0.5850
vn -0.0409 0.8100 -0.5850
vn -0.0409 0.8100 -0.5850
vn 0.3468 0.9044 -0.2486
vn 0.3468 0.9044 -0.2486
vn 0.3468 0.9044 -0.2486
vn 0.3468 0.9044 -0.2486
vn 0.3468 0.9044 -0.2486
vn 0.3468 0.9044 -0.2486
vn -0.4072 0.7152 -0.5680
vn -0.4072 0.7152 -0.5680
vn -0.4072 0.7152 -0.5680
vn -0.4072 0.7152 -0.5680
vn -0.4072 0.7152 -0.5680
vn -0.4072 0.7152 -0.5680
vn -0.4747 0.6688 0.5722
vn -0.4747 0.6688 0.5722
vn -0.4747 0.6688 0.5722
vn -0.4747 0.6688 0.5722
vn -0.4747 0.6688 0.5722
vn -0.4747 0.6688 0.5722
vn 0.5160 0.7419 0.4282
vn 0.5160 0.7419 0.4282
vn 0.5160 0.7419 0.4282
vn 0.5160 0.7419 0.4282
vn 0.5160 0.7419 0.4282
vn 0.5160 0.7419 0.4282
vn -0.1390 0.7326 -0.6663
vn -0.1390 0.7326 -0.6663
vn -0.1390 0.7326 -0.6663
vn -0.1390 0.7326 -0.6663
vn -0.1390 0.7326 -0.6663
vn -0.1390 0.7326 -0.6663
vn -0.6033 0.7875 0.1259
vn -0.6033 0.7875 0.1259
vn -0.6033 0.7875 0.1259
vn -0.6033 0.7875 0.1259
vn -0.6033 0.7875 0.1259
vn -0.6033 0.7875 0.1259
vn 0.4364 0.8940 0.1017
vn 0.4364 0.8940 0.1017
vn 0.4364 0.8940 0.1017
vn 0.4364 0.8940 0.1017
vn 0.4364 0.8940 0.1017
vn 0.4364 0.8940 0.1017
vn 0.0840 0.9290 -0.3605
vn 0.0840 0.9290 -0.3605
vn 0.0840 0.9290 -0.3605
vn 0.0840 0.9290 -0.3605
vn 0.0840 0.9290 -0.3605
vn 0.0840 0.9290 -0.3605
vn 0.5971 0.5146 0.6153
vn 0.5971 0.5146 0.6153
vn 0.5971 0.5146 0.6153
vn 0.5971 0.5146 0.6153
vn 0.5971 0.5146 0.6153
vn 0.5971 0.5146 0.6153
vn 0.5075 0.7070 -0.4925
vn 0.5075 0.7070 -0.4925
vn 0.5075 0.7070 -0.4925
vn 0.5075 0.7070 -0.4925
vn 0.5075 0.7070 -0.4925
vn 0.5075 0.7070 -0.4925
vn 0.7431 0.5419 0.3926
vn 0.7431 0.5419 0.3926
vn 0.7431 0.5419 0.3926
vn 0.7431 0.5419 0.3926
vn 0.7431 0.5419 0.3926
vn 0.7431 0.5419 0.3926
vn 0.2958 0.7740 -0.5599
vn 0.2958 0.7740 -0.5599
vn 0.2958 0.7740 -0.5599
vn 0.2958 0.7740 -0.5599
vn 0.2958 0.7740 -0.5599
vn 0.2958 0.7740 -0.5599
vn 0.7980 0.6021 0.0255
vn 0.7980 0.6021 0.0255
vn 0.7980 0.6021 0.0255
vn 0.7980 0.6021 0.0255
vn 0.7980 0.6021 0.0255
vn 0.7980 0.6021 0.0255
vn 0.0208 0.7591 -0.6507
vn 0.0208 0.7591 -0.6507
vn 0.0208 0.7591 -0.6507
vn 0.0208 0.7591 -0.6507
vn 0.0208 0.7591 -0.6507
vn 0.0208 0.7591 -0.6507
vn -0.2686 0.8025 0.5328
vn -0.2686 0.8025 0.5328
vn -0.2686 0.8025 0.5328
vn -0.2686 0.8025 0.5328
vn -0.2686 0.8025 0.5328
vn -0.2686 0.8025 0.5328
vn 0.6562 0.6782 0.3308
vn 0.6562 0.6782 0.3308
vn 0.6562 0.6782 0.3308
vn 0.6562 0.6782 0.3308
vn 0.6562 0.6782 0.3308
vn 0.6562 0.6782 0.3308
vn -0.6446 0.7145 -0.2720
vn -0.6446 0.7145 -0.2720
vn -0.6446 0.7145 -0.2720
vn -0.6446 0.7145 -0.2720
vn -0.6446 0.7145 -0.2720
vn -0.6446 0.7145 -0.2720
vn -0.1559 0.9161 0.3695
vn -0.1559 0.9161 0.3695
vn -0.1559 0.9161 0.3695
vn -0.1559 0.9161 0.3695
vn -0.1559 0.9161 0.3695
vn -0.1559 0.9161 0.3695
vn 0.0467 0.7944 0.6055
vn 0.0467 0.7944 0.6055
vn 0.0467 0.7944 0.6055
vn 0.0467 0.7944 0.6055
vn 0.0467 0.7944 0.6055
vn 0.0467 0.7944 0.6055
vn 0.5342 0.8444 -0.0412
vn 0.5342 0.8444 -0.0412
vn 0.5342 0.8444 -0.0412
vn 0.5342 0.8444 -0.0412
vn 0.5342 0.8444 -0.0412
vn 0.5342 0.8444 -0.0412
vn 0.3640 0.6532 -0.6640
vn 0.3640 0.6532 -0.6640
vn 0.3640 0.6532 -0.6640
vn 0.3640 0.6532 -0.6640
vn 0.3640 0.6532 -0.6640
vn 0.3640 0.6532 -0.6640
vn -0.5010 0.8207 -0.2747
vn -0.5010 0.8207 -0.2747
vn -0.5010 0.8207 -0.2747
vn -0.5010 0.8207 -0.2747
vn -0.5010 0.8207 -0.2747
vn -0.5010 0.8207 -0.2747
vn 0.0973 0.8523 -0.5139
vn 0.0973 0.8523 -0.5139
vn 0.0973 0.8523 -0.5139
vn 0.0973 0.8523 -0.5139
vn 0.0973 0.8523 -0.5139
vn 0.0973 0.8523 -0.5139
vn -0.7953 0.5873 -0.1506
vn -0.7953 0.5873 -0.1506
vn -0.7953 0.5873 -0.1506
vn -0.7953 0.5873 -0.1506
vn -0.7953 0.5873 -0.1506
vn -0.7953 0.5873 -0.1506
vn 0.8239 0.5663 -0.0210
vn 0.8239 0.5663 -0.0210
vn 0.8239 0.5663 -0.0210
vn 0.8239 0.5663 -0.0210
vn 0.8239 0.5663 -0.0210
vn 0.8239 0.5663 -0.0210
vn -0.0210 0.5656 -0.8244
vn -0.0210 0.5656 -0.8244
vn -0.0210 0.5656 -0.8244
vn -0.0210 0.5656 -0.8244
vn -0.0210 0.5656 -0.8244
vn -0.0210 0.5656 -0.8244
vn -0.2066 0.8787 0.4305
vn -0.2066 0.8787 0.4305
vn -0.2066 0.8787 0.4305
vn -0.2066 0.8787 0.4305
vn -0.2066 0.8787 0.4305
vn -0.2066 0.8787 0.4305
vn 0.5586 0.7850 0.2680
vn 0.5586 0.7850 0.2680
vn 0.5586 0.7850 0.2680
vn 0.5586 0.7850 0.2680
vn 0.5586 0.7850 0.2680
vn 0.5586 0.7850 0.2680
vn 0.8300 0.5451 -0.1181
vn 0.8300 0.5451 -0.1181
vn 0.8300 0.5451 -0.1181
vn 0.8300 0.5451 -0.1181
vn 0.8300 0.5451 -0.1181
vn 0.8300 0.5451 -0.1181
vn -0.1216 0.5047 -0.8547
vn -0.1216 0.5047 -0.8547
vn -0.1216 0.5047 -0.8547
vn -0.1216 0.5047 -0.8547
vn -0.1216 0.5047 -0.8547
vn -0.1216 0.5047 -0.8547
vn 0.6298 0.7714 -0.0903
vn 0.6298 0.7714 -0.0903
vn 0.6298 0.7714 -0.0903
vn 0.6298 0.7714 -0.0903
vn 0.6298 0.7714 -0.0903
vn 0.6298 0.7714 -0.0903
vn -0.1053 0.6712 -0.7337
vn -0.1053 0.6712 -0.7337
vn -0.1053 0.6712 -0.7337
vn -0.1053 0.6712 -0.7337
vn -0.1053 0.6712 -0.7337
vn -0.1053 0.6712 -0.7337
vn 0.7359 0.5100 0.4454
vn 0.7359 0.5100 0.4454
vn 0.7359 0.5100 0.4454
vn 0.7359 0.5100 0.4454
vn 0.7359 0.5100 0.4454
vn 0.7359 0.5100 0.4454
vn 0.3739 0.6918 -0.6178
vn 0.3739 0.6918 -0.6178
vn 0.3739 0.6918 -0.6178
vn 0.3739 0.6918 -0.6178
vn 0.3739 0.6918 -0.6178
vn 0.3739 0.6918 -0.6178
vn 0.7171 0.6532 -0.2430
vn 0.7171 0.6532 -0.2430
vn 0.7171 0.6532 -0.2430
vn 0.7171 0.6532 -0.2430
vn 0.7171 0.6532 -0.2430
vn 0.7171 0.6532 -0.2430
vn -0.2623 0.5762 -0.7740
vn -0.2623 0.5762 -0.7740
vn -0.2623 0.5762 -0.7740
vn -0.2623 0.5762 -0.7740
vn -0.2623 0.5762 -0.7740
vn -0.2623 0.5762 -0.7740
vn 0.2078 0.9303 -0.3022
vn 0.2078 0.9303 -0.3022
vn 0.2078 0.9303 -0.3022
vn 0.2078 0.9303 -0.3022
vn 0.2078 0.9303 -0.3022
vn 0.2078 0.9303 -0.3022
vn -0.4505 0.8373 -0.3097
vn -0.4505 0.8373 -0.3097
vn -0.4505 0.8373 -0.3097
vn -0.4505 0.8373 -0.3097
vn -0.4505 0.8373 -0.3097
vn -0.4505 0.8373 -0.3097
vn 0.2441 0.9296 -0.2761
vn 0.2441 0.9296 -0.2761
vn 0.2441 0.9296 -0.2761
vn 0.2441 0.9296 -0.2761
vn 0.2441 0.9296 -0.2761
vn 0.2441 0.9296 -0.2761
vn -0.5229 0.7161 -0.4623
vn -0.5229 0.7161 -0.4623
vn -0.5229 0.7161 -0.4623
vn -0.5229 0.7161 -0.4623
vn -0.5229 0.7161 -0.4623
vn -0.5229 0.7161 -0.4623
vn -0.1003 0.9257 0.3648
vn -0.1003 0.9257 0.3648
vn -0.1003 0.9257 0.3648
vn -0.1003 0.9257 0.3648
vn -0.1003 0.9257 0.3648
vn -0.1003 0.9257 0.3648
vn 0.5337 0.8328 0.1468
vn 0.5337 0.8328 0.1468
vn 0.5337 0.8328 0.1468
vn 0.5337 0.8328 0.1468
vn 0.5337 0.8328 0.1468
vn 0.5337 0.8328 0.1468
vn -0.6118 0.7315 -0.3010
vn -0.6118 0.7315 -0.3010
vn -0.6118 0.7315 -0.3010
vn -0.6118 0.7315 -0.3010
vn -0.6118 0.7315 -0.3010
vn -0.6118 0.7315 -0.3010
vn -0.2235 0.8623 0.4543
vn -0.2235 0.8623 0.4543
vn -0.2235 0.8623 0.4543
vn -0.2235 0.8623 0.4543
vn -0.2235 0.8623 0.4543
vn -0.2235 0.8623 0.4543
vn 0.2400 0.6900 0.6828
vn 0.2400 0.6900 0.6828
vn 0.2400 0.6900 0.6828
vn 0.2400 0.6900 0.6828
vn 0.2400 0.6900 0.6828
vn 0.2400 0.6900 0.6828
vn 0.5815 0.7875 -0.2044
vn 0.5815 0.7875 -0.2044
vn 0.5815 0.7875 -0.2044
vn 0.5815 0.7875 -0.2044
vn 0.5815 0.7875 -0.2044
vn 0.5815 0.7875 -0.2044
vn -0.3350 0.9391 0.0765
vn -0.3350 0.9391 0.0765
vn -0.3350 0.9391 0.0765
vn -0.3350 0.9391 0.0765
vn -0.3350 0.9391 0.0765
vn -0.3350 0.9391 0.0765
vn 0.1747 0.6200 0.7649
vn 0.1747 0.6200 0.7649
vn 0.1747 0.6200 0.7649
vn 0.1747 0.6200 0.7649
vn 0.1747 0.6200 0.7649
vn 0.1747 0.6200 0.7649
vn -0.4079 0.9110 -0.0607
vn -0.4079 0.9110 -0.0607
vn -0.4079 0.9110 -0.0607
vn -0.4079 0.9110 -0.0607
vn -0.4079 0.9110 -0.0607
vn -0.4079 0.9110 -0.0607
vn -0.1256 0.5224 0.8434
vn -0.1256 0.5224 0.8434
vn -0.1256 0.5224 0.8434
vn -0.1256 0.5224 0.8434
vn -0.1256 0.5224 0.8434
vn -0.1256 0.5224 0.8434
vn 0.1684 0.9158 0.3647
vn 0.1684 0.9158 0.3647
vn 0.1684 0.9158 0.3647
vn 0.1684 0.9158 0.3647
vn 0.1684 0.9158 0.3647
vn 0.1684 0.9158 0.3647
vn 0.4081 0.8933 -0.1885
vn 0.4081 0.8933 -0.1885
vn 0.4081 0.8933 -0.1885
vn 0.4081 0.8933 -0.1885
vn 0.4081 0.8933 -0.1885
vn 0.4081 0.8933 -0.1885
vn 0.2889 0.5578 -0.7781
vn 0.2889 0.5578 -0.7781
vn 0.2889 0.5578 -0.7781
vn 0.2889 0.5578 -0.7781
vn 0.2889 0.5578 -0.7781
vn 0.2889 0.5578 -0.7781
vn -0.5976 0.7705 -0.2219
vn -0.5976 0.7705 -0.2219
vn -0.5976 0.7705 -0.2219
vn -0.5976 0.7705 -0.2219
vn -0.5976 0.7705 -0.2219
vn -0.5976 0.7705 -0.2219
vn 0.3993 0.8744 -0.2756
vn 0.3993 0.8744 -0.2756
vn 0.3993 0.8744 -0.2756
vn 0.3993 0.8744 -0.2756
vn 0.3993 0.8744 -0.2756
vn 0.3993 0.8744 -0.2756
vn -0.2657 0.8838 -0.3850
vn -0.2657 0.8838 -0.3850
vn -0.2657 0.8838 -0.3850
vn -0.2657 0.8838 -0.3850
vn -0.2657 0.8838 -0.3850
vn -0.2657 0.8838 -0.3850
vn -0.3455 0.6640 -0.6631
vn -0.3455 0.6640 -0.6631
vn -0.3455 0.6640 -0.6631
vn -0.3455 0.6640 -0.6631
vn -0.3455 0.6640 -0.6631
vn -0.3455 0.6640 -0.6631
vn -0.5400 0.7932 0.2814
vn -0.5400 0.7932 0.2814
vn -0.5400 0.7932 0.2814
vn -0.5400 0.7932 0.2814
vn -0.5400 0.7932 0.2814
vn -0.5400 0.7932 0.2814
vn -0.3108 0.8907 0.3317
vn -0.3108 0.8907 0.3317
vn -0.3108 0.8907 0.3317
vn -0.3108 0.8907 0.3317
vn -0.3108 0.8907 0.3317
vn -0.3108 0.8907 0.3317
vn 0.3075 0.9069 0.2881
vn 0.3075 0.9069 0.2881
vn 0.3075 0.9069 0.2881
vn 0.3075 0.9069 0.2881
vn 0.3075 0.9069 0.2881
vn 0.3075 0.9069 0.2881
vn -0.7825 0.5264 0.3326
vn -0.7825 0.5264 0.3326
vn -0.7825 0.5264 0.3326
vn -0.7825 0.5264 0.3326
vn -0.7825 0.5264 0.3326
vn -0.7825 0.5264 0.3326
vn 0.2597 0.7478 0.6110
vn 0.2597 0.7478 0.6110
vn 0.2597 0.7478 0.6110
vn 0.2597 0.7478 0.6110
vn 0.2597 0.7478 0.6110
vn 0.2597 0.7478 0.6110
vn 0.4221 0.5219 0.7413
vn 0.4221 0.5219 0.7413
vn 0.4221 0.5219 0.7413
vn 0.4221 0.5219 0.7413
vn 0.4221 0.5219 0.7413
vn 0.4221 0.5219 0.7413
vn 0.3959 0.8902 -0.2254
vn 0.3959 0.8902 -0.2254
vn 0.3959 0.8902 -0.2254
vn 0.3959 0.8902 -0.2254
vn 0.3959 0.8902 -0.2254
vn 0.3959 0.8902 -0.2254
vn -0.4057 0.9125 0.0528
vn -0.4057 0.9125 0.0528
vn -0.4057 0.9125 0.0528
vn -0.4057 0.9125 0.0528
vn -0.4057 0.9125 0.0528
vn -0.4057 0.9125 0.0528
vn 0.0838 0.7609 0.6435
vn 0.0838 0.7609 0.6435
vn 0.0838 0.7609 0.6435
vn 0.0838 0.7609 0.6435
vn 0.0838 0.7609 0.6435
vn 0.0838 0.7609 0.6435
vn -0.1246 0.7003 0.7028
vn -0.1246 0.7003 0.7028
vn -0.1246 0.7003 0.7028
vn -0.1246 0.7003 0.7028
vn -0.1246 0.7003 0.7028
vn -0.1246 0.7003 0.7028
vn 0.5487 0.8303 0.0973
vn 0.5487 0.8303 0.0973
vn 0.5487 0.8303 0.0973
vn 0.5487 0.8303 0.0973
vn 0.5487 0.8303 0.0973
vn 0.5487 0.8303 0.0973
vn -0.0581 0.5068 -0.8601
vn -0.0581 0.5068 -0.8601
vn -0.0581 0.5068 -0.8601
vn -0.0581 0.5068 -0.8601
vn -0.0581 0.5068 -0.8601
vn -0.0581 0.5068 -0.8601
vn -0.3500 0.9365 0.0236
vn -0.3500 0.9365 0.0236
vn -0.3500 0.9365 0.0236
vn -0.3500 0.9365 0.0236
vn -0.3500 0.9365 0.0236
vn -0.3500 0.9365 0.0236
vn -0.2625 0.7134 0.6497
vn -0.2625 0.7134 0.6497
vn -0.2625 0.7134 0.6497
vn -0.2625 0.7134 0.6497
vn -0.2625 0.7134 0.6497
vn -0.2625 0.7134 0.6497
vn 0.7052 0.6493 0.2850
vn 0.7052 0.6493 0.2850
vn 0.7052 0.6493 0.2850
vn 0.7052 0.6493 0.2850
vn 0.7052 0.6493 0.2850
vn 0.7052 0.6493 0.2850
vn -0.3883 0.5863 0.7110
vn -0.3883 0.5863 0.7110
vn -0.3883 0.5863 0.7110
vn -0.3883 0.5863 0.7110
vn -0.3883 0.5863 0.7110
vn -0.3883 0.5863 0.7110
vn 0.6618 0.6568 0.3614
vn 0.6618 0.6568 0.3614
vn 0.6618 0.6568 0.3614
vn 0.6618 0.6568 0.3614
vn 0.6618 0.6568 0.3614
vn 0.6618 0.6568 0.3614
vn -0.5142 0.7707 0.3764
vn -0.5142 0.7707 0.3764
vn -0.5142 0.7707 0.3764
vn -0.5142 0.7707 0.3764
vn -0.5142 0.7707 0.3764
vn -0.5142 0.7707 0.3764
vn 0.4635 0.6199 0.6332
vn 0.4635 0.6199 0.6332
vn 0.4635 0.6199 0.6332
vn 0.4635 0.6199 0.6332
vn 0.4635 0.6199 0.6332
vn 0.4635 0.6199 0.6332
vn 0.0930 0.7587 -0.6448
vn 0.0930 0.7587 -0.6448
vn 0.0930 0.7587 -0.6448
vn 0.0930 0.7587 -0.6448
vn 0.0930 0.7587 -0.6448
vn 0.0930 0.7587 -0.6448
vn -0.4351 0.8982 -0.0628
vn -0.4351 0.8982 -0.0628
vn -0.4351 0.8982 -0.0628
vn -0.4351 0.8982 -0.0628
vn -0.4351 0.8982 -0.0628
vn -0.4351 0.8982 -0.0628
vn -0.5548 0.8310 -0.0400
vn -0.5548 0.8310 -0.0400
vn -0.5548 0.8310 -0.0400
vn -0.5548 0.8310 -0.0400
vn -0.5548 0.8310 -0.0400
vn -0.5548 0.8310 -0.0400
vn -0.0329 0.8893 0.4561
vn -0.0329 0.8893 0.4561
vn -0.0329 0.8893 0.4561
vn -0.0329 0.8893 0.4561
vn -0.0329 0.8893 0.4561
vn -0.0329 0.8893 0.4561
vn -0.3928 0.8899 -0.2320
vn -0.3928 0.8899 -0.2320
vn -0.3928 0.8899 -0.2320
vn -0.3928 0.8899 -0.2320
vn -0.3928 0.8899 -0.2320
vn -0.3928 0.8899 -0.2320
vn -0.2401 0.8816 0.4064
vn -0.2401 0.8816 0.4064
vn -0.2401 0.8816 0.4064
vn -0.2401 0.8816 0.4064
vn -0.2401 0.8816 0.4064
vn -0.2401 0.8816 0.4064
vn -0.5116 0.7930 -0.3307
vn -0.5116 0.7930 -0.3307
vn -0.5116 0.7930 -0.3307
vn -0.5116 0.7930 -0.3307
vn -0.5116 0.7930 -0.3307
vn -0.5116 0.7930 -0.3307
vn -0.2288 0.9068 0.3541
vn -0.2288 0.9068 0.3541
vn -0.2288 0.9068 0.3541
vn -0.2288 0.9068 0.3541
vn -0.2288 0.9068 0.3541
vn -0.2288 0.9068 0.3541
vn -0.6975 0.7166 0.0060
vn -0.6975 0.7166 0.0060
vn -0.6975 0.7166 0.0060
vn -0.6975 0.7166 0.0060
vn -0.6975 0.7166 0.0060
vn -0.6975 0.7166 0.0060
vn 0.0040 0.8831 0.4691
vn 0.0040 0.8831 0.4691
vn 0.0040 0.8831 0.4691
vn 0.0040 0.8831 0.4691
vn 0.0040 0.8831 0.4691
vn 0.0040 0.8831 0.4691
vn 0.5068 0.5915 -0.6271
vn 0.5068 0.5915 -0.6271
vn 0.5068 0.5915 -0.6271
vn 0.5068 0.5915 -0.6271
vn 0.5068 0.5915 -0.6271
vn 0.5068 0.5915 -0.6271
vn -0.6706 0.5064 -0.5421
vn -0.6706 0.5064 -0.5421
vn -0.6706 0.5064 -0.5421
vn -0.6706 0.5064 -0.5421
vn -0.6706 0.5064 -0.5421
vn -0.6706 0.5064 -0.5421
vn -0.5771 0.7874 0.2166
vn -0.5771 0.7874 0.2166
vn -0.5771 0.7874 0.2166
vn -0.5771 0.7874 0.2166
vn -0.5771 0.7874 0.2166
vn -0.5771 0.7874 0.2166
vn 0.1767 0.8645 0.4707
vn 0.1767 0.8645 0.4707
vn 0.1767 0.8645 0.4707
vn 0.1767 0.8645 0.4707
vn 0.1767 0.8645 0.4707
vn 0.1767 0.8645 0.4707
vn 0.5491 0.6840 0.4803
vn 0.5491 0.6840 0.4803
vn 0.5491 0.6840 0.4803
vn 0.5491 0.6840 0.4803
vn 0.5491 0.6840 0.4803
vn 0.5491 0.6840 0.4803
vn 0.4946 0.6601 -0.5654
vn 0.4946 0.6601 -0.5654
vn 0.4946 0.6601 -0.5654
vn 0.4946 0.6601 -0.5654
vn 0.4946 0.6601 -0.5654
vn 0.4946 0.6601 -0.5654
vn -0.7199 0.6088 -0.3333
vn -0.7199 0.6088 -0.3333
vn -0.7199 0.6088 -0.3333
vn -0.7199 0.6088 -0.3333
vn -0.7199 0.6088 -0.3333
vn -0.7199 0.6088 -0.3333
vn -0.3542 0.5377 0.7651
vn -0.3542 0.5377 0.7651
vn -0.3542 0.5377 0.7651
vn -0.3542 0.5377 0.7651
vn -0.3542 0.5377 0.7651
vn -0.3542 0.5377 0.7651
vn -0.4921 0.6509 -0.5781
vn -0.4921 0.6509 -0.5781
vn -0.4921 0.6509 -0.5781
vn -0.4921 0.6509 -0.5781
vn -0.4921 0.6509 -0.5781
vn -0.4921 0.6509 -0.5781
vn -0.3550 0.8846 0.3022
vn -0.3550 0.8846 0.3022
vn -0.3550 0.8846 0.3022
vn -0.3550 0.8846 0.3022
vn -0.3550 0.8846 0.3022
vn -0.3550 0.8846 0.3022
vn -0.4141 0.8912 -0.1851
vn -0.4141 0.8912 -0.1851
vn -0.4141 0.8912 -0.1851
vn -0.4141 0.8912 -0.1851
vn -0.4141 0.8912 -0.1851
vn -0.4141 0.8912 -0.1851
vn -0.3122 0.6442 0.6982
vn -0.3122 0.6442 0.6982
vn -0.3122 0.6442 0.6982
vn -0.3122 0.6442 0.6982
vn -0.3122 0.6442 0.6982
vn -0.3122 0.6442 0.6982
vn -0.1675 0.7914 -0.5880
vn -0.1675 0.7914 -0.5880
vn -0.1675 0.7914 -0.5880
vn -0.1675 0.7914 -0.5880
vn -0.1675 0.7914 -0.5880
vn -0.1675 0.7914 -0.5880
vn -0.5845 0.7942 0.1665
vn -0.5845 0.7942 0.1665
vn -0.5845 0.7942 0.1665
vn -0.5845 0.7942 0.1665
vn -0.5845 0.7942 0.1665
vn -0.5845 0.7942 0.1665
vn 0.4094 0.7677 0.4930
vn 0.4094 0.7677 0.4930
vn 0.4094 0.7677 0.4930
vn 0.4094 0.7677 0.4930
vn 0.4094 0.7677 0.4930
vn 0.4094 0.7677 0.4930
vn 0.5754 0.6638 -0.4778
vn 0.5754 0.6638 -0.4778
vn 0.5754 0.6638 -0.4778
vn 0.5754 0.6638 -0.4778
vn 0.5754 0.6638 -0.4778
vn 0.5754 0.6638 -0.4778
vn 0.4444 0.6904 0.5709
vn 0.4444 0.6904 0.5709
vn 0.4444 0.6904 0.5709
vn 0.4444 0.6904 0.5709
vn 0.4444 0.6904 0.5709
vn 0.4444 0.6904 0.5709
vn 0.6833 0.5002 -0.5319
vn 0.6833 0.5002 -0.5319
vn 0.6833 0.5002 -0.5319
vn 0.6833 0.5002 -0.5319
vn 0.6833 0.5002 -0.5319
vn 0.6833 0.5002 -0.5319
vn 0.6750 0.6236 -0.3944
vn 0.6750 0.6236 -0.3944
vn 0.6750 0.6236 -0.3944
vn 0.6750 0.6236 -0.3944
vn 0.6750 0.6236 -0.3944
vn 0.6750 0.6236 -0.3944
vn -0.2764 0.8366 -0.4729
vn -0.2764 0.8366 -0.4729
vn -0.2764 0.8366 -0.4729
vn -0.2764 0.8366 -0.4729
vn -0.2764 0.8366 -0.4729
vn -0.2764 0.8366 -0.4729
vn -0.1645 0.7674 -0.6197
vn -0.1645 0.7674 -0.6197
vn -0.1645 0.7674 -0.6197
vn -0.1645 0.7674 -0.6197
vn -0.1645 0.7674 -0.6197
vn -0.1645 0.7674 -0.6197
vn -0.6526 0.7377 0.1733
vn -0.6526 0.7377 0.1733
vn -0.6526 0.7377 0.1733
vn -0.6526 0.7377 0.1733
vn -0.6526 0.7377 0.1733
vn -0.6526 0.7377 0.1733
vn -0.5118 0.8552 0.0821
vn -0.5118 0.8552 0.0821
vn -0.5118 0.8552 0.0821
vn -0.5118 0.8552 0.0821
vn -0.5118 0.8552 0.0821
vn -0.5118 0.8552 0.0821
vn 0.1057 0.7450 0.6586
vn 0.1057 0.7450 0.6586
vn 0.1057 0.7450 0.6586
vn 0.1057 0.7450 0.6586
vn 0.1057 0.7450 0.6586
vn 0.1057 0.7450 0.6586
vn -0.3297 0.8405 0.4299
vn -0.3297 0.8405 0.4299
vn -0.3297 0.8405 0.4299
vn -0.3297 0.8405 0.4299
vn -0.3297 0.8405 0.4299
vn -0.3297 0.8405 0.4299
vn 0.5237 0.7513 0.4016
vn 0.5237 0.7513 0.4016
vn 0.5237 0.7513 0.4016
vn 0.5237 0.7513 0.4016
vn 0.5237 0.7513 0.4016
vn 0.5237 0.7513 0.4016
vn 0.2461 0.6239 0.7417
vn 0.2461 0.6239 0.7417
vn 0.2461 0.6239 0.7417
vn 0.2461 0.6239 0.7417
vn 0.2461 0.6239 0.7417
vn 0.2461 0.6239 0.7417
vn 0.5597 0.8076 -0.1857
vn 0.5597 0.8076 -0.1857
vn 0.5597 0.8076 -0.1857
vn 0.5597 0.8076 -0.1857
vn 0.5597 0.8076 -0.1857
vn 0.5597 0.8076 -0.1857
vn 0.0108 0.6539 -0.7565
vn 0.0108 0.6539 -0.7565
vn 0.0108 0.6539 -0.7565
vn 0.0108 0.6539 -0.7565
vn 0.0108 0.6539 -0.7565
vn 0.0108 0.6539 -0.7565
vn -0.8128 0.5825 -0.0116
vn -0.8128 0.5825 -0.0116
vn -0.8128 0.5825 -0.0116
vn -0.8128 0.5825 -0.0116
vn -0.8128 0.5825 -0.0116
vn -0.8128 0.5825 -0.0116
vn 0.3238 0.7996 -0.5058
vn 0.3238 0.7996 -0.5058
vn 0.3238 0.7996 -0.5058
vn 0.3238 0.7996 -0.5058
vn 0.3238 0.7996 -0.5058
vn 0.3238 0.7996 -0.5058
vn -0.6529 0.6316 -0.4179
vn -0.6529 0.6316 -0.4179
vn -0.6529 0.6316 -0.4179
vn -0.6529 0.6316 -0.4179
vn -0.6529 0.6316 -0.4179
vn -0.6529 0.6316 -0.4179
vn -0.5276 0.8429 0.1060
vn -0.5276 0.8429 0.1060
vn -0.5276 0.8429 0.1060
vn -0.5276 0.8429 0.1060
vn -0.5276 0.8429 0.1060
vn -0.5276 0.8429 0.1060
vn 0.0939 0.8790 0.4674
vn 0.0939 0.8790 0.4674
vn 0.0939 0.8790 0.4674
vn 0.0939 0.8790 0.4674
vn 0.0939 0.8790 0.4674
vn 0.0939 0.8790 0.4674
vn 0.3721 0.7193 0.5866
vn 0.3721 0.7193 0.5866
vn 0.3721 0.7193 0.5866
vn 0.3721 0.7193 0.5866
vn 0.3721 0.7193 0.5866
vn 0.3721 0.7193 0.5866
vn 0.3240 0.9235 -0.2055
vn 0.3240 0.9235 -0.2055
vn 0.3240 0.9235 -0.2055
vn 0.3240 0.9235 -0.2055
vn 0.3240 0.9235 -0.2055
vn 0.3240 0.9235 -0.2055
vn -0.6330 0.7715 0.0639
vn -0.6330 0.7715 0.0639
vn -0.6330 0.7715 0.0639
vn -0.6330 0.7715 0.0639
vn -0.6330 0.7715 0.0639
vn -0.6330 0.7715 0.0639
vn 0.0783 0.6260 0.7759
vn 0.0783 0.6260 0.7759
vn 0.0783 0.6260 0.7759
vn 0.0783 0.6260 0.7759
vn 0.0783 0.6260 0.7759
vn 0.0783 0.6260 0.7759
vn -0.4167 0.6670 0.6176
vn -0.4167 0.6670 0.6176
vn -0.4167 0.6670 0.6176
vn -0.4167 0.6670 0.6176
vn -0.4167 0.6670 0.6176
vn -0.4167 0.6670 0.6176
vn 0.6556 0.6120 0.4423
vn 0.6556 0.6120 0.4423
vn 0.6556 0.6120 0.4423
vn 0.6556 0.6120 0.4423
vn 0.6556 0.6120 0.4423
vn 0.6556 0.6120 0.4423
vn -0.7536 0.6263 0.1995
vn -0.7536 0.6263 0.1995
vn -0.7536 0.6263 0.1995
vn -0.7536 0.6263 0.1995
vn -0.7536 0.6263 0.1995
vn -0.7536 0.6263 0.1995
vn 0.1522 0.8039 0.5749
vn 0.1522 0.8039 0.5749
vn 0.1522 0.8039 0.5749
vn 0.1522 0.8039 0.5749
vn 0.1522 0.8039 0.5749
vn 0.1522 0.8039 0.5749
vn -0.6834 0.5975 0.4195
vn -0.6834 0.5975 0.4195
vn -0.6834 0.5975 0.4195
vn -0.6834 0.5975 0.4195
vn -0.6834 0.5975 0.4195
vn -0.6834 0.5975 0.4195
vn 0.2500 0.8784 0.4074
vn 0.2500 0.8784 0.4074
vn 0.2500 0.8784 0.4074
vn 0.2500 0.8784 0.4074
vn 0.2500 0.8784 0.4074
vn 0.2500 0.8784 0.4074
vn 0.6208 0.7654 0.1695
vn 0.6208 0.7654 0.1695
vn 0.6208 0.7654 0.1695
vn 0.6208 0.7654 0.1695
vn 0.6208 0.7654 0.1695
vn 0.6208 0.7654 0.1695
vn 0.1881 0.6999 -0.6890
vn 0.1881 0.6999 -0.6890
vn 0.1881 0.6999 -0.6890
vn 0.1881 0.6999 -0.6890
vn 0.1881 0.6999 -0.6890
vn 0.1881 0.6999 -0.6890
vn 0.1961 0.8882 0.4155
vn 0.1961 0.8882 0.4155
vn 0.1961 0.8882 0.4155
vn 0.1961 0.8882 0.4155
vn 0.1961 0.8882 0.4155
vn 0.1961 0.8882 0.4155
vn 0.7614 0.5396 -0.3594
vn 0.7614 0.5396 -0.3594
vn 0.7614 0.5396 -0.3594
vn 0.7614 0.5396 -0.3594
vn 0.7614 0.5396 -0.3594
vn 0.7614 0.5396 -0.3594
vn -0.0829 0.7486 -0.6578
vn -0.0829 0.7486 -0.6578
vn -0.0829 0.7486 -0.6578
vn -0.0829 0.7486 -0.6578
vn -0.0829 0.7486 -0.6578
vn -0.0829 0.7486 -0.6578
vn -0.5009 0.8632 0.0631
vn -0.5009 0.8632 0.0631
vn -0.5009 0.8632 0.0631
vn -0.5009 0.8632 0.0631
vn -0.5009 0.8632 0.0631
vn -0.5009 0.8632 0.0631
vn 0.1076 0.9272 0.3588
vn 0.1076 0.9272 0.3588
vn 0.1076 0.9272 0.3588
vn 0.1076 0.9272 0.3588
vn 0.1076 0.9272 0.3588
vn 0.1076 0.9272 0.3588
vn 0.4281 0.8946 -0.1284
vn 0.4281 0.8946 -0.1284
vn 0.4281 0.8946 -0.1284
vn 0.4281 0.8946 -0.1284
vn 0.4281 0.8946 -0.1284
vn 0.4281 0.8946 -0.1284
vn 0.1619 0.8866 0.4332
vn 0.1619 0.8866 0.4332
vn 0.1619 0.8866 0.4332
vn 0.1619 0.8866 0.4332
vn 0.1619 0.8866 0.4332
vn 0.1619 0.8866 0.4332
vn 0.5396 0.8174 -0.2017
vn 0.5396 0.8174 -0.2017
vn 0.5396 0.8174 -0.2017
vn 0.5396 0.8174 -0.2017
vn 0.5396 0.8174 -0.2017
vn 0.5396 0.8174 -0.2017
vn -0.7514 0.5213 -0.4044
vn -0.7514 0.5213 -0.4044
vn -0.7514 0.5213 -0.4044
vn -0.7514 0.5213 -0.4044
vn -0.7514 0.5213 -0.4044
vn -0.7514 0.5213 -0.4044
vn -0.3925 0.5605 0.7292
vn -0.3925 0.5605 0.7292
vn -0.3925 0.5605 0.7292
vn -0.3925 0.5605 0.7292
vn -0.3925 0.5605 0.7292
vn -0.3925 0.5605 0.7292
vn 0.6987 0.6950 0.1695
vn 0.6987 0.6950 0.1695
vn 0.6987 0.6950 0.1695
vn 0.6987 0.6950 0.1695
vn 0.6987 0.6950 0.1695
vn 0.6987 0.6950 0.1695
vn 0.1724 0.6825 -0.7103
vn 0.1724 0.6825 -0.7103
vn 0.1724 0.6825 -0.7103
vn 0.1724 0.6825 -0.7103
vn 0.1724 0.6825 -0.7103
vn 0.1724 0.6825 -0.7103
vn 0.3555 0.5419 -0.7615
vn 0.3555 0.5419 -0.7615
vn 0.3555 0.5419 -0.7615
vn 0.3555 0.5419 -0.7615
vn 0.3555 0.5419 -0.7615
vn 0.3555 0.5419 -0.7615
vn -0.7278 0.5957 -0.3398
vn -0.7278 0.5957 -0.3398
vn -0.7278 0.5957 -0.3398
vn -0.7278 0.5957 -0.3398
vn -0.7278 0.5957 -0.3398
vn -0.7278 0.5957 -0.3398
vn 0.1502 0.5706 -0.8074
vn 0.1502 0.5706 -0.8074
vn 0.1502 0.5706 -0.8074
vn 0.1502 0.5706 -0.8074
vn 0.1502 0.5706 -0.8074
vn 0.1502 0.5706 -0.8074
vn -0.6475 0.7525 -0.1205
vn -0.6475 0.7525 -0.1205
vn -0.6475 0.7525 -0.1205
vn -0.6475 0.7525 -0.1205
vn -0.6475 0.7525 -0.1205
vn -0.6475 0.7525 -0.1205
vn -0.6993 0.5195 0.4911
vn -0.6993 0.5195 0.4911
vn -0.6993 0.5195 0.4911
vn -0.6993 0.5195 0.4911
vn -0.6993 0.5195 0.4911
vn -0.6993 0.5195 0.4911
vn 0.2316 0.9152 0.3297
vn 0.2316 0.9152 0.3297
vn 0.2316 0.9152 0.3297
vn 0.2316 0.9152 0.3297
vn 0.2316 0.9152 0.3297
vn 0.2316 0.9152 0.3297
vn -0.2635 0.7719 -0.5785
vn -0.2635 0.7719 -0.5785
vn -0.2635 0.7719 -0.5785
vn -0.2635 0.7719 -0.5785
vn -0.2635 0.7719 -0.5785
vn -0.2635 0.7719 -0.5785
vn -0.6205 0.7315 0.2827
vn -0.6205 0.7315 0.2827
vn -0.6205 0.7315 0.2827
vn -0.6205 0.7315 0.2827
vn -0.6205 0.7315 0.2827
vn -0.6205 0.7315 0.2827
vn 0.4029 0.8665 -0.2946
vn 0.4029 0.8665 -0.2946
vn 0.4029 0.8665 -0.2946
vn 0.4029 0.8665 -0.2946
vn 0.4029 0.8665 -0.2946
vn 0.4029 0.8665 -0.2946
vn -0.3042 0.8569 -0.4161
vn -0.3042 0.8569 -0.4161
vn -0.3042 0.8569 -0.4161
vn -0.3042 0.8569 -0.4161
vn -0.3042 0.8569 -0.4161
vn -0.3042 0.8569 -0.4161
vn -0.3601 0.9293 0.0826
vn -0.3601 0.9293 0.0826
vn -0.3601 0.9293 0.0826
vn -0.3601 0.9293 0.0826
vn -0.3601 0.9293 0.0826
vn -0.3601 0.9293 0.0826
vn 0.1030 0.8877 0.4489
vn 0.1030 0.8877 0.4489
vn 0.1030 0.8877 0.4489
vn 0.1030 0.8877 0.4489
vn 0.1030 0.8877 0.4489
vn 0.1030 0.8877 0.4489
vn 0.2227 0.6374 -0.7376
vn 0.2227 0.6374 -0.7376
vn 0.2227 0.6374 -0.7376
vn 0.2227 0.6374 -0.7376
vn 0.2227 0.6374 -0.7376
vn 0.2227 0.6374 -0.7376
vn -0.4966 0.8549 -0.1499
vn -0.4966 0.8549 -0.1499
vn -0.4966 0.8549 -0.1499
vn -0.4966 0.8549 -0.1499
vn -0.4966 0.8549 -0.1499
vn -0.4966 0.8549 -0.1499
vn 0.1717 0.7558 0.6319
vn 0.1717 0.7558 0.6319
vn 0.1717 0.7558 0.6319
vn 0.1717 0.7558 0.6319
vn 0.1717 0.7558 0.6319
vn 0.1717 0.7558 0.6319
vn 0.7906 0.5734 -0.2148
vn 0.7906 0.5734 -0.2148
vn 0.7906 0.5734 -0.2148
vn 0.7906 0.5734 -0.2148
vn 0.7906 0.5734 -0.2148
vn 0.7906 0.5734 -0.2148
vn -0.3537 0.8137 -0.4614
vn -0.3537 0.8137 -0.4614
vn -0.3537 0.8137 -0.4614
vn -0.3537 0.8137 -0.4614
vn -0.3537 0.8137 -0.4614
vn -0.3537 0.8137 -0.4614
vn -0.4051 0.8599 0.3105
vn -0.4051 0.8599 0.3105
vn -0.4051 0.8599 0.3105
vn -0.4051 0.8599 0.3105
vn -0.4051 0.8599 0.3105
vn -0.4051 0.8599 0.3105
vn 0.0457 0.8556 -0.5156
vn 0.0457 0.8556 -0.5156
vn 0.0457 0.8556 -0.5156
vn 0.0457 0.8556 -0.5156
vn 0.0457 0.8556 -0.5156
vn 0.0457 0.8556 -0.5156
vn -0.8204 0.5671 -0.0727
vn -0.8204 0.5671 -0.0727
vn -0.8204 0.5671 -0.0727
vn -0.8204 0.5671 -0.0727
vn -0.8204 0.5671 -0.0727
vn -0.8204 0.5671 -0.0727
vn -0.1813 0.7778 0.6017
vn -0.1813 0.7778 0.6017
vn -0.1813 0.7778 0.6017
vn -0.1813 0.7778 0.6017
vn -0.1813 0.7778 0.6017
vn -0.1813 0.7778 0.6017
vn 0.7926 0.5610 0.2388
vn 0.7926 0.5610 0.2388
vn 0.7926 0.5610 0.2388
vn 0.7926 0.5610 0.2388
vn 0.7926 0.5610 0.2388
vn 0.7926 0.5610 0.2388
vn -0.1083 0.5358 -0.8374
vn -0.1083 0.5358 -0.8374
vn -0.1083 0.5358 -0.8374
vn -0.1083 0.5358 -0.8374
vn -0.1083 0.5358 -0.8374
vn -0.1083 0.5358 -0.8374
vn -0.7606 0.6418 0.0984
vn -0.7606 0.6418 0.0984
vn -0.7606 0.6418 0.0984
vn -0.7606 0.6418 0.0984
vn -0.7606 0.6418 0.0984
vn -0.7606 0.6418 0.0984
vn 0.6491 0.7159 0.2572
vn 0.6491 0.7159 0.2572
vn 0.6491 0.7159 0.2572
vn 0.6491 0.7159 0.2572
vn 0.6491 0.7159 0.2572
vn 0.6491 0.7159 0.2572
vn 0.3090 0.5441 -0.7800
vn 0.3090 0.5441 -0.7800
vn 0.3090 0.5441 -0.7800
vn 0.3090 0.5441 -0.7800
vn 0.3090 0.5441 -0.7800
vn 0.3090 0.5441 -0.7800
vn -0.6008 0.6868 0.4090
vn -0.6008 0.6868 0.4090
vn -0.6008 0.6868 0.4090
vn -0.6008 0.6868 0.4090
vn -0.6008 0.6868 0.4090
vn -0.6008 0.6868 0.4090
vn 0.4184 0.6687 0.6147
vn 0.4184 0.6687 0.6147
vn 0.4184 0.6687 0.6147
vn 0.4184 0.6687 0.6147
vn 0.4184 0.6687 0.6147
vn 0.4184 0.6687 0.6147
vn -0.7086 0.6816 -0.1825
vn -0.7086 0.6816 -0.1825
vn -0.7086 0.6816 -0.1825
vn -0.7086 0.6816 -0.1825
vn -0.7086 0.6816 -0.1825
vn -0.7086 0.6816 -0.1825
vn -0.2128 0.5214 0.8263
vn -0.2128 0.5214 0.8263
vn -0.2128 0.5214 0.8263
vn -0.2128 0.5214 0.8263
vn -0.2128 0.5214 0.8263
vn -0.2128 0.5214 0.8263
vn 0.0888 0.7384 -0.6685
vn 0.0888 0.7384 -0.6685
vn 0.0888 0.7384 -0.6685
vn 0.0888 0.7384 -0.6685
vn 0.0888 0.7384 -0.6685
vn 0.0888 0.7384 -0.6685
vn -0.3488 0.9361 -0.0464
vn -0.3488 0.9361 -0.0464
vn -0.3488 0.9361 -0.0464
vn -0.3488 0.9361 -0.0464
vn -0.3488 0.9361 -0.0464
vn -0.3488 0.9361 -0.0464
vn -0.1418 0.6841 0.7154
vn -0.1418 0.6841 0.7154
vn -0.1418 0.6841 0.7154
vn -0.1418 0.6841 0.7154
vn -0.1418 0.6841 0.7154
vn -0.1418 0.6841 0.7154
vn 0.3682 0.9269 0.0730
vn 0.3682 0.9269 0.0730
vn 0.3682 0.9269 0.0730
vn 0.3682 0.9269 0.0730
vn 0.3682 0.9269 0.0730
vn 0.3682 0.9269 0.0730
vn -0.4935 0.6341 -0.5953
vn -0.4935 0.6341 -0.5953
vn -0.4935 0.6341 -0.5953
vn -0.4935 0.6341 -0.5953
vn -0.4935 0.6341 -0.5953
vn -0.4935 0.6341 -0.5953
vn -0.5727 0.6683 0.4747
vn -0.5727 0.6683 0.4747
vn -0.5727 0.6683 0.4747
vn -0.5727 0.6683 0.4747
vn -0.5727 0.6683 0.4747
vn -0.5727 0.6683 0.4747
vn -0.7577 0.6515 -0.0393
vn -0.7577 0.6515 -0.0393
vn -0.7577 0.6515 -0.0393
vn -0.7577 0.6515 -0.0393
vn -0.7577 0.6515 -0.0393
vn -0.7577 0.6515 -0.0393
vn -0.0385 0.6690 0.7422
vn -0.0385 0.6690 0.7422
vn -0.0385 0.6690 0.7422
vn -0.0385 0.6690 0.7422
vn -0.0385 0.6690 0.7422
vn -0.0385 0.6690 0.7422
vn -0.0948 0.8310 0.5481
vn -0.0948 0.8310 0.5481
vn -0.0948 0.8310 0.5481
vn -0.0948 0.8310 0.5481
vn -0.0948 0.8310 0.5481
vn -0.0948 0.8310 0.5481
vn 0.5035 0.8596 0.0871
vn 0.5035 0.8596 0.0871
vn 0.5035 0.8596 0.0871
vn 0.5035 0.8596 0.0871
vn 0.5035 0.8596 0.0871
vn 0.5035 0.8596 0.0871
vn -0.0643 0.8926 -0.4462
vn -0.0643 0.8926 -0.4462
vn -0.0643 0.8926 -0.4462
vn -0.0643 0.8926 -0.4462
vn -0.0643 0.8926 -0.4462
vn -0.0643 0.8926 -0.4462
vn -0.8300 0.5448 0.1196
vn -0.8300 0.5448 0.1196
vn -0.8300 0.5448 0.1196
vn -0.8300 0.5448 0.1196
vn -0.8300 0.5448 0.1196
vn -0.8300 0.5448 0.1196
vn 0.8381 0.5454 0.0054
vn 0.8381 0.5454 0.0054
vn 0.8381 0.5454 0.0054
vn 0.8381 0.5454 0.0054
vn 0.8381 0.5454 0.0054
vn 0.8381 0.5454 0.0054
vn 0.0044 0.7349 -0.6781
vn 0.0044 0.7349 -0.6781
vn 0.0044 0.7349 -0.6781
vn 0.0044 0.7349 -0.6781
vn 0.0044 0.7349 -0.6781
vn 0.0044 0.7349 -0.6781
vn -0.5773 0.7239 -0.3777
vn -0.5773 0.7239 -0.3777
vn -0.5773 0.7239 -0.3777
vn -0.5773 0.7239 -0.3777
vn -0.5773 0.7239 -0.3777
vn -0.5773 0.7239 -0.3777
vn -0.4499 0.5697 0.6878
vn -0.4499 0.5697 0.6878
vn -0.4499 0.5697 0.6878
vn -0.4499 0.5697 0.6878
vn -0.4499 0.5697 0.6878
vn -0.4499 0.5697 0.6878
vn 0.7649 0.6404 0.0694
vn 0.7649 0.6404 0.0694
vn 0.7649 0.6404 0.0694
vn 0.7649 0.6404 0.0694
vn 0.7649 0.6404 0.0694
vn 0.7649 0.6404 0.0694
vn 0.0607 0.7409 -0.6689
vn 0.0607 0.7409 -0.6689
vn 0.0607 0.7409 -0.6689
vn 0.0607 0.7409 -0.6689
vn 0.0607 0.7409 -0.6689
vn 0.0607 0.7409 -0.6689
vn -0.3392 0.8998 0.2744
vn -0.3392 0.8998 0.2744
vn -0.3392 0.8998 0.2744
vn -0.3392 0.8998 0.2744
vn -0.3392 0.8998 0.2744
vn -0.3392 0.8998 0.2744
vn 0.4485 0.7010 0.5545
vn 0.4485 0.7010 0.5545
vn 0.4485 0.7010 0.5545
vn 0.4485 0.7010 0.5545
vn 0.4485 0.7010 0.5545
vn 0.4485 0.7010 0.5545
vn -0.4892 0.6552 0.5756
vn -0.4892 0.6552 0.5756
vn -0.4892 0.6552 0.5756
vn -0.4892 0.6552 0.5756
vn -0.4892 0.6552 0.5756
vn -0.4892 0.6552 0.5756
vn 0.4436 0.8131 0.3770
vn 0.4436 0.8131 0.3770
vn 0.4436 0.8131 0.3770
vn 0.4436 0.8131 0.3770
vn 0.4436 0.8131 0.3770
vn 0.4436 0.8131 0.3770
vn 0.6131 0.7791 0.1307
vn 0.6131 0.7791 0.1307
vn 0.6131 0.7791 0.1307
vn 0.6131 0.7791 0.1307
vn 0.6131 0.7791 0.1307
vn 0.6131 0.7791 0.1307
vn 0.0776 0.9281 -0.3640
vn 0.0776 0.9281 -0.3640
vn 0.0776 0.9281 -0.3640
vn 0.0776 0.9281 -0.3640
vn 0.0776 0.9281 -0.3640
vn 0.0776 0.9281 -0.3640
vn -0.3014 0.7592 -0.5769
vn -0.3014 0.7592 -0.5769
vn -0.3014 0.7592 -0.5769
vn -0.3014 0.7592 -0.5769
vn -0.3014 0.7592 -0.5769
vn -0.3014 0.7592 -0.5769
vn -0.3651 0.9113 0.1907
vn -0.3651 0.9113 0.1907
vn -0.3651 0.9113 0.1907
vn -0.3651 0.9113 0.1907
vn -0.3651 0.9113 0.1907
vn -0.3651 0.9113 0.1907
vn -0.4442 0.6346 -0.6324
vn -0.4442 0.6346 -0.6324
vn -0.4442 0.6346 -0.6324
vn -0.4442 0.6346 -0.6324
vn -0.4442 0.6346 -0.6324
vn -0.4442 0.6346 -0.6324
vn -0.4172 0.8603 0.2930
vn -0.4172 0.8603 0.2930
vn -0.4172 0.8603 0.2930
vn -0.4172 0.8603 0.2930
vn -0.4172 0.8603 0.2930
vn -0.4172 0.8603 0.2930
vn -0.3011 0.8385 -0.4541
vn -0.3011 0.8385 -0.4541
vn -0.3011 0.8385 -0.4541
vn -0.3011 0.8385 -0.4541
vn -0.3011 0.8385 -0.4541
vn -0.3011 0.8385 -0.4541
vn -0.3260 0.9203 0.2162
vn -0.3260 0.9203 0.2162
vn -0.3260 0.9203 0.2162
vn -0.3260 0.9203 0.2162
vn -0.3260 0.9203 0.2162
vn -0.3260 0.9203 0.2162
vn 0.5271 0.6764 -0.5145
vn 0.5271 0.6764 -0.5145
vn 0.5271 0.6764 -0.5145
vn 0.5271 0.6764 -0.5145
vn 0.5271 0.6764 -0.5145
vn 0.5271 0.6764 -0.5145
vn -0.4712 0.7382 -0.4827
vn -0.4712 0.7382 -0.4827
vn -0.4712 0.7382 -0.4827
vn -0.4712 0.7382 -0.4827
vn -0.4712 0.7382 -0.4827
vn -0.4712 0.7382 -0.4827
vn 0.4442 0.7548 -0.4827
vn 0.4442 0.7548 -0.4827
vn 0.4442 0.7548 -0.4827
vn 0.4442 0.7548 -0.4827
vn 0.4442 0.7548 -0.4827
vn 0.4442 0.7548 -0.4827
vn -0.5115 0.7189 -0.4707
vn -0.5115 0.7189 -0.4707
vn -0.5115 0.7189 -0.4707
vn -0.5115 0.7189 -0.4707
vn -0.5115 0.7189 -0.4707
vn -0.5115 0.7189 -0.4707
vn -0.6779 0.5936 0.4337
vn -0.6779 0.5936 0.4337
vn -0.6779 0.5936 0.4337
vn -0.6779 0.5936 0.4337
vn -0.6779 0.5936 0.4337
vn -0.6779 0.5936 0.4337
vn 0.2633 0.8726 0.4115
vn 0.2633 0.8726 0.4115
vn 0.2633 0.8726 0.4115
vn 0.2633 0.8726 0.4115
vn 0.2633 0.8726 0.4115
vn 0.2633 0.8726 0.4115
vn -0.0283 0.8092 0.5869
vn -0.0283 0.8092 0.5869
vn -0.0283 0.8092 0.5869
vn -0.0283 0.8092 0.5869
vn -0.0283 0.8092 0.5869
vn -0.0283 0.8092 0.5869
vn 0.6774 0.7348 0.0327
vn 0.6774 0.7348 0.0327
vn 0.6774 0.7348 0.0327
vn 0.6774 0.7348 0.0327
vn 0.6774 0.7348 0.0327
vn 0.6774 0.7348 0.0327
vn 0.0055 0.6830 0.7304
vn 0.0055 0.6830 0.7304
vn 0.0055 0.6830 0.7304
vn 0.0055 0.6830 0.7304
vn 0.0055 0.6830 0.7304
vn 0.0055 0.6830 0.7304
vn 0.6353 0.7723 -0.0048
vn 0.6353 0.7723 -0.0048
vn 0.6353 0.7723 -0.0048
vn 0.6353 0.7723 -0.0048
vn 0.6353 0.7723 -0.0048
vn 0.6353 0.7723 -0.0048
vn 0.8355 0.5082 0.2089
vn 0.8355 0.5082 0.2089
vn 0.8355 0.5082 0.2089
vn 0.8355 0.5082 0.2089
vn 0.8355 0.5082 0.2089
vn 0.8355 0.5082 0.2089
vn 0.1550 0.7690 -0.6202
vn 0.1550 0.7690 -0.6202
vn 0.1550 0.7690 -0.6202
vn 0.1550 0.7690 -0.6202
vn 0.1550 0.7690 -0.6202
vn 0.1550 0.7690 -0.6202
vn 0.5330 0.7730 0.3440
vn 0.5330 0.7730 0.3440
vn 0.5330 0.7730 0.3440
vn 0.5330 0.7730 0.3440
vn 0.5330 0.7730 0.3440
vn 0.5330 0.7730 0.3440
vn 0.4156 0.6424 -0.6439
vn 0.4156 0.6424 -0.6439
vn 0.4156 0.6424 -0.6439
vn 0.4156 0.6424 -0.6439
vn 0.4156 0.6424 -0.6439
vn 0.4156 0.6424 -0.6439
vn -0.7822 0.5364 0.3169
vn -0.7822 0.5364 0.3169
vn -0.7822 0.5364 0.3169
vn -0.7822 0.5364 0.3169
vn -0.7822 0.5364 0.3169
vn -0.7822 0.5364 0.3169
vn 0.1295 0.9387 0.3196
vn 0.1295 0.9387 0.3196
vn 0.1295 0.9387 0.3196
vn 0.1295 0.9387 0.3196
vn 0.1295 0.9387 0.3196
vn 0.1295 0.9387 0.3196
vn -0.2891 0.9335 -0.2120
vn -0.2891 0.9335 -0.2120
vn -0.2891 0.9335 -0.2120
vn -0.2891 0.9335 -0.2120
vn -0.2891 0.9335 -0.2120
vn -0.2891 0.9335 -0.2120
vn -0.4520 0.6449 0.6163
vn -0.4520 0.6449 0.6163
vn -0.4520 0.6449 0.6163
vn -0.4520 0.6449 0.6163
vn -0.4520 0.6449 0.6163
vn -0.4520 0.6449 0.6163
vn -0.6102 0.7599 -0.2242
vn -0.6102 0.7599 -0.2242
vn -0.6102 0.7599 -0.2242
vn -0.6102 0.7599 -0.2242
vn -0.6102 0.7599 -0.2242
vn -0.6102 0.7599 -0.2242
vn -0.2331 0.7368 0.6346
vn -0.2331 0.7368 0.6346
vn -0.2331 0.7368 0.6346
vn -0.2331 0.7368 0.6346
vn -0.2331 0.7368 0.6346
vn -0.2331 0.7368 0.6346
vn 0.5212 0.7766 0.3539
vn 0.5212 0.7766 0.3539
vn 0.5212 0.7766 0.3539
vn 0.5212 0.7766 0.3539
vn 0.5212 0.7766 0.3539
vn 0.5212 0.7766 0.3539
vn 0.2747 0.8723 -0.4045
vn 0.2747 0.8723 -0.4045
vn 0.2747 0.8723 -0.4045
vn 0.2747 0.8723 -0.4045
vn 0.2747 0.8723 -0.4045
vn 0.2747 0.8723 -0.4045
vn 0.7049 0.6766 -0.2129
vn 0.7049 0.6766 -0.2129
vn 0.7049 0.6766 -0.2129
vn 0.7049 0.6766 -0.2129
vn 0.7049 0.6766 -0.2129
vn 0.7049 0.6766 -0.2129
vn -0.2106 0.6852 -0.6972
vn -0.2106 0.6852 -0.6972
vn -0.2106 0.6852 -0.6972
vn -0.2106 0.6852 -0.6972
vn -0.2106 0.6852 -0.6972
vn -0.2106 0.6852 -0.6972
vn -0.3557 0.8789 -0.3180
vn -0.3557 0.8789 -0.3180
vn -0.3557 0.8789 -0.3180
vn -0.3557 0.8789 -0.3180
vn -0.3557 0.8789 -0.3180
vn -0.3557 0.8789 -0.3180
vn -0.5753 0.5050 0.6435
vn -0.5753 0.5050 0.6435
vn -0.5753 0.5050 0.6435
vn -0.5753 0.5050 0.6435
vn -0.5753 0.5050 0.6435
vn -0.5753 0.5050 0.6435
vn 0.7671 0.6078 0.2052
vn 0.7671 0.6078 0.2052
vn 0.7671 0.6078 0.2052
vn 0.7671 0.6078 0.2052
vn 0.7671 0.6078 0.2052
vn 0.7671 0.6078 0.2052
vn 0.1102 0.9046 -0.4119
vn 0.1102 0.9046 -0.4119
vn 0.1102 0.9046 -0.4119
vn 0.1102 0.9046 -0.4119
vn 0.1102 0.9046 -0.4119
vn 0.1102 0.9046 -0.4119
vn -0.0624 0.7787 -0.6243
vn -0.0624 0.7787 -0.6243
vn -0.0624 0.7787 -0.6243
vn -0.0624 0.7787 -0.6243
vn -0.0624 0.7787 -0.6243
vn -0.0624 0.7787 -0.6243
vn -0.6630 0.7457 0.0662
vn -0.6630 0.7457 0.0662
vn -0.6630 0.7457 0.0662
vn -0.6630 0.7457 0.0662
vn -0.6630 0.7457 0.0662
vn -0.6630 0.7457 0.0662
vn 0.5626 0.8263 -0.0261
vn 0.5626 0.8263 -0.0261
vn 0.5626 0.8263 -0.0261
vn 0.5626 0.8263 -0.0261
vn 0.5626 0.8263 -0.0261
vn 0.5626 0.8263 -0.0261
vn -0.0313 0.7368 -0.6754
vn -0.0313 0.7368 -0.6754
vn -0.0313 0.7368 -0.6754
vn -0.0313 0.7368 -0.6754
vn -0.0313 0.7368 -0.6754
vn -0.0313 0.7368 -0.6754
vn -0.3690 0.6701 0.6441
vn -0.3690 0.6701 0.6441
vn -0.3690 0.6701 0.6441
vn -0.3690 0.6701 0.6441
vn -0.3690 0.6701 0.6441
vn -0.3690 0.6701 0.6441
vn 0.4587 0.8489 0.2628
vn 0.4587 0.8489 0.2628
vn 0.4587 0.8489 0.2628
vn 0.4587 0.8489 0.2628
vn 0.4587 0.8489 0.2628
vn 0.4587 0.8489 0.2628
vn 0.2963 0.8926 0.3397
vn 0.2963 0.8926 0.3397
vn 0.2963 0.8926 0.3397
vn 0.2963 0.8926 0.3397
vn 0.2963 0.8926 0.3397
vn 0.2963 0.8926 0.3397
vn 0.4662 0.7858 -0.4065
vn 0.4662 0.7858 -0.4065
vn 0.4662 0.7858 -0.4065
vn 0.4662 0.7858 -0.4065
vn 0.4662 0.7858 -0.4065
vn 0.4662 0.7858 -0.4065
vn -0.5795 0.7662 -0.2779
vn -0.5795 0.7662 -0.2779
vn -0.5795 0.7662 -0.2779
vn -0.5795 0.7662 -0.2779
vn -0.5795 0.7662 -0.2779
vn -0.5795 0.7662 -0.2779
vn -0.2933 0.7346 0.6118
vn -0.2933 0.7346 0.6118
vn -0.2933 0.7346 0.6118
vn -0.2933 0.7346 0.6118
vn -0.2933 0.7346 0.6118
vn -0.2933 0.7346 0.6118
vn 0.6208 0.7717 -0.1382
vn 0.6208 0.7717 -0.1382
vn 0.6208 0.7717 -0.1382
vn 0.6208 0.7717 -0.1382
vn 0.6208 0.7717 -0.1382
vn 0.6208 0.7717 -0.1382
vn -0.1741 0.5986 -0.7819
vn -0.1741 0.5986 -0.7819
vn -0.1741 0.5986 -0.7819
vn -0.1741 0.5986 -0.7819
vn -0.1741 0.5986 -0.7819
vn -0.1741 0.5986 -0.7819
vn 0.6775 0.7348 -0.0340
vn 0.6775 0.7348 -0.0340
vn 0.6775 0.7348 -0.0340
vn 0.6775 0.7348 -0.0340
vn 0.6775 0.7348 -0.0340
vn 0.6775 0.7348 -0.0340
vn -0.0375 0.6633 -0.7474
vn -0.0375 0.6633 -0.7474
vn -0.0375 0.6633 -0.7474
vn -0.0375 0.6633 -0.7474
vn -0.0375 0.6633 -0.7474
vn -0.0375 0.6633 -0.7474
vn 0.0617 0.8152 0.5759
vn 0.0617 0.8152 0.5759
vn 0.0617 0.8152 0.5759
vn 0.0617 0.8152 0.5759
vn 0.0617 0.8152 0.5759
vn 0.0617 0.8152 0.5759
vn 0.8387 0.5371 -0.0899
vn 0.8387 0.5371 -0.0899
vn 0.8387 0.5371 -0.0899
vn 0.8387 0.5371 -0.0899
vn 0.8387 0.5371 -0.0899
vn 0.8387 0.5371 -0.0899
vn 0.5278 0.8178 -0.2295
vn 0.5278 0.8178 -0.2295
vn 0.5278 0.8178 -0.2295
vn 0.5278 0.8178 -0.2295
vn 0.5278 0.8178 -0.2295
vn 0.5278 0.8178 -0.2295
vn -0.2270 0.8222 -0.5219
vn -0.2270 0.8222 -0.5219
vn -0.2270 0.8222 -0.5219
vn -0.2270 0.8222 -0.5219
vn -0.2270 0.8222 -0.5219
vn -0.2270 0.8222 -0.5219
vn 0.5949 0.7968 -0.1060
vn 0.5949 0.7968 -0.1060
vn 0.5949 0.7968 -0.1060
vn 0.5949 0.7968 -0.1060
vn 0.5949 0.7968 -0.1060
vn 0.5949 0.7968 -0.1060
vn -0.1339 0.6458 -0.7517
vn -0.1339 0.6458 -0.7517
vn -0.1339 0.6458 -0.7517
vn -0.1339 0.6458 -0.7517
vn -0.1339 0.6458 -0.7517
vn -0.1339 0.6458 -0.7517
vn -0.1283 0.8951 -0.4271
vn -0.1283 0.8951 -0.4271
vn -0.1283 0.8951 -0.4271
vn -0.1283 0.8951 -0.4271
vn -0.1283 0.8951 -0.4271
vn -0.1283 0.8951 -0.4271
vn -0.6654 0.7192 0.2000
vn -0.6654 0.7192 0.2000
vn -0.6654 0.7192 0.2000
vn -0.6654 0.7192 0.2000
vn -0.6654 0.7192 0.2000
vn -0.6654 0.7192 0.2000
vn -0.4346 0.6340 0.6397
vn -0.4346 0.6340 0.6397
vn -0.4346 0.6340 0.6397
vn -0.4346 0.6340 0.6397
vn -0.4346 0.6340 0.6397
vn -0.4346 0.6340 0.6397
vn 0.5063 0.7908 0.3440
vn 0.5063 0.7908 0.3440
vn 0.5063 0.7908 0.3440
vn 0.5063 0.7908 0.3440
vn 0.5063 0.7908 0.3440
vn 0.5063 0.7908 0.3440
vn -0.1749 0.8352 -0.5213
vn -0.1749 0.8352 -0.5213
vn -0.1749 0.8352 -0.5213
vn -0.1749 0.8352 -0.5213
vn -0.1749 0.8352 -0.5213
vn -0.1749 0.8352 -0.5213
vn -0.7805 0.5676 0.2619
vn -0.7805 0.5676 0.2619
vn -0.7805 0.5676 0.2619
vn -0.7805 0.5676 0.2619
vn -0.7805 0.5676 0.2619
vn -0.7805 0.5676 0.2619
vn -0.4772 0.8313 0.2849
vn -0.4772 0.8313 0.2849
vn -0.4772 0.8313 0.2849
vn -0.4772 0.8313 0.2849
vn -0.4772 0.8313 0.2849
vn -0.4772 0.8313 0.2849
vn 0.3164 0.7869 0.5299
vn 0.3164 0.7869 0.5299
vn 0.3164 0.7869 0.5299
vn 0.3164 0.7869 0.5299
vn 0.3164 0.7869 0.5299
vn 0.3164 0.7869 0.5299
vn 0.4547 0.8839 0.1095
vn 0.4547 0.8839 0.1095
vn 0.4547 0.8839 0.1095
vn 0.4547 0.8839 0.1095
vn 0.4547 0.8839 0.1095
vn 0.4547 0.8839 0.1095
vn 0.1216 0.8544 -0.5051
vn 0.1216 0.8544 -0.5051
vn 0.1216 0.8544 -0.5051
vn 0.1216 0.8544 -0.5051
vn 0.1216 0.8544 -0.5051
vn 0.1216 0.8544 -0.5051
vn 0.2593 0.8283 -0.4967
vn 0.2593 0.8283 -0.4967
vn 0.2593 0.8283 -0.4967
vn 0.2593 0.8283 -0.4967
vn 0.2593 0.8283 -0.4967
vn 0.2593 0.8283 -0.4967
vn -0.4681 0.8492 -0.2444
vn -0.4681 0.8492 -0.2444
vn -0.4681 0.8492 -0.2444
vn -0.4681 0.8492 -0.2444
vn -0.4681 0.8492 -0.2444
vn -0.4681 0.8492 -0.2444
vn 0.5432 0.6651 -0.5124
vn 0.5432 0.6651 -0.5124
vn 0.5432 0.6651 -0.5124
vn 0.5432 0.6651 -0.5124
vn 0.5432 0.6651 -0.5124
vn 0.5432 0.6651 -0.5124
vn -0.3379 0.8704 -0.3581
vn -0.3379 0.8704 -0.3581
vn -0.3379 0.8704 -0.3581
vn -0.3379 0.8704 -0.3581
vn -0.3379 0.8704 -0.3581
vn -0.3379 0.8704 -0.3581
vn 0.2517 0.9359 0.2465
vn 0.2517 0.9359 0.2465
vn 0.2517 0.9359 0.2465
vn 0.2517 0.9359 0.2465
vn 0.2517 0.9359 0.2465
vn 0.2517 0.9359 0.2465
vn 0.4423 0.7749 -0.4516
vn 0.4423 0.7749 -0.4516
vn 0.4423 0.7749 -0.4516
vn 0.4423 0.7749 -0.4516
vn 0.4423 0.7749 -0.4516
vn 0.4423 0.7749 -0.4516
vn 0.4634 0.8833 0.0707
vn 0.4634 0.8833 0.0707
vn 0.4634 0.8833 0.0707
vn 0.4634 0.8833 0.0707
vn 0.4634 0.8833 0.0707
vn 0.4634 0.8833 0.0707
vn 0.0723 0.8775 -0.4741
vn 0.0723 0.8775 -0.4741
vn 0.0723 0.8775 -0.4741
vn 0.0723 0.8775 -0.4741
vn 0.0723 0.8775 -0.4741
vn 0.0723 0.8775 -0.4741
vn 0.7790 0.5506 0.2999
vn 0.7790 0.5506 0.2999
vn 0.7790 0.5506 0.2999
vn 0.7790 0.5506 0.2999
vn 0.7790 0.5506 0.2999
vn 0.7790 0.5506 0.2999
vn 0.2853 0.6076 -0.7412
vn 0.2853 0.6076 -0.7412
vn 0.2853 0.6076 -0.7412
vn 0.2853 0.6076 -0.7412
vn 0.2853 0.6076 -0.7412
vn 0.2853 0.6076 -0.7412
vn 0.4652 0.8688 -0.1699
vn 0.4652 0.8688 -0.1699
vn 0.4652 0.8688 -0.1699
vn 0.4652 0.8688 -0.1699
vn 0.4652 0.8688 -0.1699
vn 0.4652 0.8688 -0.1699
vn -0.1552 0.8919 -0.4249
vn -0.1552 0.8919 -0.4249
vn -0.1552 0.8919 -0.4249
vn -0.1552 0.8919 -0.4249
vn -0.1552 0.8919 -0.4249
vn -0.1552 0.8919 -0.4249
vn 0.5133 0.8441 -0.1547
vn 0.5133 0.8441 -0.1547
vn 0.5133 0.8441 -0.1547
vn 0.5133 0.8441 -0.1547
vn 0.5133 0.8441 -0.1547
vn 0.5133 0.8441 -0.1547
vn -0.1498 0.8546 -0.4972
vn -0.1498 0.8546 -0.4972
vn -0.1498 0.8546 -0.4972
vn -0.1498 0.8546 -0.4972
vn -0.1498 0.8546 -0.4972
vn -0.1498 0.8546 -0.4972
vn 0.4594 0.8787 0.1297
vn 0.4594 0.8787 0.1297
vn 0.4594 0.8787 0.1297
vn 0.4594 0.8787 0.1297
vn 0.4594 0.8787 0.1297
vn 0.4594 0.8787 0.1297
vn 0.1448 0.8462 -0.5129
vn 0.1448 0.8462 -0.5129
vn 0.1448 0.8462 -0.5129
vn 0.1448 0.8462 -0.5129
vn 0.1448 0.8462 -0.5129
vn 0.1448 0.8462 -0.5129
vn 0.0316 0.7775 -0.6281
vn 0.0316 0.7775 -0.6281
vn 0.0316 0.7775 -0.6281
vn 0.0316 0.7775 -0.6281
vn 0.0316 0.7775 -0.6281
vn 0.0316 0.7775 -0.6281
vn -0.3994 0.9166 -0.0201
vn -0.3994 0.9166 -0.0201
vn -0.3994 0.9166 -0.0201
vn -0.3994 0.9166 -0.0201
vn -0.3994 0.9166 -0.0201
vn -0.3994 0.9166 -0.0201
vn 0.4418 0.8641 -0.2412
vn 0.4418 0.8641 -0.2412
vn 0.4418 0.8641 -0.2412
vn 0.4418 0.8641 -0.2412
vn 0.4418 0.8641 -0.2412
vn 0.4418 0.8641 -0.2412
vn -0.4084 0.5229 -0.7482
vn -0.4084 0.5229 -0.7482
vn -0.4084 0.5229 -0.7482
vn -0.4084 0.5229 -0.7482
vn -0.4084 0.5229 -0.7482
vn -0.4084 0.5229 -0.7482
vn 0.0816 0.8818 -0.4645
vn 0.0816 0.8818 -0.4645
vn 0.0816 0.8818 -0.4645
vn 0.0816 0.8818 -0.4645
vn 0.0816 0.8818 -0.4645
vn 0.0816 0.8818 -0.4645
vn -0.5558 0.8255 -0.0977
vn -0.5558 0.8255 -0.0977
vn -0.5558 0.8255 -0.0977
vn -0.5558 0.8255 -0.0977
vn -0.5558 0.8255 -0.0977
vn -0.5558 0.8255 -0.0977
vn -0.2981 0.9008 -0.3158
vn -0.2981 0.9008 -0.3158
vn -0.2981 0.9008 -0.3158
vn -0.2981 0.9008 -0.3158
vn -0.2981 0.9008 -0.3158
vn -0.2981 0.9008 -0.3158
vn -0.2604 0.9337 0.2457
vn -0.2604 0.9337 0.2457
vn -0.2604 0.9337 0.2457
vn -0.2604 0.9337 0.2457
vn -0.2604 0.9337 0.2457
vn -0.2604 0.9337 0.2457
vn 0.3795 0.9157 0.1321
vn 0.3795 0.9157 0.1321
vn 0.3795 0.9157 0.1321
vn 0.3795 0.9157 0.1321
vn 0.3795 0.9157 0.1321
vn 0.3795 0.9157 0.1321
vn 0.2519 0.6425 -0.7237
vn 0.2519 0.6425 -0.7237
vn 0.2519 0.6425 -0.7237
vn 0.2519 0.6425 -0.7237
vn 0.2519 0.6425 -0.7237
vn 0.2519 0.6425 -0.7237
vn -0.0226 0.9300 -0.3668
vn -0.0226 0.9300 -0.3668
vn -0.0226 0.9300 -0.3668
vn -0.0226 0.9300 -0.3668
vn -0.0226 0.9300 -0.3668
vn -0.0226 0.9300 -0.3668
vn -0.5008 0.8650 0.0308
vn -0.5008 0.8650 0.0308
vn -0.5008 0.8650 0.0308
vn -0.5008 0.8650 0.0308
vn -0.5008 0.8650 0.0308
vn -0.5008 0.8650 0.0308
vn 0.6506 0.6214 -0.4365
vn 0.6506 0.6214 -0.4365
vn 0.6506 0.6214 -0.4365
vn 0.6506 0.6214 -0.4365
vn 0.6506 0.6214 -0.4365
vn 0.6506 0.6214 -0.4365
vn -0.4018 0.6927 -0.5989
vn -0.4018 0.6927 -0.5989
vn -0.4018 0.6927 -0.5989
vn -0.4018 0.6927 -0.5989
vn -0.4018 0.6927 -0.5989
vn -0.4018 0.6927 -0.5989
vn -0.2835 0.8820 0.3765
vn -0.2835 0.8820 0.3765
vn -0.2835 0.8820 0.3765
vn -0.2835 0.8820 0.3765
vn -0.2835 0.8820 0.3765
vn -0.2835 0.8820 0.3765
vn 0.3241 0.9140 0.2441
vn 0.3241 0.9140 0.2441
vn 0.3241 0.9140 0.2441
vn 0.3241 0.9140 0.2441
vn 0.3241 0.9140 0.2441
vn 0.3241 0.9140 0.2441
vn 0.1801 0.9251 0.3343
vn 0.1801 0.9251 0.3343
vn 0.1801 0.9251 0.3343
vn 0.1801 0.9251 0.3343
vn 0.1801 0.9251 0.3343
vn 0.1801 0.9251 0.3343
vn 0.4234 0.8768 -0.2280
vn 0.4234 0.8768 -0.2280
vn 0.4234 0.8768 -0.2280
vn 0.4234 0.8768 -0.2280
vn 0.4234 0.8768 -0.2280
vn 0.4234 0.8768 -0.2280
vn 0.2769 0.8632 0.4221
vn 0.2769 0.8632 0.4221
vn 0.2769 0.8632 0.4221
vn 0.2769 0.8632 0.4221
vn 0.2769 0.8632 0.4221
vn 0.2769 0.8632 0.4221
vn 0.7010 0.5451 -0.4599
vn 0.7010 0.5451 -0.4599
vn 0.7010 0.5451 -0.4599
vn 0.7010 0.5451 -0.4599
vn 0.7010 0.5451 -0.4599
vn 0.7010 0.5451 -0.4599
vn 0.7819 0.5477 -0.2978
vn 0.7819 0.5477 -0.2978
vn 0.7819 0.5477 -0.2978
vn 0.7819 0.5477 -0.2978
vn 0.7819 0.5477 -0.2978
vn 0.7819 0.5477 -0.2978
vn -0.2556 0.6958 -0.6712
vn -0.2556 0.6958 -0.6712
vn -0.2556 0.6958 -0.6712
vn -0.2556 0.6958 -0.6712
vn -0.2556 0.6958 -0.6712
vn -0.2556 0.6958 -0.6712
vn 0.0497 -0.7518 0.6576
vn 0.0497 -0.7518 0.6576
vn 0.0497 -0.7518 0.6576
vn 0.0497 -0.7518 0.6576
vn 0.0497 -0.7518 0.6576
vn 0.0497 -0.7518 0.6576
vn 0.7406 -0.6696 -0.0560
vn 0.7406 -0.6696 -0.0560
vn 0.7406 -0.6696 -0.0560
vn 0.7406 -0.6696 -0.0560
vn 0.7406 -0.6696 -0.0560
vn 0.7406 -0.6696 -0.0560
vn 0.4552 -0.6909 0.5616
vn 0.4552 -0.6909 0.5616
vn 0.4552 -0.6909 0.5616
vn 0.4552 -0.6909 0.5616
vn 0.4552 -0.6909 0.5616
vn 0.4552 -0.6909 0.5616
vn 0.6400 -0.5668 -0.5187
vn 0.6400 -0.5668 -0.5187
vn 0.6400 -0.5668 -0.5187
vn 0.6400 -0.5668 -0.5187
vn 0.6400 -0.5668 -0.5187
vn 0.6400 -0.5668 -0.5187
vn 0.5366 -0.7555 -0.3760
vn 0.5366 -0.7555 -0.3760
vn 0.5366 -0.7555 -0.3760
vn 0.5366 -0.7555 -0.3760
vn 0.5366 -0.7555 -0.3760
vn 0.5366 -0.7555 -0.3760
vn -0.3662 -0.7699 -0.5227
vn -0.3662 -0.7699 -0.5227
vn -0.3662 -0.7699 -0.5227
vn -0.3662 -0.7699 -0.5227
vn -0.3662 -0.7699 -0.5227
vn -0.3662 -0.7699 -0.5227
vn -0.2588 -0.7482 0.6109
vn -0.2588 -0.7482 0.6109
vn -0.2588 -0.7482 0.6109
vn -0.2588 -0.7482 0.6109
vn -0.2588 -0.7482 0.6109
vn -0.2588 -0.7482 0.6109
vn 0.4080 -0.8964 0.1729
vn 0.4080 -0.8964 0.1729
vn 0.4080 -0.8964 0.1729
vn 0.4080 -0.8964 0.1729
vn 0.4080 -0.8964 0.1729
vn 0.4080 -0.8964 0.1729
vn -0.0809 -0.9204 -0.3826
vn -0.0809 -0.9204 -0.3826
vn -0.0809 -0.9204 -0.3826
vn -0.0809 -0.9204 -0.3826
vn -0.0809 -0.9204 -0.3826
vn -0.0809 -0.9204 -0.3826
vn -0.7241 -0.6725 0.1532
vn -0.7241 -0.6725 0.1532
vn -0.7241 -0.6725 0.1532
vn -0.7241 -0.6725 0.1532
vn -0.7241 -0.6725 0.1532
vn -0.7241 -0.6725 0.1532
vn -0.7371 -0.6656 -0.1168
vn -0.7371 -0.6656 -0.1168
vn -0.7371 -0.6656 -0.1168
vn -0.7371 -0.6656 -0.1168
vn -0.7371 -0.6656 -0.1168
vn -0.7371 -0.6656 -0.1168
vn -0.1104 -0.7093 0.6962
vn -0.1104 -0.7093 0.6962
vn -0.1104 -0.7093 0.6962
vn -0.1104 -0.7093 0.6962
vn -0.1104 -0.7093 0.6962
vn -0.1104 -0.7093 0.6962
vn 0.6958 -0.6969 -0.1737
vn 0.6958 -0.6969 -0.1737
vn 0.6958 -0.6969 -0.1737
vn 0.6958 -0.6969 -0.1737
vn 0.6958 -0.6969 -0.1737
vn 0.6958 -0.6969 -0.1737
vn -0.2031 -0.5450 -0.8135
vn -0.2031 -0.5450 -0.8135
vn -0.2031 -0.5450 -0.8135
vn -0.2031 -0.5450 -0.8135
vn -0.2031 -0.5450 -0.8135
vn -0.2031 -0.5450 -0.8135
vn 0.1705 -0.8173 -0.5504
vn 0.1705 -0.8173 -0.5504
vn 0.1705 -0.8173 -0.5504
vn 0.1705 -0.8173 -0.5504
vn 0.1705 -0.8173 -0.5504
vn 0.1705 -0.8173 -0.5504
vn -0.7773 -0.5812 -0.2407
vn -0.7773 -0.5812 -0.2407
vn -0.7773 -0.5812 -0.2407
vn -0.7773 -0.5812 -0.2407
vn -0.7773 -0.5812 -0.2407
vn -0.7773 -0.5812 -0.2407
vn -0.0099 -0.5352 -0.8447
vn -0.0099 -0.5352 -0.8447
vn -0.0099 -0.5352 -0.8447
vn -0.0099 -0.5352 -0.8447
vn -0.0099 -0.5352 -0.8447
vn -0.0099 -0.5352 -0.8447
vn -0.6112 -0.7914 0.0071
vn -0.6112 -0.7914 0.0071
vn -0.6112 -0.7914 0.0071
vn -0.6112 -0.7914 0.0071
vn -0.6112 -0.7914 0.0071
vn -0.6112 -0.7914 0.0071
vn -0.3905 -0.7237 -0.5690
vn -0.3905 -0.7237 -0.5690
vn -0.3905 -0.7237 -0.5690
vn -0.3905 -0.7237 -0.5690
vn -0.3905 -0.7237 -0.5690
vn -0.3905 -0.7237 -0.5690
vn -0.3229 -0.9201 0.2217
vn -0.3229 -0.9201 0.2217
vn -0.3229 -0.9201 0.2217
vn -0.3229 -0.9201 0.2217
vn -0.3229 -0.9201 0.2217
vn -0.3229 -0.9201 0.2217
vn -0.7851 -0.6126 0.0914
vn -0.7851 -0.6126 0.0914
vn -0.7851 -0.6126 0.0914
vn -0.7851 -0.6126 0.0914
vn -0.7851 -0.6126 0.0914
vn -0.7851 -0.6126 0.0914
vn 0.0925 -0.5997 0.7948
vn 0.0925 -0.5997 0.7948
vn 0.0925 -0.5997 0.7948
vn 0.0925 -0.5997 0.7948
vn 0.0925 -0.5997 0.7948
vn 0.0925 -0.5997 0.7948
vn 0.1903 -0.9340 -0.3025
vn 0.1903 -0.9340 -0.3025
vn 0.1903 -0.9340 -0.3025
vn 0.1903 -0.9340 -0.3025
vn 0.1903 -0.9340 -0.3025
vn 0.1903 -0.9340 -0.3025
vn -0.4614 -0.8384 -0.2902
vn -0.4614 -0.8384 -0.2902
vn -0.4614 -0.8384 -0.2902
vn -0.4614 -0.8384 -0.2902
vn -0.4614 -0.8384 -0.2902
vn -0.4614 -0.8384 -0.2902
vn -0.4976 -0.6750 -0.5448
vn -0.4976 -0.6750 -0.5448
vn -0.4976 -0.6750 -0.5448
vn -0.4976 -0.6750 -0.5448
vn -0.4976 -0.6750 -0.5448
vn -0.4976 -0.6750 -0.5448
vn -0.4671 -0.7744 0.4267
vn -0.4671 -0.7744 0.4267
vn -0.4671 -0.7744 0.4267
vn -0.4671 -0.7744 0.4267
vn -0.4671 -0.7744 0.4267
vn -0.4671 -0.7744 0.4267
vn 0.8326 -0.5538 0.0113
vn 0.8326 -0.5538 0.0113
vn 0.8326 -0.5538 0.0113
vn 0.8326 -0.5538 0.0113
vn 0.8326 -0.5538 0.0113
vn 0.8326 -0.5538 0.0113
vn 0.0100 -0.6729 -0.7397
vn 0.0100 -0.6729 -0.7397
vn 0.0100 -0.6729 -0.7397
vn 0.0100 -0.6729 -0.7397
vn 0.0100 -0.6729 -0.7397
vn 0.0100 -0.6729 -0.7397
vn 0.4204 -0.5923 -0.6874
vn 0.4204 -0.5923 -0.6874
vn 0.4204 -0.5923 -0.6874
vn 0.4204 -0.5923 -0.6874
vn 0.4204 -0.5923 -0.6874
vn 0.4204 -0.5923 -0.6874
vn -0.7179 -0.5403 -0.4390
vn -0.7179 -0.5403 -0.4390
vn -0.7179 -0.5403 -0.4390
vn -0.7179 -0.5403 -0.4390
vn -0.7179 -0.5403 -0.4390
vn -0.7179 -0.5403 -0.4390
vn -0.7074 -0.5706 -0.4172
vn -0.7074 -0.5706 -0.4172
vn -0.7074 -0.5706 -0.4172
vn -0.7074 -0.5706 -0.4172
vn -0.7074 -0.5706 -0.4172
vn -0.7074 -0.5706 -0.4172
vn -0.4321 -0.5259 0.7326
vn -0.4321 -0.5259 0.7326
vn -0.4321 -0.5259 0.7326
vn -0.4321 -0.5259 0.7326
vn -0.4321 -0.5259 0.7326
vn -0.4321 -0.5259 0.7326
vn -0.4174 -0.8055 0.4207
vn -0.4174 -0.8055 0.4207
vn -0.4174 -0.8055 0.4207
vn -0.4174 -0.8055 0.4207
vn -0.4174 -0.8055 0.4207
vn -0.4174 -0.8055 0.4207
vn 0.3350 -0.8817 0.3324
vn 0.3350 -0.8817 0.3324
vn 0.3350 -0.8817 0.3324
vn 0.3350 -0.8817 0.3324
vn 0.3350 -0.8817 0.3324
vn 0.3350 -0.8817 0.3324
vn 0.6650 -0.5288 -0.5274
vn 0.6650 -0.5288 -0.5274
vn 0.6650 -0.5288 -0.5274
vn 0.6650 -0.5288 -0.5274
vn 0.6650 -0.5288 -0.5274
vn 0.6650 -0.5288 -0.5274
vn -0.3121 -0.8647 -0.3935
vn -0.3121 -0.8647 -0.3935
vn -0.3121 -0.8647 -0.3935
vn -0.3121 -0.8647 -0.3935
vn -0.3121 -0.8647 -0.3935
vn -0.3121 -0.8647 -0.3935
vn -0.8427 -0.5185 -0.1453
vn -0.8427 -0.5185 -0.1453
vn -0.8427 -0.5185 -0.1453
vn -0.8427 -0.5185 -0.1453
vn -0.8427 -0.5185 -0.1453
vn -0.8427 -0.5185 -0.1453
vn -0.1352 -0.6060 0.7839
vn -0.1352 -0.6060 0.7839
vn -0.1352 -0.6060 0.7839
vn -0.1352 -0.6060 0.7839
vn -0.1352 -0.6060 0.7839
vn -0.1352 -0.6060 0.7839
vn 0.0182 -0.8833 0.4685
vn 0.0182 -0.8833 0.4685
vn 0.0182 -0.8833 0.4685
vn 0.0182 -0.8833 0.4685
vn 0.0182 -0.8833 0.4685
vn 0.0182 -0.8833 0.4685
vn 0.4893 -0.8719 -0.0190
vn 0.4893 -0.8719 -0.0190
vn 0.4893 -0.8719 -0.0190
vn 0.4893 -0.8719 -0.0190
vn 0.4893 -0.8719 -0.0190
vn 0.4893 -0.8719 -0.0190
vn 0.4136 -0.7302 -0.5438
vn 0.4136 -0.7302 -0.5438
vn 0.4136 -0.7302 -0.5438
vn 0.4136 -0.7302 -0.5438
vn 0.4136 -0.7302 -0.5438
vn 0.4136 -0.7302 -0.5438
vn -0.6337 -0.6051 -0.4820
vn -0.6337 -0.6051 -0.4820
vn -0.6337 -0.6051 -0.4820
vn -0.6337 -0.6051 -0.4820
vn -0.6337 -0.6051 -0.4820
vn -0.6337 -0.6051 -0.4820
vn 0.7185 -0.5643 -0.4067
vn 0.7185 -0.5643 -0.4067
vn 0.7185 -0.5643 -0.4067
vn 0.7185 -0.5643 -0.4067
vn 0.7185 -0.5643 -0.4067
vn 0.7185 -0.5643 -0.4067
vn -0.2036 -0.9106 -0.3597
vn -0.2036 -0.9106 -0.3597
vn -0.2036 -0.9106 -0.3597
vn -0.2036 -0.9106 -0.3597
vn -0.2036 -0.9106 -0.3597
vn -0.2036 -0.9106 -0.3597
vn 0.7819 -0.5782 -0.2330
vn 0.7819 -0.5782 -0.2330
vn 0.7819 -0.5782 -0.2330
vn 0.7819 -0.5782 -0.2330
vn 0.7819 -0.5782 -0.2330
vn 0.7819 -0.5782 -0.2330
vn -0.2260 -0.6115 -0.7583
vn -0.2260 -0.6115 -0.7583
vn -0.2260 -0.6115 -0.7583
vn -0.2260 -0.6115 -0.7583
vn -0.2260 -0.6115 -0.7583
vn -0.2260 -0.6115 -0.7583
vn 0.4047 -0.6622 0.6306
vn 0.4047 -0.6622 0.6306
vn 0.4047 -0.6622 0.6306
vn 0.4047 -0.6622 0.6306
vn 0.4047 -0.6622 0.6306
vn 0.4047 -0.6622 0.6306
vn 0.6471 -0.6393 -0.4153
vn 0.6471 -0.6393 -0.4153
vn 0.6471 -0.6393 -0.4153
vn 0.6471 -0.6393 -0.4153
vn 0.6471 -0.6393 -0.4153
vn 0.6471 -0.6393 -0.4153
vn 0.3009 -0.6375 0.7093
vn 0.3009 -0.6375 0.7093
vn 0.3009 -0.6375 0.7093
vn 0.3009 -0.6375 0.7093
vn 0.3009 -0.6375 0.7093
vn 0.3009 -0.6375 0.7093
vn 0.7248 -0.6166 -0.3075
vn 0.7248 -0.6166 -0.3075
vn 0.7248 -0.6166 -0.3075
vn 0.7248 -0.6166 -0.3075
vn 0.7248 -0.6166 -0.3075
vn 0.7248 -0.6166 -0.3075
vn 0.1439 -0.8364 -0.5289
vn 0.1439 -0.8364 -0.5289
vn 0.1439 -0.8364 -0.5289
vn 0.1439 -0.8364 -0.5289
vn 0.1439 -0.8364 -0.5289
vn 0.1439 -0.8364 -0.5289
vn -0.7797 -0.5891 -0.2122
vn -0.7797 -0.5891 -0.2122
vn -0.7797 -0.5891 -0.2122
vn -0.7797 -0.5891 -0.2122
vn -0.7797 -0.5891 -0.2122
vn -0.7797 -0.5891 -0.2122
vn 0.6545 -0.6217 -0.4302
vn 0.6545 -0.6217 -0.4302
vn 0.6545 -0.6217 -0.4302
vn 0.6545 -0.6217 -0.4302
vn 0.6545 -0.6217 -0.4302
vn 0.6545 -0.6217 -0.4302
vn -0.3455 -0.7773 -0.5257
vn -0.3455 -0.7773 -0.5257
vn -0.3455 -0.7773 -0.5257
vn -0.3455 -0.7773 -0.5257
vn -0.3455 -0.7773 -0.5257
vn -0.3455 -0.7773 -0.5257
vn -0.1085 -0.6633 -0.7404
vn -0.1085 -0.6633 -0.7404
vn -0.1085 -0.6633 -0.7404
vn -0.1085 -0.6633 -0.7404
vn -0.1085 -0.6633 -0.7404
vn -0.1085 -0.6633 -0.7404
vn -0.6947 -0.7120 0.1018
vn -0.6947 -0.7120 0.1018
vn -0.6947 -0.7120 0.1018
vn -0.6947 -0.7120 0.1018
vn -0.6947 -0.7120 0.1018
vn -0.6947 -0.7120 0.1018
vn 0.0237 -0.7179 -0.6958
vn 0.0237 -0.7179 -0.6958
vn 0.0237 -0.7179 -0.6958
vn 0.0237 -0.7179 -0.6958
vn 0.0237 -0.7179 -0.6958
vn 0.0237 -0.7179 -0.6958
vn -0.4947 -0.8689 -0.0169
vn -0.4947 -0.8689 -0.0169
vn -0.4947 -0.8689 -0.0169
vn -0.4947 -0.8689 -0.0169
vn -0.4947 -0.8689 -0.0169
vn -0.4947 -0.8689 -0.0169
vn 0.7920 -0.5529 -0.2587
vn 0.7920 -0.5529 -0.2587
vn 0.7920 -0.5529 -0.2587
vn 0.7920 -0.5529 -0.2587
vn 0.7920 -0.5529 -0.2587
vn 0.7920 -0.5529 -0.2587
vn -0.2028 -0.7572 -0.6209
vn -0.2028 -0.7572 -0.6209
vn -0.2028 -0.7572 -0.6209
vn -0.2028 -0.7572 -0.6209
vn -0.2028 -0.7572 -0.6209
vn -0.2028 -0.7572 -0.6209
vn 0.6422 -0.7653 0.0443
vn 0.6422 -0.7653 0.0443
vn 0.6422 -0.7653 0.0443
vn 0.6422 -0.7653 0.0443
vn 0.6422 -0.7653 0.0443
vn 0.6422 -0.7653 0.0443
vn 0.0509 -0.6735 -0.7374
vn 0.0509 -0.6735 -0.7374
vn 0.0509 -0.6735 -0.7374
vn 0.0509 -0.6735 -0.7374
vn 0.0509 -0.6735 -0.7374
vn 0.0509 -0.6735 -0.7374
vn 0.7029 -0.6019 0.3789
vn 0.7029 -0.6019 0.3789
vn 0.7029 -0.6019 0.3789
vn 0.7029 -0.6019 0.3789
vn 0.7029 -0.6019 0.3789
vn 0.7029 -0.6019 0.3789
vn 0.2938 -0.7852 -0.5451
vn 0.2938 -0.7852 -0.5451
vn 0.2938 -0.7852 -0.5451
vn 0.2938 -0.7852 -0.5451
vn 0.2938 -0.7852 -0.5451
vn 0.2938 -0.7852 -0.5451
vn -0.3116 -0.8111 0.4950
vn -0.3116 -0.8111 0.4950
vn -0.3116 -0.8111 0.4950
vn -0.3116 -0.8111 0.4950
vn -0.3116 -0.8111 0.4950
vn -0.3116 -0.8111 0.4950
vn 0.4471 -0.8490 0.2815
vn 0.4471 -0.8490 0.2815
vn 0.4471 -0.8490 0.2815
vn 0.4471 -0.8490 0.2815
vn 0.4471 -0.8490 0.2815
vn 0.4471 -0.8490 0.2815
vn -0.3157 -0.5374 -0.7820
vn -0.3157 -0.5374 -0.7820
vn -0.3157 -0.5374 -0.7820
vn -0.3157 -0.5374 -0.7820
vn -0.3157 -0.5374 -0.7820
vn -0.3157 -0.5374 -0.7820
vn -0.7907 -0.5224 0.3192
vn -0.7907 -0.5224 0.3192
vn -0.7907 -0.5224 0.3192
vn -0.7907 -0.5224 0.3192
vn -0.7907 -0.5224 0.3192
vn -0.7907 -0.5224 0.3192
vn -0.7697 -0.6362 0.0537
vn -0.7697 -0.6362 0.0537
vn -0.7697 -0.6362 0.0537
vn -0.7697 -0.6362 0.0537
vn -0.7697 -0.6362 0.0537
vn -0.7697 -0.6362 0.0537
vn 0.0409 -0.8100 0.5850
vn 0.0409 -0.8100 0.5850
vn 0.0409 -0.8100 0.5850
vn 0.0409 -0.8100 0.5850
vn 0.0409 -0.8100 0.5850
vn 0.0409 -0.8100 0.5850
vn -0.3468 -0.9044 0.2486
vn -0.3468 -0.9044 0.2486
vn -0.3468 -0.9044 0.2486
vn -0.3468 -0.9044 0.2486
vn -0.3468 -0.9044 0.2486
vn -0.3468 -0.9044 0.2486
vn 0.4072 -0.7152 0.5680
vn 0.4072 -0.7152 0.5680
vn 0.4072 -0.7152 0.5680
vn 0.4072 -0.7152 0.5680
vn 0.4072 -0.7152 0.5680
vn 0.4072 -0.7152 0.5680
vn 0.4747 -0.6688 -0.5722
vn 0.4747 -0.6688 -0.5722
vn 0.4747 -0.6688 -0.5722
vn 0.4747 -0.6688 -0.5722
vn 0.4747 -0.6688 -0.5722
vn 0.4747 -0.6688 -0.5722
vn -0.5160 -0.7419 -0.4282
vn -0.5160 -0.7419 -0.4282
vn -0.5160 -0.7419 -0.4282
vn -0.5160 -0.7419 -0.4282
vn -0.5160 -0.7419 -0.4282
vn -0.5160 -0.7419 -0.4282
vn 0.1390 -0.7326 0.6663
vn 0.1390 -0.7326 0.6663
vn 0.1390 -0.7326 0.6663
vn 0.1390 -0.7326 0.6663
vn 0.1390 -0.7326 0.6663
vn 0.1390 -0.7326 0.6663
vn 0.6033 -0.7875 -0.1259
vn 0.6033 -0.7875 -0.1259
vn 0.6033 -0.7875 -0.1259
vn 0.6033 -0.7875 -0.1259
vn 0.6033 -0.7875 -0.1259
vn 0.6033 -0.7875 -0.1259
vn -0.4364 -0.8940 -0.1017
vn -0.4364 -0.8940 -0.1017
vn -0.4364 -0.8940 -0.1017
vn -0.4364 -0.8940 -0.1017
vn -0.4364 -0.8940 -0.1017
vn -0.4364 -0.8940 -0.1017
vn -0.0840 -0.9290 0.3605
vn -0.0840 -0.9290 0.3605
vn -0.0840 -0.9290 0.3605
vn -0.0840 -0.9290 0.3605
vn -0.0840 -0.9290 0.3605
vn -0.0840 -0.9290 0.3605
vn -0.5971 -0.5146 -0.6153
vn -0.5971 -0.5146 -0.6153
vn -0.5971 -0.5146 -0.6153
vn -0.5971 -0.5146 -0.6153
vn -0.5971 -0.5146 -0.6153
vn -0.5971 -0.5146 -0.6153
vn -0.5075 -0.7070 0.4925
vn -0.5075 -0.7070 0.4925
vn -0.5075 -0.7070 0.4925
vn -0.5075 -0.7070 0.4925
vn -0.5075 -0.7070 0.4925
vn -0.5075 -0.7070 0.4925
vn -0.7431 -0.5419 -0.3926
vn -0.7431 -0.5419 -0.3926
vn -0.7431 -0.5419 -0.3926
vn -0.7431 -0.5419 -0.3926
vn -0.7431 -0.5419 -0.3926
vn -0.7431 -0.5419 -0.3926
vn -0.2958 -0.7740 0.5599
vn -0.2958 -0.7740 0.5599
vn -0.2958 -0.7740 0.5599
vn -0.2958 -0.7740 0.5599
vn -0.2958 -0.7740 0.5599
vn -0.2958 -0.7740 0.5599
vn -0.7980 -0.6021 -0.0255
vn -0.7980 -0.6021 -0.0255
vn -0.7980 -0.6021 -0.0255
vn -0.7980 -0.6021 -0.0255
vn -0.7980 -0.6021 -0.0255
vn -0.7980 -0.6021 -0.0255
vn -0.0208 -0.7591 0.6507
vn -0.0208 -0.7591 0.6507
vn -0.0208 -0.7591 0.6507
vn -0.0208 -0.7591 0.6507
vn -0.0208 -0.7591 0.6507
vn -0.0208 -0.7591 0.6507
vn 0.2686 -0.8025 -0.5328
vn 0.2686 -0.8025 -0.5328
vn 0.2686 -0.8025 -0.5328
vn 0.2686 -0.8025 -0.5328
vn 0.2686 -0.8025 -0.5328
vn 0.2686 -0.8025 -0.5328
vn -0.6562 -0.6782 -0.3308
vn -0.6562 -0.6782 -0.3308
vn -0.6562 -0.6782 -0.3308
vn -0.6562 -0.6782 -0.3308
vn -0.6562 -0.6782 -0.3308
vn -0.6562 -0.6782 -0.3308
vn 0.6446 -0.7145 0.2720
vn 0.6446 -0.7145 0.2720
vn 0.6446 -0.7145 0.2720
vn 0.6446 -0.7145 0.2720
vn 0.6446 -0.7145 0.2720
vn 0.6446 -0.7145 0.2720
vn 0.1559 -0.9161 -0.3695
vn 0.1559 -0.9161 -0.3695
vn 0.1559 -0.9161 -0.3695
vn 0.1559 -0.9161 -0.3695
vn 0.1559 -0.9161 -0.3695
vn 0.1559 -0.9161 -0.3695
vn -0.0467 -0.7944 -0.6055
vn -0.0467 -0.7944 -0.6055
vn -0.0467 -0.7944 -0.6055
vn -0.0467 -0.7944 -0.6055
vn -0.0467 -0.7944 -0.6055
vn -0.0467 -0.7944 -0.6055
vn -0.5342 -0.8444 0.0412
vn -0.5342 -0.8444 0.0412
vn -0.5342 -0.8444 0.0412
vn -0.5342 -0.8444 0.0412
vn -0.5342 -0.8444 0.0412
vn -0.5342 -0.8444 0.0412
vn -0.3640 -0.6532 0.6640
vn -0.3640 -0.6532 0.6640
vn -0.3640 -0.6532 0.6640
vn -0.3640 -0.6532 0.6640
vn -0.3640 -0.6532 0.6640
vn -0.3640 -0.6532 0.6640
vn 0.5010 -0.8207 0.2747
vn 0.5010 -0.8207 0.2747
vn 0.5010 -0.8207 0.2747
vn 0.5010 -0.8207 0.2747
vn 0.5010 -0.8207 0.2747
vn 0.5010 -0.8207 0.2747
vn -0.0973 -0.8523 0.5139
vn -0.0973 -0.8523 0.5139
vn -0.0973 -0.8523 0.5139
vn -0.0973 -0.8523 0.5139
vn -0.0973 -0.8523 0.5139
vn -0.0973 -0.8523 0.5139
vn 0.7953 -0.5873 0.1506
vn 0.7953 -0.5873 0.1506
vn 0.7953 -0.5873 0.1506
vn 0.7953 -0.5873 0.1506
vn 0.7953 -0.5873 0.1506
vn 0.7953 -0.5873 0.1506
vn -0.8239 -0.5663 0.0210
vn -0.8239 -0.5663 0.0210
vn -0.8239 -0.5663 0.0210
vn -0.8239 -0.5663 0.0210
vn -0.8239 -0.5663 0.0210
vn -0.8239 -0.5663 0.0210
vn 0.0210 -0.5656 0.8244
vn 0.0210 -0.5656 0.8244
vn 0.0210 -0.5656 0.8244
vn 0.0210 -0.5656 0.8244
vn 0.0210 -0.5656 0.8244
vn 0.0210 -0.5656 0.8244
vn 0.2066 -0.8787 -0.4305
vn 0.2066 -0.8787 -0.4305
vn 0.2066 -0.8787 -0.4305
vn 0.2066 -0.8787 -0.4305
vn 0.2066 -0.8787 -0.4305
vn 0.2066 -0.8787 -0.4305
vn -0.5586 -0.7850 -0.2680
vn -0.5586 -0.7850 -0.2680
vn -0.5586 -0.7850 -0.2680
vn -0.5586 -0.7850 -0.2680
vn -0.5586 -0.7850 -0.2680
vn -0.5586 -0.7850 -0.2680
vn -0.8300 -0.5451 0.1181
vn -0.8300 -0.5451 0.1181
vn -0.8300 -0.5451 0.1181
vn -0.8300 -0.5451 0.1181
vn -0.8300 -0.5451 0.1181
vn -0.8300 -0.5451 0.1181
vn 0.1216 -0.5047 0.8547
vn 0.1216 -0.5047 0.8547
vn 0.1216 -0.5047 0.8547
vn 0.1216 -0.5047 0.8547
vn 0.1216 -0.5047 0.8547
vn 0.1216 -0.5047 0.8547
vn -0.6298 -0.7714 0.0903
vn -0.6298 -0.7714 0.0903
vn -0.6298 -0.7714 0.0903
vn -0.6298 -0.7714 0.0903
vn -0.6298 -0.7714 0.0903
vn -0.6298 -0.7714 0.0903
vn 0.1053 -0.6712 0.7337
vn 0.1053 -0.6712 0.7337
vn 0.1053 -0.6712 0.7337
vn 0.1053 -0.6712 0.7337
vn 0.1053 -0.6712 0.7337
vn 0.1053 -0.6712 0.7337
vn -0.7359 -0.5100 -0.4454
vn -0.7359 -0.5100 -0.4454
vn -0.7359 -0.5100 -0.4454
vn -0.7359 -0.5100 -0.4454
vn -0.7359 -0.5100 -0.4454
vn -0.7359 -0.5100 -0.4454
vn -0.3739 -0.6918 0.6178
vn -0.3739 -0.6918 0.6178
vn -0.3739 -0.6918 0.6178
vn -0.3739 -0.6918 0.6178
vn -0.3739 -0.6918 0.6178
vn -0.3739 -0.6918 0.6178
vn -0.7171 -0.6532 0.2430
vn -0.7171 -0.6532 0.2430
vn -0.7171 -0.6532 0.2430
vn -0.7171 -0.6532 0.2430
vn -0.7171 -0.6532 0.2430
vn -0.7171 -0.6532 0.2430
vn 0.2623 -0.5762 0.7740
vn 0.2623 -0.5762 0.7740
vn 0.2623 -0.5762 0.7740
vn 0.2623 -0.5762 0.7740
vn 0.2623 -0.5762 0.7740
vn 0.2623 -0.5762 0.7740
vn -0.2078 -0.9303 0.3022
vn -0.2078 -0.9303 0.3022
vn -0.2078 -0.9303 0.3022
vn -0.2078 -0.9303 0.3022
vn -0.2078 -0.9303 0.3022
vn -0.2078 -0.9303 0.3022
vn 0.4505 -0.8373 0.3097
vn 0.4505 -0.8373 0.3097
vn 0.4505 -0.8373 0.3097
vn 0.4505 -0.8373 0.3097
vn 0.4505 -0.8373 0.3097
vn 0.4505 -0.8373 0.3097
vn -0.2441 -0.9296 0.2761
vn -0.2441 -0.9296 0.2761
vn -0.2441 -0.9296 0.2761
vn -0.2441 -0.9296 0.2761
vn -0.2441 -0.9296 0.2761
vn -0.2441 -0.9296 0.2761
vn 0.5229 -0.7161 0.4623
vn 0.5229 -0.7161 0.4623
vn 0.5229 -0.7161 0.4623
vn 0.5229 -0.7161 0.4623
vn 0.5229 -0.7161 0.4623
vn 0.5229 -0.7161 0.4623
vn 0.1003 -0.9257 -0.3648
vn 0.1003 -0.9257 -0.3648
vn 0.1003 -0.9257 -0.3648
vn 0.1003 -0.9257 -0.3648
vn 0.1003 -0.9257 -0.3648
vn 0.1003 -0.9257 -0.3648
vn -0.5337 -0.8328 -0.1468
vn -0.5337 -0.8328 -0.1468
vn -0.5337 -0.8328 -0.1468
vn -0.5337 -0.8328 -0.1468
vn -0.5337 -0.8328 -0.1468
vn -0.5337 -0.8328 -0.1468
vn 0.6118 -0.7315 0.3010
vn 0.6118 -0.7315 0.3010
vn 0.6118 -0.7315 0.3010
vn 0.6118 -0.7315 0.3010
vn 0.6118 -0.7315 0.3010
vn 0.6118 -0.7315 0.3010
vn 0.2235 -0.8623 -0.4543
vn 0.2235 -0.8623 -0.4543
vn 0.2235 -0.8623 -0.4543
vn 0.2235 -0.8623 -0.4543
vn 0.2235 -0.8623 -0.4543
vn 0.2235 -0.8623 -0.4543
vn -0.2400 -0.6900 -0.6828
vn -0.2400 -0.6900 -0.6828
vn -0.2400 -0.6900 -0.6828
vn -0.2400 -0.6900 -0.6828
vn -0.2400 -0.6900 -0.6828
vn -0.2400 -0.6900 -0.6828
vn -0.5815 -0.7875 0.2044
vn -0.5815 -0.7875 0.2044
vn -0.5815 -0.7875 0.2044
vn -0.5815 -0.7875 0.2044
vn -0.5815 -0.7875 0.2044
vn -0.5815 -0.7875 0.2044
vn 0.3350 -0.9391 -0.0765
vn 0.3350 -0.9391 -0.0765
vn 0.3350 -0.9391 -0.0765
vn 0.3350 -0.9391 -0.0765
vn 0.3350 -0.9391 -0.0765
vn 0.3350 -0.9391 -0.0765
vn -0.1747 -0.6200 -0.7649
vn -0.1747 -0.6200 -0.7649
vn -0.1747 -0.6200 -0.7649
vn -0.1747 -0.6200 -0.7649
vn -0.1747 -0.6200 -0.7649
vn -0.1747 -0.6200 -0.7649
vn 0.4079 -0.9110 0.0607
vn 0.4079 -0.9110 0.0607
vn 0.4079 -0.9110 0.0607
vn 0.4079 -0.9110 0.0607
vn 0.4079 -0.9110 0.0607
vn 0.4079 -0.9110 0.0607
vn 0.1256 -0.5224 -0.8434
vn 0.1256 -0.5224 -0.8434
vn 0.1256 -0.5224 -0.8434
vn 0.1256 -0.5224 -0.8434
vn 0.1256 -0.5224 -0.8434
vn 0.1256 -0.5224 -0.8434
vn -0.1684 -0.9158 -0.3647
vn -0.1684 -0.9158 -0.3647
vn -0.1684 -0.9158 -0.3647
vn -0.1684 -0.9158 -0.3647
vn -0.1684 -0.9158 -0.3647
vn -0.1684 -0.9158 -0.3647
vn -0.4081 -0.8933 0.1885
vn -0.4081 -0.8933 0.1885
vn -0.4081 -0.8933 0.1885
vn -0.4081 -0.8933 0.1885
vn -0.4081 -0.8933 0.1885
vn -0.4081 -0.8933 0.1885
vn -0.2889 -0.5578 0.7781
vn -0.2889 -0.5578 0.7781
vn -0.2889 -0.5578 0.7781
vn -0.2889 -0.5578 0.7781
vn -0.2889 -0.5578 0.7781
vn -0.2889 -0.5578 0.7781
vn 0.5976 -0.7705 0.2219
vn 0.5976 -0.7705 0.2219
vn 0.5976 -0.7705 0.2219
vn 0.5976 -0.7705 0.2219
vn 0.5976 -0.7705 0.2219
vn 0.5976 -0.7705 0.2219
vn -0.3993 -0.8744 0.2756
vn -0.3993 -0.8744 0.2756
vn -0.3993 -0.8744 0.2756
vn -0.3993 -0.8744 0.2756
vn -0.3993 -0.8744 0.2756
vn -0.3993 -0.8744 0.2756
vn 0.2657 -0.8838 0.3850
vn 0.2657 -0.8838 0.3850
vn 0.2657 -0.8838 0.3850
vn 0.2657 -0.8838 0.3850
vn 0.2657 -0.8838 0.3850
vn 0.2657 -0.8838 0.3850
vn 0.3455 -0.6640 0.6631
vn 0.3455 -0.6640 0.6631
vn 0.3455 -0.6640 0.6631
vn 0.3455 -0.6640 0.6631
vn 0.3455 -0.6640 0.6631
vn 0.3455 -0.6640 0.6631
vn 0.5400 -0.7932 -0.2814
vn 0.5400 -0.7932 -0.2814
vn 0.5400 -0.7932 -0.2814
vn 0.5400 -0.7932 -0.2814
vn 0.5400 -0.7932 -0.2814
vn 0.5400 -0.7932 -0.2814
vn 0.3108 -0.8907 -0.3317
vn 0.3108 -0.8907 -0.3317
vn 0.3108 -0.8907 -0.3317
vn 0.3108 -0.8907 -0.3317
vn 0.3108 -0.8907 -0.3317
vn 0.3108 -0.8907 -0.3317
vn -0.3075 -0.9069 -0.2881
vn -0.3075 -0.9069 -0.2881
vn -0.3075 -0.9069 -0.2881
vn -0.3075 -0.9069 -0.2881
vn -0.3075 -0.9069 -0.2881
vn -0.3075 -0.9069 -0.2881
vn 0.7825 -0.5264 -0.3326
vn 0.7825 -0.5264 -0.3326
vn 0.7825 -0.5264 -0.3326
vn 0.7825 -0.5264 -0.3326
vn 0.7825 -0.5264 -0.3326
vn 0.7825 -0.5264 -0.3326
vn -0.2597 -0.7478 -0.6110
vn -0.2597 -0.7478 -0.6110
vn -0.2597 -0.7478 -0.6110
vn -0.2597 -0.7478 -0.6110
vn -0.2597 -0.7478 -0.6110
vn -0.2597 -0.7478 -0.6110
vn -0.4221 -0.5219 -0.7413
vn -0.4221 -0.5219 -0.7413
vn -0.4221 -0.5219 -0.7413
vn -0.4221 -0.5219 -0.7413
vn -0.4221 -0.5219 -0.7413
vn -0.4221 -0.5219 -0.7413
vn -0.3959 -0.8902 0.2254
vn -0.3959 -0.8902 0.2254
vn -0.3959 -0.8902 0.2254
vn -0.3959 -0.8902 0.2254
vn -0.3959 -0.8902 0.2254
vn -0.3959 -0.8902 0.2254
vn 0.4057 -0.9125 -0.0528
vn 0.4057 -0.9125 -0.0528
vn 0.4057 -0.9125 -0.0528
vn 0.4057 -0.9125 -0.0528
vn 0.4057 -0.9125 -0.0528
vn 0.4057 -0.9125 -0.0528
vn -0.0838 -0.7609 -0.6435
vn -0.0838 -0.7609 -0.6435
vn -0.0838 -0.7609 -0.6435
vn -0.0838 -0.7609 -0.6435
vn -0.0838 -0.7609 -0.6435
vn -0.0838 -0.7609 -0.6435
vn 0.1246 -0.7003 -0.7028
vn 0.1246 -0.7003 -0.7028
vn 0.1246 -0.7003 -0.7028
vn 0.1246 -0.7003 -0.7028
vn 0.1246 -0.7003 -0.7028
vn 0.1246 -0.7003 -0.7028
vn -0.5487 -0.8303 -0.0973
vn -0.5487 -0.8303 -0.0973
vn -0.5487 -0.8303 -0.0973
vn -0.5487 -0.8303 -0.0973
vn -0.5487 -0.8303 -0.0973
vn -0.5487 -0.8303 -0.0973
vn 0.0581 -0.5068 0.8601
vn 0.0581 -0.5068 0.8601
vn 0.0581 -0.5068 0.8601
vn 0.0581 -0.5068 0.8601
vn 0.0581 -0.5068 0.8601
vn 0.0581 -0.5068 0.8601
vn 0.3500 -0.9365 -0.0236
vn 0.3500 -0.9365 -0.0236
vn 0.3500 -0.9365 -0.0236
vn 0.3500 -0.9365 -0.0236
vn 0.3500 -0.9365 -0.0236
vn 0.3500 -0.9365 -0.0236
vn 0.2625 -0.7134 -0.6497
vn 0.2625 -0.7134 -0.6497
vn 0.2625 -0.7134 -0.6497
vn 0.2625 -0.7134 -0.6497
vn 0.2625 -0.7134 -0.6497
vn 0.2625 -0.7134 -0.6497
vn -0.7052 -0.6493 -0.2850
vn -0.7052 -0.6493 -0.2850
vn -0.7052 -0.6493 -0.2850
vn -0.7052 -0.6493 -0.2850
vn -0.7052 -0.6493 -0.2850
vn -0.7052 -0.6493 -0.2850
vn 0.3883 -0.5863 -0.7110
vn 0.3883 -0.5863 -0.7110
vn 0.3883 -0.5863 -0.7110
vn 0.3883 -0.5863 -0.7110
vn 0.3883 -0.5863 -0.7110
vn 0.3883 -0.5863 -0.7110
vn -0.6618 -0.6568 -0.3614
vn -0.6618 -0.6568 -0.3614
vn -0.6618 -0.6568 -0.3614
vn -0.6618 -0.6568 -0.3614
vn -0.6618 -0.6568 -0.3614
vn -0.6618 -0.6568 -0.3614
vn 0.5142 -0.7707 -0.3764
vn 0.5142 -0.7707 -0.3764
vn 0.5142 -0.7707 -0.3764
vn 0.5142 -0.7707 -0.3764
vn 0.5142 -0.7707 -0.3764
vn 0.5142 -0.7707 -0.3764
vn -0.4635 -0.6199 -0.6332
vn -0.4635 -0.6199 -0.6332
vn -0.4635 -0.6199 -0.6332
vn -0.4635 -0.6199 -0.6332
vn -0.4635 -0.6199 -0.6332
vn -0.4635 -0.6199 -0.6332
vn -0.0930 -0.7587 0.6448
vn -0.0930 -0.7587 0.6448
vn -0.0930 -0.7587 0.6448
vn -0.0930 -0.7587 0.6448
vn -0.0930 -0.7587 0.6448
vn -0.0930 -0.7587 0.6448
vn 0.4351 -0.8982 0.0628
vn 0.4351 -0.8982 0.0628
vn 0.4351 -0.8982 0.0628
vn 0.4351 -0.8982 0.0628
vn 0.4351 -0.8982 0.0628
vn 0.4351 -0.8982 0.0628
vn 0.5548 -0.8310 0.0400
vn 0.5548 -0.8310 0.0400
vn 0.5548 -0.8310 0.0400
vn 0.5548 -0.8310 0.0400
vn 0.5548 -0.8310 0.0400
vn 0.5548 -0.8310 0.0400
vn 0.0329 -0.8893 -0.4561
vn 0.0329 -0.8893 -0.4561
vn 0.0329 -0.8893 -0.4561
vn 0.0329 -0.8893 -0.4561
vn 0.0329 -0.8893 -0.4561
vn 0.0329 -0.8893 -0.4561
vn 0.3928 -0.8899 0.2320
vn 0.3928 -0.8899 0.2320
vn 0.3928 -0.8899 0.2320
vn 0.3928 -0.8899 0.2320
vn 0.3928 -0.8899 0.2320
vn 0.3928 -0.8899 0.2320
vn 0.2401 -0.8816 -0.4064
vn 0.2401 -0.8816 -0.4064
vn 0.2401 -0.8816 -0.4064
vn 0.2401 -0.8816 -0.4064
vn 0.2401 -0.8816 -0.4064
vn 0.2401 -0.8816 -0.4064
vn 0.5116 -0.7930 0.3307
vn 0.5116 -0.7930 0.3307
vn 0.5116 -0.7930 0.3307
vn 0.5116 -0.7930 0.3307
vn 0.5116 -0.7930 0.3307
vn 0.5116 -0.7930 0.3307
vn 0.2288 -0.9068 -0.3541
vn 0.2288 -0.9068 -0.3541
vn 0.2288 -0.9068 -0.3541
vn 0.2288 -0.9068 -0.3541
vn 0.2288 -0.9068 -0.3541
vn 0.2288 -0.9068 -0.3541
vn 0.6975 -0.7166 -0.0060
vn 0.6975 -0.7166 -0.0060
vn 0.6975 -0.7166 -0.0060
vn 0.6975 -0.7166 -0.0060
vn 0.6975 -0.7166 -0.0060
vn 0.6975 -0.7166 -0.0060
vn -0.0040 -0.8831 -0.4691
vn -0.0040 -0.8831 -0.4691
vn -0.0040 -0.8831 -0.4691
vn -0.0040 -0.8831 -0.4691
vn -0.0040 -0.8831 -0.4691
vn -0.0040 -0.8831 -0.4691
vn -0.5068 -0.5915 0.6271
vn -0.5068 -0.5915 0.6271
vn -0.5068 -0.5915 0.6271
vn -0.5068 -0.5915 0.6271
vn -0.5068 -0.5915 0.6271
vn -0.5068 -0.5915 0.6271
vn 0.6706 -0.5064 0.5421
vn 0.6706 -0.5064 0.5421
vn 0.6706 -0.5064 0.5421
vn 0.6706 -0.5064 0.5421
vn 0.6706 -0.5064 0.5421
vn 0.6706 -0.5064 0.5421
vn 0.5771 -0.7874 -0.2166
vn 0.5771 -0.7874 -0.2166
vn 0.5771 -0.7874 -0.2166
vn 0.5771 -0.7874 -0.2166
vn 0.5771 -0.7874 -0.2166
vn 0.5771 -0.7874 -0.2166
vn -0.1767 -0.8645 -0.4707
vn -0.1767 -0.8645 -0.4707
vn -0.1767 -0.8645 -0.4707
vn -0.1767 -0.8645 -0.4707
vn -0.1767 -0.8645 -0.4707
vn -0.1767 -0.8645 -0.4707
vn -0.5491 -0.6840 -0.4803
vn -0.5491 -0.6840 -0.4803
vn -0.5491 -0.6840 -0.4803
vn -0.5491 -0.6840 -0.4803
vn -0.5491 -0.6840 -0.4803
vn -0.5491 -0.6840 -0.4803
vn -0.4946 -0.6601 0.5654
vn -0.4946 -0.6601 0.5654
vn -0.4946 -0.6601 0.5654
vn -0.4946 -0.6601 0.5654
vn -0.4946 -0.6601 0.5654
vn -0.4946 -0.6601 0.5654
vn 0.7199 -0.6088 0.3333
vn 0.7199 -0.6088 0.3333
vn 0.7199 -0.6088 0.3333
vn 0.7199 -0.6088 0.3333
vn 0.7199 -0.6088 0.3333
vn 0.7199 -0.6088 0.3333
vn 0.3542 -0.5377 -0.7651
vn 0.3542 -0.5377 -0.7651
vn 0.3542 -0.5377 -0.7651
vn 0.3542 -0.5377 -0.7651
vn 0.3542 -0.5377 -0.7651
vn 0.3542 -0.5377 -0.7651
vn 0.4921 -0.6509 0.5781
vn 0.4921 -0.6509 0.5781
vn 0.4921 -0.6509 0.5781
vn 0.4921 -0.6509 0.5781
vn 0.4921 -0.6509 0.5781
vn 0.4921 -0.6509 0.5781
vn 0.3550 -0.8846 -0.3022
vn 0.3550 -0.8846 -0.3022
vn 0.3550 -0.8846 -0.3022
vn 0.3550 -0.8846 -0.3022
vn 0.3550 -0.8846 -0.3022
vn 0.3550 -0.8846 -0.3022
vn 0.4141 -0.8912 0.1851
vn 0.4141 -0.8912 0.1851
vn 0.4141 -0.8912 0.1851
vn 0.4141 -0.8912 0.1851
vn 0.4141 -0.8912 0.1851
vn 0.4141 -0.8912 0.1851
vn 0.3122 -0.6442 -0.6982
vn 0.3122 -0.6442 -0.6982
vn 0.3122 -0.6442 -0.6982
vn 0.3122 -0.6442 -0.6982
vn 0.3122 -0.6442 -0.6982
vn 0.3122 -0.6442 -0.6982
vn 0.1675 -0.7914 0.5880
vn 0.1675 -0.7914 0.5880
vn 0.1675 -0.7914 0.5880
vn 0.1675 -0.7914 0.5880
vn 0.1675 -0.7914 0.5880
vn 0.1675 -0.7914 0.5880
vn 0.5845 -0.7942 -0.1665
vn 0.5845 -0.7942 -0.1665
vn 0.5845 -0.7942 -0.1665
vn 0.5845 -0.7942 -0.1665
vn 0.5845 -0.7942 -0.1665
vn 0.5845 -0.7942 -0.1665
vn -0.4094 -0.7677 -0.4930
vn -0.4094 -0.7677 -0.4930
vn -0.4094 -0.7677 -0.4930
vn -0.4094 -0.7677 -0.4930
vn -0.4094 -0.7677 -0.4930
vn -0.4094 -0.7677 -0.4930
vn -0.5754 -0.6638 0.4778
vn -0.5754 -0.6638 0.4778
vn -0.5754 -0.6638 0.4778
vn -0.5754 -0.6638 0.4778
vn -0.5754 -0.6638 0.4778
vn -0.5754 -0.6638 0.4778
vn -0.4444 -0.6904 -0.5709
vn -0.4444 -0.6904 -0.5709
vn -0.4444 -0.6904 -0.5709
vn -0.4444 -0.6904 -0.5709
vn -0.4444 -0.6904 -0.5709
vn -0.4444 -0.6904 -0.5709
vn -0.6833 -0.5002 0.5319
vn -0.6833 -0.5002 0.5319
vn -0.6833 -0.5002 0.5319
vn -0.6833 -0.5002 0.5319
vn -0.6833 -0.5002 0.5319
vn -0.6833 -0.5002 0.5319
vn -0.6750 -0.6236 0.3944
vn -0.6750 -0.6236 0.3944
vn -0.6750 -0.6236 0.3944
vn -0.6750 -0.6236 0.3944
vn -0.6750 -0.6236 0.3944
vn -0.6750 -0.6236 0.3944
vn 0.2764 -0.8366 0.4729
vn 0.2764 -0.8366 0.4729
vn 0.2764 -0.8366 0.4729
vn 0.2764 -0.8366 0.4729
vn 0.2764 -0.8366 0.4729
vn 0.2764 -0.8366 0.4729
vn 0.1645 -0.7674 0.6197
vn 0.1645 -0.7674 0.6197
vn 0.1645 -0.7674 0.6197
vn 0.1645 -0.7674 0.6197
vn 0.1645 -0.7674 0.6197
vn 0.1645 -0.7674 0.6197
vn 0.6526 -0.7377 -0.1733
vn 0.6526 -0.7377 -0.1733
vn 0.6526 -0.7377 -0.1733
vn 0.6526 -0.7377 -0.1733
vn 0.6526 -0.7377 -0.1733
vn 0.6526 -0.7377 -0.1733
vn 0.5118 -0.8552 -0.0821
vn 0.5118 -0.8552 -0.0821
vn 0.5118 -0.8552 -0.0821
vn 0.5118 -0.8552 -0.0821
vn 0.5118 -0.8552 -0.0821
vn 0.5118 -0.8552 -0.0821
vn -0.1057 -0.7450 -0.6586
vn -0.1057 -0.7450 -0.6586
vn -0.1057 -0.7450 -0.6586
vn -0.1057 -0.7450 -0.6586
vn -0.1057 -0.7450 -0.6586
vn -0.1057 -0.7450 -0.6586
vn 0.3297 -0.8405 -0.4299
vn 0.3297 -0.8405 -0.4299
vn 0.3297 -0.8405 -0.4299
vn 0.3297 -0.8405 -0.4299
vn 0.3297 -0.8405 -0.4299
vn 0.3297 -0.8405 -0.4299
vn -0.5237 -0.7513 -0.4016
vn -0.5237 -0.7513 -0.4016
vn -0.5237 -0.7513 -0.4016
vn -0.5237 -0.7513 -0.4016
vn -0.5237 -0.7513 -0.4016
vn -0.5237 -0.7513 -0.4016
vn -0.2461 -0.6239 -0.7417
vn -0.2461 -0.6239 -0.7417
vn -0.2461 -0.6239 -0.7417
vn -0.2461 -0.6239 -0.7417
vn -0.2461 -0.6239 -0.7417
vn -0.2461 -0.6239 -0.7417
vn -0.5597 -0.8076 0.1857
vn -0.5597 -0.8076 0.1857
vn -0.5597 -0.8076 0.1857
vn -0.5597 -0.8076 0.1857
vn -0.5597 -0.8076 0.1857
vn -0.5597 -0.8076 0.1857
vn -0.0108 -0.6539 0.7565
vn -0.0108 -0.6539 0.7565
vn -0.0108 -0.6539 0.7565
vn -0.0108 -0.6539 0.7565
vn -0.0108 -0.6539 0.7565
vn -0.0108 -0.6539 0.7565
vn 0.8128 -0.5825 0.0116
vn 0.8128 -0.5825 0.0116
vn 0.8128 -0.5825 0.0116
vn 0.8128 -0.5825 0.0116
vn 0.8128 -0.5825 0.0116
vn 0.8128 -0.5825 0.0116
vn -0.3238 -0.7996 0.5058
vn -0.3238 -0.7996 0.5058
vn -0.3238 -0.7996 0.5058
vn -0.3238 -0.7996 0.5058
vn -0.3238 -0.7996 0.5058
vn -0.3238 -0.7996 0.5058
vn 0.6529 -0.6316 0.4179
vn 0.6529 -0.6316 0.4179
vn 0.6529 -0.6316 0.4179
vn 0.6529 -0.6316 0.4179
vn 0.6529 -0.6316 0.4179
vn 0.6529 -0.6316 0.4179
vn 0.5276 -0.8429 -0.1060
vn 0.5276 -0.8429 -0.1060
vn 0.5276 -0.8429 -0.1060
vn 0.5276 -0.8429 -0.1060
vn 0.5276 -0.8429 -0.1060
vn 0.5276 -0.8429 -0.1060
vn -0.0939 -0.8790 -0.4674
vn -0.0939 -0.8790 -0.4674
vn -0.0939 -0.8790 -0.4674
vn -0.0939 -0.8790 -0.4674
vn -0.0939 -0.8790 -0.4674
vn -0.0939 -0.8790 -0.4674
vn -0.3721 -0.7193 -0.5866
vn -0.3721 -0.7193 -0.5866
vn -0.3721 -0.7193 -0.5866
vn -0.3721 -0.7193 -0.5866
vn -0.3721 -0.7193 -0.5866
vn -0.3721 -0.7193 -0.5866
vn -0.3240 -0.9235 0.2055
vn -0.3240 -0.9235 0.2055
vn -0.3240 -0.9235 0.2055
vn -0.3240 -0.9235 0.2055
vn -0.3240 -0.9235 0.2055
vn -0.3240 -0.9235 0.2055
vn 0.6330 -0.7715 -0.0639
vn 0.6330 -0.7715 -0.0639
vn 0.6330 -0.7715 -0.0639
vn 0.6330 -0.7715 -0.0639
vn 0.6330 -0.7715 -0.0639
vn 0.6330 -0.7715 -0.0639
vn -0.0783 -0.6260 -0.7759
vn -0.0783 -0.6260 -0.7759
vn -0.0783 -0.6260 -0.7759
vn -0.0783 -0.6260 -0.7759
vn -0.0783 -0.6260 -0.7759
vn -0.0783 -0.6260 -0.7759
vn 0.4167 -0.6670 -0.6176
vn 0.4167 -0.6670 -0.6176
vn 0.4167 -0.6670 -0.6176
vn 0.4167 -0.6670 -0.6176
vn 0.4167 -0.6670 -0.6176
vn 0.4167 -0.6670 -0.6176
vn -0.6556 -0.6120 -0.4423
vn -0.6556 -0.6120 -0.4423
vn -0.6556 -0.6120 -0.4423
vn -0.6556 -0.6120 -0.4423
vn -0.6556 -0.6120 -0.4423
vn -0.6556 -0.6120 -0.4423
vn 0.7536 -0.6263 -0.1995
vn 0.7536 -0.6263 -0.1995
vn 0.7536 -0.6263 -0.1995
vn 0.7536 -0.6263 -0.1995
vn 0.7536 -0.6263 -0.1995
vn 0.7536 -0.6263 -0.1995
vn -0.1522 -0.8039 -0.5749
vn -0.1522 -0.8039 -0.5749
vn -0.1522 -0.8039 -0.5749
vn -0.1522 -0.8039 -0.5749
vn -0.1522 -0.8039 -0.5749
vn -0.1522 -0.8039 -0.5749
vn 0.6834 -0.5975 -0.4195
vn 0.6834 -0.5975 -0.4195
vn 0.6834 -0.5975 -0.4195
vn 0.6834 -0.5975 -0.4195
vn 0.6834 -0.5975 -0.4195
vn 0.6834 -0.5975 -0.4195
vn -0.2500 -0.8784 -0.4074
vn -0.2500 -0.8784 -0.4074
vn -0.2500 -0.8784 -0.4074
vn -0.2500 -0.8784 -0.4074
vn -0.2500 -0.8784 -0.4074
vn -0.2500 -0.8784 -0.4074
vn -0.6208 -0.7654 -0.1695
vn -0.6208 -0.7654 -0.1695
vn -0.6208 -0.7654 -0.1695
vn -0.6208 -0.7654 -0.1695
vn -0.6208 -0.7654 -0.1695
vn -0.6208 -0.7654 -0.1695
vn -0.1881 -0.6999 0.6890
vn -0.1881 -0.6999 0.6890
vn -0.1881 -0.6999 0.6890
vn -0.1881 -0.6999 0.6890
vn -0.1881 -0.6999 0.6890
vn -0.1881 -0.6999 0.6890
vn -0.1961 -0.8882 -0.4155
vn -0.1961 -0.8882 -0.4155
vn -0.1961 -0.8882 -0.4155
vn -0.1961 -0.8882 -0.4155
vn -0.1961 -0.8882 -0.4155
vn -0.1961 -0.8882 -0.4155
vn -0.7614 -0.5396 0.3594
vn -0.7614 -0.5396 0.3594
vn -0.7614 -0.5396 0.3594
vn -0.7614 -0.5396 0.3594
vn -0.7614 -0.5396 0.3594
vn -0.7614 -0.5396 0.3594
vn 0.0829 -0.7486 0.6578
vn 0.0829 -0.7486 0.6578
vn 0.0829 -0.7486 0.6578
vn 0.0829 -0.7486 0.6578
vn 0.0829 -0.7486 0.6578
vn 0.0829 -0.7486 0.6578
vn 0.5009 -0.8632 -0.0631
vn 0.5009 -0.8632 -0.0631
vn 0.5009 -0.8632 -0.0631
vn 0.5009 -0.8632 -0.0631
vn 0.5009 -0.8632 -0.0631
vn 0.5009 -0.8632 -0.0631
vn -0.1076 -0.9272 -0.3588
vn -0.1076 -0.9272 -0.3588
vn -0.1076 -0.9272 -0.3588
vn -0.1076 -0.9272 -0.3588
vn -0.1076 -0.9272 -0.3588
vn -0.1076 -0.9272 -0.3588
vn -0.4281 -0.8946 0.1284
vn -0.4281 -0.8946 0.1284
vn -0.4281 -0.8946 0.1284
vn -0.4281 -0.8946 0.1284
vn -0.4281 -0.8946 0.1284
vn -0.4281 -0.8946 0.1284
vn -0.1619 -0.8866 -0.4332
vn -0.1619 -0.8866 -0.4332
vn -0.1619 -0.8866 -0.4332
vn -0.1619 -0.8866 -0.4332
vn -0.1619 -0.8866 -0.4332
vn -0.1619 -0.8866 -0.4332
vn -0.5396 -0.8174 0.2017
vn -0.5396 -0.8174 0.2017
vn -0.5396 -0.8174 0.2017
vn -0.5396 -0.8174 0.2017
vn -0.5396 -0.8174 0.2017
vn -0.5396 -0.8174 0.2017
vn 0.7514 -0.5213 0.4044
vn 0.7514 -0.5213 0.4044
vn 0.7514 -0.5213 0.4044
vn 0.7514 -0.5213 0.4044
vn 0.7514 -0.5213 0.4044
vn 0.7514 -0.5213 0.4044
vn 0.3925 -0.5605 -0.7292
vn 0.3925 -0.5605 -0.7292
vn 0.3925 -0.5605 -0.7292
vn 0.3925 -0.5605 -0.7292
vn 0.3925 -0.5605 -0.7292
vn 0.3925 -0.5605 -0.7292
vn -0.6987 -0.6950 -0.1695
vn -0.6987 -0.6950 -0.1695
vn -0.6987 -0.6950 -0.1695
vn -0.6987 -0.6950 -0.1695
vn -0.6987 -0.6950 -0.1695
vn -0.6987 -0.6950 -0.1695
vn -0.1724 -0.6825 0.7103
vn -0.1724 -0.6825 0.7103
vn -0.1724 -0.6825 0.7103
vn -0.1724 -0.6825 0.7103
vn -0.1724 -0.6825 0.7103
vn -0.1724 -0.6825 0.7103
vn -0.3555 -0.5419 0.7615
vn -0.3555 -0.5419 0.7615
vn -0.3555 -0.5419 0.7615
vn -0.3555 -0.5419 0.7615
vn -0.3555 -0.5419 0.7615
vn -0.3555 -0.5419 0.7615
vn 0.7278 -0.5957 0.3398
vn 0.7278 -0.5957 0.3398
vn 0.7278 -0.5957 0.3398
vn 0.7278 -0.5957 0.3398
vn 0.7278 -0.5957 0.3398
vn 0.7278 -0.5957 0.3398
vn -0.1502 -0.5706 0.8074
vn -0.1502 -0.5706 0.8074
vn -0.1502 -0.5706 0.8074
vn -0.1502 -0.5706 0.8074
vn -0.1502 -0.5706 0.8074
vn -0.1502 -0.5706 0.8074
vn 0.6475 -0.7525 0.1205
vn 0.6475 -0.7525 0.1205
vn 0.6475 -0.7525 0.1205
vn 0.6475 -0.7525 0.1205
vn 0.6475 -0.7525 0.1205
vn 0.6475 -0.7525 0.1205
vn 0.6993 -0.5195 -0.4911
vn 0.6993 -0.5195 -0.4911
vn 0.6993 -0.5195 -0.4911
vn 0.6993 -0.5195 -0.4911
vn 0.6993 -0.5195 -0.4911
vn 0.6993 -0.5195 -0.4911
vn -0.2316 -0.9152 -0.3297
vn -0.2316 -0.9152 -0.3297
vn -0.2316 -0.9152 -0.3297
vn -0.2316 -0.9152 -0.3297
vn -0.2316 -0.9152 -0.3297
vn -0.2316 -0.9152 -0.3297
vn 0.2635 -0.7719 0.5785
vn 0.2635 -0.7719 0.5785
vn 0.2635 -0.7719 0.5785
vn 0.2635 -0.7719 0.5785
vn 0.2635 -0.7719 0.5785
vn 0.2635 -0.7719 0.5785
vn 0.6205 -0.7315 -0.2827
vn 0.6205 -0.7315 -0.2827
vn 0.6205 -0.7315 -0.2827
vn 0.6205 -0.7315 -0.2827
vn 0.6205 -0.7315 -0.2827
vn 0.6205 -0.7315 -0.2827
vn -0.4029 -0.8665 0.2946
vn -0.4029 -0.8665 0.2946
vn -0.4029 -0.8665 0.2946
vn -0.4029 -0.8665 0.2946
vn -0.4029 -0.8665 0.2946
vn -0.4029 -0.8665 0.2946
vn 0.3042 -0.8569 0.4161
vn 0.3042 -0.8569 0.4161
vn 0.3042 -0.8569 0.4161
vn 0.3042 -0.8569 0.4161
vn 0.3042 -0.8569 0.4161
vn 0.3042 -0.8569 0.4161
vn 0.3601 -0.9293 -0.0826
vn 0.3601 -0.9293 -0.0826
vn 0.3601 -0.9293 -0.0826
vn 0.3601 -0.9293 -0.0826
vn 0.3601 -0.9293 -0.0826
vn 0.3601 -0.9293 -0.0826
vn -0.1030 -0.8877 -0.4489
vn -0.1030 -0.8877 -0.4489
vn -0.1030 -0.8877 -0.4489
vn -0.1030 -0.8877 -0.4489
vn -0.1030 -0.8877 -0.4489
vn -0.1030 -0.8877 -0.4489
vn -0.2227 -0.6374 0.7376
vn -0.2227 -0.6374 0.7376
vn -0.2227 -0.6374 0.7376
vn -0.2227 -0.6374 0.7376
vn -0.2227 -0.6374 0.7376
vn -0.2227 -0.6374 0.7376
vn 0.4966 -0.8549 0.1499
vn 0.4966 -0.8549 0.1499
vn 0.4966 -0.8549 0.1499
vn 0.4966 -0.8549 0.1499
vn 0.4966 -0.8549 0.1499
vn 0.4966 -0.8549 0.1499
vn -0.1717 -0.7558 -0.6319
vn -0.1717 -0.7558 -0.6319
vn -0.1717 -0.7558 -0.6319
vn -0.1717 -0.7558 -0.6319
vn -0.1717 -0.7558 -0.6319
vn -0.1717 -0.7558 -0.6319
vn -0.7906 -0.5734 0.2148
vn -0.7906 -0.5734 0.2148
vn -0.7906 -0.5734 0.2148
vn -0.7906 -0.5734 0.2148
vn -0.7906 -0.5734 0.2148
vn -0.7906 -0.5734 0.2148
vn 0.3537 -0.8137 0.4614
vn 0.3537 -0.8137 0.4614
vn 0.3537 -0.8137 0.4614
vn 0.3537 -0.8137 0.4614
vn 0.3537 -0.8137 0.4614
vn 0.3537 -0.8137 0.4614
vn 0.4051 -0.8599 -0.3105
vn 0.4051 -0.8599 -0.3105
vn 0.4051 -0.8599 -0.3105
vn 0.4051 -0.8599 -0.3105
vn 0.4051 -0.8599 -0.3105
vn 0.4051 -0.8599 -0.3105
vn -0.0457 -0.8556 0.5156
vn -0.0457 -0.8556 0.5156
vn -0.0457 -0.8556 0.5156
vn -0.0457 -0.8556 0.5156
vn -0.0457 -0.8556 0.5156
vn -0.0457 -0.8556 0.5156
vn 0.8204 -0.5671 0.0727
vn 0.8204 -0.5671 0.0727
vn 0.8204 -0.5671 0.0727
vn 0.8204 -0.5671 0.0727
vn 0.8204 -0.5671 0.0727
vn 0.8204 -0.5671 0.0727
vn 0.1813 -0.7778 -0.6017
vn 0.1813 -0.7778 -0.6017
vn 0.1813 -0.7778 -0.6017
vn 0.1813 -0.7778 -0.6017
vn 0.1813 -0.7778 -0.6017
vn 0.1813 -0.7778 -0.6017
vn -0.7926 -0.5610 -0.2388
vn -0.7926 -0.5610 -0.2388
vn -0.7926 -0.5610 -0.2388
vn -0.7926 -0.5610 -0.2388
vn -0.7926 -0.5610 -0.2388
vn -0.7926 -0.5610 -0.2388
vn 0.1083 -0.5358 0.8374
vn 0.1083 -0.5358 0.8374
vn 0.1083 -0.5358 0.8374
vn 0.1083 -0.5358 0.8374
vn 0.1083 -0.5358 0.8374
vn 0.1083 -0.5358 0.8374
vn 0.7606 -0.6418 -0.0984
vn 0.7606 -0.6418 -0.0984
vn 0.7606 -0.6418 -0.0984
vn 0.7606 -0.6418 -0.0984
vn 0.7606 -0.6418 -0.0984
vn 0.7606 -0.6418 -0.0984
vn -0.6491 -0.7159 -0.2572
vn -0.6491 -0.7159 -0.2572
vn -0.6491 -0.7159 -0.2572
vn -0.6491 -0.7159 -0.2572
vn -0.6491 -0.7159 -0.2572
vn -0.6491 -0.7159 -0.2572
vn -0.3090 -0.5441 0.7800
vn -0.3090 -0.5441 0.7800
vn -0.3090 -0.5441 0.7800
vn -0.3090 -0.5441 0.7800
vn -0.3090 -0.5441 0.7800
vn -0.3090 -0.5441 0.7800
vn 0.6008 -0.6868 -0.4090
vn 0.6008 -0.6868 -0.4090
vn 0.6008 -0.6868 -0.4090
vn 0.6008 -0.6868 -0.4090
vn 0.6008 -0.6868 -0.4090
vn 0.6008 -0.6868 -0.4090
vn -0.4184 -0.6687 -0.6147
vn -0.4184 -0.6687 -0.6147
vn -0.4184 -0.6687 -0.6147
vn -0.4184 -0.6687 -0.6147
vn -0.4184 -0.6687 -0.6147
vn -0.4184 -0.6687 -0.6147
vn 0.7086 -0.6816 0.1825
vn 0.7086 -0.6816 0.1825
vn 0.7086 -0.6816 0.1825
vn 0.7086 -0.6816 0.1825
vn 0.7086 -0.6816 0.1825
vn 0.7086 -0.6816 0.1825
vn 0.2128 -0.5214 -0.8263
vn 0.2128 -0.5214 -0.8263
vn 0.2128 -0.5214 -0.8263
vn 0.2128 -0.5214 -0.8263
vn 0.2128 -0.5214 -0.8263
vn 0.2128 -0.5214 -0.8263
vn -0.0888 -0.7384 0.6685
vn -0.0888 -0.7384 0.6685
vn -0.0888 -0.7384 0.6685
vn -0.0888 -0.7384 0.6685
vn -0.0888 -0.7384 0.6685
vn -0.0888 -0.7384 0.6685
vn 0.3488 -0.9361 0.0464
vn 0.3488 -0.9361 0.0464
vn 0.3488 -0.9361 0.0464
vn 0.3488 -0.9361 0.0464
vn 0.3488 -0.9361 0.0464
vn 0.3488 -0.9361 0.0464
vn 0.1418 -0.6841 -0.7154
vn 0.1418 -0.6841 -0.7154
vn 0.1418 -0.6841 -0.7154
vn 0.1418 -0.6841 -0.7154
vn 0.1418 -0.6841 -0.7154
vn 0.1418 -0.6841 -0.7154
vn -0.3682 -0.9269 -0.0730
vn -0.3682 -0.9269 -0.0730
vn -0.3682 -0.9269 -0.0730
vn -0.3682 -0.9269 -0.0730
vn -0.3682 -0.9269 -0.0730
vn -0.3682 -0.9269 -0.0730
vn 0.4935 -0.6341 0.5953
vn 0.4935 -0.6341 0.5953
vn 0.4935 -0.6341 0.5953
vn 0.4935 -0.6341 0.5953
vn 0.4935 -0.6341 0.5953
vn 0.4935 -0.6341 0.5953
vn 0.5727 -0.6683 -0.4747
vn 0.5727 -0.6683 -0.4747
vn 0.5727 -0.6683 -0.4747
vn 0.5727 -0.6683 -0.4747
vn 0.5727 -0.6683 -0.4747
vn 0.5727 -0.6683 -0.4747
vn 0.7577 -0.6515 0.0393
vn 0.7577 -0.6515 0.0393
vn 0.7577 -0.6515 0.0393
vn 0.7577 -0.6515 0.0393
vn 0.7577 -0.6515 0.0393
vn 0.7577 -0.6515 0.0393
vn 0.0385 -0.6690 -0.7422
vn 0.0385 -0.6690 -0.7422
vn 0.0385 -0.6690 -0.7422
vn 0.0385 -0.6690 -0.7422
vn 0.0385 -0.6690 -0.7422
vn 0.0385 -0.6690 -0.7422
vn 0.0948 -0.8310 -0.5481
vn 0.0948 -0.8310 -0.5481
vn 0.0948 -0.8310 -0.5481
vn 0.0948 -0.8310 -0.5481
vn 0.0948 -0.8310 -0.5481
vn 0.0948 -0.8310 -0.5481
vn -0.5035 -0.8596 -0.0871
vn -0.5035 -0.8596 -0.0871
vn -0.5035 -0.8596 -0.0871
vn -0.5035 -0.8596 -0.0871
vn -0.5035 -0.8596 -0.0871
vn -0.5035 -0.8596 -0.0871
vn 0.0643 -0.8926 0.4462
vn 0.0643 -0.8926 0.4462
vn 0.0643 -0.8926 0.4462
vn 0.0643 -0.8926 0.4462
vn 0.0643 -0.8926 0.4462
vn 0.0643 -0.8926 0.4462
vn 0.8300 -0.5448 -0.1196
vn 0.8300 -0.5448 -0.1196
vn 0.8300 -0.5448 -0.1196
vn 0.8300 -0.5448 -0.1196
vn 0.8300 -0.5448 -0.1196
vn 0.8300 -0.5448 -0.1196
vn -0.8381 -0.5454 -0.0054
vn -0.8381 -0.5454 -0.0054
vn -0.8381 -0.5454 -0.0054
vn -0.8381 -0.5454 -0.0054
vn -0.8381 -0.5454 -0.0054
vn -0.8381 -0.5454 -0.0054
vn -0.0044 -0.7349 0.6781
vn -0.0044 -0.7349 0.6781
vn -0.0044 -0.7349 0.6781
vn -0.0044 -0.7349 0.6781
vn -0.0044 -0.7349 0.6781
vn -0.0044 -0.7349 0.6781
vn 0.5773 -0.7239 0.3777
vn 0.5773 -0.7239 0.3777
vn 0.5773 -0.7239 0.3777
vn 0.5773 -0.7239 0.3777
vn 0.5773 -0.7239 0.3777
vn 0.5773 -0.7239 0.3777
vn 0.4499 -0.5697 -0.6878
vn 0.4499 -0.5697 -0.6878
vn 0.4499 -0.5697 -0.6878
vn 0.4499 -0.5697 -0.6878
vn 0.4499 -0.5697 -0.6878
vn 0.4499 -0.5697 -0.6878
vn -0.7649 -0.6404 -0.0694
vn -0.7649 -0.6404 -0.0694
vn -0.7649 -0.6404 -0.0694
vn -0.7649 -0.6404 -0.0694
vn -0.7649 -0.6404 -0.0694
vn -0.7649 -0.6404 -0.0694
vn -0.0607 -0.7409 0.6689
vn -0.0607 -0.7409 0.6689
vn -0.0607 -0.7409 0.6689
vn -0.0607 -0.7409 0.6689
vn -0.0607 -0.7409 0.6689
vn -0.0607 -0.7409 0.6689
vn 0.3392 -0.8998 -0.2744
vn 0.3392 -0.8998 -0.2744
vn 0.3392 -0.8998 -0.2744
vn 0.3392 -0.8998 -0.2744
vn 0.3392 -0.8998 -0.2744
vn 0.3392 -0.8998 -0.2744
vn -0.4485 -0.7010 -0.5545
vn -0.4485 -0.7010 -0.5545
vn -0.4485 -0.7010 -0.5545
vn -0.4485 -0.7010 -0.5545
vn -0.4485 -0.7010 -0.5545
vn -0.4485 -0.7010 -0.5545
vn 0.4892 -0.6552 -0.5756
vn 0.4892 -0.6552 -0.5756
vn 0.4892 -0.6552 -0.5756
vn 0.4892 -0.6552 -0.5756
vn 0.4892 -0.6552 -0.5756
vn 0.4892 -0.6552 -0.5756
vn -0.4436 -0.8131 -0.3770
vn -0.4436 -0.8131 -0.3770
vn -0.4436 -0.8131 -0.3770
vn -0.4436 -0.8131 -0.3770
vn -0.4436 -0.8131 -0.3770
vn -0.4436 -0.8131 -0.3770
vn -0.6131 -0.7791 -0.1307
vn -0.6131 -0.7791 -0.1307
vn -0.6131 -0.7791 -0.1307
vn -0.6131 -0.7791 -0.1307
vn -0.6131 -0.7791 -0.1307
vn -0.6131 -0.7791 -0.1307
vn -0.0776 -0.9281 0.3640
vn -0.0776 -0.9281 0.3640
vn -0.0776 -0.9281 0.3640
vn -0.0776 -0.9281 0.3640
vn -0.0776 -0.9281 0.3640
vn -0.0776 -0.9281 0.3640
vn 0.3014 -0.7592 0.5769
vn 0.3014 -0.7592 0.5769
vn 0.3014 -0.7592 0.5769
vn 0.3014 -0.7592 0.5769
vn 0.3014 -0.7592 0.5769
vn 0.3014 -0.7592 0.5769
vn 0.3651 -0.9113 -0.1907
vn 0.3651 -0.9113 -0.1907
vn 0.3651 -0.9113 -0.1907
vn 0.3651 -0.9113 -0.1907
vn 0.3651 -0.9113 -0.1907
vn 0.3651 -0.9113 -0.1907
vn 0.4442 -0.6346 0.6324
vn 0.4442 -0.6346 0.6324
vn 0.4442 -0.6346 0.6324
vn 0.4442 -0.6346 0.6324
vn 0.4442 -0.6346 0.6324
vn 0.4442 -0.6346 0.6324
vn 0.4172 -0.8603 -0.2930
vn 0.4172 -0.8603 -0.2930
vn 0.4172 -0.8603 -0.2930
vn 0.4172 -0.8603 -0.2930
vn 0.4172 -0.8603 -0.2930
vn 0.4172 -0.8603 -0.2930
vn 0.3011 -0.8385 0.4541
vn 0.3011 -0.8385 0.4541
vn 0.3011 -0.8385 0.4541
vn 0.3011 -0.8385 0.4541
vn 0.3011 -0.8385 0.4541
vn 0.3011 -0.8385 0.4541
vn 0.3260 -0.9203 -0.2162
vn 0.3260 -0.9203 -0.2162
vn 0.3260 -0.9203 -0.2162
vn 0.3260 -0.9203 -0.2162
vn 0.3260 -0.9203 -0.2162
vn 0.3260 -0.9203 -0.2162
vn -0.5271 -0.6764 0.5145
vn -0.5271 -0.6764 0.5145
vn -0.5271 -0.6764 0.5145
vn -0.5271 -0.6764 0.5145
vn -0.5271 -0.6764 0.5145
vn -0.5271 -0.6764 0.5145
vn 0.4712 -0.7382 0.4827
vn 0.4712 -0.7382 0.4827
vn 0.4712 -0.7382 0.4827
vn 0.4712 -0.7382 0.4827
vn 0.4712 -0.7382 0.4827
vn 0.4712 -0.7382 0.4827
vn -0.4442 -0.7548 0.4827
vn -0.4442 -0.7548 0.4827
vn -0.4442 -0.7548 0.4827
vn -0.4442 -0.7548 0.4827
vn -0.4442 -0.7548 0.4827
vn -0.4442 -0.7548 0.4827
vn 0.5115 -0.7189 0.4707
vn 0.5115 -0.7189 0.4707
vn 0.5115 -0.7189 0.4707
vn 0.5115 -0.7189 0.4707
vn 0.5115 -0.7189 0.4707
vn 0.5115 -0.7189 0.4707
vn 0.6779 -0.5936 -0.4337
vn 0.6779 -0.5936 -0.4337
vn 0.6779 -0.5936 -0.4337
vn 0.6779 -0.5936 -0.4337
vn 0.6779 -0.5936 -0.4337
vn 0.6779 -0.5936 -0.4337
vn -0.2633 -0.8726 -0.4115
vn -0.2633 -0.8726 -0.4115
vn -0.2633 -0.8726 -0.4115
vn -0.2633 -0.8726 -0.4115
vn -0.2633 -0.8726 -0.4115
vn -0.2633 -0.8726 -0.4115
vn 0.0283 -0.8092 -0.5869
vn 0.0283 -0.8092 -0.5869
vn 0.0283 -0.8092 -0.5869
vn 0.0283 -0.8092 -0.5869
vn 0.0283 -0.8092 -0.5869
vn 0.0283 -0.8092 -0.5869
vn -0.6774 -0.7348 -0.0327
vn -0.6774 -0.7348 -0.0327
vn -0.6774 -0.7348 -0.0327
vn -0.6774 -0.7348 -0.0327
vn -0.6774 -0.7348 -0.0327
vn -0.6774 -0.7348 -0.0327
vn -0.0055 -0.6830 -0.7304
vn -0.0055 -0.6830 -0.7304
vn -0.0055 -0.6830 -0.7304
vn -0.0055 -0.6830 -0.7304
vn -0.0055 -0.6830 -0.7304
vn -0.0055 -0.6830 -0.7304
vn -0.6353 -0.7723 0.0048
vn -0.6353 -0.7723 0.0048
vn -0.6353 -0.7723 0.0048
vn -0.6353 -0.7723 0.0048
vn -0.6353 -0.7723 0.0048
vn -0.6353 -0.7723 0.0048
vn -0.8355 -0.5082 -0.2089
vn -0.8355 -0.5082 -0.2089
vn -0.8355 -0.5082 -0.2089
vn -0.8355 -0.5082 -0.2089
vn -0.8355 -0.5082 -0.2089
vn -0.8355 -0.5082 -0.2089
vn -0.1550 -0.7690 0.6202
vn -0.1550 -0.7690 0.6202
vn -0.1550 -0.7690 0.6202
vn -0.1550 -0.7690 0.6202
vn -0.1550 -0.7690 0.6202
vn -0.1550 -0.7690 0.6202
vn -0.5330 -0.7730 -0.3440
vn -0.5330 -0.7730 -0.3440
vn -0.5330 -0.7730 -0.3440
vn -0.5330 -0.7730 -0.3440
vn -0.5330 -0.7730 -0.3440
vn -0.5330 -0.7730 -0.3440
vn -0.4156 -0.6424 0.6439
vn -0.4156 -0.6424 0.6439
vn -0.4156 -0.6424 0.6439
vn -0.4156 -0.6424 0.6439
vn -0.4156 -0.6424 0.6439
vn -0.4156 -0.6424 0.6439
vn 0.7822 -0.5364 -0.3169
vn 0.7822 -0.5364 -0.3169
vn 0.7822 -0.5364 -0.3169
vn 0.7822 -0.5364 -0.3169
vn 0.7822 -0.5364 -0.3169
vn 0.7822 -0.5364 -0.3169
vn -0.1295 -0.9387 -0.3196
vn -0.1295 -0.9387 -0.3196
vn -0.1295 -0.9387 -0.3196
vn -0.1295 -0.9387 -0.3196
vn -0.1295 -0.9387 -0.3196
vn -0.1295 -0.9387 -0.3196
vn 0.2891 -0.9335 0.2120
vn 0.2891 -0.9335 0.2120
vn 0.2891 -0.9335 0.2120
vn 0.2891 -0.9335 0.2120
vn 0.2891 -0.9335 0.2120
vn 0.2891 -0.9335 0.2120
vn 0.4520 -0.6449 -0.6163
vn 0.4520 -0.6449 -0.6163
vn 0.4520 -0.6449 -0.6163
vn 0.4520 -0.6449 -0.6163
vn 0.4520 -0.6449 -0.6163
vn 0.4520 -0.6449 -0.6163
vn 0.6102 -0.7599 0.2242
vn 0.6102 -0.7599 0.2242
vn 0.6102 -0.7599 0.2242
vn 0.6102 -0.7599 0.2242
vn 0.6102 -0.7599 0.2242
vn 0.6102 -0.7599 0.2242
vn 0.2331 -0.7368 -0.6346
vn 0.2331 -0.7368 -0.6346
vn 0.2331 -0.7368 -0.6346
vn 0.2331 -0.7368 -0.6346
vn 0.2331 -0.7368 -0.6346
vn 0.2331 -0.7368 -0.6346
vn -0.5212 -0.7766 -0.3539
vn -0.5212 -0.7766 -0.3539
vn -0.5212 -0.7766 -0.3539
vn -0.5212 -0.7766 -0.3539
vn -0.5212 -0.7766 -0.3539
vn -0.5212 -0.7766 -0.3539
vn -0.2747 -0.8723 0.4045
vn -0.2747 -0.8723 0.4045
vn -0.2747 -0.8723 0.4045
vn -0.2747 -0.8723 0.4045
vn -0.2747 -0.8723 0.4045
vn -0.2747 -0.8723 0.4045
vn -0.7049 -0.6766 0.2129
vn -0.7049 -0.6766 0.2129
vn -0.7049 -0.6766 0.2129
vn -0.7049 -0.6766 0.2129
vn -0.7049 -0.6766 0.2129
vn -0.7049 -0.6766 0.2129
vn 0.2106 -0.6852 0.6972
vn 0.2106 -0.6852 0.6972
vn 0.2106 -0.6852 0.6972
vn 0.2106 -0.6852 0.6972
vn 0.2106 -0.6852 0.6972
vn 0.2106 -0.6852 0.6972
vn 0.3557 -0.8789 0.3180
vn 0.3557 -0.8789 0.3180
vn 0.3557 -0.8789 0.3180
vn 0.3557 -0.8789 0.3180
vn 0.3557 -0.8789 0.3180
vn 0.3557 -0.8789 0.3180
vn 0.5753 -0.5050 -0.6435
vn 0.5753 -0.5050 -0.6435
vn 0.5753 -0.5050 -0.6435
vn 0.5753 -0.5050 -0.6435
vn 0.5753 -0.5050 -0.6435
vn 0.5753 -0.5050 -0.6435
vn -0.7671 -0.6078 -0.2052
vn -0.7671 -0.6078 -0.2052
vn -0.7671 -0.6078 -0.2052
vn -0.7671 -0.6078 -0.2052
vn -0.7671 -0.6078 -0.2052
vn -0.7671 -0.6078 -0.2052
vn -0.1102 -0.9046 0.4119
vn -0.1102 -0.9046 0.4119
vn -0.1102 -0.9046 0.4119
vn -0.1102 -0.9046 0.4119
vn -0.1102 -0.9046 0.4119
vn -0.1102 -0.9046 0.4119
vn 0.0624 -0.7787 0.6243
vn 0.0624 -0.7787 0.6243
vn 0.0624 -0.7787 0.6243
vn 0.0624 -0.7787 0.6243
vn 0.0624 -0.7787 0.6243
vn 0.0624 -0.7787 0.6243
vn 0.6630 -0.7457 -0.0662
vn 0.6630 -0.7457 -0.0662
vn 0.6630 -0.7457 -0.0662
vn 0.6630 -0.7457 -0.0662
vn 0.6630 -0.7457 -0.0662
vn 0.6630 -0.7457 -0.0662
vn -0.5626 -0.8263 0.0261
vn -0.5626 -0.8263 0.0261
vn -0.5626 -0.8263 0.0261
vn -0.5626 -0.8263 0.0261
vn -0.5626 -0.8263 0.0261
vn -0.5626 -0.8263 0.0261
vn 0.0313 -0.7368 0.6754
vn 0.0313 -0.7368 0.6754
vn 0.0313 -0.7368 0.6754
vn 0.0313 -0.7368 0.6754
vn 0.0313 -0.7368 0.6754
vn 0.0313 -0.7368 0.6754
vn 0.3690 -0.6701 -0.6441
vn 0.3690 -0.6701 -0.6441
vn 0.3690 -0.6701 -0.6441
vn 0.3690 -0.6701 -0.6441
vn 0.3690 -0.6701 -0.6441
vn 0.3690 -0.6701 -0.6441
vn -0.4587 -0.8489 -0.2628
vn -0.4587 -0.8489 -0.2628
vn -0.4587 -0.8489 -0.2628
vn -0.4587 -0.8489 -0.2628
vn -0.4587 -0.8489 -0.2628
vn -0.4587 -0.8489 -0.2628
vn -0.2963 -0.8926 -0.3397
vn -0.2963 -0.8926 -0.3397
vn -0.2963 -0.8926 -0.3397
vn -0.2963 -0.8926 -0.3397
vn -0.2963 -0.8926 -0.3397
vn -0.2963 -0.8926 -0.3397
vn -0.4662 -0.7858 0.4065
vn -0.4662 -0.7858 0.4065
vn -0.4662 -0.7858 0.4065
vn -0.4662 -0.7858 0.4065
vn -0.4662 -0.7858 0.4065
vn -0.4662 -0.7858 0.4065
vn 0.5795 -0.7662 0.2779
vn 0.5795 -0.7662 0.2779
vn 0.5795 -0.7662 0.2779
vn 0.5795 -0.7662 0.2779
vn 0.5795 -0.7662 0.2779
vn 0.5795 -0.7662 0.2779
vn 0.2933 -0.7346 -0.6118
vn 0.2933 -0.7346 -0.6118
vn 0.2933 -0.7346 -0.6118
vn 0.2933 -0.7346 -0.6118
vn 0.2933 -0.7346 -0.6118
vn 0.2933 -0.7346 -0.6118
vn -0.6208 -0.7717 0.1382
vn -0.6208 -0.7717 0.1382
vn -0.6208 -0.7717 0.1382
vn -0.6208 -0.7717 0.1382
vn -0.6208 -0.7717 0.1382
vn -0.6208 -0.7717 0.1382
vn 0.1741 -0.5986 0.7819
vn 0.1741 -0.5986 0.7819
vn 0.1741 -0.5986 0.7819
vn 0.1741 -0.5986 0.7819
vn 0.1741 -0.5986 0.7819
vn 0.1741 -0.5986 0.7819
vn -0.6775 -0.7348 0.0340
vn -0.6775 -0.7348 0.0340
vn -0.6775 -0.7348 0.0340
vn -0.6775 -0.7348 0.0340
vn -0.6775 -0.7348 0.0340
vn -0.6775 -0.7348 0.0340
vn 0.0375 -0.6633 0.7474
vn 0.0375 -0.6633 0.7474
vn 0.0375 -0.6633 0.7474
vn 0.0375 -0.6633 0.7474
vn 0.0375 -0.6633 0.7474
vn 0.0375 -0.6633 0.7474
vn -0.0617 -0.8152 -0.5759
vn -0.0617 -0.8152 -0.5759
vn -0.0617 -0.8152 -0.5759
vn -0.0617 -0.8152 -0.5759
vn -0.0617 -0.8152 -0.5759
vn -0.0617 -0.8152 -0.5759
vn -0.8387 -0.5371 0.0899
vn -0.8387 -0.5371 0.0899
vn -0.8387 -0.5371 0.0899
vn -0.8387 -0.5371 0.0899
vn -0.8387 -0.5371 0.0899
vn -0.8387 -0.5371 0.0899
vn -0.5278 -0.8178 0.2295
vn -0.5278 -0.8178 0.2295
vn -0.5278 -0.8178 0.2295
vn -0.5278 -0.8178 0.2295
vn -0.5278 -0.8178 0.2295
vn -0.5278 -0.8178 0.2295
vn 0.2270 -0.8222 0.5219
vn 0.2270 -0.8222 0.5219
vn 0.2270 -0.8222 0.5219
vn 0.2270 -0.8222 0.5219
vn 0.2270 -0.8222 0.5219
vn 0.2270 -0.8222 0.5219
vn -0.5949 -0.7968 0.1060
vn -0.5949 -0.7968 0.1060
vn -0.5949 -0.7968 0.1060
vn -0.5949 -0.7968 0.1060
vn -0.5949 -0.7968 0.1060
vn -0.5949 -0.7968 0.1060
vn 0.1339 -0.6458 0.7517
vn 0.1339 -0.6458 0.7517
vn 0.1339 -0.6458 0.7517
vn 0.1339 -0.6458 0.7517
vn 0.1339 -0.6458 0.7517
vn 0.1339 -0.6458 0.7517
vn 0.1283 -0.8951 0.4271
vn 0.1283 -0.8951 0.4271
vn 0.1283 -0.8951 0.4271
vn 0.1283 -0.8951 0.4271
vn 0.1283 -0.8951 0.4271
vn 0.1283 -0.8951 0.4271
vn 0.6654 -0.7192 -0.2000
vn 0.6654 -0.7192 -0.2000
vn 0.6654 -0.7192 -0.2000
vn 0.6654 -0.7192 -0.2000
vn 0.6654 -0.7192 -0.2000
vn 0.6654 -0.7192 -0.2000
vn 0.4346 -0.6340 -0.6397
vn 0.4346 -0.6340 -0.6397
vn 0.4346 -0.6340 -0.6397
vn 0.4346 -0.6340 -0.6397
vn 0.4346 -0.6340 -0.6397
vn 0.4346 -0.6340 -0.6397
vn -0.5063 -0.7908 -0.3440
vn -0.5063 -0.7908 -0.3440
vn -0.5063 -0.7908 -0.3440
vn -0.5063 -0.7908 -0.3440
vn -0.5063 -0.7908 -0.3440
vn -0.5063 -0.7908 -0.3440
vn 0.1749 -0.8352 0.5213
vn 0.1749 -0.8352 0.5213
vn 0.1749 -0.8352 0.5213
vn 0.1749 -0.8352 0.5213
vn 0.1749 -0.8352 0.5213
vn 0.1749 -0.8352 0.5213
vn 0.7805 -0.5676 -0.2619
vn 0.7805 -0.5676 -0.2619
vn 0.7805 -0.5676 -0.2619
vn 0.7805 -0.5676 -0.2619
vn 0.7805 -0.5676 -0.2619
vn 0.7805 -0.5676 -0.2619
vn 0.4772 -0.8313 -0.2849
vn 0.4772 -0.8313 -0.2849
vn 0.4772 -0.8313 -0.2849
vn 0.4772 -0.8313 -0.2849
vn 0.4772 -0.8313 -0.2849
vn 0.4772 -0.8313 -0.2849
vn -0.3164 -0.7869 -0.5299
vn -0.3164 -0.7869 -0.5299
vn -0.3164 -0.7869 -0.5299
vn -0.3164 -0.7869 -0.5299
vn -0.3164 -0.7869 -0.5299
vn -0.3164 -0.7869 -0.5299
vn -0.4547 -0.8839 -0.1095
vn -0.4547 -0.8839 -0.1095
vn -0.4547 -0.8839 -0.1095
vn -0.4547 -0.8839 -0.1095
vn -0.4547 -0.8839 -0.1095
vn -0.4547 -0.8839 -0.1095
vn -0.1216 -0.8544 0.5051
vn -0.1216 -0.8544 0.5051
vn -0.1216 -0.8544 0.5051
vn -0.1216 -0.8544 0.5051
vn -0.1216 -0.8544 0.5051
vn -0.1216 -0.8544 0.5051
vn -0.2593 -0.8283 0.4967
vn -0.2593 -0.8283 0.4967
vn -0.2593 -0.8283 0.4967
vn -0.2593 -0.8283 0.4967
vn -0.2593 -0.8283 0.4967
vn -0.2593 -0.8283 0.4967
vn 0.4681 -0.8492 0.2444
vn 0.4681 -0.8492 0.2444
vn 0.4681 -0.8492 0.2444
vn 0.4681 -0.8492 0.2444
vn 0.4681 -0.8492 0.2444
vn 0.4681 -0.8492 0.2444
vn -0.5432 -0.6651 0.5124
vn -0.5432 -0.6651 0.5124
vn -0.5432 -0.6651 0.5124
vn -0.5432 -0.6651 0.5124
vn -0.5432 -0.6651 0.5124
vn -0.5432 -0.6651 0.5124
vn 0.3379 -0.8704 0.3581
vn 0.3379 -0.8704 0.3581
vn 0.3379 -0.8704 0.3581
vn 0.3379 -0.8704 0.3581
vn 0.3379 -0.8704 0.3581
vn 0.3379 -0.8704 0.3581
vn -0.2517 -0.9359 -0.2465
vn -0.2517 -0.9359 -0.2465
vn -0.2517 -0.9359 -0.2465
vn -0.2517 -0.9359 -0.2465
vn -0.2517 -0.9359 -0.2465
vn -0.2517 -0.9359 -0.2465
vn -0.4423 -0.7749 0.4516
vn -0.4423 -0.7749 0.4516
vn -0.4423 -0.7749 0.4516
vn -0.4423 -0.7749 0.4516
vn -0.4423 -0.7749 0.4516
vn -0.4423 -0.7749 0.4516
vn -0.4634 -0.8833 -0.0707
vn -0.4634 -0.8833 -0.0707
vn -0.4634 -0.8833 -0.0707
vn -0.4634 -0.8833 -0.0707
vn -0.4634 -0.8833 -0.0707
vn -0.4634 -0.8833 -0.0707
vn -0.0723 -0.8775 0.4741
vn -0.0723 -0.8775 0.4741
vn -0.0723 -0.8775 0.4741
vn -0.0723 -0.8775 0.4741
vn -0.0723 -0.8775 0.4741
vn -0.0723 -0.8775 0.4741
vn -0.7790 -0.5506 -0.2999
vn -0.7790 -0.5506 -0.2999
vn -0.7790 -0.5506 -0.2999
vn -0.7790 -0.5506 -0.2999
vn -0.7790 -0.5506 -0.2999
vn -0.7790 -0.5506 -0.2999
vn -0.2853 -0.6076 0.7412
vn -0.2853 -0.6076 0.7412
vn -0.2853 -0.6076 0.7412
vn -0.2853 -0.6076 0.7412
vn -0.2853 -0.6076 0.7412
vn -0.2853 -0.6076 0.7412
vn -0.4652 -0.8688 0.1699
vn -0.4652 -0.8688 0.1699
vn -0.4652 -0.8688 0.1699
vn -0.4652 -0.8688 0.1699
vn -0.4652 -0.8688 0.1699
vn -0.4652 -0.8688 0.1699
vn 0.1552 -0.8919 0.4249
vn 0.1552 -0.8919 0.4249
vn 0.1552 -0.8919 0.4249
vn 0.1552 -0.8919 0.4249
vn 0.1552 -0.8919 0.4249
vn 0.1552 -0.8919 0.4249
vn -0.5133 -0.8441 0.1547
vn -0.5133 -0.8441 0.1547
vn -0.5133 -0.8441 0.1547
vn -0.5133 -0.8441 0.1547
vn -0.5133 -0.8441 0.1547
vn -0.5133 -0.8441 0.1547
vn 0.1498 -0.8546 0.4972
vn 0.1498 -0.8546 0.4972
vn 0.1498 -0.8546 0.4972
vn 0.1498 -0.8546 0.4972
vn 0.1498 -0.8546 0.4972
vn 0.1498 -0.8546 0.4972
vn -0.4594 -0.8787 -0.1297
vn -0.4594 -0.8787 -0.1297
vn -0.4594 -0.8787 -0.1297
vn -0.4594 -0.8787 -0.1297
vn -0.4594 -0.8787 -0.1297
vn -0.4594 -0.8787 -0.1297
vn -0.1448 -0.8462 0.5129
vn -0.1448 -0.8462 0.5129
vn -0.1448 -0.8462 0.5129
vn -0.1448 -0.8462 0.5129
vn -0.1448 -0.8462 0.5129
vn -0.1448 -0.8462 0.5129
vn -0.0316 -0.7775 0.6281
vn -0.0316 -0.7775 0.6281
vn -0.0316 -0.7775 0.6281
vn -0.0316 -0.7775 0.6281
vn -0.0316 -0.7775 0.6281
vn -0.0316 -0.7775 0.6281
vn 0.3994 -0.9166 0.0201
vn 0.3994 -0.9166 0.0201
vn 0.3994 -0.9166 0.0201
vn 0.3994 -0.9166 0.0201
vn 0.3994 -0.9166 0.0201
vn 0.3994 -0.9166 0.0201
vn -0.4418 -0.8641 0.2412
vn -0.4418 -0.8641 0.2412
vn -0.4418 -0.8641 0.2412
vn -0.4418 -0.8641 0.2412
vn -0.4418 -0.8641 0.2412
vn -0.4418 -0.8641 0.2412
vn 0.4084 -0.5229 0.7482
vn 0.4084 -0.5229 0.7482
vn 0.4084 -0.5229 0.7482
vn 0.4084 -0.5229 0.7482
vn 0.4084 -0.5229 0.7482
vn 0.4084 -0.5229 0.7482
vn -0.0816 -0.8818 0.4645
vn -0.0816 -0.8818 0.4645
vn -0.0816 -0.8818 0.4645
vn -0.0816 -0.8818 0.4645
vn -0.0816 -0.8818 0.4645
vn -0.0816 -0.8818 0.4645
vn 0.5558 -0.8255 0.0977
vn 0.5558 -0.8255 0.0977
vn 0.5558 -0.8255 0.0977
vn 0.5558 -0.8255 0.0977
vn 0.5558 -0.8255 0.0977
vn 0.5558 -0.8255 0.0977
vn 0.2981 -0.9008 0.3158
vn 0.2981 -0.9008 0.3158
vn 0.2981 -0.9008 0.3158
vn 0.2981 -0.9008 0.3158
vn 0.2981 -0.9008 0.3158
vn 0.2981 -0.9008 0.3158
vn 0.2604 -0.9337 -0.2457
vn 0.2604 -0.9337 -0.2457
vn 0.2604 -0.9337 -0.2457
vn 0.2604 -0.9337 -0.2457
vn 0.2604 -0.9337 -0.2457
vn 0.2604 -0.9337 -0.2457
vn -0.3795 -0.9157 -0.1321
vn -0.3795 -0.9157 -0.1321
vn -0.3795 -0.9157 -0.1321
vn -0.3795 -0.9157 -0.1321
vn -0.3795 -0.9157 -0.1321
vn -0.3795 -0.9157 -0.1321
vn -0.2519 -0.6425 0.7237
vn -0.2519 -0.6425 0.7237
vn -0.2519 -0.6425 0.7237
vn -0.2519 -0.6425 0.7237
vn -0.2519 -0.6425 0.7237
vn -0.2519 -0.6425 0.7237
vn 0.0226 -0.9300 0.3668
vn 0.0226 -0.9300 0.3668
vn 0.0226 -0.9300 0.3668
vn 0.0226 -0.9300 0.3668
vn 0.0226 -0.9300 0.3668
vn 0.0226 -0.9300 0.3668
vn 0.5008 -0.8650 -0.0308
vn 0.5008 -0.8650 -0.0308
vn 0.5008 -0.8650 -0.0308
vn 0.5008 -0.8650 -0.0308
vn 0.5008 -0.8650 -0.0308
vn 0.5008 -0.8650 -0.0308
vn -0.6506 -0.6214 0.4365
vn -0.6506 -0.6214 0.4365
vn -0.6506 -0.6214 0.4365
vn -0.6506 -0.6214 0.4365
vn -0.6506 -0.6214 0.4365
vn -0.6506 -0.6214 0.4365
vn 0.4018 -0.6927 0.5989
vn 0.4018 -0.6927 0.5989
vn 0.4018 -0.6927 0.5989
vn 0.4018 -0.6927 0.5989
vn 0.4018 -0.6927 0.5989
vn 0.4018 -0.6927 0.5989
vn 0.2835 -0.8820 -0.3765
vn 0.2835 -0.8820 -0.3765
vn 0.2835 -0.8820 -0.3765
vn 0.2835 -0.8820 -0.3765
vn 0.2835 -0.8820 -0.3765
vn 0.2835 -0.8820 -0.3765
vn -0.3241 -0.9140 -0.2441
vn -0.3241 -0.9140 -0.2441
vn -0.3241 -0.9140 -0.2441
vn -0.3241 -0.9140 -0.2441
vn -0.3241 -0.9140 -0.2441
vn -0.3241 -0.9140 -0.2441
vn -0.1801 -0.9251 -0.3343
vn -0.1801 -0.9251 -0.3343
vn -0.1801 -0.9251 -0.3343
vn -0.1801 -0.9251 -0.3343
vn -0.1801 -0.9251 -0.3343
vn -0.1801 -0.9251 -0.3343
vn -0.4234 -0.8768 0.2280
vn -0.4234 -0.8768 0.2280
vn -0.4234 -0.8768 0.2280
vn -0.4234 -0.8768 0.2280
vn -0.4234 -0.8768 0.2280
vn -0.4234 -0.8768 0.2280
vn -0.2769 -0.8632 -0.4221
vn -0.2769 -0.8632 -0.4221
vn -0.2769 -0.8632 -0.4221
vn -0.2769 -0.8632 -0.4221
vn -0.2769 -0.8632 -0.4221
vn -0.2769 -0.8632 -0.4221
vn -0.7010 -0.5451 0.4599
vn -0.7010 -0.5451 0.4599
vn -0.7010 -0.5451 0.4599
vn -0.7010 -0.5451 0.4599
vn -0.7010 -0.5451 0.4599
vn -0.7010 -0.5451 0.4599
vn -0.7819 -0.5477 0.2978
vn -0.7819 -0.5477 0.2978
vn -0.7819 -0.5477 0.2978
vn -0.7819 -0.5477 0.2978
vn -0.7819 -0.5477 0.2978
vn -0.7819 -0.5477 0.2978
vn 0.2556 -0.6958 0.6712
vn 0.2556 -0.6958 0.6712
vn 0.2556 -0.6958 0.6712
vn 0.2556 -0.6958 0.6712
vn 0.2556 -0.6958 0.6712
vn 0.2556 -0.6958 0.6712
usemtl leaves
s off
f 273/1315/273 274/1316/274 275/1317/275
f 276/1318/276 277/1319/277 278/1320/278
f 279/1321/279 280/1322/280 281/1323/281
f 282/1324/282 283/1325/283 284/1326/284
f 285/1327/285 286/1328/286 287/1329/287
f 288/1330/288 289/1331/289 290/1332/290
f 291/1333/291 292/1334/292 293/1335/293
f 294/1336/294 295/1337/295 296/1338/296
f 297/1339/297 298/1340/298 299/1341/299
f 300/1342/300 301/1343/301 302/1344/302
f 303/1345/303 304/1346/304 305/1347/305
f 306/1348/306 307/1349/307 308/1350/308
f 309/1351/309 310/1352/310 311/1353/311
f 312/1354/312 313/1355/313 314/1356/314
f 315/1357/315 316/1358/316 317/1359/317
f 318/1360/318 319/1361/319 320/1362/320
f 321/1363/321 322/1364/322 323/1365/323
f 324/1366/324 325/1367/325 326/1368/326
f 327/1369/327 328/1370/328 329/1371/329
f 330/1372/330 331/1373/331 332/1374/332
f 333/1375/333 334/1376/334 335/1377/335
f 336/1378/336 337/1379/337 338/1380/338
f 339/1381/339 340/1382/340 341/1383/341
f 342/1384/342 343/1385/343 344/1386/344
f 345/1387/345 346/1388/346 347/1389/347
f 348/1390/348 349/1391/349 350/1392/350
f 351/1393/351 352/1394/352 353/1395/353
f 354/1396/354 355/1397/355 356/1398/356
f 357/1399/357 358/1400/358 359/1401/359
f 360/1402/360 361/1403/361 362/1404/362
f 363/1405/363 364/1406/364 365/1407/365
f 366/1408/366 367/1409/367 368/1410/368
f 369/1411/369 370/1412/370 371/1413/371
f 372/1414/372 373/1415/373 374/1416/374
f 375/1417/375 376/1418/376 377/1419/377
f 378/1420/378 379/1421/379 380/1422/380
f 381/1423/381 382/1424/382 383/1425/383
f 384/1426/384 385/1427/385 386/1428/386
f 387/1429/387 388/1430/388 389/1431/389
f 390/1432/390 391/1433/391 392/1434/392
f 393/1435/393 394/1436/394 395/1437/395
f 396/1438/396 397/1439/397 398/1440/398
f 399/1441/399 400/1442/400 401/1443/401
f 402/1444/402 403/1445/403 404/1446/404
f 405/1447/405 406/1448/406 407/1449/407
f 408/1450/408 409/1451/409 410/1452/410
f 411/1453/411 412/1454/412 413/1455/413
f 414/1456/414 415/1457/415 416/1458/416
f 417/1459/417 418/1460/418 419/1461/419
f 420/1462/420 421/1463/421 422/1464/422
f 423/1465/423 424/1466/424 425/1467/425
f 426/1468/426 427/1469/427 428/1470/428
f 429/1471/429 430/1472/430 431/1473/431
f 432/1474/432 433/1475/433 434/1476/434
f 435/1477/435 436/1478/436 437/1479/437
f 438/1480/438 439/1481/439 440/1482/440
f 441/1483/441 442/1484/442 443/1485/443
f 444/1486/444 445/1487/445 446/1488/446
f 447/1489/447 448/1490/448 449/1491/449
f 450/1492/450 451/1493/451 452/1494/452
f 453/1495/453 454/1496/454 455/1497/455
f 456/1498/456 457/1499/457 458/1500/458
f 459/1501/459 460/1502/460 461/1503/461
f 462/1504/462 463/1505/463 464/1506/464
f 465/1507/465 466/1508/466 467/1509/467
f 468/1510/468 469/1511/469 470/1512/470
f 471/1513/471 472/1514/472 473/1515/473
f 474/1516/474 475/1517/475 476/1518/476
f 477/1519/477 478/1520/478 479/1521/479
f 480/1522/480 481/1523/481 482/1524/482
f 483/1525/483 484/1526/484 485/1527/485
f 486/1528/486 487/1529/487 488/1530/488
f 489/1531/489 490/1532/490 491/1533/491
f 492/1534/492 493/1535/493 494/1536/494
f 495/1537/495 496/1538/496 497/1539/497
f 498/1540/498 499/1541/499 500/1542/500
f 501/1543/501 502/1544/502 503/1545/503
f 504/1546/504 505/1547/505 506/1548/506
f 507/1549/507 508/1550/508 509/1551/509
f 510/1552/510 511/1553/511 512/1554/512
f 513/1555/513 514/1556/514 515/1557/515
f 516/1558/516 517/1559/517 518/1560/518
f 519/1561/519 520/1562/520 521/1563/521
f 522/1564/522 523/1565/523 524/1566/524
f 525/1567/525 526/1568/526 527/1569/527
f 528/1570/528 529/1571/529 530/1572/530
f 531/1573/531 532/1574/532 533/1575/533
f 534/1576/534 535/1577/535 536/1578/536
f 537/1579/537 538/1580/538 539/1581/539
f 540/1582/540 541/1583/541 542/1584/542
f 543/1585/543 544/1586/544 545/1587/545
f 546/1588/546 547/1589/547 548/1590/548
f 549/1591/549 550/1592/550 551/1593/551
f 552/1594/552 553/1595/553 554/1596/554
f 555/1597/555 556/1598/556 557/1599/557
f 558/1600/558 559/1601/559 560/1602/560
f 561/1603/561 562/1604/562 563/1605/563
f 564/1606/564 565/1607/565 566/1608/566
f 567/1609/567 568/1610/568 569/1611/569
f 570/1612/570 571/1613/571 572/1614/572
f 573/1615/573 574/1616/574 575/1617/575
f 576/1618/576 577/1619/577 578/1620/578
f 579/1621/579 580/1622/580 581/1623/581
f 582/1624/582 583/1625/583 584/1626/584
f 585/1627/585 586/1628/586 587/1629/587
f 588/1630/588 589/1631/589 590/1632/590
f 591/1633/591 592/1634/592 593/1635/593
f 594/1636/594 595/1637/595 596/1638/596
f 597/1639/597 598/1640/598 599/1641/599
f 600/1642/600 601/1643/601 602/1644/602
f 603/1645/603 604/1646/604 605/1647/605
f 606/1648/606 607/1649/607 608/1650/608
f 609/1651/609 610/1652/610 611/1653/611
f 612/1654/612 613/1655/613 614/1656/614
f 615/1657/615 616/1658/616 617/1659/617
f 618/1660/618 619/1661/619 620/1662/620
f 621/1663/621 622/1664/622 623/1665/623
f 624/1666/624 625/1667/625 626/1668/626
f 627/1669/627 628/1670/628 629/1671/629
f 630/1672/630 631/1673/631 632/1674/632
f 633/1675/633 634/1676/634 635/1677/635
f 636/1678/636 637/1679/637 638/1680/638
f 639/1681/639 640/1682/640 641/1683/641
f 642/1684/642 643/1685/643 644/1686/644
f 645/1687/645 646/1688/646 647/1689/647
f 648/1690/648 649/1691/649 650/1692/650
f 651/1693/651 652/1694/652 653/1695/653
f 654/1696/654 655/1697/655 656/1698/656
f 657/1699/657 658/1700/658 659/1701/659
f 660/1702/660 661/1703/661 662/1704/662
f 663/1705/663 664/1706/664 665/1707/665
f 666/1708/666 667/1709/667 668/1710/668
f 669/1711/669 670/1712/670 671/1713/671
f 672/1714/672 673/1715/673 674/1716/674
f 675/1717/675 676/1718/676 677/1719/677
f 678/1720/678 679/1721/679 680/1722/680
f 681/1723/681 682/1724/682 683/1725/683
f 684/1726/684 685/1727/685 686/1728/686
f 687/1729/687 688/1730/688 689/1731/689
f 690/1732/690 691/1733/691 692/1734/692
f 693/1735/693 694/1736/694 695/1737/695
f 696/1738/696 697/1739/697 698/1740/698
f 699/1741/699 700/1742/700 701/1743/701
f 702/1744/702 703/1745/703 704/1746/704
f 705/1747/705 706/1748/706 707/1749/707
f 708/1750/708 709/1751/709 710/1752/710
f 711/1753/711 712/1754/712 713/1755/713
f 714/1756/714 715/1757/715 716/1758/716
f 717/1759/717 718/1760/718 719/1761/719
f 720/1762/720 721/1763/721 722/1764/722
f 723/1765/723 724/1766/724 725/1767/725
f 726/1768/726 727/1769/727 728/1770/728
f 729/1771/729 730/1772/730 731/1773/731
f 732/1774/732 733/1775/733 734/1776/734
f 735/1777/735 736/1778/736 737/1779/737
f 738/1780/738 739/1781/739 740/1782/740
f 741/1783/741 742/1784/742 743/1785/743
f 744/1786/744 745/1787/745 746/1788/746
f 747/1789/747 748/1790/748 749/1791/749
f 750/1792/750 751/1793/751 752/1794/752
f 753/1795/753 754/1796/754 755/1797/755
f 756/1798/756 757/1799/757 758/1800/758
f 759/1801/759 760/1802/760 761/1803/761
f 762/1804/762 763/1805/763 764/1806/764
f 765/1807/765 766/1808/766 767/1809/767
f 768/1810/768 769/1811/769 770/1812/770
f 771/1813/771 772/1814/772 773/1815/773
f 774/1816/774 775/1817/775 776/1818/776
f 777/1819/777 778/1820/778 779/1821/779
f 780/1822/780 781/1823/781 782/1824/782
f 783/1825/783 784/1826/784 785/1827/785
f 786/1828/786 787/1829/787 788/1830/788
f 789/1831/789 790/1832/790 791/1833/791
f 792/1834/792 793/1835/793 794/1836/794
f 795/1837/795 796/1838/796 797/1839/797
f 798/1840/798 799/1841/799 800/1842/800
f 801/1843/801 802/1844/802 803/1845/803
f 804/1846/804 805/1847/805 806/1848/806
f 807/1849/807 808/1850/808 809/1851/809
f 810/1852/810 811/1853/811 812/1854/812
f 813/1855/813 814/1856/814 815/1857/815
f 816/1858/816 817/1859/817 818/1860/818
f 819/1861/819 820/1862/820 821/1863/821
f 822/1864/822 823/1865/823 824/1866/824
f 825/1867/825 826/1868/826 827/1869/827
f 828/1870/828 829/1871/829 830/1872/830
f 831/1873/831 832/1874/832 833/1875/833
f 834/1876/834 835/1877/835 836/1878/836
f 837/1879/837 838/1880/838 839/1881/839
f 840/1882/840 841/1883/841 842/1884/842
f 843/1885/843 844/1886/844 845/1887/845
f 846/1888/846 847/1889/847 848/1890/848
f 849/1891/849 850/1892/850 851/1893/851
f 852/1894/852 853/1895/853 854/1896/854
f 855/1897/855 856/1898/856 857/1899/857
f 858/1900/858 859/1901/859 860/1902/860
f 861/1903/861 862/1904/862 863/1905/863
f 864/1906/864 865/1907/865 866/1908/866
f 867/1909/867 868/1910/868 869/1911/869
f 870/1912/870 871/1913/871 872/1914/872
f 873/1915/873 874/1916/874 875/1917/875
f 876/1918/876 877/1919/877 878/1920/878
f 879/1921/879 880/1922/880 881/1923/881
f 882/1924/882 883/1925/883 884/1926/884
f 885/1927/885 886/1928/886 887/1929/887
f 888/1930/888 889/1931/889 890/1932/890
f 891/1933/891 892/1934/892 893/1935/893
f 894/1936/894 895/1937/895 896/1938/896
f 897/1939/897 898/1940/898 899/1941/899
f 900/1942/900 901/1943/901 902/1944/902
f 903/1945/903 904/1946/904 905/1947/905
f 906/1948/906 907/1949/907 908/1950/908
f 909/1951/909 910/1952/910 911/1953/911
f 912/1954/912 913/1955/913 914/1956/914
f 915/1957/915 916/1958/916 917/1959/917
f 918/1960/918 919/1961/919 920/1962/920
f 921/1963/921 922/1964/922 923/1965/923
f 924/1966/924 925/1967/925 926/1968/926
f 927/1969/927 928/1970/928 929/1971/929
f 930/1972/930 931/1973/931 932/1974/932
f 933/1975/933 934/1976/934 935/1977/935
f 936/1978/936 937/1979/937 938/1980/938
f 939/1981/939 940/1982/940 941/1983/941
f 942/1984/942 943/1985/943 944/1986/944
f 945/1987/945 946/1988/946 947/1989/947
f 948/1990/948 949/1991/949 950/1992/950
f 951/1993/951 952/1994/952 953/1995/953
f 954/1996/954 955/1997/955 956/1998/956
f 957/1999/957 958/2000/958 959/2001/959
f 960/2002/960 961/2003/961 962/2004/962
f 963/2005/963 964/2006/964 965/2007/965
f 966/2008/966 967/2009/967 968/2010/968
f 969/2011/969 970/2012/970 971/2013/971
f 972/2014/972 973/2015/973 974/2016/974
f 975/2017/975 976/2018/976 977/2019/977
f 978/2020/978 979/2021/979 980/2022/980
f 981/2023/981 982/2024/982 983/2025/983
f 984/2026/984 985/2027/985 986/2028/986
f 987/2029/987 988/2030/988 989/2031/989
f 990/2032/990 991/2033/991 992/2034/992
f 993/2035/993 994/2036/994 995/2037/995
f 996/2038/996 997/2039/997 998/2040/998
f 999/2041/999 1000/2042/1000 1001/2043/1001
f 1002/2044/1002 1003/2045/1003 1004/2046/1004
f 1005/2047/1005 1006/2048/1006 1007/2049/1007
f 1008/2050/1008 1009/2051/1009 1010/2052/1010
f 1011/2053/1011 1012/2054/1012 1013/2055/1013
f 1014/2056/1014 1015/2057/1015 1016/2058/1016
f 1017/2059/1017 1018/2060/1018 1019/2061/1019
f 1020/2062/1020 1021/2063/1021 1022/2064/1022
f 1023/2065/1023 1024/2066/1024 1025/2067/1025
f 1026/2068/1026 1027/2069/1027 1028/2070/1028
f 1029/2071/1029 1030/2072/1030 1031/2073/1031
f 1032/2074/1032 1033/2075/1033 1034/2076/1034
f 1035/2077/1035 1036/2078/1036 1037/2079/1037
f 1038/2080/1038 1039/2081/1039 1040/2082/1040
f 1041/2083/1041 1042/2084/1042 1043/2085/1043
f 1044/2086/1044 1045/2087/1045 1046/2088/1046
f 1047/2089/1047 1048/2090/1048 1049/2091/1049
f 1050/2092/1050 1051/2093/1051 1052/2094/1052
f 1053/2095/1053 1054/2096/1054 1055/2097/1055
f 1056/2098/1056 1057/2099/1057 1058/2100/1058
f 1059/2101/1059 1060/2102/1060 1061/2103/1061
f 1062/2104/1062 1063/2105/1063 1064/2106/1064
f 1065/2107/1065 1066/2108/1066 1067/2109/1067
f 1068/2110/1068 1069/2111/1069 1070/2112/1070
f 1071/2113/1071 1072/2114/1072 1073/2115/1073
f 1074/2116/1074 1075/2117/1075 1076/2118/1076
f 1077/2119/1077 1078/2120/1078 1079/2121/1079
f 1080/2122/1080 1081/2123/1081 1082/2124/1082
f 1083/2125/1083 1084/2126/1084 1085/2127/1085
f 1086/2128/1086 1087/2129/1087 1088/2130/1088
f 1089/2131/1089 1090/2132/1090 1091/2133/1091
f 1092/2134/1092 1093/2135/1093 1094/2136/1094
f 1095/2137/1095 1096/2138/1096 1097/2139/1097
f 1098/2140/1098 1099/2141/1099 1100/2142/1100
f 1101/2143/1101 1102/2144/1102 1103/2145/1103
f 1104/2146/1104 1105/2147/1105 1106/2148/1106
f 1107/2149/1107 1108/2150/1108 1109/2151/1109
f 1110/2152/1110 1111/2153/1111 1112/2154/1112
f 1113/2155/1113 1114/2156/1114 1115/2157/1115
f 1116/2158/1116 1117/2159/1117 1118/2160/1118
f 1119/2161/1119 1120/2162/1120 1121/2163/1121
f 1122/2164/1122 1123/2165/1123 1124/2166/1124
f 1125/2167/1125 1126/2168/1126 1127/2169/1127
f 1128/2170/1128 1129/2171/1129 1130/2172/1130
f 1131/2173/1131 1132/2174/1132 1133/2175/1133
f 1134/2176/1134 1135/2177/1135 1136/2178/1136
f 1137/2179/1137 1138/2180/1138 1139/2181/1139
f 1140/2182/1140 1141/2183/1141 1142/2184/1142
f 1143/2185/1143 1144/2186/1144 1145/2187/1145
f 1146/2188/1146 1147/2189/1147 1148/2190/1148
f 1149/2191/1149 1150/2192/1150 1151/2193/1151
f 1152/2194/1152 1153/2195/1153 1154/2196/1154
f 1155/2197/1155 1156/2198/1156 1157/2199/1157
f 1158/2200/1158 1159/2201/1159 1160/2202/1160
f 1161/2203/1161 1162/2204/1162 1163/2205/1163
f 1164/2206/1164 1165/2207/1165 1166/2208/1166
f 1167/2209/1167 1168/2210/1168 1169/2211/1169
f 1170/2212/1170 1171/2213/1171 1172/2214/1172
f 1173/2215/1173 1174/2216/1174 1175/2217/1175
f 1176/2218/1176 1177/2219/1177 1178/2220/1178
f 1179/2221/1179 1180/2222/1180 1181/2223/1181
f 1182/2224/1182 1183/2225/1183 1184/2226/1184
f 1185/2227/1185 1186/2228/1186 1187/2229/1187
f 1188/2230/1188 1189/2231/1189 1190/2232/1190
f 1191/2233/1191 1192/2234/1192 1193/2235/1193
f 1194/2236/1194 1195/2237/1195 1196/2238/1196
f 1197/2239/1197 1198/2240/1198 1199/2241/1199
f 1200/2242/1200 1201/2243/1201 1202/2244/1202
f 1203/2245/1203 1204/2246/1204 1205/2247/1205
f 1206/2248/1206 1207/2249/1207 1208/2250/1208
f 1209/2251/1209 1210/2252/1210 1211/2253/1211
f 1212/2254/1212 1213/2255/1213 1214/2256/1214
f 1215/2257/1215 1216/2258/1216 1217/2259/1217
f 1218/2260/1218 1219/2261/1219 1220/2262/1220
f 1221/2263/1221 1222/2264/1222 1223/2265/1223
f 1224/2266/1224 1225/2267/1225 1226/2268/1226
f 1227/2269/1227 1228/2270/1228 1229/2271/1229
f 1230/2272/1230 1231/2273/1231 1232/2274/1232
f 1233/2275/1233 1234/2276/1234 1235/2277/1235
f 1236/2278/1236 1237/2279/1237 1238/2280/1238
f 1239/2281/1239 1240/2282/1240 1241/2283/1241
f 1242/2284/1242 1243/2285/1243 1244/2286/1244
f 1245/2287/1245 1246/2288/1246 1247/2289/1247
f 1248/2290/1248 1249/2291/1249 1250/2292/1250
f 1251/2293/1251 1252/2294/1252 1253/2295/1253
f 1254/2296/1254 1255/2297/1255 1256/2298/1256
f 1257/2299/1257 1258/2300/1258 1259/2301/1259
f 1260/2302/1260 1261/2303/1261 1262/2304/1262
f 1263/2305/1263 1264/2306/1264 1265/2307/1265
f 1266/2308/1266 1267/2309/1267 1268/2310/1268
f 1269/2311/1269 1270/2312/1270 1271/2313/1271
f 1272/2314/1272 1273/2315/1273 1274/2316/1274
f 1275/2317/1275 1276/2318/1276 1277/2319/1277
f 1278/2320/1278 1279/2321/1279 1280/2322/1280
f 1281/2323/1281 1282/2324/1282 1283/2325/1283
f 1284/2326/1284 1285/2327/1285 1286/2328/1286
f 1287/2329/1287 1288/2330/1288 1289/2331/1289
f 1290/2332/1290 1291/2333/1291 1292/2334/1292
f 1293/2335/1293 1294/2336/1294 1295/2337/1295
f 1296/2338/1296 1297/2339/1297 1298/2340/1298
f 1299/2341/1299 1300/2342/1300 1301/2343/1301
f 1302/2344/1302 1303/2345/1303 1304/2346/1304
f 1305/2347/1305 1306/2348/1306 1307/2349/1307
f 1308/2350/1308 1309/2351/1309 1310/2352/1310
f 1311/2353/1311 1312/2354/1312 1313/2355/1313
f 1314/2356/1314 1315/2357/1315 1316/2358/1316
f 1317/2359/1317 1318/2360/1318 1319/2361/1319
f 1320/2362/1320 1321/2363/1321 1322/2364/1322
f 1323/2365/1323 1324/2366/1324 1325/2367/1325
f 1326/2368/1326 1327/2369/1327 1328/2370/1328
f 1329/2371/1329 1330/2372/1330 1331/2373/1331
f 1332/2374/1332 1333/2375/1333 1334/2376/1334
f 1335/2377/1335 1336/2378/1336 1337/2379/1337
f 1338/2380/1338 1339/2381/1339 1340/2382/1340
f 1341/2383/1341 1342/2384/1342 1343/2385/1343
f 1344/2386/1344 1345/2387/1345 1346/2388/1346
f 1347/2389/1347 1348/2390/1348 1349/2391/1349
f 1350/2392/1350 1351/2393/1351 1352/2394/1352
f 1353/2395/1353 1354/2396/1354 1355/2397/1355
f 1356/2398/1356 1357/2399/1357 1358/2400/1358
f 1359/2401/1359 1360/2402/1360 1361/2403/1361
f 1362/2404/1362 1363/2405/1363 1364/2406/1364
f 1365/2407/1365 1366/2408/1366 1367/2409/1367
f 1368/2410/1368 1369/2411/1369 1370/2412/1370
f 1371/2413/1371 1372/2414/1372 1373/2415/1373
f 1374/2416/1374 1375/2417/1375 1376/2418/1376
f 1377/2419/1377 1378/2420/1378 1379/2421/1379
f 1380/2422/1380 1381/2423/1381 1382/2424/1382
f 1383/2425/1383 1384/2426/1384 1385/2427/1385
f 1386/2428/1386 1387/2429/1387 1388/2430/1388
f 1389/2431/1389 1390/2432/1390 1391/2433/1391
f 1392/2434/1392 1393/2435/1393 1394/2436/1394
f 1395/2437/1395 1396/2438/1396 1397/2439/1397
f 1398/2440/1398 1399/2441/1399 1400/2442/1400
f 1401/2443/1401 1402/2444/1402 1403/2445/1403
f 1404/2446/1404 1405/2447/1405 1406/2448/1406
f 1407/2449/1407 1408/2450/1408 1409/2451/1409
f 1410/2452/1410 1411/2453/1411 1412/2454/1412
f 1413/2455/1413 1414/2456/1414 1415/2457/1415
f 1416/2458/1416 1417/2459/1417 1418/2460/1418
f 1419/2461/1419 1420/2462/1420 1421/2463/1421
f 1422/2464/1422 1423/2465/1423 1424/2466/1424
f 1425/2467/1425 1426/2468/1426 1427/2469/1427
f 1428/2470/1428 1429/2471/1429 1430/2472/1430
f 1431/2473/1431 1432/2474/1432 1433/2475/1433
f 1434/2476/1434 1435/2477/1435 1436/2478/1436
f 1437/2479/1437 1438/2480/1438 1439/2481/1439
f 1440/2482/1440 1441/2483/1441 1442/2484/1442
f 1443/2485/1443 1444/2486/1444 1445/2487/1445
f 1446/2488/1446 1447/2489/1447 1448/2490/1448
f 1449/2491/1449 1450/2492/1450 1451/2493/1451
f 1452/2494/1452 1453/2495/1453 1454/2496/1454
f 1455/2497/1455 1456/2498/1456 1457/2499/1457
f 1458/2500/1458 1459/2501/1459 1460/2502/1460
f 1461/2503/1461 1462/2504/1462 1463/2505/1463
f 1464/2506/1464 1465/2507/1465 1466/2508/1466
f 1467/2509/1467 1468/2510/1468 1469/2511/1469
f 1470/2512/1470 1471/2513/1471 1472/2514/1472
f 1473/2515/1473 1474/2516/1474 1475/2517/1475
f 1476/2518/1476 1477/2519/1477 1478/2520/1478
f 1479/2521/1479 1480/2522/1480 1481/2523/1481
f 1482/2524/1482 1483/2525/1483 1484/2526/1484
f 1485/2527/1485 1486/2528/1486 1487/2529/1487
f 1488/2530/1488 1489/2531/1489 1490/2532/1490
f 1491/2533/1491 1492/2534/1492 1493/2535/1493
f 1494/2536/1494 1495/2537/1495 1496/2538/1496
f 1497/2539/1497 1498/2540/1498 1499/2541/1499
f 1500/2542/1500 1501/2543/1501 1502/2544/1502
f 1503/2545/1503 1504/2546/1504 1505/2547/1505
f 1506/2548/1506 1507/2549/1507 1508/2550/1508
f 1509/2551/1509 1510/2552/1510 1511/2553/1511
f 1512/2554/1512 1513/2555/1513 1514/2556/1514
f 1515/2557/1515 1516/2558/1516 1517/2559/1517
f 1518/2560/1518 1519/2561/1519 1520/2562/1520
f 1521/2563/1521 1522/2564/1522 1523/2565/1523
f 1524/2566/1524 1525/2567/1525 1526/2568/1526
f 1527/2569/1527 1528/2570/1528 1529/2571/1529
f 1530/2572/1530 1531/2573/1531 1532/2574/1532
f 1533/2575/1533 1534/2576/1534 1535/2577/1535
f 1536/2578/1536 1537/2579/1537 1538/2580/1538
f 1539/2581/1539 1540/2582/1540 1541/2583/1541
f 1542/2584/1542 1543/2585/1543 1544/2586/1544
f 1545/2587/1545 1546/2588/1546 1547/2589/1547
f 1548/2590/1548 1549/2591/1549 1550/2592/1550
f 1551/2593/1551 1552/2594/1552 1553/2595/1553
f 1554/2596/1554 1555/2597/1555 1556/2598/1556
f 1557/2599/1557 1558/2600/1558 1559/2601/1559
f 1560/2602/1560 1561/2603/1561 1562/2604/1562
f 1563/2605/1563 1564/2606/1564 1565/2607/1565
f 1566/2608/1566 1567/2609/1567 1568/2610/1568
f 1569/2611/1569 1570/2612/1570 1571/2613/1571
f 1572/2614/1572 1573/2615/1573 1574/2616/1574
f 1575/2617/1575 1576/2618/1576 1577/2619/1577
f 1578/2620/1578 1579/2621/1579 1580/2622/1580
f 1581/2623/1581 1582/2624/1582 1583/2625/1583
f 1584/2626/1584 1585/2627/1585 1586/2628/1586
f 1587/2629/1587 1588/2630/1588 1589/2631/1589
f 1590/2632/1590 1591/2633/1591 1592/2634/1592
f 1593/2635/1593 1594/2636/1594 1595/2637/1595
f 1596/2638/1596 1597/2639/1597 1598/2640/1598
f 1599/2641/1599 1600/2642/1600 1601/2643/1601
f 1602/2644/1602 1603/2645/1603 1604/2646/1604
f 1605/2647/1605 1606/2648/1606 1607/2649/1607
f 1608/2650/1608 1609/2651/1609 1610/2652/1610
f 1611/2653/1611 1612/2654/1612 1613/2655/1613
f 1614/2656/1614 1615/2657/1615 1616/2658/1616
f 1617/2659/1617 1618/2660/1618 1619/2661/1619
f 1620/2662/1620 1621/2663/1621 1622/2664/1622
f 1623/2665/1623 1624/2666/1624 1625/2667/1625
f 1626/2668/1626 1627/2669/1627 1628/2670/1628
f 1629/2671/1629 1630/2672/1630 1631/2673/1631
f 1632/2674/1632 1633/2675/1633 1634/2676/1634
f 1635/2677/1635 1636/2678/1636 1637/2679/1637
f 1638/2680/1638 1639/2681/1639 1640/2682/1640
f 1641/2683/1641 1642/2684/1642 1643/2685/1643
f 1644/2686/1644 1645/2687/1645 1646/2688/1646
f 1647/2689/1647 1648/2690/1648 1649/2691/1649
f 1650/2692/1650 1651/2693/1651 1652/2694/1652
f 1653/2695/1653 1654/2696/1654 1655/2697/1655
f 1656/2698/1656 1657/2699/1657 1658/2700/1658
f 1659/2701/1659 1660/2702/1660 1661/2703/1661
f 1662/2704/1662 1663/2705/1663 1664/2706/1664
f 1665/2707/1665 1666/2708/1666 1667/2709/1667
f 1668/2710/1668 1669/2711/1669 1670/2712/1670
f 1671/2713/1671 1672/2714/1672 1673/2715/1673
f 1674/2716/1674 1675/2717/1675 1676/2718/1676
f 1677/2719/1677 1678/2720/1678 1679/2721/1679
f 1680/2722/1680 1681/2723/1681 1682/2724/1682
f 1683/2725/1683 1684/2726/1684 1685/2727/1685
f 1686/2728/1686 1687/2729/1687 1688/2730/1688
f 1689/2731/1689 1690/2732/1690 1691/2733/1691
f 1692/2734/1692 1693/2735/1693 1694/2736/1694
f 1695/2737/1695 1696/2738/1696 1697/2739/1697
f 1698/2740/1698 1699/2741/1699 1700/2742/1700
f 1701/2743/1701 1702/2744/1702 1703/2745/1703
f 1704/2746/1704 1705/2747/1705 1706/2748/1706
f 1707/2749/1707 1708/2750/1708 1709/2751/1709
f 1710/2752/1710 1711/2753/1711 1712/2754/1712
f 1713/2755/1713 1714/2756/1714 1715/2757/1715
f 1716/2758/1716 1717/2759/1717 1718/2760/1718
f 1719/2761/1719 1720/2762/1720 1721/2763/1721
f 1722/2764/1722 1723/2765/1723 1724/2766/1724
f 1725/2767/1725 1726/2768/1726 1727/2769/1727
f 1728/2770/1728 1729/2771/1729 1730/2772/1730
f 1731/2773/1731 1732/2774/1732 1733/2775/1733
f 1734/2776/1734 1735/2777/1735 1736/2778/1736
f 1737/2779/1737 1738/2780/1738 1739/2781/1739
f 1740/2782/1740 1741/2783/1741 1742/2784/1742
f 1743/2785/1743 1744/2786/1744 1745/2787/1745
f 1746/2788/1746 1747/2789/1747 1748/2790/1748
f 1749/2791/1749 1750/2792/1750 1751/2793/1751
f 1752/2794/1752 1753/2795/1753 1754/2796/1754
f 1755/2797/1755 1756/2798/1756 1757/2799/1757
f 1758/2800/1758 1759/2801/1759 1760/2802/1760
f 1761/2803/1761 1762/2804/1762 1763/2805/1763
f 1764/2806/1764 1765/2807/1765 1766/2808/1766
f 1767/2809/1767 1768/2810/1768 1769/2811/1769
f 1770/2812/1770 1771/2813/1771 1772/2814/1772
f 1773/2815/1773 1774/2816/1774 1775/2817/1775
f 1776/2818/1776 1777/2819/1777 1778/2820/1778
f 1779/2821/1779 1780/2822/1780 1781/2823/1781
f 1782/2824/1782 1783/2825/1783 1784/2826/1784
f 1785/2827/1785 1786/2828/1786 1787/2829/1787
f 1788/2830/1788 1789/2831/1789 1790/2832/1790
f 1791/2833/1791 1792/2834/1792 1793/2835/1793
f 1794/2836/1794 1795/2837/1795 1796/2838/1796
f 1797/2839/1797 1798/2840/1798 1799/2841/1799
f 1800/2842/1800 1801/2843/1801 1802/2844/1802
f 1803/2845/1803 1804/2846/1804 1805/2847/1805
f 1806/2848/1806 1807/2849/1807 1808/2850/1808
f 1809/2851/1809 1810/2852/1810 1811/2853/1811
f 1812/2854/1812 1813/2855/1813 1814/2856/1814
f 1815/2857/1815 1816/2858/1816 1817/2859/1817
f 1818/2860/1818 1819/2861/1819 1820/2862/1820
f 1821/2863/1821 1822/2864/1822 1823/2865/1823
f 1824/2866/1824 1825/2867/1825 1826/2868/1826
f 1827/2869/1827 1828/2870/1828 1829/2871/1829
f 1830/2872/1830 1831/2873/1831 1832/2874/1832
f 1833/2875/1833 1834/2876/1834 1835/2877/1835
f 1836/2878/1836 1837/2879/1837 1838/2880/1838
f 1839/2881/1839 1840/2882/1840 1841/2883/1841
f 1842/2884/1842 1843/2885/1843 1844/2886/1844
f 1845/2887/1845 1846/2888/1846 1847/2889/1847
f 1848/2890/1848 1849/2891/1849 1850/2892/1850
f 1851/2893/1851 1852/2894/1852 1853/2895/1853
f 1854/2896/1854 1855/2897/1855 1856/2898/1856
f 1857/2899/1857 1858/2900/1858 1859/2901/1859
f 1860/2902/1860 1861/2903/1861 1862/2904/1862
f 1863/2905/1863 1864/2906/1864 1865/2907/1865
f 1866/2908/1866 1867/2909/1867 1868/2910/1868
f 1869/2911/1869 1870/2912/1870 1871/2913/1871
f 1872/2914/1872 1873/2915/1873 1874/2916/1874
f 1875/2917/1875 1876/2918/1876 1877/2919/1877
f 1878/2920/1878 1879/2921/1879 1880/2922/1880
f 1881/2923/1881 1882/2924/1882 1883/2925/1883
f 1884/2926/1884 1885/2927/1885 1886/2928/1886
f 1887/2929/1887 1888/2930/1888 1889/2931/1889
f 1890/2932/1890 1891/2933/1891 1892/2934/1892
f 1893/2935/1893 1894/2936/1894 1895/2937/1895
f 1896/2938/1896 1897/2939/1897 1898/2940/1898
f 1899/2941/1899 1900/2942/1900 1901/2943/1901
f 1902/2944/1902 1903/2945/1903 1904/2946/1904
f 1905/2947/1905 1906/2948/1906 1907/2949/1907
f 1908/2950/1908 1909/2951/1909 1910/2952/1910
f 1911/2953/1911 1912/2954/1912 1913/2955/1913
f 1914/2956/1914 1915/2957/1915 1916/2958/1916
f 1917/2959/1917 1918/2960/1918 1919/2961/1919
f 1920/2962/1920 1921/2963/1921 1922/2964/1922
f 1923/2965/1923 1924/2966/1924 1925/2967/1925
f 1926/2968/1926 1927/2969/1927 1928/2970/1928
f 1929/2971/1929 1930/2972/1930 1931/2973/1931
f 1932/2974/1932 1933/2975/1933 1934/2976/1934
f 1935/2977/1935 1936/2978/1936 1937/2979/1937
f 1938/2980/1938 1939/2981/1939 1940/2982/1940
f 1941/2983/1941 1942/2984/1942 1943/2985/1943
f 1944/2986/1944 1945/2987/1945 1946/2988/1946
f 1947/2989/1947 1948/2990/1948 1949/2991/1949
f 1950/2992/1950 1951/2993/1951 1952/2994/1952
f 1953/2995/1953 1954/2996/1954 1955/2997/1955
f 1956/2998/1956 1957/2999/1957 1958/3000/1958
f 1959/3001/1959 1960/3002/1960 1961/3003/1961
f 1962/3004/1962 1963/3005/1963 1964/3006/1964
f 1965/3007/1965 1966/3008/1966 1967/3009/1967
f 1968/3010/1968 1969/3011/1969 1970/3012/1970
f 1971/3013/1971 1972/3014/1972 1973/3015/1973
f 1974/3016/1974 1975/3017/1975 1976/3018/1976
f 1977/3019/1977 1978/3020/1978 1979/3021/1979
f 1980/3022/1980 1981/3023/1981 1982/3024/1982
f 1983/3025/1983 1984/3026/1984 1985/3027/1985
f 1986/3028/1986 1987/3029/1987 1988/3030/1988
f 1989/3031/1989 1990/3032/1990 1991/3033/1991
f 1992/3034/1992 1993/3035/1993 1994/3036/1994
f 1995/3037/1995 1996/3038/1996 1997/3039/1997
f 1998/3040/1998 1999/3041/1999 2000/3042/2000
f 2001/3043/2001 2002/3044/2002 2003/3045/2003
f 2004/3046/2004 2005/3047/2005 2006/3048/2006
f 2007/3049/2007 2008/3050/2008 2009/3051/2009
f 2010/3052/2010 2011/3053/2011 2012/3054/2012
f 2013/3055/2013 2014/3056/2014 2015/3057/2015
f 2016/3058/2016 2017/3059/2017 2018/3060/2018
f 2019/3061/2019 2020/3062/2020 2021/3063/2021
f 2022/3064/2022 2023/3065/2023 2024/3066/2024
f 2025/3067/2025 2026/3068/2026 2027/3069/2027
f 2028/3070/2028 2029/3071/2029 2030/3072/2030
f 2031/3073/2031 2032/3074/2032 2033/3075/2033
f 2034/3076/2034 2035/3077/2035 2036/3078/2036
f 2037/3079/2037 2038/3080/2038 2039/3081/2039
f 2040/3082/2040 2041/3083/2041 2042/3084/2042
f 2043/3085/2043 2044/3086/2044 2045/3087/2045
f 2046/3088/2046 2047/3089/2047 2048/3090/2048
f 2049/3091/2049 2050/3092/2050 2051/3093/2051
f 2052/3094/2052 2053/3095/2053 2054/3096/2054
f 2055/3097/2055 2056/3098/2056 2057/3099/2057
f 2058/3100/2058 2059/3101/2059 2060/3102/2060
f 2061/3103/2061 2062/3104/2062 2063/3105/2063
f 2064/3106/2064 2065/3107/2065 2066/3108/2066
f 2067/3109/2067 2068/3110/2068 2069/3111/2069
f 2070/3112/2070 2071/3113/2071 2072/3114/2072
f 2073/3115/2073 2074/3116/2074 2075/3117/2075
f 2076/3118/2076 2077/3119/2077 2078/3120/2078
f 2079/3121/2079 2080/3122/2080 2081/3123/2081
f 2082/3124/2082 2083/3125/2083 2084/3126/2084
f 2085/3127/2085 2086/3128/2086 2087/3129/2087
f 2088/3130/2088 2089/3131/2089 2090/3132/2090
f 2091/3133/2091 2092/3134/2092 2093/3135/2093
f 2094/3136/2094 2095/3137/2095 2096/3138/2096
f 2097/3139/2097 2098/3140/2098 2099/3141/2099
f 2100/3142/2100 2101/3143/2101 2102/3144/2102
f 2103/3145/2103 2104/3146/2104 2105/3147/2105
f 2106/3148/2106 2107/3149/2107 2108/3150/2108
f 2109/3151/2109 2110/3152/2110 2111/3153/2111
f 2112/3154/2112 2113/3155/2113 2114/3156/2114
f 2115/3157/2115 2116/3158/2116 2117/3159/2117
f 2118/3160/2118 2119/3161/2119 2120/3162/2120
f 2121/3163/2121 2122/3164/2122 2123/3165/2123
f 2124/3166/2124 2125/3167/2125 2126/3168/2126
f 2127/3169/2127 2128/3170/2128 2129/3171/2129
f 2130/3172/2130 2131/3173/2131 2132/3174/2132
f 2133/3175/2133 2134/3176/2134 2135/3177/2135
f 2136/3178/2136 2137/3179/2137 2138/3180/2138
f 2139/3181/2139 2140/3182/2140 2141/3183/2141
f 2142/3184/2142 2143/3185/2143 2144/3186/2144
f 2145/3187/2145 2146/3188/2146 2147/3189/2147
f 2148/3190/2148 2149/3191/2149 2150/3192/2150
f 2151/3193/2151 2152/3194/2152 2153/3195/2153
f 2154/3196/2154 2155/3197/2155 2156/3198/2156
f 2157/3199/2157 2158/3200/2158 2159/3201/2159
f 2160/3202/2160 2161/3203/2161 2162/3204/2162
f 2163/3205/2163 2164/3206/2164 2165/3207/2165
f 2166/3208/2166 2167/3209/2167 2168/3210/2168
f 2169/3211/2169 2170/3212/2170 2171/3213/2171
f 2172/3214/2172 2173/3215/2173 2174/3216/2174
f 2175/3217/2175 2176/3218/2176 2177/3219/2177
f 2178/3220/2178 2179/3221/2179 2180/3222/2180
f 2181/3223/2181 2182/3224/2182 2183/3225/2183
f 2184/3226/2184 2185/3227/2185 2186/3228/2186
f 2187/3229/2187 2188/3230/2188 2189/3231/2189
f 2190/3232/2190 2191/3233/2191 2192/3234/2192
f 2193/3235/2193 2194/3236/2194 2195/3237/2195
f 2196/3238/2196 2197/3239/2197 2198/3240/2198
f 2199/3241/2199 2200/3242/2200 2201/3243/2201
f 2202/3244/2202 2203/3245/2203 2204/3246/2204
f 2205/3247/2205 2206/3248/2206 2207/3249/2207
f 2208/3250/2208 2209/3251/2209 2210/3252/2210
f 2211/3253/2211 2212/3254/2212 2213/3255/2213
f 2214/3256/2214 2215/3257/2215 2216/3258/2216
f 2217/3259/2217 2218/3260/2218 2219/3261/2219
f 2220/3262/2220 2221/3263/2221 2222/3264/2222
f 2223/3265/2223 2224/3266/2224 2225/3267/2225
f 2226/3268/2226 2227/3269/2227 2228/3270/2228
f 2229/3271/2229 2230/3272/2230 2231/3273/2231
f 2232/3274/2232 2233/3275/2233 2234/3276/2234
f 2235/3277/2235 2236/3278/2236 2237/3279/2237
f 2238/3280/2238 2239/3281/2239 2240/3282/2240
f 2241/3283/2241 2242/3284/2242 2243/3285/2243
f 2244/3286/2244 2245/3287/2245 2246/3288/2246
f 2247/3289/2247 2248/3290/2248 2249/3291/2249
f 2250/3292/2250 2251/3293/2251 2252/3294/2252
f 2253/3295/2253 2254/3296/2254 2255/3297/2255
f 2256/3298/2256 2257/3299/2257 2258/3300/2258
f 2259/3301/2259 2260/3302/2260 2261/3303/2261
f 2262/3304/2262 2263/3305/2263 2264/3306/2264
f 2265/3307/2265 2266/3308/2266 2267/3309/2267
f 2268/3310/2268 2269/3311/2269 2270/3312/2270
f 2271/3313/2271 2272/3314/2272 2273/3315/2273
f 2274/3316/2274 2275/3317/2275 2276/3318/2276
f 2277/3319/2277 2278/3320/2278 2279/3321/2279
f 2280/3322/2280 2281/3323/2281 2282/3324/2282
f 2283/3325/2283 2284/3326/2284 2285/3327/2285
f 2286/3328/2286 2287/3329/2287 2288/3330/2288
f 2289/3331/2289 2290/3332/2290 2291/3333/2291
f 2292/3334/2292 2293/3335/2293 2294/3336/2294
f 2295/3337/2295 2296/3338/2296 2297/3339/2297
f 2298/3340/2298 2299/3341/2299 2300/3342/2300
f 2301/3343/2301 2302/3344/2302 2303/3345/2303
f 2304/3346/2304 2305/3347/2305 2306/3348/2306
f 2307/3349/2307 2308/3350/2308 2309/3351/2309
f 2310/3352/2310 2311/3353/2311 2312/3354/2312
f 2313/3355/2313 2314/3356/2314 2315/3357/2315
f 2316/3358/2316 2317/3359/2317 2318/3360/2318
f 2319/3361/2319 2320/3362/2320 2321/3363/2321
f 2322/3364/2322 2323/3365/2323 2324/3366/2324
f 2325/3367/2325 2326/3368/2326 2327/3369/2327
f 2328/3370/2328 2329/3371/2329 2330/3372/2330
f 2331/3373/2331 2332/3374/2332 2333/3375/2333
f 2334/3376/2334 2335/3377/2335 2336/3378/2336
f 2337/3379/2337 2338/3380/2338 2339/3381/2339
f 2340/3382/2340 2341/3383/2341 2342/3384/2342
f 2343/3385/2343 2344/3386/2344 2345/3387/2345
f 2346/3388/2346 2347/3389/2347 2348/3390/2348
f 2349/3391/2349 2350/3392/2350 2351/3393/2351
f 2352/3394/2352 2353/3395/2353 2354/3396/2354
f 2355/3397/2355 2356/3398/2356 2357/3399/2357
f 2358/3400/2358 2359/3401/2359 2360/3402/2360
f 2361/3403/2361 2362/3404/2362 2363/3405/2363
f 2364/3406/2364 2365/3407/2365 2366/3408/2366
f 2367/3409/2367 2368/3410/2368 2369/3411/2369
f 2370/3412/2370 2371/3413/2371 2372/3414/2372
f 2373/3415/2373 2374/3416/2374 2375/3417/2375
f 2376/3418/2376 2377/3419/2377 2378/3420/2378
f 2379/3421/2379 2380/3422/2380 2381/3423/2381
f 2382/3424/2382 2383/3425/2383 2384/3426/2384
f 2385/3427/2385 2386/3428/2386 2387/3429/2387
f 2388/3430/2388 2389/3431/2389 2390/3432/2390
f 2391/3433/2391 2392/3434/2392 2393/3435/2393
f 2394/3436/2394 2395/3437/2395 2396/3438/2396
f 2397/3439/2397 2398/3440/2398 2399/3441/2399
f 2400/3442/2400 2401/3443/2401 2402/3444/2402
f 2403/3445/2403 2404/3446/2404 2405/3447/2405
f 2406/3448/2406 2407/3449/2407 2408/3450/2408
f 2409/3451/2409 2410/3452/2410 2411/3453/2411
f 2412/3454/2412 2413/3455/2413 2414/3456/2414
f 2415/3457/2415 2416/3458/2416 2417/3459/2417
f 2418/3460/2418 2419/3461/2419 2420/3462/2420
f 2421/3463/2421 2422/3464/2422 2423/3465/2423
f 2424/3466/2424 2425/3467/2425 2426/3468/2426
f 2427/3469/2427 2428/3470/2428 2429/3471/2429
f 2430/3472/2430 2431/3473/2431 2432/3474/2432
f 2433/3475/2433 2434/3476/2434 2435/3477/2435
f 2436/3478/2436 2437/3479/2437 2438/3480/2438
f 2439/3481/2439 2440/3482/2440 2441/3483/2441
f 2442/3484/2442 2443/3485/2443 2444/3486/2444
f 2445/3487/2445 2446/3488/2446 2447/3489/2447
f 2448/3490/2448 2449/3491/2449 2450/3492/2450
f 2451/3493/2451 2452/3494/2452 2453/3495/2453
f 2454/3496/2454 2455/3497/2455 2456/3498/2456
f 2457/3499/2457 2458/3500/2458 2459/3501/2459
f 2460/3502/2460 2461/3503/2461 2462/3504/2462
f 2463/3505/2463 2464/3506/2464 2465/3507/2465
f 2466/3508/2466 2467/3509/2467 2468/3510/2468
f 2469/3511/2469 2470/3512/2470 2471/3513/2471
f 2472/3514/2472 2473/3515/2473 2474/3516/2474
f 2475/3517/2475 2476/3518/2476 2477/3519/2477
f 2478/3520/2478 2479/3521/2479 2480/3522/2480
f 2481/3523/2481 2482/3524/2482 2483/3525/2483
f 2484/3526/2484 2485/3527/2485 2486/3528/2486
f 2487/3529/2487 2488/3530/2488 2489/3531/2489
f 2490/3532/2490 2491/3533/2491 2492/3534/2492
f 2495/3537/2495 2494/3536/2494 2493/3535/2493
f 2498/3540/2498 2497/3539/2497 2496/3538/2496
f 2501/3543/2501 2500/3542/2500 2499/3541/2499
f 2504/3546/2504 2503/3545/2503 2502/3544/2502
f 2507/3549/2507 2506/3548/2506 2505/3547/2505
f 2510/3552/2510 2509/3551/2509 2508/3550/2508
f 2513/3555/2513 2512/3554/2512 2511/3553/2511
f 2516/3558/2516 2515/3557/2515 2514/3556/2514
f 2519/3561/2519 2518/3560/2518 2517/3559/2517
f 2522/3564/2522 2521/3563/2521 2520/3562/2520
f 2525/3567/2525 2524/3566/2524 2523/3565/2523
f 2528/3570/2528 2527/3569/2527 2526/3568/2526
f 2531/3573/2531 2530/3572/2530 2529/3571/2529
f 2534/3576/2534 2533/3575/2533 2532/3574/2532
f 2537/3579/2537 2536/3578/2536 2535/3577/2535
f 2540/3582/2540 2539/3581/2539 2538/3580/2538
f 2543/3585/2543 2542/3584/2542 2541/3583/2541
f 2546/3588/2546 2545/3587/2545 2544/3586/2544
f 2549/3591/2549 2548/3590/2548 2547/3589/2547
f 2552/3594/2552 2551/3593/2551 2550/3592/2550
f 2555/3597/2555 2554/3596/2554 2553/3595/2553
f 2558/3600/2558 2557/3599/2557 2556/3598/2556
f 2561/3603/2561 2560/3602/2560 2559/3601/2559
f 2564/3606/2564 2563/3605/2563 2562/3604/2562
f 2567/3609/2567 2566/3608/2566 2565/3607/2565
f 2570/3612/2570 2569/3611/2569 2568/3610/2568
f 2573/3615/2573 2572/3614/2572 2571/3613/2571
f 2576/3618/2576 2575/3617/2575 2574/3616/2574
f 2579/3621/2579 2578/3620/2578 2577/3619/2577
f 2582/3624/2582 2581/3623/2581 2580/3622/2580
f 2585/3627/2585 2584/3626/2584 2583/3625/2583
f 2588/3630/2588 2587/3629/2587 2586/3628/2586
f 2591/3633/2591 2590/3632/2590 2589/3631/2589
f 2594/3636/2594 2593/3635/2593 2592/3634/2592
f 2597/3639/2597 2596/3638/2596 2595/3637/2595
f 2600/3642/2600 2599/3641/2599 2598/3640/2598
f 2603/3645/2603 2602/3644/2602 2601/3643/2601
f 2606/3648/2606 2605/3647/2605 2604/3646/2604
f 2609/3651/2609 2608/3650/2608 2607/3649/2607
f 2612/3654/2612 2611/3653/2611 2610/3652/2610
f 2615/3657/2615 2614/3656/2614 2613/3655/2613
f 2618/3660/2618 2617/3659/2617 2616/3658/2616
f 2621/3663/2621 2620/3662/2620 2619/3661/2619
f 2624/3666/2624 2623/3665/2623 2622/3664/2622
f 2627/3669/2627 2626/3668/2626 2625/3667/2625
f 2630/3672/2630 2629/3671/2629 2628/3670/2628
f 2633/3675/2633 2632/3674/2632 2631/3673/2631
f 2636/3678/2636 2635/3677/2635 2634/3676/2634
f 2639/3681/2639 2638/3680/2638 2637/3679/2637
f 2642/3684/2642 2641/3683/2641 2640/3682/2640
f 2645/3687/2645 2644/3686/2644 2643/3685/2643
f 2648/3690/2648 2647/3689/2647 2646/3688/2646
f 2651/3693/2651 2650/3692/2650 2649/3691/2649
f 2654/3696/2654 2653/3695/2653 2652/3694/2652
f 2657/3699/2657 2656/3698/2656 2655/3697/2655
f 2660/3702/2660 2659/3701/2659 2658/3700/2658
f 2663/3705/2663 2662/3704/2662 2661/3703/2661
f 2666/3708/2666 2665/3707/2665 2664/3706/2664
f 2669/3711/2669 2668/3710/2668 2667/3709/2667
f 2672/3714/2672 2671/3713/2671 2670/3712/2670
f 2675/3717/2675 2674/3716/2674 2673/3715/2673
f 2678/3720/2678 2677/3719/2677 2676/3718/2676
f 2681/3723/2681 2680/3722/2680 2679/3721/2679
f 2684/3726/2684 2683/3725/2683 2682/3724/2682
f 2687/3729/2687 2686/3728/2686 2685/3727/2685
f 2690/3732/2690 2689/3731/2689 2688/3730/2688
f 2693/3735/2693 2692/3734/2692 2691/3733/2691
f 2696/3738/2696 2695/3737/2695 2694/3736/2694
f 2699/3741/2699 2698/3740/2698 2697/3739/2697
f 2702/3744/2702 2701/3743/2701 2700/3742/2700
f 2705/3747/2705 2704/3746/2704 2703/3745/2703
f 2708/3750/2708 2707/3749/2707 2706/3748/2706
f 2711/3753/2711 2710/3752/2710 2709/3751/2709
f 2714/3756/2714 2713/3755/2713 2712/3754/2712
f 2717/3759/2717 2716/3758/2716 2715/3757/2715
f 2720/3762/2720 2719/3761/2719 2718/3760/2718
f 2723/3765/2723 2722/3764/2722 2721/3763/2721
f 2726/3768/2726 2725/3767/2725 2724/3766/2724
f 2729/3771/2729 2728/3770/2728 2727/3769/2727
f 2732/3774/2732 2731/3773/2731 2730/3772/2730
f 2735/3777/2735 2734/3776/2734 2733/3775/2733
f 2738/3780/2738 2737/3779/2737 2736/3778/2736
f 2741/3783/2741 2740/3782/2740 2739/3781/2739
f 2744/3786/2744 2743/3785/2743 2742/3784/2742
f 2747/3789/2747 2746/3788/2746 2745/3787/2745
f 2750/3792/2750 2749/3791/2749 2748/3790/2748
f 2753/3795/2753 2752/3794/2752 2751/3793/2751
f 2756/3798/2756 2755/3797/2755 2754/3796/2754
f 2759/3801/2759 2758/3800/2758 2757/3799/2757
f 2762/3804/2762 2761/3803/2761 2760/3802/2760
f 2765/3807/2765 2764/3806/2764 2763/3805/2763
f 2768/3810/2768 2767/3809/2767 2766/3808/2766
f 2771/3813/2771 2770/3812/2770 2769/3811/2769
f 2774/3816/2774 2773/3815/2773 2772/3814/2772
f 2777/3819/2777 2776/3818/2776 2775/3817/2775
f 2780/3822/2780 2779/3821/2779 2778/3820/2778
f 2783/3825/2783 2782/3824/2782 2781/3823/2781
f 2786/3828/2786 2785/3827/2785 2784/3826/2784
f 2789/3831/2789 2788/3830/2788 2787/3829/2787
f 2792/3834/2792 2791/3833/2791 2790/3832/2790
f 2795/3837/2795 2794/3836/2794 2793/3835/2793
f 2798/3840/2798 2797/3839/2797 2796/3838/2796
f 2801/3843/2801 2800/3842/2800 2799/3841/2799
f 2804/3846/2804 2803/3845/2803 2802/3844/2802
f 2807/3849/2807 2806/3848/2806 2805/3847/2805
f 2810/3852/2810 2809/3851/2809 2808/3850/2808
f 2813/3855/2813 2812/3854/2812 2811/3853/2811
f 2816/3858/2816 2815/3857/2815 2814/3856/2814
f 2819/3861/2819 2818/3860/2818 2817/3859/2817
f 2822/3864/2822 2821/3863/2821 2820/3862/2820
f 2825/3867/2825 2824/3866/2824 2823/3865/2823
f 2828/3870/2828 2827/3869/2827 2826/3868/2826
f 2831/3873/2831 2830/3872/2830 2829/3871/2829
f 2834/3876/2834 2833/3875/2833 2832/3874/2832
f 2837/3879/2837 2836/3878/2836 2835/3877/2835
f 2840/3882/2840 2839/3881/2839 2838/3880/2838
f 2843/3885/2843 2842/3884/2842 2841/3883/2841
f 2846/3888/2846 2845/3887/2845 2844/3886/2844
f 2849/3891/2849 2848/3890/2848 2847/3889/2847
f 2852/3894/2852 2851/3893/2851 2850/3892/2850
f 2855/3897/2855 2854/3896/2854 2853/3895/2853
f 2858/3900/2858 2857/3899/2857 2856/3898/2856
f 2861/3903/2861 2860/3902/2860 2859/3901/2859
f 2864/3906/2864 2863/3905/2863 2862/3904/2862
f 2867/3909/2867 2866/3908/2866 2865/3907/2865
f 2870/3912/2870 2869/3911/2869 2868/3910/2868
f 2873/3915/2873 2872/3914/2872 2871/3913/2871
f 2876/3918/2876 2875/3917/2875 2874/3916/2874
f 2879/3921/2879 2878/3920/2878 2877/3919/2877
f 2882/3924/2882 2881/3923/2881 2880/3922/2880
f 2885/3927/2885 2884/3926/2884 2883/3925/2883
f 2888/3930/2888 2887/3929/2887 2886/3928/2886
f 2891/3933/2891 2890/3932/2890 2889/3931/2889
f 2894/3936/2894 2893/3935/2893 2892/3934/2892
f 2897/3939/2897 2896/3938/2896 2895/3937/2895
f 2900/3942/2900 2899/3941/2899 2898/3940/2898
f 2903/3945/2903 2902/3944/2902 2901/3943/2901
f 2906/3948/2906 2905/3947/2905 2904/3946/2904
f 2909/3951/2909 2908/3950/2908 2907/3949/2907
f 2912/3954/2912 2911/3953/2911 2910/3952/2910
f 2915/3957/2915 2914/3956/2914 2913/3955/2913
f 2918/3960/2918 2917/3959/2917 2916/3958/2916
f 2921/3963/2921 2920/3962/2920 2919/3961/2919
f 2924/3966/2924 2923/3965/2923 2922/3964/2922
f 2927/3969/2927 2926/3968/2926 2925/3967/2925
f 2930/3972/2930 2929/3971/2929 2928/3970/2928
f 2933/3975/2933 2932/3974/2932 2931/3973/2931
f 2936/3978/2936 2935/3977/2935 2934/3976/2934
f 2939/3981/2939 2938/3980/2938 2937/3979/2937
f 2942/3984/2942 2941/3983/2941 2940/3982/2940
f 2945/3987/2945 2944/3986/2944 2943/3985/2943
f 2948/3990/2948 2947/3989/2947 2946/3988/2946
f 2951/3993/2951 2950/3992/2950 2949/3991/2949
f 2954/3996/2954 2953/3995/2953 2952/3994/2952
f 2957/3999/2957 2956/3998/2956 2955/3997/2955
f 2960/4002/2960 2959/4001/2959 2958/4000/2958
f 2963/4005/2963 2962/4004/2962 2961/4003/2961
f 2966/4008/2966 2965/4007/2965 2964/4006/2964
f 2969/4011/2969 2968/4010/2968 2967/4009/2967
f 2972/4014/2972 2971/4013/2971 2970/4012/2970
f 2975/4017/2975 2974/4016/2974 2973/4015/2973
f 2978/4020/2978 2977/4019/2977 2976/4018/2976
f 2981/4023/2981 2980/4022/2980 2979/4021/2979
f 2984/4026/2984 2983/4025/2983 2982/4024/2982
f 2987/4029/2987 2986/4028/2986 2985/4027/2985
f 2990/4032/2990 2989/4031/2989 2988/4030/2988
f 2993/4035/2993 2992/4034/2992 2991/4033/2991
f 2996/4038/2996 2995/4037/2995 2994/4036/2994
f 2999/4041/2999 2998/4040/2998 2997/4039/2997
f 3002/4044/3002 3001/4043/3001 3000/4042/3000
f 3005/4047/3005 3004/4046/3004 3003/4045/3003
f 3008/4050/3008 3007/4049/3007 3006/4048/3006
f 3011/4053/3011 3010/4052/3010 3009/4051/3009
f 3014/4056/3014 3013/4055/3013 3012/4054/3012
f 3017/4059/3017 3016/4058/3016 3015/4057/3015
f 3020/4062/3020 3019/4061/3019 3018/4060/3018
f 3023/4065/3023 3022/4064/3022 3021/4063/3021
f 3026/4068/3026 3025/4067/3025 3024/4066/3024
f 3029/4071/3029 3028/4070/3028 3027/4069/3027
f 3032/4074/3032 3031/4073/3031 3030/4072/3030
f 3035/4077/3035 3034/4076/3034 3033/4075/3033
f 3038/4080/3038 3037/4079/3037 3036/4078/3036
f 3041/4083/3041 3040/4082/3040 3039/4081/3039
f 3044/4086/3044 3043/4085/3043 3042/4084/3042
f 3047/4089/3047 3046/4088/3046 3045/4087/3045
f 3050/4092/3050 3049/4091/3049 3048/4090/3048
f 3053/4095/3053 3052/4094/3052 3051/4093/3051
f 3056/4098/3056 3055/4097/3055 3054/4096/3054
f 3059/4101/3059 3058/4100/3058 3057/4099/3057
f 3062/4104/3062 3061/4103/3061 3060/4102/3060
f 3065/4107/3065 3064/4106/3064 3063/4105/3063
f 3068/4110/3068 3067/4109/3067 3066/4108/3066
f 3071/4113/3071 3070/4112/3070 3069/4111/3069
f 3074/4116/3074 3073/4115/3073 3072/4114/3072
f 3077/4119/3077 3076/4118/3076 3075/4117/3075
f 3080/4122/3080 3079/4121/3079 3078/4120/3078
f 3083/4125/3083 3082/4124/3082 3081/4123/3081
f 3086/4128/3086 3085/4127/3085 3084/4126/3084
f 3089/4131/3089 3088/4130/3088 3087/4129/3087
f 3092/4134/3092 3091/4133/3091 3090/4132/3090
f 3095/4137/3095 3094/4136/3094 3093/4135/3093
f 3098/4140/3098 3097/4139/3097 3096/4138/3096
f 3101/4143/3101 3100/4142/3100 3099/4141/3099
f 3104/4146/3104 3103/4145/3103 3102/4144/3102
f 3107/4149/3107 3106/4148/3106 3105/4147/3105
f 3110/4152/3110 3109/4151/3109 3108/4150/3108
f 3113/4155/3113 3112/4154/3112 3111/4153/3111
f 3116/4158/3116 3115/4157/3115 3114/4156/3114
f 3119/4161/3119 3118/4160/3118 3117/4159/3117
f 3122/4164/3122 3121/4163/3121 3120/4162/3120
f 3125/4167/3125 3124/4166/3124 3123/4165/3123
f 3128/4170/3128 3127/4169/3127 3126/4168/3126
f 3131/4173/3131 3130/4172/3130 3129/4171/3129
f 3134/4176/3134 3133/4175/3133 3132/4174/3132
f 3137/4179/3137 3136/4178/3136 3135/4177/3135
f 3140/4182/3140 3139/4181/3139 3138/4180/3138
f 3143/4185/3143 3142/4184/3142 3141/4183/3141
f 3146/4188/3146 3145/4187/3145 3144/4186/3144
f 3149/4191/3149 3148/4190/3148 3147/4189/3147
f 3152/4194/3152 3151/4193/3151 3150/4192/3150
f 3155/4197/3155 3154/4196/3154 3153/4195/3153
f 3158/4200/3158 3157/4199/3157 3156/4198/3156
f 3161/4203/3161 3160/4202/3160 3159/4201/3159
f 3164/4206/3164 3163/4205/3163 3162/4204/3162
f 3167/4209/3167 3166/4208/3166 3165/4207/3165
f 3170/4212/3170 3169/4211/3169 3168/4210/3168
f 3173/4215/3173 3172/4214/3172 3171/4213/3171
f 3176/4218/3176 3175/4217/3175 3174/4216/3174
f 3179/4221/3179 3178/4220/3178 3177/4219/3177
f 3182/4224/3182 3181/4223/3181 3180/4222/3180
f 3185/4227/3185 3184/4226/3184 3183/4225/3183
f 3188/4230/3188 3187/4229/3187 3186/4228/3186
f 3191/4233/3191 3190/4232/3190 3189/4231/3189
f 3194/4236/3194 3193/4235/3193 3192/4234/3192
f 3197/4239/3197 3196/4238/3196 3195/4237/3195
f 3200/4242/3200 3199/4241/3199 3198/4240/3198
f 3203/4245/3203 3202/4244/3202 3201/4243/3201
f 3206/4248/3206 3205/4247/3205 3204/4246/3204
f 3209/4251/3209 3208/4250/3208 3207/4249/3207
f 3212/4254/3212 3211/4253/3211 3210/4252/3210
f 3215/4257/3215 3214/4256/3214 3213/4255/3213
f 3218/4260/3218 3217/4259/3217 3216/4258/3216
f 3221/4263/3221 3220/4262/3220 3219/4261/3219
f 3224/4266/3224 3223/4265/3223 3222/4264/3222
f 3227/4269/3227 3226/4268/3226 3225/4267/3225
f 3230/4272/3230 3229/4271/3229 3228/4270/3228
f 3233/4275/3233 3232/4274/3232 3231/4273/3231
f 3236/4278/3236 3235/4277/3235 3234/4276/3234
f 3239/4281/3239 3238/4280/3238 3237/4279/3237
f 3242/4284/3242 3241/4283/3241 3240/4282/3240
f 3245/4287/3245 3244/4286/3244 3243/4285/3243
f 3248/4290/3248 3247/4289/3247 3246/4288/3246
f 3251/4293/3251 3250/4292/3250 3249/4291/3249
f 3254/4296/3254 3253/4295/3253 3252/4294/3252
f 3257/4299/3257 3256/4298/3256 3255/4297/3255
f 3260/4302/3260 3259/4301/3259 3258/4300/3258
f 3263/4305/3263 3262/4304/3262 3261/4303/3261
f 3266/4308/3266 3265/4307/3265 3264/4306/3264
f 3269/4311/3269 3268/4310/3268 3267/4309/3267
f 3272/4314/3272 3271/4313/3271 3270/4312/3270
f 3275/4317/3275 3274/4316/3274 3273/4315/3273
f 3278/4320/3278 3277/4319/3277 3276/4318/3276
f 3281/4323/3281 3280/4322/3280 3279/4321/3279
f 3284/4326/3284 3283/4325/3283 3282/4324/3282
f 3287/4329/3287 3286/4328/3286 3285/4327/3285
f 3290/4332/3290 3289/4331/3289 3288/4330/3288
f 3293/4335/3293 3292/4334/3292 3291/4333/3291
f 3296/4338/3296 3295/4337/3295 3294/4336/3294
f 3299/4341/3299 3298/4340/3298 3297/4339/3297
f 3302/4344/3302 3301/4343/3301 3300/4342/3300
f 3305/4347/3305 3304/4346/3304 3303/4345/3303
f 3308/4350/3308 3307/4349/3307 3306/4348/3306
f 3311/4353/3311 3310/4352/3310 3309/4351/3309
f 3314/4356/3314 3313/4355/3313 3312/4354/3312
f 3317/4359/3317 3316/4358/3316 3315/4357/3315
f 3320/4362/3320 3319/4361/3319 3318/4360/3318
f 3323/4365/3323 3322/4364/3322 3321/4363/3321
f 3326/4368/3326 3325/4367/3325 3324/4366/3324
f 3329/4371/3329 3328/4370/3328 3327/4369/3327
f 3332/4374/3332 3331/4373/3331 3330/4372/3330
f 3335/4377/3335 3334/4376/3334 3333/4375/3333
f 3338/4380/3338 3337/4379/3337 3336/4378/3336
f 3341/4383/3341 3340/4382/3340 3339/4381/3339
f 3344/4386/3344 3343/4385/3343 3342/4384/3342
f 3347/4389/3347 3346/4388/3346 3345/4387/3345
f 3350/4392/3350 3349/4391/3349 3348/4390/3348
f 3353/4395/3353 3352/4394/3352 3351/4393/3351
f 3356/4398/3356 3355/4397/3355 3354/4396/3354
f 3359/4401/3359 3358/4400/3358 3357/4399/3357
f 3362/4404/3362 3361/4403/3361 3360/4402/3360
f 3365/4407/3365 3364/4406/3364 3363/4405/3363
f 3368/4410/3368 3367/4409/3367 3366/4408/3366
f 3371/4413/3371 3370/4412/3370 3369/4411/3369
f 3374/4416/3374 3373/4415/3373 3372/4414/3372
f 3377/4419/3377 3376/4418/3376 3375/4417/3375
f 3380/4422/3380 3379/4421/3379 3378/4420/3378
f 3383/4425/3383 3382/4424/3382 3381/4423/3381
f 3386/4428/3386 3385/4427/3385 3384/4426/3384
f 3389/4431/3389 3388/4430/3388 3387/4429/3387
f 3392/4434/3392 3391/4433/3391 3390/4432/3390
f 3395/4437/3395 3394/4436/3394 3393/4435/3393
f 3398/4440/3398 3397/4439/3397 3396/4438/3396
f 3401/4443/3401 3400/4442/3400 3399/4441/3399
f 3404/4446/3404 3403/4445/3403 3402/4444/3402
f 3407/4449/3407 3406/4448/3406 3405/4447/3405
f 3410/4452/3410 3409/4451/3409 3408/4450/3408
f 3413/4455/3413 3412/4454/3412 3411/4453/3411
f 3416/4458/3416 3415/4457/3415 3414/4456/3414
f 3419/4461/3419 3418/4460/3418 3417/4459/3417
f 3422/4464/3422 3421/4463/3421 3420/4462/3420
f 3425/4467/3425 3424/4466/3424 3423/4465/3423
f 3428/4470/3428 3427/4469/3427 3426/4468/3426
f 3431/4473/3431 3430/4472/3430 3429/4471/3429
f 3434/4476/3434 3433/4475/3433 3432/4474/3432
f 3437/4479/3437 3436/4478/3436 3435/4477/3435
f 3440/4482/3440 3439/4481/3439 3438/4480/3438
f 3443/4485/3443 3442/4484/3442 3441/4483/3441
f 3446/4488/3446 3445/4487/3445 3444/4486/3444
f 3449/4491/3449 3448/4490/3448 3447/4489/3447
f 3452/4494/3452 3451/4493/3451 3450/4492/3450
f 3455/4497/3455 3454/4496/3454 3453/4495/3453
f 3458/4500/3458 3457/4499/3457 3456/4498/3456
f 3461/4503/3461 3460/4502/3460 3459/4501/3459
f 3464/4506/3464 3463/4505/3463 3462/4504/3462
f 3467/4509/3467 3466/4508/3466 3465/4507/3465
f 3470/4512/3470 3469/4511/3469 3468/4510/3468
f 3473/4515/3473 3472/4514/3472 3471/4513/3471
f 3476/4518/3476 3475/4517/3475 3474/4516/3474
f 3479/4521/3479 3478/4520/3478 3477/4519/3477
f 3482/4524/3482 3481/4523/3481 3480/4522/3480
f 3485/4527/3485 3484/4526/3484 3483/4525/3483
f 3488/4530/3488 3487/4529/3487 3486/4528/3486
f 3491/4533/3491 3490/4532/3490 3489/4531/3489
f 3494/4536/3494 3493/4535/3493 3492/4534/3492
f 3497/4539/3497 3496/4538/3496 3495/4537/3495
f 3500/4542/3500 3499/4541/3499 3498/4540/3498
f 3503/4545/3503 3502/4544/3502 3501/4543/3501
f 3506/4548/3506 3505/4547/3505 3504/4546/3504
f 3509/4551/3509 3508/4550/3508 3507/4549/3507
f 3512/4554/3512 3511/4553/3511 3510/4552/3510
f 3515/4557/3515 3514/4556/3514 3513/4555/3513
f 3518/4560/3518 3517/4559/3517 3516/4558/3516
f 3521/4563/3521 3520/4562/3520 3519/4561/3519
f 3524/4566/3524 3523/4565/3523 3522/4564/3522
f 3527/4569/3527 3526/4568/3526 3525/4567/3525
f 3530/4572/3530 3529/4571/3529 3528/4570/3528
f 3533/4575/3533 3532/4574/3532 3531/4573/3531
f 3536/4578/3536 3535/4577/3535 3534/4576/3534
f 3539/4581/3539 3538/4580/3538 3537/4579/3537
f 3542/4584/3542 3541/4583/3541 3540/4582/3540
f 3545/4587/3545 3544/4586/3544 3543/4585/3543
f 3548/4590/3548 3547/4589/3547 3546/4588/3546
f 3551/4593/3551 3550/4592/3550 3549/4591/3549
f 3554/4596/3554 3553/4595/3553 3552/4594/3552
f 3557/4599/3557 3556/4598/3556 3555/4597/3555
f 3560/4602/3560 3559/4601/3559 3558/4600/3558
f 3563/4605/3563 3562/4604/3562 3561/4603/3561
f 3566/4608/3566 3565/4607/3565 3564/4606/3564
f 3569/4611/3569 3568/4610/3568 3567/4609/3567
f 3572/4614/3572 3571/4613/3571 3570/4612/3570
f 3575/4617/3575 3574/4616/3574 3573/4615/3573
f 3578/4620/3578 3577/4619/3577 3576/4618/3576
f 3581/4623/3581 3580/4622/3580 3579/4621/3579
f 3584/4626/3584 3583/4625/3583 3582/4624/3582
f 3587/4629/3587 3586/4628/3586 3585/4627/3585
f 3590/4632/3590 3589/4631/3589 3588/4630/3588
f 3593/4635/3593 3592/4634/3592 3591/4633/3591
f 3596/4638/3596 3595/4637/3595 3594/4636/3594
f 3599/4641/3599 3598/4640/3598 3597/4639/3597
f 3602/4644/3602 3601/4643/3601 3600/4642/3600
f 3605/4647/3605 3604/4646/3604 3603/4645/3603
f 3608/4650/3608 3607/4649/3607 3606/4648/3606
f 3611/4653/3611 3610/4652/3610 3609/4651/3609
f 3614/4656/3614 3613/4655/3613 3612/4654/3612
f 3617/4659/3617 3616/4658/3616 3615/4657/3615
f 3620/4662/3620 3619/4661/3619 3618/4660/3618
f 3623/4665/3623 3622/4664/3622 3621/4663/3621
f 3626/4668/3626 3625/4667/3625 3624/4666/3624
f 3629/4671/3629 3628/4670/3628 3627/4669/3627
f 3632/4674/3632 3631/4673/3631 3630/4672/3630
f 3635/4677/3635 3634/4676/3634 3633/4675/3633
f 3638/4680/3638 3637/4679/3637 3636/4678/3636
f 3641/4683/3641 3640/4682/3640 3639/4681/3639
f 3644/4686/3644 3643/4685/3643 3642/4684/3642
f 3647/4689/3647 3646/4688/3646 3645/4687/3645
f 3650/4692/3650 3649/4691/3649 3648/4690/3648
f 3653/4695/3653 3652/4694/3652 3651/4693/3651
f 3656/4698/3656 3655/4697/3655 3654/4696/3654
f 3659/4701/3659 3658/4700/3658 3657/4699/3657
f 3662/4704/3662 3661/4703/3661 3660/4702/3660
f 3665/4707/3665 3664/4706/3664 3663/4705/3663
f 3668/4710/3668 3667/4709/3667 3666/4708/3666
f 3671/4713/3671 3670/4712/3670 3669/4711/3669
f 3674/4716/3674 3673/4715/3673 3672/4714/3672
f 3677/4719/3677 3676/4718/3676 3675/4717/3675
f 3680/4722/3680 3679/4721/3679 3678/4720/3678
f 3683/4725/3683 3682/4724/3682 3681/4723/3681
f 3686/4728/3686 3685/4727/3685 3684/4726/3684
f 3689/4731/3689 3688/4730/3688 3687/4729/3687
f 3692/4734/3692 3691/4733/3691 3690/4732/3690
f 3695/4737/3695 3694/4736/3694 3693/4735/3693
f 3698/4740/3698 3697/4739/3697 3696/4738/3696
f 3701/4743/3701 3700/4742/3700 3699/4741/3699
f 3704/4746/3704 3703/4745/3703 3702/4744/3702
f 3707/4749/3707 3706/4748/3706 3705/4747/3705
f 3710/4752/3710 3709/4751/3709 3708/4750/3708
f 3713/4755/3713 3712/4754/3712 3711/4753/3711
f 3716/4758/3716 3715/4757/3715 3714/4756/3714
f 3719/4761/3719 3718/4760/3718 3717/4759/3717
f 3722/4764/3722 3721/4763/3721 3720/4762/3720
f 3725/4767/3725 3724/4766/3724 3723/4765/3723
f 3728/4770/3728 3727/4769/3727 3726/4768/3726
f 3731/4773/3731 3730/4772/3730 3729/4771/3729
f 3734/4776/3734 3733/4775/3733 3732/4774/3732
f 3737/4779/3737 3736/4778/3736 3735/4777/3735
f 3740/4782/3740 3739/4781/3739 3738/4780/3738
f 3743/4785/3743 3742/4784/3742 3741/4783/3741
f 3746/4788/3746 3745/4787/3745 3744/4786/3744
f 3749/4791/3749 3748/4790/3748 3747/4789/3747
f 3752/4794/3752 3751/4793/3751 3750/4792/3750
f 3755/4797/3755 3754/4796/3754 3753/4795/3753
f 3758/4800/3758 3757/4799/3757 3756/4798/3756
f 3761/4803/3761 3760/4802/3760 3759/4801/3759
f 3764/4806/3764 3763/4805/3763 3762/4804/3762
f 3767/4809/3767 3766/4808/3766 3765/4807/3765
f 3770/4812/3770 3769/4811/3769 3768/4810/3768
f 3773/4815/3773 3772/4814/3772 3771/4813/3771
f 3776/4818/3776 3775/4817/3775 3774/4816/3774
f 3779/4821/3779 3778/4820/3778 3777/4819/3777
f 3782/4824/3782 3781/4823/3781 3780/4822/3780
f 3785/4827/3785 3784/4826/3784 3783/4825/3783
f 3788/4830/3788 3787/4829/3787 3786/4828/3786
f 3791/4833/3791 3790/4832/3790 3789/4831/3789
f 3794/4836/3794 3793/4835/3793 3792/4834/3792
f 3797/4839/3797 3796/4838/3796 3795/4837/3795
f 3800/4842/3800 3799/4841/3799 3798/4840/3798
f 3803/4845/3803 3802/4844/3802 3801/4843/3801
f 3806/4848/3806 3805/4847/3805 3804/4846/3804
f 3809/4851/3809 3808/4850/3808 3807/4849/3807
f 3812/4854/3812 3811/4853/3811 3810/4852/3810
f 3815/4857/3815 3814/4856/3814 3813/4855/3813
f 3818/4860/3818 3817/4859/3817 3816/4858/3816
f 3821/4863/3821 3820/4862/3820 3819/4861/3819
f 3824/4866/3824 3823/4865/3823 3822/4864/3822
f 3827/4869/3827 3826/4868/3826 3825/4867/3825
f 3830/4872/3830 3829/4871/3829 3828/4870/3828
f 3833/4875/3833 3832/4874/3832 3831/4873/3831
f 3836/4878/3836 3835/4877/3835 3834/4876/3834
f 3839/4881/3839 3838/4880/3838 3837/4879/3837
f 3842/4884/3842 3841/4883/3841 3840/4882/3840
f 3845/4887/3845 3844/4886/3844 3843/4885/3843
f 3848/4890/3848 3847/4889/3847 3846/4888/3846
f 3851/4893/3851 3850/4892/3850 3849/4891/3849
f 3854/4896/3854 3853/4895/3853 3852/4894/3852
f 3857/4899/3857 3856/4898/3856 3855/4897/3855
f 3860/4902/3860 3859/4901/3859 3858/4900/3858
f 3863/4905/3863 3862/4904/3862 3861/4903/3861
f 3866/4908/3866 3865/4907/3865 3864/4906/3864
f 3869/4911/3869 3868/4910/3868 3867/4909/3867
f 3872/4914/3872 3871/4913/3871 3870/4912/3870
f 3875/4917/3875 3874/4916/3874 3873/4915/3873
f 3878/4920/3878 3877/4919/3877 3876/4918/3876
f 3881/4923/3881 3880/4922/3880 3879/4921/3879
f 3884/4926/3884 3883/4925/3883 3882/4924/3882
f 3887/4929/3887 3886/4928/3886 3885/4927/3885
f 3890/4932/3890 3889/4931/3889 3888/4930/3888
f 3893/4935/3893 3892/4934/3892 3891/4933/3891
f 3896/4938/3896 3895/4937/3895 3894/4936/3894
f 3899/4941/3899 3898/4940/3898 3897/4939/3897
f 3902/4944/3902 3901/4943/3901 3900/4942/3900
f 3905/4947/3905 3904/4946/3904 3903/4945/3903
f 3908/4950/3908 3907/4949/3907 3906/4948/3906
f 3911/4953/3911 3910/4952/3910 3909/4951/3909
f 3914/4956/3914 3913/4955/3913 3912/4954/3912
f 3917/4959/3917 3916/4958/3916 3915/4957/3915
f 3920/4962/3920 3919/4961/3919 3918/4960/3918
f 3923/4965/3923 3922/4964/3922 3921/4963/3921
f 3926/4968/3926 3925/4967/3925 3924/4966/3924
f 3929/4971/3929 3928/4970/3928 3927/4969/3927
f 3932/4974/3932 3931/4973/3931 3930/4972/3930
f 3935/4977/3935 3934/4976/3934 3933/4975/3933
f 3938/4980/3938 3937/4979/3937 3936/4978/3936
f 3941/4983/3941 3940/4982/3940 3939/4981/3939
f 3944/4986/3944 3943/4985/3943 3942/4984/3942
f 3947/4989/3947 3946/4988/3946 3945/4987/3945
f 3950/4992/3950 3949/4991/3949 3948/4990/3948
f 3953/4995/3953 3952/4994/3952 3951/4993/3951
f 3956/4998/3956 3955/4997/3955 3954/4996/3954
f 3959/5001/3959 3958/5000/3958 3957/4999/3957
f 3962/5004/3962 3961/5003/3961 3960/5002/3960
f 3965/5007/3965 3964/5006/3964 3963/5005/3963
f 3968/5010/3968 3967/5009/3967 3966/5008/3966
f 3971/5013/3971 3970/5012/3970 3969/5011/3969
f 3974/5016/3974 3973/5015/3973 3972/5014/3972
f 3977/5019/3977 3976/5018/3976 3975/5017/3975
f 3980/5022/3980 3979/5021/3979 3978/5020/3978
f 3983/5025/3983 3982/5024/3982 3981/5023/3981
f 3986/5028/3986 3985/5027/3985 3984/5026/3984
f 3989/5031/3989 3988/5030/3988 3987/5029/3987
f 3992/5034/3992 3991/5033/3991 3990/5032/3990
f 3995/5037/3995 3994/5036/3994 3993/5035/3993
f 3998/5040/3998 3997/5039/3997 3996/5038/3996
f 4001/5043/4001 4000/5042/4000 3999/5041/3999
f 4004/5046/4004 4003/5045/4003 4002/5044/4002
f 4007/5049/4007 4006/5048/4006 4005/5047/4005
f 4010/5052/4010 4009/5051/4009 4008/5050/4008
f 4013/5055/4013 4012/5054/4012 4011/5053/4011
f 4016/5058/4016 4015/5057/4015 4014/5056/4014
f 4019/5061/4019 4018/5060/4018 4017/5059/4017
f 4022/5064/4022 4021/5063/4021 4020/5062/4020
f 4025/5067/4025 4024/5066/4024 4023/5065/4023
f 4028/5070/4028 4027/5069/4027 4026/5068/4026
f 4031/5073/4031 4030/5072/4030 4029/5071/4029
f 4034/5076/4034 4033/5075/4033 4032/5074/4032
f 4037/5079/4037 4036/5078/4036 4035/5077/4035
f 4040/5082/4040 4039/5081/4039 4038/5080/4038
f 4043/5085/4043 4042/5084/4042 4041/5083/4041
f 4046/5088/4046 4045/5087/4045 4044/5086/4044
f 4049/5091/4049 4048/5090/4048 4047/5089/4047
f 4052/5094/4052 4051/5093/4051 4050/5092/4050
f 4055/5097/4055 4054/5096/4054 4053/5095/4053
f 4058/5100/4058 4057/5099/4057 4056/5098/4056
f 4061/5103/4061 4060/5102/4060 4059/5101/4059
f 4064/5106/4064 4063/5105/4063 4062/5104/4062
f 4067/5109/4067 4066/5108/4066 4065/5107/4065
f 4070/5112/4070 4069/5111/4069 4068/5110/4068
f 4073/5115/4073 4072/5114/4072 4071/5113/4071
f 4076/5118/4076 4075/5117/4075 4074/5116/4074
f 4079/5121/4079 4078/5120/4078 4077/5119/4077
f 4082/5124/4082 4081/5123/4081 4080/5122/4080
f 4085/5127/4085 4084/5126/4084 4083/5125/4083
f 4088/5130/4088 4087/5129/4087 4086/5128/4086
f 4091/5133/4091 4090/5132/4090 4089/5131/4089
f 4094/5136/4094 4093/5135/4093 4092/5134/4092
f 4097/5139/4097 4096/5138/4096 4095/5137/4095
f 4100/5142/4100 4099/5141/4099 4098/5140/4098
f 4103/5145/4103 4102/5144/4102 4101/5143/4101
f 4106/5148/4106 4105/5147/4105 4104/5146/4104
f 4109/5151/4109 4108/5150/4108 4107/5149/4107
f 4112/5154/4112 4111/5153/4111 4110/5152/4110
f 4115/5157/4115 4114/5156/4114 4113/5155/4113
f 4118/5160/4118 4117/5159/4117 4116/5158/4116
f 4121/5163/4121 4120/5162/4120 4119/5161/4119
f 4124/5166/4124 4123/5165/4123 4122/5164/4122
f 4127/5169/4127 4126/5168/4126 4125/5167/4125
f 4130/5172/4130 4129/5171/4129 4128/5170/4128
f 4133/5175/4133 4132/5174/4132 4131/5173/4131
f 4136/5178/4136 4135/5177/4135 4134/5176/4134
f 4139/5181/4139 4138/5180/4138 4137/5179/4137
f 4142/5184/4142 4141/5183/4141 4140/5182/4140
f 4145/5187/4145 4144/5186/4144 4143/5185/4143
f 4148/5190/4148 4147/5189/4147 4146/5188/4146
f 4151/5193/4151 4150/5192/4150 4149/5191/4149
f 4154/5196/4154 4153/5195/4153 4152/5194/4152
f 4157/5199/4157 4156/5198/4156 4155/5197/4155
f 4160/5202/4160 4159/5201/4159 4158/5200/4158
f 4163/5205/4163 4162/5204/4162 4161/5203/4161
f 4166/5208/4166 4165/5207/4165 4164/5206/4164
f 4169/5211/4169 4168/5210/4168 4167/5209/4167
f 4172/5214/4172 4171/5213/4171 4170/5212/4170
f 4175/5217/4175 4174/5216/4174 4173/5215/4173
f 4178/5220/4178 4177/5219/4177 4176/5218/4176
f 4181/5223/4181 4180/5222/4180 4179/5221/4179
f 4184/5226/4184 4183/5225/4183 4182/5224/4182
f 4187/5229/4187 4186/5228/4186 4185/5227/4185
f 4190/5232/4190 4189/5231/4189 4188/5230/4188
f 4193/5235/4193 4192/5234/4192 4191/5233/4191
f 4196/5238/4196 4195/5237/4195 4194/5236/4194
f 4199/5241/4199 4198/5240/4198 4197/5239/4197
f 4202/5244/4202 4201/5243/4201 4200/5242/4200
f 4205/5247/4205 4204/5246/4204 4203/5245/4203
f 4208/5250/4208 4207/5249/4207 4206/5248/4206
f 4211/5253/4211 4210/5252/4210 4209/5251/4209
f 4214/5256/4214 4213/5255/4213 4212/5254/4212
f 4217/5259/4217 4216/5258/4216 4215/5257/4215
f 4220/5262/4220 4219/5261/4219 4218/5260/4218
f 4223/5265/4223 4222/5264/4222 4221/5263/4221
f 4226/5268/4226 4225/5267/4225 4224/5266/4224
f 4229/5271/4229 4228/5270/4228 4227/5269/4227
f 4232/5274/4232 4231/5273/4231 4230/5272/4230
f 4235/5277/4235 4234/5276/4234 4233/5275/4233
f 4238/5280/4238 4237/5279/4237 4236/5278/4236
f 4241/5283/4241 4240/5282/4240 4239/5281/4239
f 4244/5286/4244 4243/5285/4243 4242/5284/4242
f 4247/5289/4247 4246/5288/4246 4245/5287/4245
f 4250/5292/4250 4249/5291/4249 4248/5290/4248
f 4253/5295/4253 4252/5294/4252 4251/5293/4251
f 4256/5298/4256 4255/5297/4255 4254/5296/4254
f 4259/5301/4259 4258/5300/4258 4257/5299/4257
f 4262/5304/4262 4261/5303/4261 4260/5302/4260
f 4265/5307/4265 4264/5306/4264 4263/5305/4263
f 4268/5310/4268 4267/5309/4267 4266/5308/4266
f 4271/5313/4271 4270/5312/4270 4269/5311/4269
f 4274/5316/4274 4273/5315/4273 4272/5314/4272
f 4277/5319/4277 4276/5318/4276 4275/5317/4275
f 4280/5322/4280 4279/5321/4279 4278/5320/4278
f 4283/5325/4283 4282/5324/4282 4281/5323/4281
f 4286/5328/4286 4285/5327/4285 4284/5326/4284
f 4289/5331/4289 4288/5330/4288 4287/5329/4287
f 4292/5334/4292 4291/5333/4291 4290/5332/4290
f 4295/5337/4295 4294/5336/4294 4293/5335/4293
f 4298/5340/4298 4297/5339/4297 4296/5338/4296
f 4301/5343/4301 4300/5342/4300 4299/5341/4299
f 4304/5346/4304 4303/5345/4303 4302/5344/4302
f 4307/5349/4307 4306/5348/4306 4305/5347/4305
f 4310/5352/4310 4309/5351/4309 4308/5350/4308
f 4313/5355/4313 4312/5354/4312 4311/5353/4311
f 4316/5358/4316 4315/5357/4315 4314/5356/4314
f 4319/5361/4319 4318/5360/4318 4317/5359/4317
f 4322/5364/4322 4321/5363/4321 4320/5362/4320
f 4325/5367/4325 4324/5366/4324 4323/5365/4323
f 4328/5370/4328 4327/5369/4327 4326/5368/4326
f 4331/5373/4331 4330/5372/4330 4329/5371/4329
f 4334/5376/4334 4333/5375/4333 4332/5374/4332
f 4337/5379/4337 4336/5378/4336 4335/5377/4335
f 4340/5382/4340 4339/5381/4339 4338/5380/4338
f 4343/5385/4343 4342/5384/4342 4341/5383/4341
f 4346/5388/4346 4345/5387/4345 4344/5386/4344
f 4349/5391/4349 4348/5390/4348 4347/5389/4347
f 4352/5394/4352 4351/5393/4351 4350/5392/4350
f 4355/5397/4355 4354/5396/4354 4353/5395/4353
f 4358/5400/4358 4357/5399/4357 4356/5398/4356
f 4361/5403/4361 4360/5402/4360 4359/5401/4359
f 4364/5406/4364 4363/5405/4363 4362/5404/4362
f 4367/5409/4367 4366/5408/4366 4365/5407/4365
f 4370/5412/4370 4369/5411/4369 4368/5410/4368
f 4373/5415/4373 4372/5414/4372 4371/5413/4371
f 4376/5418/4376 4375/5417/4375 4374/5416/4374
f 4379/5421/4379 4378/5420/4378 4377/5419/4377
f 4382/5424/4382 4381/5423/4381 4380/5422/4380
f 4385/5427/4385 4384/5426/4384 4383/5425/4383
f 4388/5430/4388 4387/5429/4387 4386/5428/4386
f 4391/5433/4391 4390/5432/4390 4389/5431/4389
f 4394/5436/4394 4393/5435/4393 4392/5434/4392
f 4397/5439/4397 4396/5438/4396 4395/5437/4395
f 4400/5442/4400 4399/5441/4399 4398/5440/4398
f 4403/5445/4403 4402/5444/4402 4401/5443/4401
f 4406/5448/4406 4405/5447/4405 4404/5446/4404
f 4409/5451/4409 4408/5450/4408 4407/5449/4407
f 4412/5454/4412 4411/5453/4411 4410/5452/4410
f 4415/5457/4415 4414/5456/4414 4413/5455/4413
f 4418/5460/4418 4417/5459/4417 4416/5458/4416
f 4421/5463/4421 4420/5462/4420 4419/5461/4419
f 4424/5466/4424 4423/5465/4423 4422/5464/4422
f 4427/5469/4427 4426/5468/4426 4425/5467/4425
f 4430/5472/4430 4429/5471/4429 4428/5470/4428
f 4433/5475/4433 4432/5474/4432 4431/5473/4431
f 4436/5478/4436 4435/5477/4435 4434/5476/4434
f 4439/5481/4439 4438/5480/4438 4437/5479/4437
f 4442/5484/4442 4441/5483/4441 4440/5482/4440
f 4445/5487/4445 4444/5486/4444 4443/5485/4443
f 4448/5490/4448 4447/5489/4447 4446/5488/4446
f 4451/5493/4451 4450/5492/4450 4449/5491/4449
f 4454/5496/4454 4453/5495/4453 4452/5494/4452
f 4457/5499/4457 4456/5498/4456 4455/5497/4455
f 4460/5502/4460 4459/5501/4459 4458/5500/4458
f 4463/5505/4463 4462/5504/4462 4461/5503/4461
f 4466/5508/4466 4465/5507/4465 4464/5506/4464
f 4469/5511/4469 4468/5510/4468 4467/5509/4467
f 4472/5514/4472 4471/5513/4471 4470/5512/4470
f 4475/5517/4475 4474/5516/4474 4473/5515/4473
f 4478/5520/4478 4477/5519/4477 4476/5518/4476
f 4481/5523/4481 4480/5522/4480 4479/5521/4479
f 4484/5526/4484 4483/5525/4483 4482/5524/4482
f 4487/5529/4487 4486/5528/4486 4485/5527/4485
f 4490/5532/4490 4489/5531/4489 4488/5530/4488
f 4493/5535/4493 4492/5534/4492 4491/5533/4491
f 4496/5538/4496 4495/5537/4495 4494/5536/4494
f 4499/5541/4499 4498/5540/4498 4497/5539/4497
f 4502/5544/4502 4501/5543/4501 4500/5542/4500
f 4505/5547/4505 4504/5546/4504 4503/5545/4503
f 4508/5550/4508 4507/5549/4507 4506/5548/4506
f 4511/5553/4511 4510/5552/4510 4509/5551/4509
f 4514/5556/4514 4513/5555/4513 4512/5554/4512
f 4517/5559/4517 4516/5558/4516 4515/5557/4515
f 4520/5562/4520 4519/5561/4519 4518/5560/4518
f 4523/5565/4523 4522/5564/4522 4521/5563/4521
f 4526/5568/4526 4525/5567/4525 4524/5566/4524
f 4529/5571/4529 4528/5570/4528 4527/5569/4527
f 4532/5574/4532 4531/5573/4531 4530/5572/4530
f 4535/5577/4535 4534/5576/4534 4533/5575/4533
f 4538/5580/4538 4537/5579/4537 4536/5578/4536
f 4541/5583/4541 4540/5582/4540 4539/5581/4539
f 4544/5586/4544 4543/5585/4543 4542/5584/4542
f 4547/5589/4547 4546/5588/4546 4545/5587/4545
f 4550/5592/4550 4549/5591/4549 4548/5590/4548
f 4553/5595/4553 4552/5594/4552 4551/5593/4551
f 4556/5598/4556 4555/5597/4555 4554/5596/4554
f 4559/5601/4559 4558/5600/4558 4557/5599/4557
f 4562/5604/4562 4561/5603/4561 4560/5602/4560
f 4565/5607/4565 4564/5606/4564 4563/5605/4563
f 4568/5610/4568 4567/5609/4567 4566/5608/4566
f 4571/5613/4571 4570/5612/4570 4569/5611/4569
f 4574/5616/4574 4573/5615/4573 4572/5614/4572
f 4577/5619/4577 4576/5618/4576 4575/5617/4575
f 4580/5622/4580 4579/5621/4579 4578/5620/4578
f 4583/5625/4583 4582/5624/4582 4581/5623/4581
f 4586/5628/4586 4585/5627/4585 4584/5626/4584
f 4589/5631/4589 4588/5630/4588 4587/5629/4587
f 4592/5634/4592 4591/5633/4591 4590/5632/4590
f 4595/5637/4595 4594/5636/4594 4593/5635/4593
f 4598/5640/4598 4597/5639/4597 4596/5638/4596
f 4601/5643/4601 4600/5642/4600 4599/5641/4599
f 4604/5646/4604 4603/5645/4603 4602/5644/4602
f 4607/5649/4607 4606/5648/4606 4605/5647/4605
f 4610/5652/4610 4609/5651/4609 4608/5650/4608
f 4613/5655/4613 4612/5654/4612 4611/5653/4611
f 4616/5658/4616 4615/5657/4615 4614/5656/4614
f 4619/5661/4619 4618/5660/4618 4617/5659/4617
f 4622/5664/4622 4621/5663/4621 4620/5662/4620
f 4625/5667/4625 4624/5666/4624 4623/5665/4623
f 4628/5670/4628 4627/5669/4627 4626/5668/4626
f 4631/5673/4631 4630/5672/4630 4629/5671/4629
f 4634/5676/4634 4633/5675/4633 4632/5674/4632
f 4637/5679/4637 4636/5678/4636 4635/5677/4635
f 4640/5682/4640 4639/5681/4639 4638/5680/4638
f 4643/5685/4643 4642/5684/4642 4641/5683/4641
f 4646/5688/4646 4645/5687/4645 4644/5686/4644
f 4649/5691/4649 4648/5690/4648 4647/5689/4647
f 4652/5694/4652 4651/5693/4651 4650/5692/4650
f 4655/5697/4655 4654/5696/4654 4653/5695/4653
f 4658/5700/4658 4657/5699/4657 4656/5698/4656
f 4661/5703/4661 4660/5702/4660 4659/5701/4659
f 4664/5706/4664 4663/5705/4663 4662/5704/4662
f 4667/5709/4667 4666/5708/4666 4665/5707/4665
f 4670/5712/4670 4669/5711/4669 4668/5710/4668
f 4673/5715/4673 4672/5714/4672 4671/5713/4671
f 4676/5718/4676 4675/5717/4675 4674/5716/4674
f 4679/5721/4679 4678/5720/4678 4677/5719/4677
f 4682/5724/4682 4681/5723/4681 4680/5722/4680
f 4685/5727/4685 4684/5726/4684 4683/5725/4683
f 4688/5730/4688 4687/5729/4687 4686/5728/4686
f 4691/5733/4691 4690/5732/4690 4689/5731/4689
f 4694/5736/4694 4693/5735/4693 4692/5734/4692
f 4697/5739/4697 4696/5738/4696 4695/5737/4695
f 4700/5742/4700 4699/5741/4699 4698/5740/4698
f 4703/5745/4703 4702/5744/4702 4701/5743/4701
f 4706/5748/4706 4705/5747/4705 4704/5746/4704
f 4709/5751/4709 4708/5750/4708 4707/5749/4707
f 4712/5754/4712 4711/5753/4711 4710/5752/4710
