# Duck Pond sugar maple -- units: studs (1 stud = 0.28 m), Y up, pivot at trunk base
mtllib sugar_maple_3.mtl
o Trunk
v 0.0000 0.0385 -0.9971
v -0.7052 0.0044 -0.7059
v -0.9973 -0.0323 -0.0012
v -0.7052 -0.0501 0.7042
v -0.0000 -0.0385 0.9971
v 0.7052 -0.0044 0.7059
v 0.9973 0.0323 0.0012
v 0.7052 0.0501 -0.7042
v -0.1816 5.6385 -0.7807
v -0.8871 5.6162 -0.4891
v -1.1795 5.5912 0.2160
v -0.8875 5.5781 0.9216
v -0.1821 5.5846 1.2143
v 0.5234 5.6069 0.9227
v 0.8158 5.6319 0.2176
v 0.5238 5.6450 -0.4880
v -0.2199 10.1415 -0.4767
v -0.7592 10.1162 -0.2540
v -0.9826 10.0890 0.2850
v -0.7592 10.0760 0.8245
v -0.2198 10.0848 1.0484
v 0.3195 10.1102 0.8257
v 0.5428 10.1373 0.2867
v 0.3194 10.1503 -0.2528
v -0.1532 5.8204 -0.3571
v -0.5893 5.8222 -0.1874
v -0.7867 5.7007 0.2190
v -0.6298 5.5269 0.6242
v -0.2105 5.4027 0.7907
v 0.2256 5.4009 0.6210
v 0.4230 5.5225 0.2145
v 0.2661 5.6962 -0.1906
v 0.3972 9.5175 1.0175
v -0.0381 9.5255 1.1890
v -0.2320 9.4305 1.6041
v -0.0709 9.2882 2.0197
v 0.3508 9.1818 2.1923
v 0.7861 9.1738 2.0208
v 0.9800 9.2688 1.6057
v 0.8189 9.4112 1.1901
v 0.8530 13.3997 1.8473
v 0.4229 13.4389 2.0274
v 0.2358 13.3822 2.4525
v 0.4012 13.2628 2.8736
v 0.8223 13.1507 3.0440
v 1.2524 13.1115 2.8640
v 1.4396 13.1683 2.4389
v 1.2741 13.2876 2.0178
v 1.7761 17.1826 2.7183
v 1.4013 17.2477 2.8841
v 1.2433 17.2321 3.2675
v 1.3946 17.1450 3.6439
v 1.7667 17.0374 3.7929
v 2.1415 16.9723 3.6271
v 2.2995 16.9878 3.2437
v 2.1482 17.0750 2.8673
v 2.6630 21.1128 3.0171
v 2.2314 21.1214 3.2659
v 2.2271 21.0551 3.7596
v 2.6544 20.9800 4.0046
v 3.0859 20.9714 3.7558
v 3.0902 21.0377 3.2621
v 2.5501 25.0637 3.9046
v 2.1823 25.0480 4.1125
v 2.1780 24.9791 4.5296
v 2.5415 24.9259 4.7388
v 2.9093 24.9416 4.5309
v 2.9136 25.0105 4.1138
v 3.0485 28.8657 4.4376
v 2.7271 28.8928 4.6253
v 2.7284 28.8942 4.9984
v 3.0511 28.8685 5.1839
v 3.3726 28.8413 4.9963
v 3.3712 28.8399 4.6231
v 3.1568 31.7516 4.1525
v 2.9115 31.7783 4.2930
v 2.9022 31.7301 4.5726
v 3.1381 31.6553 4.7118
v 3.3833 31.6286 4.5713
v 3.3927 31.6767 4.2916
v 4.1353 34.0469 5.4510
v 3.9124 34.0745 5.5718
v 3.8756 33.9637 5.7985
v 4.0618 33.8253 5.9044
v 4.2847 33.7977 5.7836
v 4.3214 33.9085 5.5569
vt 0.00000 0.00000
vt 0.25000 0.00000
vt 0.00000 1.57323
vt 0.25000 0.00000
vt 0.25000 1.57323
vt 0.00000 1.57323
vt 0.25000 0.00000
vt 0.50000 0.00000
vt 0.25000 1.57323
vt 0.50000 0.00000
vt 0.50000 1.57323
vt 0.25000 1.57323
vt 0.50000 0.00000
vt 0.75000 0.00000
vt 0.50000 1.57323
vt 0.75000 0.00000
vt 0.75000 1.57323
vt 0.50000 1.57323
vt 0.75000 0.00000
vt 1.00000 0.00000
vt 0.75000 1.57323
vt 1.00000 0.00000
vt 1.00000 1.57323
vt 0.75000 1.57323
vt 1.00000 0.00000
vt 1.25000 0.00000
vt 1.00000 1.57323
vt 1.25000 0.00000
vt 1.25000 1.57323
vt 1.00000 1.57323
vt 1.25000 0.00000
vt 1.50000 0.00000
vt 1.25000 1.57323
vt 1.50000 0.00000
vt 1.50000 1.57323
vt 1.25000 1.57323
vt 1.50000 0.00000
vt 1.75000 0.00000
vt 1.50000 1.57323
vt 1.75000 0.00000
vt 1.75000 1.57323
vt 1.50000 1.57323
vt 1.75000 0.00000
vt 2.00000 0.00000
vt 1.75000 1.57323
vt 2.00000 0.00000
vt 2.00000 1.57323
vt 1.75000 1.57323
vt 0.00000 1.57323
vt 0.25000 1.57323
vt 0.00000 2.83388
vt 0.25000 1.57323
vt 0.25000 2.83388
vt 0.00000 2.83388
vt 0.25000 1.57323
vt 0.50000 1.57323
vt 0.25000 2.83388
vt 0.50000 1.57323
vt 0.50000 2.83388
vt 0.25000 2.83388
vt 0.50000 1.57323
vt 0.75000 1.57323
vt 0.50000 2.83388
vt 0.75000 1.57323
vt 0.75000 2.83388
vt 0.50000 2.83388
vt 0.75000 1.57323
vt 1.00000 1.57323
vt 0.75000 2.83388
vt 1.00000 1.57323
vt 1.00000 2.83388
vt 0.75000 2.83388
vt 1.00000 1.57323
vt 1.25000 1.57323
vt 1.00000 2.83388
vt 1.25000 1.57323
vt 1.25000 2.83388
vt 1.00000 2.83388
vt 1.25000 1.57323
vt 1.50000 1.57323
vt 1.25000 2.83388
vt 1.50000 1.57323
vt 1.50000 2.83388
vt 1.25000 2.83388
vt 1.50000 1.57323
vt 1.75000 1.57323
vt 1.50000 2.83388
vt 1.75000 1.57323
vt 1.75000 2.83388
vt 1.50000 2.83388
vt 1.75000 1.57323
vt 2.00000 1.57323
vt 1.75000 2.83388
vt 2.00000 1.57323
vt 2.00000 2.83388
vt 1.75000 2.83388
vt 0.00000 0.00000
vt 0.12500 0.00000
vt 0.00000 1.12730
vt 0.12500 0.00000
vt 0.12500 1.12730
vt 0.00000 1.12730
vt 0.12500 0.00000
vt 0.25000 0.00000
vt 0.12500 1.12730
vt 0.25000 0.00000
vt 0.25000 1.12730
vt 0.12500 1.12730
vt 0.25000 0.00000
vt 0.37500 0.00000
vt 0.25000 1.12730
vt 0.37500 0.00000
vt 0.37500 1.12730
vt 0.25000 1.12730
vt 0.37500 0.00000
vt 0.50000 0.00000
vt 0.37500 1.12730
vt 0.50000 0.00000
vt 0.50000 1.12730
vt 0.37500 1.12730
vt 0.50000 0.00000
vt 0.62500 0.00000
vt 0.50000 1.12730
vt 0.62500 0.00000
vt 0.62500 1.12730
vt 0.50000 1.12730
vt 0.62500 0.00000
vt 0.75000 0.00000
vt 0.62500 1.12730
vt 0.75000 0.00000
vt 0.75000 1.12730
vt 0.62500 1.12730
vt 0.75000 0.00000
vt 0.87500 0.00000
vt 0.75000 1.12730
vt 0.87500 0.00000
vt 0.87500 1.12730
vt 0.75000 1.12730
vt 0.87500 0.00000
vt 1.00000 0.00000
vt 0.87500 1.12730
vt 1.00000 0.00000
vt 1.00000 1.12730
vt 0.87500 1.12730
vt 0.00000 1.12730
vt 0.12500 1.12730
vt 0.00000 2.25887
vt 0.12500 1.12730
vt 0.12500 2.25887
vt 0.00000 2.25887
vt 0.12500 1.12730
vt 0.25000 1.12730
vt 0.12500 2.25887
vt 0.25000 1.12730
vt 0.25000 2.25887
vt 0.12500 2.25887
vt 0.25000 1.12730
vt 0.37500 1.12730
vt 0.25000 2.25887
vt 0.37500 1.12730
vt 0.37500 2.25887
vt 0.25000 2.25887
vt 0.37500 1.12730
vt 0.50000 1.12730
vt 0.37500 2.25887
vt 0.50000 1.12730
vt 0.50000 2.25887
vt 0.37500 2.25887
vt 0.50000 1.12730
vt 0.62500 1.12730
vt 0.50000 2.25887
vt 0.62500 1.12730
vt 0.62500 2.25887
vt 0.50000 2.25887
vt 0.62500 1.12730
vt 0.75000 1.12730
vt 0.62500 2.25887
vt 0.75000 1.12730
vt 0.75000 2.25887
vt 0.62500 2.25887
vt 0.75000 1.12730
vt 0.87500 1.12730
vt 0.75000 2.25887
vt 0.87500 1.12730
vt 0.87500 2.25887
vt 0.75000 2.25887
vt 0.87500 1.12730
vt 1.00000 1.12730
vt 0.87500 2.25887
vt 1.00000 1.12730
vt 1.00000 2.25887
vt 0.87500 2.25887
vt 0.00000 2.25887
vt 0.12500 2.25887
vt 0.00000 3.38699
vt 0.12500 2.25887
vt 0.12500 3.38699
vt 0.00000 3.38699
vt 0.12500 2.25887
vt 0.25000 2.25887
vt 0.12500 3.38699
vt 0.25000 2.25887
vt 0.25000 3.38699
vt 0.12500 3.38699
vt 0.25000 2.25887
vt 0.37500 2.25887
vt 0.25000 3.38699
vt 0.37500 2.25887
vt 0.37500 3.38699
vt 0.25000 3.38699
vt 0.37500 2.25887
vt 0.50000 2.25887
vt 0.37500 3.38699
vt 0.50000 2.25887
vt 0.50000 3.38699
vt 0.37500 3.38699
vt 0.50000 2.25887
vt 0.62500 2.25887
vt 0.50000 3.38699
vt 0.62500 2.25887
vt 0.62500 3.38699
vt 0.50000 3.38699
vt 0.62500 2.25887
vt 0.75000 2.25887
vt 0.62500 3.38699
vt 0.75000 2.25887
vt 0.75000 3.38699
vt 0.62500 3.38699
vt 0.75000 2.25887
vt 0.87500 2.25887
vt 0.75000 3.38699
vt 0.87500 2.25887
vt 0.87500 3.38699
vt 0.75000 3.38699
vt 0.87500 2.25887
vt 1.00000 2.25887
vt 0.87500 3.38699
vt 1.00000 2.25887
vt 1.00000 3.38699
vt 0.87500 3.38699
vt 0.00000 3.38699
vt 0.12500 3.38699
vt 0.00000 4.51910
vt 0.12500 3.38699
vt 0.16667 4.51910
vt 0.00000 4.51910
vt 0.12500 3.38699
vt 0.25000 3.38699
vt 0.16667 4.51910
vt 0.25000 3.38699
vt 0.33333 4.51910
vt 0.16667 4.51910
vt 0.25000 3.38699
vt 0.37500 3.38699
vt 0.33333 4.51910
vt 0.37500 3.38699
vt 0.50000 3.38699
vt 0.33333 4.51910
vt 0.50000 3.38699
vt 0.50000 4.51910
vt 0.33333 4.51910
vt 0.50000 3.38699
vt 0.62500 3.38699
vt 0.50000 4.51910
vt 0.62500 3.38699
vt 0.66667 4.51910
vt 0.50000 4.51910
vt 0.62500 3.38699
vt 0.75000 3.38699
vt 0.66667 4.51910
vt 0.75000 3.38699
vt 0.83333 4.51910
vt 0.66667 4.51910
vt 0.75000 3.38699
vt 0.87500 3.38699
vt 0.83333 4.51910
vt 0.87500 3.38699
vt 1.00000 3.38699
vt 0.83333 4.51910
vt 1.00000 3.38699
vt 1.00000 4.51910
vt 0.83333 4.51910
vt 0.00000 4.51910
vt 0.16667 4.51910
vt 0.00000 5.64816
vt 0.16667 4.51910
vt 0.16667 5.64816
vt 0.00000 5.64816
vt 0.16667 4.51910
vt 0.33333 4.51910
vt 0.16667 5.64816
vt 0.33333 4.51910
vt 0.33333 5.64816
vt 0.16667 5.64816
vt 0.33333 4.51910
vt 0.50000 4.51910
vt 0.33333 5.64816
vt 0.50000 4.51910
vt 0.50000 5.64816
vt 0.33333 5.64816
vt 0.50000 4.51910
vt 0.66667 4.51910
vt 0.50000 5.64816
vt 0.66667 4.51910
vt 0.66667 5.64816
vt 0.50000 5.64816
vt 0.66667 4.51910
vt 0.83333 4.51910
vt 0.66667 5.64816
vt 0.83333 4.51910
vt 0.83333 5.64816
vt 0.66667 5.64816
vt 0.83333 4.51910
vt 1.00000 4.51910
vt 0.83333 5.64816
vt 1.00000 4.51910
vt 1.00000 5.64816
vt 0.83333 5.64816
vt 0.00000 5.64816
vt 0.16667 5.64816
vt 0.00000 6.75009
vt 0.16667 5.64816
vt 0.16667 6.75009
vt 0.00000 6.75009
vt 0.16667 5.64816
vt 0.33333 5.64816
vt 0.16667 6.75009
vt 0.33333 5.64816
vt 0.33333 6.75009
vt 0.16667 6.75009
vt 0.33333 5.64816
vt 0.50000 5.64816
vt 0.33333 6.75009
vt 0.50000 5.64816
vt 0.50000 6.75009
vt 0.33333 6.75009
vt 0.50000 5.64816
vt 0.66667 5.64816
vt 0.50000 6.75009
vt 0.66667 5.64816
vt 0.66667 6.75009
vt 0.50000 6.75009
vt 0.66667 5.64816
vt 0.83333 5.64816
vt 0.66667 6.75009
vt 0.83333 5.64816
vt 0.83333 6.75009
vt 0.66667 6.75009
vt 0.83333 5.64816
vt 1.00000 5.64816
vt 0.83333 6.75009
vt 1.00000 5.64816
vt 1.00000 6.75009
vt 0.83333 6.75009
vt 0.00000 6.75009
vt 0.16667 6.75009
vt 0.00000 7.55178
vt 0.16667 6.75009
vt 0.16667 7.55178
vt 0.00000 7.55178
vt 0.16667 6.75009
vt 0.33333 6.75009
vt 0.16667 7.55178
vt 0.33333 6.75009
vt 0.33333 7.55178
vt 0.16667 7.55178
vt 0.33333 6.75009
vt 0.50000 6.75009
vt 0.33333 7.55178
vt 0.50000 6.75009
vt 0.50000 7.55178
vt 0.33333 7.55178
vt 0.50000 6.75009
vt 0.66667 6.75009
vt 0.50000 7.55178
vt 0.66667 6.75009
vt 0.66667 7.55178
vt 0.50000 7.55178
vt 0.66667 6.75009
vt 0.83333 6.75009
vt 0.66667 7.55178
vt 0.83333 6.75009
vt 0.83333 7.55178
vt 0.66667 7.55178
vt 0.83333 6.75009
vt 1.00000 6.75009
vt 0.83333 7.55178
vt 1.00000 6.75009
vt 1.00000 7.55178
vt 0.83333 7.55178
vt 0.00000 7.55178
vt 0.16667 7.55178
vt 0.00000 8.31556
vt 0.16667 7.55178
vt 0.16667 8.31556
vt 0.00000 8.31556
vt 0.16667 7.55178
vt 0.33333 7.55178
vt 0.16667 8.31556
vt 0.33333 7.55178
vt 0.33333 8.31556
vt 0.16667 8.31556
vt 0.33333 7.55178
vt 0.50000 7.55178
vt 0.33333 8.31556
vt 0.50000 7.55178
vt 0.50000 8.31556
vt 0.33333 8.31556
vt 0.50000 7.55178
vt 0.66667 7.55178
vt 0.50000 8.31556
vt 0.66667 7.55178
vt 0.66667 8.31556
vt 0.50000 8.31556
vt 0.66667 7.55178
vt 0.83333 7.55178
vt 0.66667 8.31556
vt 0.83333 7.55178
vt 0.83333 8.31556
vt 0.66667 8.31556
vt 0.83333 7.55178
vt 1.00000 7.55178
vt 0.83333 8.31556
vt 1.00000 7.55178
vt 1.00000 8.31556
vt 0.83333 8.31556
vn 0.1366 0.0427 -0.9897
vn -0.6036 0.0112 -0.7972
vn -0.9901 -0.0268 -0.1377
vn -0.7967 -0.0491 0.6024
vn -0.1368 -0.0427 0.9897
vn 0.6033 -0.0113 0.7974
vn 0.9901 0.0268 0.1380
vn 0.7968 0.0491 -0.6023
vn -0.0308 0.0487 -0.9983
vn -0.7285 0.0236 -0.6846
vn -0.9995 -0.0024 0.0307
vn -0.6851 -0.0140 0.7283
vn 0.0301 -0.0044 0.9995
vn 0.7274 0.0207 0.6859
vn 0.9985 0.0466 -0.0290
vn 0.6845 0.0582 -0.7267
vn -0.0223 0.0680 -0.9974
vn -0.7222 0.0369 -0.6907
vn -0.9998 0.0014 0.0215
vn -0.6916 -0.0177 0.7221
vn 0.0218 -0.0093 0.9997
vn 0.7216 0.0216 0.6920
vn 0.9982 0.0571 -0.0201
vn 0.6901 0.0763 -0.7197
vn 0.1818 0.3188 -0.9302
vn -0.5598 0.3606 -0.7461
vn -0.9736 0.1911 -0.1245
vn -0.8164 -0.0903 0.5704
vn -0.1809 -0.3183 0.9306
vn 0.5596 -0.3601 0.7464
vn 0.9734 -0.1914 0.1257
vn 0.8172 0.0900 -0.5692
vn 0.0376 0.2764 -0.9603
vn -0.6761 0.2820 -0.6807
vn -0.9925 0.1226 -0.0027
vn -0.7285 -0.1084 0.6764
vn -0.0381 -0.2763 0.9603
vn 0.6751 -0.2823 0.6815
vn 0.9924 -0.1228 0.0039
vn 0.7289 0.1086 -0.6759
vn 0.0172 0.2058 -0.9785
vn -0.6836 0.2693 -0.6784
vn -0.9835 0.1798 0.0205
vn -0.7060 -0.0104 0.7082
vn -0.0153 -0.1894 0.9818
vn 0.6851 -0.2531 0.6831
vn 0.9863 -0.1640 -0.0155
vn 0.7091 0.0263 -0.7046
vn 0.0437 0.1441 -0.9886
vn -0.6955 0.2636 -0.6684
vn -0.9698 0.2240 0.0960
vn -0.6296 0.0429 0.7757
vn -0.0347 -0.1120 0.9931
vn 0.7008 -0.2340 0.6739
vn 0.9765 -0.1958 -0.0896
vn 0.6377 -0.0118 -0.7702
vn 0.0331 0.1663 -0.9855
vn -0.8195 0.1879 -0.5414
vn -0.8628 0.0546 0.5027
vn -0.0259 -0.1322 0.9909
vn 0.8254 -0.1498 0.5444
vn 0.8680 -0.0182 -0.4962
vn -0.0208 0.1681 -0.9856
vn -0.8749 0.1210 -0.4689
vn -0.8546 -0.0307 0.5183
vn 0.0212 -0.1357 0.9905
vn 0.8755 -0.0897 0.4748
vn 0.8560 0.0621 -0.5132
vn -0.0681 0.0592 -0.9959
vn -0.8937 0.0984 -0.4378
vn -0.8278 0.0587 0.5579
vn 0.0725 -0.0195 0.9972
vn 0.8972 -0.0571 0.4380
vn 0.8309 -0.0187 -0.5561
vn -0.0104 0.1346 -0.9909
vn -0.8471 0.2936 -0.4430
vn -0.8231 0.1801 0.5386
vn 0.0156 -0.0857 0.9962
vn 0.8612 -0.2465 0.4444
vn 0.8292 -0.1339 -0.5426
vn -0.0544 0.5082 -0.8595
vn -0.8270 0.5018 -0.2536
vn -0.7794 -0.0066 0.6265
vn 0.0577 -0.5006 0.8638
vn 0.8356 -0.4882 0.2520
vn 0.7805 0.0266 -0.6245
usemtl bark
s off
f 1/1/1 2/2/2 9/3/9
f 2/4/2 10/5/10 9/6/9
f 2/7/2 3/8/3 10/9/10
f 3/10/3 11/11/11 10/12/10
f 3/13/3 4/14/4 11/15/11
f 4/16/4 12/17/12 11/18/11
f 4/19/4 5/20/5 12/21/12
f 5/22/5 13/23/13 12/24/12
f 5/25/5 6/26/6 13/27/13
f 6/28/6 14/29/14 13/30/13
f 6/31/6 7/32/7 14/33/14
f 7/34/7 15/35/15 14/36/14
f 7/37/7 8/38/8 15/39/15
f 8/40/8 16/41/16 15/42/15
f 8/43/8 1/44/1 16/45/16
f 1/46/1 9/47/9 16/48/16
f 9/49/9 10/50/10 17/51/17
f 10/52/10 18/53/18 17/54/17
f 10/55/10 11/56/11 18/57/18
f 11/58/11 19/59/19 18/60/18
f 11/61/11 12/62/12 19/63/19
f 12/64/12 20/65/20 19/66/19
f 12/67/12 13/68/13 20/69/20
f 13/70/13 21/71/21 20/72/20
f 13/73/13 14/74/14 21/75/21
f 14/76/14 22/77/22 21/78/21
f 14/79/14 15/80/15 22/81/22
f 15/82/15 23/83/23 22/84/22
f 15/85/15 16/86/16 23/87/23
f 16/88/16 24/89/24 23/90/23
f 16/91/16 9/92/9 24/93/24
f 9/94/9 17/95/17 24/96/24
f 25/97/25 26/98/26 33/99/33
f 26/100/26 34/101/34 33/102/33
f 26/103/26 27/104/27 34/105/34
f 27/106/27 35/107/35 34/108/34
f 27/109/27 28/110/28 35/111/35
f 28/112/28 36/113/36 35/114/35
f 28/115/28 29/116/29 36/117/36
f 29/118/29 37/119/37 36/120/36
f 29/121/29 30/122/30 37/123/37
f 30/124/30 38/125/38 37/126/37
f 30/127/30 31/128/31 38/129/38
f 31/130/31 39/131/39 38/132/38
f 31/133/31 32/134/32 39/135/39
f 32/136/32 40/137/40 39/138/39
f 32/139/32 25/140/25 40/141/40
f 25/142/25 33/143/33 40/144/40
f 33/145/33 34/146/34 41/147/41
f 34/148/34 42/149/42 41/150/41
f 34/151/34 35/152/35 42/153/42
f 35/154/35 43/155/43 42/156/42
f 35/157/35 36/158/36 43/159/43
f 36/160/36 44/161/44 43/162/43
f 36/163/36 37/164/37 44/165/44
f 37/166/37 45/167/45 44/168/44
f 37/169/37 38/170/38 45/171/45
f 38/172/38 46/173/46 45/174/45
f 38/175/38 39/176/39 46/177/46
f 39/178/39 47/179/47 46/180/46
f 39/181/39 40/182/40 47/183/47
f 40/184/40 48/185/48 47/186/47
f 40/187/40 33/188/33 48/189/48
f 33/190/33 41/191/41 48/192/48
f 41/193/41 42/194/42 49/195/49
f 42/196/42 50/197/50 49/198/49
f 42/199/42 43/200/43 50/201/50
f 43/202/43 51/203/51 50/204/50
f 43/205/43 44/206/44 51/207/51
f 44/208/44 52/209/52 51/210/51
f 44/211/44 45/212/45 52/213/52
f 45/214/45 53/215/53 52/216/52
f 45/217/45 46/218/46 53/219/53
f 46/220/46 54/221/54 53/222/53
f 46/223/46 47/224/47 54/225/54
f 47/226/47 55/227/55 54/228/54
f 47/229/47 48/230/48 55/231/55
f 48/232/48 56/233/56 55/234/55
f 48/235/48 41/236/41 56/237/56
f 41/238/41 49/239/49 56/240/56
f 49/241/49 50/242/50 57/243/57
f 50/244/50 58/245/58 57/246/57
f 50/247/50 51/248/51 58/249/58
f 51/250/51 59/251/59 58/252/58
f 51/253/51 52/254/52 59/255/59
f 52/256/52 53/257/53 59/258/59
f 53/259/53 60/260/60 59/261/59
f 53/262/53 54/263/54 60/264/60
f 54/265/54 61/266/61 60/267/60
f 54/268/54 55/269/55 61/270/61
f 55/271/55 62/272/62 61/273/61
f 55/274/55 56/275/56 62/276/62
f 56/277/56 49/278/49 62/279/62
f 49/280/49 57/281/57 62/282/62
f 57/283/57 58/284/58 63/285/63
f 58/286/58 64/287/64 63/288/63
f 58/289/58 59/290/59 64/291/64
f 59/292/59 65/293/65 64/294/64
f 59/295/59 60/296/60 65/297/65
f 60/298/60 66/299/66 65/300/65
f 60/301/60 61/302/61 66/303/66
f 61/304/61 67/305/67 66/306/66
f 61/307/61 62/308/62 67/309/67
f 62/310/62 68/311/68 67/312/67
f 62/313/62 57/314/57 68/315/68
f 57/316/57 63/317/63 68/318/68
f 63/319/63 64/320/64 69/321/69
f 64/322/64 70/323/70 69/324/69
f 64/325/64 65/326/65 70/327/70
f 65/328/65 71/329/71 70/330/70
f 65/331/65 66/332/66 71/333/71
f 66/334/66 72/335/72 71/336/71
f 66/337/66 67/338/67 72/339/72
f 67/340/67 73/341/73 72/342/72
f 67/343/67 68/344/68 73/345/73
f 68/346/68 74/347/74 73/348/73
f 68/349/68 63/350/63 74/351/74
f 63/352/63 69/353/69 74/354/74
f 69/355/69 70/356/70 75/357/75
f 70/358/70 76/359/76 75/360/75
f 70/361/70 71/362/71 76/363/76
f 71/364/71 77/365/77 76/366/76
f 71/367/71 72/368/72 77/369/77
f 72/370/72 78/371/78 77/372/77
f 72/373/72 73/374/73 78/375/78
f 73/376/73 79/377/79 78/378/78
f 73/379/73 74/380/74 79/381/79
f 74/382/74 80/383/80 79/384/79
f 74/385/74 69/386/69 80/387/80
f 69/388/69 75/389/75 80/390/80
f 75/391/75 76/392/76 81/393/81
f 76/394/76 82/395/82 81/396/81
f 76/397/76 77/398/77 82/399/82
f 77/400/77 83/401/83 82/402/82
f 77/403/77 78/404/78 83/405/83
f 78/406/78 84/407/84 83/408/83
f 78/409/78 79/410/79 84/411/84
f 79/412/79 85/413/85 84/414/84
f 79/415/79 80/416/80 85/417/85
f 80/418/80 86/419/86 85/420/85
f 80/421/80 75/422/75 86/423/86
f 75/424/75 81/425/81 86/426/86
o Branches
v -0.2199 10.1415 -0.4767
v -0.7592 10.1162 -0.2540
v -0.9826 10.0890 0.2850
v -0.7592 10.0760 0.8245
v -0.2198 10.0848 1.0484
v 0.3195 10.1102 0.8257
v 0.5428 10.1373 0.2867
v 0.3194 10.1503 -0.2528
v -0.4685 14.6590 -0.1921
v -0.9943 14.6122 0.0245
v -1.2111 14.5583 0.5497
v -0.9918 14.5287 1.0757
v -0.4648 14.5409 1.2944
v 0.0611 14.5876 1.0778
v 0.2778 14.6416 0.5526
v 0.0585 14.6711 0.0266
v -0.1273 5.4073 -0.2568
v -0.5902 5.4002 -0.0231
v -0.6448 5.6044 0.4505
v -0.2364 5.8158 0.6904
v 0.2265 5.8229 0.4566
v 0.2811 5.6187 -0.0170
v -0.9789 8.8441 -1.8364
v -1.4328 8.8060 -1.5884
v -1.4826 8.9954 -1.1082
v -1.0785 9.2229 -0.8760
v -0.6246 9.2610 -1.1239
v -0.5748 9.0716 -1.6042
v -2.2779 12.1899 -3.1560
v -2.7315 12.1507 -2.9076
v -2.7842 12.3486 -2.4311
v -2.3833 12.5858 -2.2031
v -1.9297 12.6250 -2.4515
v -1.8770 12.4271 -2.9280
v 2.9679 28.9597 4.5680
v 2.8305 28.7589 4.6906
v 2.9124 28.6663 4.9334
v 3.1317 28.7744 5.0536
v 3.2691 28.9752 4.9309
v 3.1872 29.0678 4.6882
v 1.7575 30.3650 5.5125
v 1.6201 30.1642 5.6351
v 1.7019 30.0716 5.8779
v 1.9212 30.1797 5.9981
v 2.0587 30.3805 5.8755
v 1.9768 30.4731 5.6327
v -3.1257 15.2342 -4.5484
v -3.4423 15.1837 -4.3604
v -3.4877 15.3416 -4.0270
v -3.2164 15.5499 -3.8816
v -2.8998 15.6004 -4.0695
v -2.8544 15.4425 -4.4030
v -4.9461 17.8047 -6.0092
v -5.2524 17.7321 -5.8116
v -5.2762 17.8440 -5.4579
v -4.9938 18.0285 -5.3019
v -4.6875 18.1011 -5.4996
v -4.6636 17.9892 -5.8532
v -5.8413 21.1861 -6.5416
v -6.1126 21.1632 -6.3915
v -6.1244 21.2078 -6.0840
v -5.8648 21.2752 -5.9266
v -5.5935 21.2980 -6.0767
v -5.5817 21.2535 -6.3842
v -6.0936 24.6347 -6.9588
v -6.3438 24.6337 -6.8247
v -6.3542 24.6692 -6.5432
v -6.1143 24.7057 -6.3958
v -5.8641 24.7067 -6.5299
v -5.8537 24.6711 -6.8114
v -2.2744 12.2399 -2.9952
v -2.4861 12.0814 -2.7611
v -2.5423 12.2294 -2.4454
v -2.3868 12.5358 -2.3639
v -2.1752 12.6943 -2.5980
v -2.1190 12.5463 -2.9137
v -5.5269 14.3018 -4.5408
v -5.7220 14.1337 -4.2992
v -5.7844 14.2849 -3.9862
v -5.6518 14.6043 -3.9149
v -5.4568 14.7725 -4.1565
v -5.3943 14.6213 -4.4694
v -9.0756 15.7745 -5.9770
v -9.2161 15.6349 -5.7799
v -9.2707 15.7567 -5.5345
v -9.1848 16.0181 -5.4860
v -9.0442 16.1577 -5.6831
v -8.9896 16.0359 -5.9285
v -0.7054 18.7861 0.3337
v -1.1501 18.7225 0.5158
v -1.3327 18.6605 0.9605
v -1.1463 18.6363 1.4073
v -0.7001 18.6643 1.5945
v -0.2554 18.7279 1.4124
v -0.0727 18.7899 0.9677
v -0.2591 18.8140 0.5209
v -1.3140 22.8411 0.8086
v -1.6927 22.7796 0.9631
v -1.8501 22.7369 1.3433
v -1.6940 22.7379 1.7263
v -1.3157 22.7821 1.8879
v -0.9370 22.8436 1.7334
v -0.7796 22.8863 1.3532
v -0.9357 22.8853 0.9701
v -1.8492 26.9243 0.9610
v -2.2391 26.9006 1.1838
v -2.2415 26.9022 1.6335
v -1.8540 26.9275 1.8603
v -1.4642 26.9512 1.6375
v -1.4618 26.9496 1.1878
v -0.5360 14.4316 0.3583
v -0.7162 14.5964 0.4617
v -0.6469 14.7647 0.6545
v -0.3973 14.7682 0.7440
v -0.2170 14.6034 0.6406
v -0.2864 14.4351 0.4478
v 0.2684 16.7801 -1.9797
v 0.0953 16.9618 -1.8941
v 0.1699 17.1415 -1.7139
v 0.4176 17.1393 -1.6192
v 0.5907 16.9576 -1.7048
v 0.5161 16.7780 -1.8851
v 1.3996 18.6203 -4.6171
v 1.2349 18.8171 -4.5504
v 1.3155 19.0067 -4.3835
v 1.5609 18.9995 -4.2832
v 1.7257 18.8027 -4.3499
v 1.6450 18.6131 -4.5169
v -0.4145 14.5468 0.2212
v -0.6840 14.4109 0.3739
v -0.7361 14.4640 0.7038
v -0.5188 14.6531 0.8811
v -0.2493 14.7889 0.7284
v -0.1971 14.7358 0.3985
v -2.0622 17.0663 -0.4450
v -2.3299 16.9276 -0.2917
v -2.3790 16.9761 0.0394
v -2.1604 17.1633 0.2172
v -1.8927 17.3019 0.0638
v -1.8436 17.2534 -0.2673
v -3.7709 19.6437 -0.9369
v -3.9713 19.5370 -0.8208
v -4.0060 19.5701 -0.5703
v -3.8402 19.7097 -0.4360
v -3.6398 19.8164 -0.5521
v -3.6051 19.7833 -0.8026
v -1.8360 30.2075 0.9744
v -2.1513 30.2198 1.1530
v -2.1541 30.2586 1.5135
v -1.8415 30.2852 1.6954
v -1.5262 30.2730 1.5168
v -1.5234 30.2341 1.1563
v -1.9554 27.0327 1.1973
v -2.0649 26.8220 1.3037
v -1.9611 26.7152 1.5170
v -1.7479 26.8190 1.6240
v -1.6384 27.0297 1.5176
v -1.7421 27.1366 1.3043
v -4.0551 29.1825 3.2958
v -4.1569 28.9643 3.3943
v -4.0436 28.8482 3.5977
v -3.8284 28.9502 3.7025
v -3.7266 29.1684 3.6040
v -3.8400 29.2846 3.4006
v -6.1460 31.0846 5.8592
v -6.2404 30.8594 5.9493
v -6.1176 30.7347 6.1419
v -5.9006 30.8351 6.2444
v -5.8063 31.0603 6.1543
v -5.9290 31.1850 5.9617
v -1.8691 30.8793 0.9202
v -2.1183 30.8943 1.0600
v -2.1216 30.9488 1.3409
v -1.8758 30.9883 1.4819
v -1.6266 30.9733 1.3421
v -1.6233 30.9188 1.0612
v -1.8517 30.3351 1.0934
v -2.0665 30.2622 1.2155
v -2.0536 30.1735 1.4570
v -1.8258 30.1577 1.5764
v -1.6110 30.2305 1.4543
v -1.6239 30.3192 1.2128
v -2.1193 32.4511 1.8847
v -2.3341 32.3782 2.0068
v -2.3212 32.2895 2.2483
v -2.0935 32.2737 2.3677
v -1.8787 32.3466 2.2456
v -1.8916 32.4352 2.0041
vt 0.00000 2.83388
vt 0.25000 2.83388
vt 0.00000 4.09425
vt 0.25000 2.83388
vt 0.25000 4.09425
vt 0.00000 4.09425
vt 0.25000 2.83388
vt 0.50000 2.83388
vt 0.25000 4.09425
vt 0.50000 2.83388
vt 0.50000 4.09425
vt 0.25000 4.09425
vt 0.50000 2.83388
vt 0.75000 2.83388
vt 0.50000 4.09425
vt 0.75000 2.83388
vt 0.75000 4.09425
vt 0.50000 4.09425
vt 0.75000 2.83388
vt 1.00000 2.83388
vt 0.75000 4.09425
vt 1.00000 2.83388
vt 1.00000 4.09425
vt 0.75000 4.09425
vt 1.00000 2.83388
vt 1.25000 2.83388
vt 1.00000 4.09425
vt 1.25000 2.83388
vt 1.25000 4.09425
vt 1.00000 4.09425
vt 1.25000 2.83388
vt 1.50000 2.83388
vt 1.25000 4.09425
vt 1.50000 2.83388
vt 1.50000 4.09425
vt 1.25000 4.09425
vt 1.50000 2.83388
vt 1.75000 2.83388
vt 1.50000 4.09425
vt 1.75000 2.83388
vt 1.75000 4.09425
vt 1.50000 4.09425
vt 1.75000 2.83388
vt 2.00000 2.83388
vt 1.75000 4.09425
vt 2.00000 2.83388
vt 2.00000 4.09425
vt 1.75000 4.09425
vt 0.00000 0.00000
vt 0.16667 0.00000
vt 0.00000 1.08085
vt 0.16667 0.00000
vt 0.16667 1.08085
vt 0.00000 1.08085
vt 0.16667 0.00000
vt 0.33333 0.00000
vt 0.16667 1.08085
vt 0.33333 0.00000
vt 0.33333 1.08085
vt 0.16667 1.08085
vt 0.33333 0.00000
vt 0.50000 0.00000
vt 0.33333 1.08085
vt 0.50000 0.00000
vt 0.50000 1.08085
vt 0.33333 1.08085
vt 0.50000 0.00000
vt 0.66667 0.00000
vt 0.50000 1.08085
vt 0.66667 0.00000
vt 0.66667 1.08085
vt 0.50000 1.08085
vt 0.66667 0.00000
vt 0.83333 0.00000
vt 0.66667 1.08085
vt 0.83333 0.00000
vt 0.83333 1.08085
vt 0.66667 1.08085
vt 0.83333 0.00000
vt 1.00000 0.00000
vt 0.83333 1.08085
vt 1.00000 0.00000
vt 1.00000 1.08085
vt 0.83333 1.08085
vt 0.00000 1.08085
vt 0.16667 1.08085
vt 0.00000 2.15432
vt 0.16667 1.08085
vt 0.16667 2.15432
vt 0.00000 2.15432
vt 0.16667 1.08085
vt 0.33333 1.08085
vt 0.16667 2.15432
vt 0.33333 1.08085
vt 0.33333 2.15432
vt 0.16667 2.15432
vt 0.33333 1.08085
vt 0.50000 1.08085
vt 0.33333 2.15432
vt 0.50000 1.08085
vt 0.50000 2.15432
vt 0.33333 2.15432
vt 0.50000 1.08085
vt 0.66667 1.08085
vt 0.50000 2.15432
vt 0.66667 1.08085
vt 0.66667 2.15432
vt 0.50000 2.15432
vt 0.66667 1.08085
vt 0.83333 1.08085
vt 0.66667 2.15432
vt 0.83333 1.08085
vt 0.83333 2.15432
vt 0.66667 2.15432
vt 0.83333 1.08085
vt 1.00000 1.08085
vt 0.83333 2.15432
vt 1.00000 1.08085
vt 1.00000 2.15432
vt 0.83333 2.15432
vt 0.00000 0.00000
vt 0.07988 0.00000
vt 0.00000 0.58279
vt 0.07988 0.00000
vt 0.07988 0.58279
vt 0.00000 0.58279
vt 0.07988 0.00000
vt 0.15977 0.00000
vt 0.07988 0.58279
vt 0.15977 0.00000
vt 0.15977 0.58279
vt 0.07988 0.58279
vt 0.15977 0.00000
vt 0.23965 0.00000
vt 0.15977 0.58279
vt 0.23965 0.00000
vt 0.23965 0.58279
vt 0.15977 0.58279
vt 0.23965 0.00000
vt 0.31953 0.00000
vt 0.23965 0.58279
vt 0.31953 0.00000
vt 0.31953 0.58279
vt 0.23965 0.58279
vt 0.31953 0.00000
vt 0.39942 0.00000
vt 0.31953 0.58279
vt 0.39942 0.00000
vt 0.39942 0.58279
vt 0.31953 0.58279
vt 0.39942 0.00000
vt 0.47930 0.00000
vt 0.39942 0.58279
vt 0.47930 0.00000
vt 0.47930 0.58279
vt 0.39942 0.58279
vt 0.00000 2.15432
vt 0.16667 2.15432
vt 0.00000 3.12786
vt 0.16667 2.15432
vt 0.16667 3.12786
vt 0.00000 3.12786
vt 0.16667 2.15432
vt 0.33333 2.15432
vt 0.16667 3.12786
vt 0.33333 2.15432
vt 0.33333 3.12786
vt 0.16667 3.12786
vt 0.33333 2.15432
vt 0.50000 2.15432
vt 0.33333 3.12786
vt 0.50000 2.15432
vt 0.50000 3.12786
vt 0.33333 3.12786
vt 0.50000 2.15432
vt 0.66667 2.15432
vt 0.50000 3.12786
vt 0.66667 2.15432
vt 0.66667 3.12786
vt 0.50000 3.12786
vt 0.66667 2.15432
vt 0.83333 2.15432
vt 0.66667 3.12786
vt 0.83333 2.15432
vt 0.83333 3.12786
vt 0.66667 3.12786
vt 0.83333 2.15432
vt 1.00000 2.15432
vt 0.83333 3.12786
vt 1.00000 2.15432
vt 1.00000 3.12786
vt 0.83333 3.12786
vt 0.00000 3.12786
vt 0.16667 3.12786
vt 0.00000 4.08498
vt 0.16667 3.12786
vt 0.16667 4.08498
vt 0.00000 4.08498
vt 0.16667 3.12786
vt 0.33333 3.12786
vt 0.16667 4.08498
vt 0.33333 3.12786
vt 0.33333 4.08498
vt 0.16667 4.08498
vt 0.33333 3.12786
vt 0.50000 3.12786
vt 0.33333 4.08498
vt 0.50000 3.12786
vt 0.50000 4.08498
vt 0.33333 4.08498
vt 0.50000 3.12786
vt 0.66667 3.12786
vt 0.50000 4.08498
vt 0.66667 3.12786
vt 0.66667 4.08498
vt 0.50000 4.08498
vt 0.66667 3.12786
vt 0.83333 3.12786
vt 0.66667 4.08498
vt 0.83333 3.12786
vt 0.83333 4.08498
vt 0.66667 4.08498
vt 0.83333 3.12786
vt 1.00000 3.12786
vt 0.83333 4.08498
vt 1.00000 3.12786
vt 1.00000 4.08498
vt 0.83333 4.08498
vt 0.00000 4.08498
vt 0.16667 4.08498
vt 0.00000 5.05885
vt 0.16667 4.08498
vt 0.16667 5.05885
vt 0.00000 5.05885
vt 0.16667 4.08498
vt 0.33333 4.08498
vt 0.16667 5.05885
vt 0.33333 4.08498
vt 0.33333 5.05885
vt 0.16667 5.05885
vt 0.33333 4.08498
vt 0.50000 4.08498
vt 0.33333 5.05885
vt 0.50000 4.08498
vt 0.50000 5.05885
vt 0.33333 5.05885
vt 0.50000 4.08498
vt 0.66667 4.08498
vt 0.50000 5.05885
vt 0.66667 4.08498
vt 0.66667 5.05885
vt 0.50000 5.05885
vt 0.66667 4.08498
vt 0.83333 4.08498
vt 0.66667 5.05885
vt 0.83333 4.08498
vt 0.83333 5.05885
vt 0.66667 5.05885
vt 0.83333 4.08498
vt 1.00000 4.08498
vt 0.83333 5.05885
vt 1.00000 4.08498
vt 1.00000 5.05885
vt 0.83333 5.05885
vt 0.00000 5.05885
vt 0.16667 5.05885
vt 0.00000 6.03242
vt 0.16667 5.05885
vt 0.16667 6.03242
vt 0.00000 6.03242
vt 0.16667 5.05885
vt 0.33333 5.05885
vt 0.16667 6.03242
vt 0.33333 5.05885
vt 0.33333 6.03242
vt 0.16667 6.03242
vt 0.33333 5.05885
vt 0.50000 5.05885
vt 0.33333 6.03242
vt 0.50000 5.05885
vt 0.50000 6.03242
vt 0.33333 6.03242
vt 0.50000 5.05885
vt 0.66667 5.05885
vt 0.50000 6.03242
vt 0.66667 5.05885
vt 0.66667 6.03242
vt 0.50000 6.03242
vt 0.66667 5.05885
vt 0.83333 5.05885
vt 0.66667 6.03242
vt 0.83333 5.05885
vt 0.83333 6.03242
vt 0.66667 6.03242
vt 0.83333 5.05885
vt 1.00000 5.05885
vt 0.83333 6.03242
vt 1.00000 5.05885
vt 1.00000 6.03242
vt 0.83333 6.03242
vt 0.00000 0.00000
vt 0.16667 0.00000
vt 0.00000 1.16400
vt 0.16667 0.00000
vt 0.16667 1.16400
vt 0.00000 1.16400
vt 0.16667 0.00000
vt 0.33333 0.00000
vt 0.16667 1.16400
vt 0.33333 0.00000
vt 0.33333 1.16400
vt 0.16667 1.16400
vt 0.33333 0.00000
vt 0.50000 0.00000
vt 0.33333 1.16400
vt 0.50000 0.00000
vt 0.50000 1.16400
vt 0.33333 1.16400
vt 0.50000 0.00000
vt 0.66667 0.00000
vt 0.50000 1.16400
vt 0.66667 0.00000
vt 0.66667 1.16400
vt 0.50000 1.16400
vt 0.66667 0.00000
vt 0.83333 0.00000
vt 0.66667 1.16400
vt 0.83333 0.00000
vt 0.83333 1.16400
vt 0.66667 1.16400
vt 0.83333 0.00000
vt 1.00000 0.00000
vt 0.83333 1.16400
vt 1.00000 0.00000
vt 1.00000 1.16400
vt 0.83333 1.16400
vt 0.00000 1.16400
vt 0.16667 1.16400
vt 0.00000 2.31443
vt 0.16667 1.16400
vt 0.16667 2.31443
vt 0.00000 2.31443
vt 0.16667 1.16400
vt 0.33333 1.16400
vt 0.16667 2.31443
vt 0.33333 1.16400
vt 0.33333 2.31443
vt 0.16667 2.31443
vt 0.33333 1.16400
vt 0.50000 1.16400
vt 0.33333 2.31443
vt 0.50000 1.16400
vt 0.50000 2.31443
vt 0.33333 2.31443
vt 0.50000 1.16400
vt 0.66667 1.16400
vt 0.50000 2.31443
vt 0.66667 1.16400
vt 0.66667 2.31443
vt 0.50000 2.31443
vt 0.66667 1.16400
vt 0.83333 1.16400
vt 0.66667 2.31443
vt 0.83333 1.16400
vt 0.83333 2.31443
vt 0.66667 2.31443
vt 0.83333 1.16400
vt 1.00000 1.16400
vt 0.83333 2.31443
vt 1.00000 1.16400
vt 1.00000 2.31443
vt 0.83333 2.31443
vt 0.00000 4.09425
vt 0.25000 4.09425
vt 0.00000 5.25699
vt 0.25000 4.09425
vt 0.25000 5.25699
vt 0.00000 5.25699
vt 0.25000 4.09425
vt 0.50000 4.09425
vt 0.25000 5.25699
vt 0.50000 4.09425
vt 0.50000 5.25699
vt 0.25000 5.25699
vt 0.50000 4.09425
vt 0.75000 4.09425
vt 0.50000 5.25699
vt 0.75000 4.09425
vt 0.75000 5.25699
vt 0.50000 5.25699
vt 0.75000 4.09425
vt 1.00000 4.09425
vt 0.75000 5.25699
vt 1.00000 4.09425
vt 1.00000 5.25699
vt 0.75000 5.25699
vt 1.00000 4.09425
vt 1.25000 4.09425
vt 1.00000 5.25699
vt 1.25000 4.09425
vt 1.25000 5.25699
vt 1.00000 5.25699
vt 1.25000 4.09425
vt 1.50000 4.09425
vt 1.25000 5.25699
vt 1.50000 4.09425
vt 1.50000 5.25699
vt 1.25000 5.25699
vt 1.50000 4.09425
vt 1.75000 4.09425
vt 1.50000 5.25699
vt 1.75000 4.09425
vt 1.75000 5.25699
vt 1.50000 5.25699
vt 1.75000 4.09425
vt 2.00000 4.09425
vt 1.75000 5.25699
vt 2.00000 4.09425
vt 2.00000 5.25699
vt 1.75000 5.25699
vt 0.00000 5.25699
vt 0.25000 5.25699
vt 0.00000 6.41894
vt 0.25000 5.25699
vt 0.25000 6.41894
vt 0.00000 6.41894
vt 0.25000 5.25699
vt 0.50000 5.25699
vt 0.25000 6.41894
vt 0.50000 5.25699
vt 0.50000 6.41894
vt 0.25000 6.41894
vt 0.50000 5.25699
vt 0.75000 5.25699
vt 0.50000 6.41894
vt 0.75000 5.25699
vt 0.75000 6.41894
vt 0.50000 6.41894
vt 0.75000 5.25699
vt 1.00000 5.25699
vt 0.75000 6.41894
vt 1.00000 5.25699
vt 1.00000 6.41894
vt 0.75000 6.41894
vt 1.00000 5.25699
vt 1.25000 5.25699
vt 1.00000 6.41894
vt 1.25000 5.25699
vt 1.25000 6.41894
vt 1.00000 6.41894
vt 1.25000 5.25699
vt 1.50000 5.25699
vt 1.25000 6.41894
vt 1.50000 5.25699
vt 1.50000 6.41894
vt 1.25000 6.41894
vt 1.50000 5.25699
vt 1.75000 5.25699
vt 1.50000 6.41894
vt 1.75000 5.25699
vt 1.75000 6.41894
vt 1.50000 6.41894
vt 1.75000 5.25699
vt 2.00000 5.25699
vt 1.75000 6.41894
vt 2.00000 5.25699
vt 2.00000 6.41894
vt 1.75000 6.41894
vt 0.00000 6.41894
vt 0.25000 6.41894
vt 0.00000 7.58083
vt 0.25000 6.41894
vt 0.33333 7.58083
vt 0.00000 7.58083
vt 0.25000 6.41894
vt 0.50000 6.41894
vt 0.33333 7.58083
vt 0.50000 6.41894
vt 0.66667 7.58083
vt 0.33333 7.58083
vt 0.50000 6.41894
vt 0.75000 6.41894
vt 0.66667 7.58083
vt 0.75000 6.41894
vt 1.00000 6.41894
vt 0.66667 7.58083
vt 1.00000 6.41894
vt 1.00000 7.58083
vt 0.66667 7.58083
vt 1.00000 6.41894
vt 1.25000 6.41894
vt 1.00000 7.58083
vt 1.25000 6.41894
vt 1.33333 7.58083
vt 1.00000 7.58083
vt 1.25000 6.41894
vt 1.50000 6.41894
vt 1.33333 7.58083
vt 1.50000 6.41894
vt 1.66667 7.58083
vt 1.33333 7.58083
vt 1.50000 6.41894
vt 1.75000 6.41894
vt 1.66667 7.58083
vt 1.75000 6.41894
vt 2.00000 6.41894
vt 1.66667 7.58083
vt 2.00000 6.41894
vt 2.00000 7.58083
vt 1.66667 7.58083
vt 0.00000 0.00000
vt 0.07776 0.00000
vt 0.00000 0.95977
vt 0.07776 0.00000
vt 0.07776 0.95977
vt 0.00000 0.95977
vt 0.07776 0.00000
vt 0.15552 0.00000
vt 0.07776 0.95977
vt 0.15552 0.00000
vt 0.15552 0.95977
vt 0.07776 0.95977
vt 0.15552 0.00000
vt 0.23327 0.00000
vt 0.15552 0.95977
vt 0.23327 0.00000
vt 0.23327 0.95977
vt 0.15552 0.95977
vt 0.23327 0.00000
vt 0.31103 0.00000
vt 0.23327 0.95977
vt 0.31103 0.00000
vt 0.31103 0.95977
vt 0.23327 0.95977
vt 0.31103 0.00000
vt 0.38879 0.00000
vt 0.31103 0.95977
vt 0.38879 0.00000
vt 0.38879 0.95977
vt 0.31103 0.95977
vt 0.38879 0.00000
vt 0.46655 0.00000
vt 0.38879 0.95977
vt 0.46655 0.00000
vt 0.46655 0.95977
vt 0.38879 0.95977
vt 0.00000 0.95977
vt 0.07776 0.95977
vt 0.00000 1.91927
vt 0.07776 0.95977
vt 0.07776 1.91927
vt 0.00000 1.91927
vt 0.07776 0.95977
vt 0.15552 0.95977
vt 0.07776 1.91927
vt 0.15552 0.95977
vt 0.15552 1.91927
vt 0.07776 1.91927
vt 0.15552 0.95977
vt 0.23327 0.95977
vt 0.15552 1.91927
vt 0.23327 0.95977
vt 0.23327 1.91927
vt 0.15552 1.91927
vt 0.23327 0.95977
vt 0.31103 0.95977
vt 0.23327 1.91927
vt 0.31103 0.95977
vt 0.31103 1.91927
vt 0.23327 1.91927
vt 0.31103 0.95977
vt 0.38879 0.95977
vt 0.31103 1.91927
vt 0.38879 0.95977
vt 0.38879 1.91927
vt 0.31103 1.91927
vt 0.38879 0.95977
vt 0.46655 0.95977
vt 0.38879 1.91927
vt 0.46655 0.95977
vt 0.46655 1.91927
vt 0.38879 1.91927
vt 0.00000 0.00000
vt 0.16667 0.00000
vt 0.00000 0.86174
vt 0.16667 0.00000
vt 0.16667 0.86174
vt 0.00000 0.86174
vt 0.16667 0.00000
vt 0.33333 0.00000
vt 0.16667 0.86174
vt 0.33333 0.00000
vt 0.33333 0.86174
vt 0.16667 0.86174
vt 0.33333 0.00000
vt 0.50000 0.00000
vt 0.33333 0.86174
vt 0.50000 0.00000
vt 0.50000 0.86174
vt 0.33333 0.86174
vt 0.50000 0.00000
vt 0.66667 0.00000
vt 0.50000 0.86174
vt 0.66667 0.00000
vt 0.66667 0.86174
vt 0.50000 0.86174
vt 0.66667 0.00000
vt 0.83333 0.00000
vt 0.66667 0.86174
vt 0.83333 0.00000
vt 0.83333 0.86174
vt 0.66667 0.86174
vt 0.83333 0.00000
vt 1.00000 0.00000
vt 0.83333 0.86174
vt 1.00000 0.00000
vt 1.00000 0.86174
vt 0.83333 0.86174
vt 0.00000 0.86174
vt 0.16667 0.86174
vt 0.00000 1.73656
vt 0.16667 0.86174
vt 0.16667 1.73656
vt 0.00000 1.73656
vt 0.16667 0.86174
vt 0.33333 0.86174
vt 0.16667 1.73656
vt 0.33333 0.86174
vt 0.33333 1.73656
vt 0.16667 1.73656
vt 0.33333 0.86174
vt 0.50000 0.86174
vt 0.33333 1.73656
vt 0.50000 0.86174
vt 0.50000 1.73656
vt 0.33333 1.73656
vt 0.50000 0.86174
vt 0.66667 0.86174
vt 0.50000 1.73656
vt 0.66667 0.86174
vt 0.66667 1.73656
vt 0.50000 1.73656
vt 0.66667 0.86174
vt 0.83333 0.86174
vt 0.66667 1.73656
vt 0.83333 0.86174
vt 0.83333 1.73656
vt 0.66667 1.73656
vt 0.83333 0.86174
vt 1.00000 0.86174
vt 0.83333 1.73656
vt 1.00000 0.86174
vt 1.00000 1.73656
vt 0.83333 1.73656
vt 0.00000 7.58083
vt 0.33333 7.58083
vt 0.00000 8.51082
vt 0.33333 7.58083
vt 0.33333 8.51082
vt 0.00000 8.51082
vt 0.33333 7.58083
vt 0.66667 7.58083
vt 0.33333 8.51082
vt 0.66667 7.58083
vt 0.66667 8.51082
vt 0.33333 8.51082
vt 0.66667 7.58083
vt 1.00000 7.58083
vt 0.66667 8.51082
vt 1.00000 7.58083
vt 1.00000 8.51082
vt 0.66667 8.51082
vt 1.00000 7.58083
vt 1.33333 7.58083
vt 1.00000 8.51082
vt 1.33333 7.58083
vt 1.33333 8.51082
vt 1.00000 8.51082
vt 1.33333 7.58083
vt 1.66667 7.58083
vt 1.33333 8.51082
vt 1.66667 7.58083
vt 1.66667 8.51082
vt 1.33333 8.51082
vt 1.66667 7.58083
vt 2.00000 7.58083
vt 1.66667 8.51082
vt 2.00000 7.58083
vt 2.00000 8.51082
vt 1.66667 8.51082
vt 0.00000 0.00000
vt 0.07629 0.00000
vt 0.00000 1.02161
vt 0.07629 0.00000
vt 0.07629 1.02161
vt 0.00000 1.02161
vt 0.07629 0.00000
vt 0.15258 0.00000
vt 0.07629 1.02161
vt 0.15258 0.00000
vt 0.15258 1.02161
vt 0.07629 1.02161
vt 0.15258 0.00000
vt 0.22887 0.00000
vt 0.15258 1.02161
vt 0.22887 0.00000
vt 0.22887 1.02161
vt 0.15258 1.02161
vt 0.22887 0.00000
vt 0.30516 0.00000
vt 0.22887 1.02161
vt 0.30516 0.00000
vt 0.30516 1.02161
vt 0.22887 1.02161
vt 0.30516 0.00000
vt 0.38145 0.00000
vt 0.30516 1.02161
vt 0.38145 0.00000
vt 0.38145 1.02161
vt 0.30516 1.02161
vt 0.38145 0.00000
vt 0.45774 0.00000
vt 0.38145 1.02161
vt 0.45774 0.00000
vt 0.45774 1.02161
vt 0.38145 1.02161
vt 0.00000 1.02161
vt 0.07629 1.02161
vt 0.00000 2.08539
vt 0.07629 1.02161
vt 0.07629 2.08539
vt 0.00000 2.08539
vt 0.07629 1.02161
vt 0.15258 1.02161
vt 0.07629 2.08539
vt 0.15258 1.02161
vt 0.15258 2.08539
vt 0.07629 2.08539
vt 0.15258 1.02161
vt 0.22887 1.02161
vt 0.15258 2.08539
vt 0.22887 1.02161
vt 0.22887 2.08539
vt 0.15258 2.08539
vt 0.22887 1.02161
vt 0.30516 1.02161
vt 0.22887 2.08539
vt 0.30516 1.02161
vt 0.30516 2.08539
vt 0.22887 2.08539
vt 0.30516 1.02161
vt 0.38145 1.02161
vt 0.30516 2.08539
vt 0.38145 1.02161
vt 0.38145 2.08539
vt 0.30516 2.08539
vt 0.38145 1.02161
vt 0.45774 1.02161
vt 0.38145 2.08539
vt 0.45774 1.02161
vt 0.45774 2.08539
vt 0.38145 2.08539
vt 0.00000 8.51082
vt 0.33333 8.51082
vt 0.00000 8.70714
vt 0.33333 8.51082
vt 0.33333 8.70714
vt 0.00000 8.70714
vt 0.33333 8.51082
vt 0.66667 8.51082
vt 0.33333 8.70714
vt 0.66667 8.51082
vt 0.66667 8.70714
vt 0.33333 8.70714
vt 0.66667 8.51082
vt 1.00000 8.51082
vt 0.66667 8.70714
vt 1.00000 8.51082
vt 1.00000 8.70714
vt 0.66667 8.70714
vt 1.00000 8.51082
vt 1.33333 8.51082
vt 1.00000 8.70714
vt 1.33333 8.51082
vt 1.33333 8.70714
vt 1.00000 8.70714
vt 1.33333 8.51082
vt 1.66667 8.51082
vt 1.33333 8.70714
vt 1.66667 8.51082
vt 1.66667 8.70714
vt 1.33333 8.70714
vt 1.66667 8.51082
vt 2.00000 8.51082
vt 1.66667 8.70714
vt 2.00000 8.51082
vt 2.00000 8.70714
vt 1.66667 8.70714
vt 0.00000 0.00000
vt 0.07554 0.00000
vt 0.00000 0.63698
vt 0.07554 0.00000
vt 0.07554 0.63698
vt 0.00000 0.63698
vt 0.07554 0.00000
vt 0.15108 0.00000
vt 0.07554 0.63698
vt 0.15108 0.00000
vt 0.15108 0.63698
vt 0.07554 0.63698
vt 0.15108 0.00000
vt 0.22662 0.00000
vt 0.15108 0.63698
vt 0.22662 0.00000
vt 0.22662 0.63698
vt 0.15108 0.63698
vt 0.22662 0.00000
vt 0.30216 0.00000
vt 0.22662 0.63698
vt 0.30216 0.00000
vt 0.30216 0.63698
vt 0.22662 0.63698
vt 0.30216 0.00000
vt 0.37770 0.00000
vt 0.30216 0.63698
vt 0.37770 0.00000
vt 0.37770 0.63698
vt 0.30216 0.63698
vt 0.37770 0.00000
vt 0.45324 0.00000
vt 0.37770 0.63698
vt 0.45324 0.00000
vt 0.45324 0.63698
vt 0.37770 0.63698
vn -0.0223 0.0680 -0.9974
vn -0.7222 0.0369 -0.6907
vn -0.9998 0.0014 0.0215
vn -0.6916 -0.0177 0.7221
vn 0.0218 -0.0093 0.9997
vn 0.7216 0.0216 0.6920
vn 0.9982 0.0571 -0.0201
vn 0.6901 0.0763 -0.7197
vn -0.0205 0.0914 -0.9956
vn -0.7207 0.0305 -0.6926
vn -0.9991 -0.0398 0.0168
vn -0.6926 -0.0782 0.7170
vn 0.0194 -0.0623 0.9979
vn 0.7195 -0.0012 0.6944
vn 0.9975 0.0691 -0.0150
vn 0.6911 0.1074 -0.7148
vn 0.2870 -0.3404 -0.8954
vn -0.6641 -0.4416 -0.6033
vn -0.9509 -0.1006 0.2926
vn -0.2859 0.3410 0.8955
vn 0.6657 0.4414 0.6017
vn 0.9506 0.1005 -0.2937
vn 0.0925 -0.3552 -0.9302
vn -0.7821 -0.4287 -0.4523
vn -0.8748 -0.0732 0.4789
vn -0.0916 0.3555 0.9302
vn 0.7828 0.4284 0.4512
vn 0.8748 0.0729 -0.4790
vn 0.0626 -0.3783 -0.9236
vn -0.7957 -0.4448 -0.4111
vn -0.8623 -0.0498 0.5039
vn -0.0730 0.4118 0.9083
vn 0.7832 0.4785 0.3969
vn 0.8517 0.0845 -0.5171
vn -0.1523 0.4576 -0.8760
vn -0.7682 -0.2722 -0.5794
vn -0.6159 -0.7298 0.2966
vn 0.1523 -0.4576 0.8760
vn 0.7682 0.2722 0.5794
vn 0.6159 0.7298 -0.2966
vn -0.4380 0.2102 -0.8741
vn -0.8127 -0.5072 -0.2868
vn -0.3747 -0.7174 0.5873
vn 0.4380 -0.2102 0.8741
vn 0.8127 0.5072 0.2868
vn 0.3747 0.7174 -0.5873
vn 0.0666 -0.3919 -0.9176
vn -0.7672 -0.5136 -0.3843
vn -0.8432 -0.1006 0.5282
vn -0.0783 0.4324 0.8983
vn 0.7530 0.5502 0.3610
vn 0.8260 0.1388 -0.5464
vn 0.0641 -0.3263 -0.9431
vn -0.7722 -0.4827 -0.4131
vn -0.8381 -0.1502 0.5244
vn -0.0737 0.3408 0.9372
vn 0.7663 0.5007 0.4025
vn 0.8281 0.1632 -0.5362
vn 0.0033 -0.1577 -0.9875
vn -0.8496 -0.2148 -0.4817
vn -0.8630 -0.0459 0.5031
vn -0.0150 0.1787 0.9838
vn 0.8451 0.2361 0.4797
vn 0.8559 0.0686 -0.5125
vn -0.1660 -0.1305 -0.9775
vn -0.9343 -0.1048 -0.3408
vn -0.7720 0.0330 0.6348
vn 0.1630 0.1452 0.9759
vn 0.9334 0.1191 0.3385
vn 0.7694 -0.0186 -0.6385
vn 0.2702 -0.2670 -0.9250
vn -0.3496 -0.8487 -0.3968
vn -0.6194 -0.5811 0.5279
vn -0.2694 0.2684 0.9249
vn 0.3499 0.8491 0.3956
vn 0.6191 0.5816 -0.5278
vn 0.1460 -0.4345 -0.8888
vn -0.3975 -0.8981 -0.1883
vn -0.5501 -0.4581 0.6982
vn -0.1594 0.4433 0.8821
vn 0.3835 0.9055 0.1816
vn 0.5360 0.4664 -0.7037
vn 0.0736 -0.5999 -0.7967
vn -0.4033 -0.9148 0.0242
vn -0.4917 -0.3079 0.8145
vn -0.1026 0.6135 0.7830
vn 0.3733 0.9270 -0.0362
vn 0.4621 0.3224 -0.8261
vn -0.0291 0.1250 -0.9917
vn -0.7241 0.0235 -0.6892
vn -0.9968 -0.0775 0.0189
vn -0.6864 -0.1186 0.7175
vn 0.0246 -0.0757 0.9968
vn 0.7197 0.0259 0.6938
vn 0.9918 0.1267 -0.0144
vn 0.6814 0.1677 -0.7124
vn 0.0144 0.0808 -0.9966
vn -0.7220 -0.0446 -0.6905
vn -0.9901 -0.1228 0.0686
vn -0.6349 -0.1164 0.7638
vn -0.0209 -0.0320 0.9993
vn 0.7158 0.0896 0.6925
vn 0.9837 0.1670 -0.0660
vn 0.6284 0.1633 -0.7605
vn -0.0037 0.0157 -0.9999
vn -0.8398 -0.0386 -0.5415
vn -0.8566 -0.0399 0.5144
vn -0.0028 0.0375 0.9993
vn 0.8336 0.0954 0.5441
vn 0.8528 0.0960 -0.5133
vn -0.0806 -0.6892 -0.7200
vn -0.8795 -0.1486 -0.4521
vn -0.7971 0.5410 0.2682
vn 0.0802 0.6897 0.7197
vn 0.8787 0.1499 0.4532
vn 0.7980 -0.5400 -0.2676
vn -0.2869 -0.6852 -0.6694
vn -0.9393 -0.0026 -0.3432
vn -0.6540 0.6828 0.3258
vn 0.2852 0.6860 0.6694
vn 0.9387 0.0045 0.3446
vn 0.6544 -0.6825 -0.3254
vn -0.4667 -0.6187 -0.6320
vn -0.9433 0.1859 -0.2749
vn -0.4774 0.8032 0.3562
vn 0.4651 0.6197 0.6322
vn 0.9433 -0.1849 0.2757
vn 0.4768 -0.8037 -0.3560
vn 0.3084 -0.0495 -0.9500
vn -0.5272 -0.5221 -0.6705
vn -0.8358 -0.4727 0.2794
vn -0.3085 0.0495 0.9499
vn 0.5274 0.5221 0.6703
vn 0.8357 0.4725 -0.2798
vn 0.1190 -0.1460 -0.9821
vn -0.6668 -0.5441 -0.5092
vn -0.7928 -0.3876 0.4703
vn -0.1327 0.1671 0.9770
vn 0.6533 0.5652 0.5038
vn 0.7790 0.4086 -0.4757
vn -0.0673 -0.2299 -0.9709
vn -0.7666 -0.5495 -0.3322
vn -0.7134 -0.2984 0.6341
vn 0.0395 0.2726 0.9613
vn 0.7387 0.5921 0.3220
vn 0.6851 0.3408 -0.6439
vn -0.1564 -0.0068 -0.9877
vn -0.9329 0.0116 -0.3598
vn -0.7793 0.0568 0.6241
vn 0.1508 0.0847 0.9849
vn 0.9308 0.0661 0.3596
vn 0.7776 0.0198 -0.6285
vn -0.2567 0.5349 -0.8050
vn -0.8023 -0.2584 -0.5380
vn -0.5460 -0.7940 0.2673
vn 0.2564 -0.5349 0.8051
vn 0.8024 0.2592 0.5375
vn 0.5453 0.7942 -0.2682
vn -0.4360 0.4522 -0.7781
vn -0.8343 -0.3818 -0.3977
vn -0.3991 -0.8344 0.3802
vn 0.4363 -0.4518 0.7781
vn 0.8343 0.3829 0.3966
vn 0.3983 0.8344 -0.3810
vn -0.5930 0.3351 -0.7322
vn -0.8074 -0.5252 -0.2688
vn -0.2136 -0.8599 0.4635
vn 0.5936 -0.3345 0.7320
vn 0.8072 0.5259 0.2681
vn 0.2135 0.8598 -0.4638
vn -0.2128 -0.0894 -0.9730
vn -0.9518 0.0028 -0.3066
vn -0.7390 0.1944 0.6451
vn 0.1993 0.2938 0.9349
vn 0.9369 0.2062 0.2823
vn 0.7372 0.0142 -0.6756
vn 0.1382 0.3622 -0.9218
vn -0.7825 0.1288 -0.6091
vn -0.9207 -0.2334 0.3127
vn -0.1382 -0.3622 0.9218
vn 0.7825 -0.1288 0.6091
vn 0.9207 0.2334 -0.3127
vn -0.2367 0.3139 -0.9195
vn -0.9536 -0.0080 -0.3011
vn -0.7169 -0.3219 0.6184
vn 0.2367 -0.3139 0.9195
vn 0.9536 0.0080 0.3011
vn 0.7169 0.3219 -0.6184
usemtl bark
s off
f 87/427/87 88/428/88 95/429/95
f 88/430/88 96/431/96 95/432/95
f 88/433/88 89/434/89 96/435/96
f 89/436/89 97/437/97 96/438/96
f 89/439/89 90/440/90 97/441/97
f 90/442/90 98/443/98 97/444/97
f 90/445/90 91/446/91 98/447/98
f 91/448/91 99/449/99 98/450/98
f 91/451/91 92/452/92 99/453/99
f 92/454/92 100/455/100 99/456/99
f 92/457/92 93/458/93 100/459/100
f 93/460/93 101/461/101 100/462/100
f 93/463/93 94/464/94 101/465/101
f 94/466/94 102/467/102 101/468/101
f 94/469/94 87/470/87 102/471/102
f 87/472/87 95/473/95 102/474/102
f 103/475/103 104/476/104 109/477/109
f 104/478/104 110/479/110 109/480/109
f 104/481/104 105/482/105 110/483/110
f 105/484/105 111/485/111 110/486/110
f 105/487/105 106/488/106 111/489/111
f 106/490/106 112/491/112 111/492/111
f 106/493/106 107/494/107 112/495/112
f 107/496/107 113/497/113 112/498/112
f 107/499/107 108/500/108 113/501/113
f 108/502/108 114/503/114 113/504/113
f 108/505/108 103/506/103 114/507/114
f 103/508/103 109/509/109 114/510/114
f 109/511/109 110/512/110 115/513/115
f 110/514/110 116/515/116 115/516/115
f 110/517/110 111/518/111 116/519/116
f 111/520/111 117/521/117 116/522/116
f 111/523/111 112/524/112 117/525/117
f 112/526/112 118/527/118 117/528/117
f 112/529/112 113/530/113 118/531/118
f 113/532/113 119/533/119 118/534/118
f 113/535/113 114/536/114 119/537/119
f 114/538/114 120/539/120 119/540/119
f 114/541/114 109/542/109 120/543/120
f 109/544/109 115/545/115 120/546/120
f 121/547/121 122/548/122 127/549/127
f 122/550/122 128/551/128 127/552/127
f 122/553/122 123/554/123 128/555/128
f 123/556/123 129/557/129 128/558/128
f 123/559/123 124/560/124 129/561/129
f 124/562/124 130/563/130 129/564/129
f 124/565/124 125/566/125 130/567/130
f 125/568/125 131/569/131 130/570/130
f 125/571/125 126/572/126 131/573/131
f 126/574/126 132/575/132 131/576/131
f 126/577/126 121/578/121 132/579/132
f 121/580/121 127/581/127 132/582/132
f 115/583/115 116/584/116 133/585/133
f 116/586/116 134/587/134 133/588/133
f 116/589/116 117/590/117 134/591/134
f 117/592/117 135/593/135 134/594/134
f 117/595/117 118/596/118 135/597/135
f 118/598/118 136/599/136 135/600/135
f 118/601/118 119/602/119 136/603/136
f 119/604/119 137/605/137 136/606/136
f 119/607/119 120/608/120 137/609/137
f 120/610/120 138/611/138 137/612/137
f 120/613/120 115/614/115 138/615/138
f 115/616/115 133/617/133 138/618/138
f 133/619/133 134/620/134 139/621/139
f 134/622/134 140/623/140 139/624/139
f 134/625/134 135/626/135 140/627/140
f 135/628/135 141/629/141 140/630/140
f 135/631/135 136/632/136 141/633/141
f 136/634/136 142/635/142 141/636/141
f 136/637/136 137/638/137 142/639/142
f 137/640/137 143/641/143 142/642/142
f 137/643/137 138/644/138 143/645/143
f 138/646/138 144/647/144 143/648/143
f 138/649/138 133/650/133 144/651/144
f 133/652/133 139/653/139 144/654/144
f 139/655/139 140/656/140 145/657/145
f 140/658/140 146/659/146 145/660/145
f 140/661/140 141/662/141 146/663/146
f 141/664/141 147/665/147 146/666/146
f 141/667/141 142/668/142 147/669/147
f 142/670/142 148/671/148 147/672/147
f 142/673/142 143/674/143 148/675/148
f 143/676/143 149/677/149 148/678/148
f 143/679/143 144/680/144 149/681/149
f 144/682/144 150/683/150 149/684/149
f 144/685/144 139/686/139 150/687/150
f 139/688/139 145/689/145 150/690/150
f 145/691/145 146/692/146 151/693/151
f 146/694/146 152/695/152 151/696/151
f 146/697/146 147/698/147 152/699/152
f 147/700/147 153/701/153 152/702/152
f 147/703/147 148/704/148 153/705/153
f 148/706/148 154/707/154 153/708/153
f 148/709/148 149/710/149 154/711/154
f 149/712/149 155/713/155 154/714/154
f 149/715/149 150/716/150 155/717/155
f 150/718/150 156/719/156 155/720/155
f 150/721/150 145/722/145 156/723/156
f 145/724/145 151/725/151 156/726/156
f 157/727/157 158/728/158 163/729/163
f 158/730/158 164/731/164 163/732/163
f 158/733/158 159/734/159 164/735/164
f 159/736/159 165/737/165 164/738/164
f 159/739/159 160/740/160 165/741/165
f 160/742/160 166/743/166 165/744/165
f 160/745/160 161/746/161 166/747/166
f 161/748/161 167/749/167 166/750/166
f 161/751/161 162/752/162 167/753/167
f 162/754/162 168/755/168 167/756/167
f 162/757/162 157/758/157 168/759/168
f 157/760/157 163/761/163 168/762/168
f 163/763/163 164/764/164 169/765/169
f 164/766/164 170/767/170 169/768/169
f 164/769/164 165/770/165 170/771/170
f 165/772/165 171/773/171 170/774/170
f 165/775/165 166/776/166 171/777/171
f 166/778/166 172/779/172 171/780/171
f 166/781/166 167/782/167 172/783/172
f 167/784/167 173/785/173 172/786/172
f 167/787/167 168/788/168 173/789/173
f 168/790/168 174/791/174 173/792/173
f 168/793/168 163/794/163 174/795/174
f 163/796/163 169/797/169 174/798/174
f 95/799/95 96/800/96 175/801/175
f 96/802/96 176/803/176 175/804/175
f 96/805/96 97/806/97 176/807/176
f 97/808/97 177/809/177 176/810/176
f 97/811/97 98/812/98 177/813/177
f 98/814/98 178/815/178 177/816/177
f 98/817/98 99/818/99 178/819/178
f 99/820/99 179/821/179 178/822/178
f 99/823/99 100/824/100 179/825/179
f 100/826/100 180/827/180 179/828/179
f 100/829/100 101/830/101 180/831/180
f 101/832/101 181/833/181 180/834/180
f 101/835/101 102/836/102 181/837/181
f 102/838/102 182/839/182 181/840/181
f 102/841/102 95/842/95 182/843/182
f 95/844/95 175/845/175 182/846/182
f 175/847/175 176/848/176 183/849/183
f 176/850/176 184/851/184 183/852/183
f 176/853/176 177/854/177 184/855/184
f 177/856/177 185/857/185 184/858/184
f 177/859/177 178/860/178 185/861/185
f 178/862/178 186/863/186 185/864/185
f 178/865/178 179/866/179 186/867/186
f 179/868/179 187/869/187 186/870/186
f 179/871/179 180/872/180 187/873/187
f 180/874/180 188/875/188 187/876/187
f 180/877/180 181/878/181 188/879/188
f 181/880/181 189/881/189 188/882/188
f 181/883/181 182/884/182 189/885/189
f 182/886/182 190/887/190 189/888/189
f 182/889/182 175/890/175 190/891/190
f 175/892/175 183/893/183 190/894/190
f 183/895/183 184/896/184 191/897/191
f 184/898/184 192/899/192 191/900/191
f 184/901/184 185/902/185 192/903/192
f 185/904/185 193/905/193 192/906/192
f 185/907/185 186/908/186 193/909/193
f 186/910/186 187/911/187 193/912/193
f 187/913/187 194/914/194 193/915/193
f 187/916/187 188/917/188 194/918/194
f 188/919/188 195/920/195 194/921/194
f 188/922/188 189/923/189 195/924/195
f 189/925/189 196/926/196 195/927/195
f 189/928/189 190/929/190 196/930/196
f 190/931/190 183/932/183 196/933/196
f 183/934/183 191/935/191 196/936/196
f 197/937/197 198/938/198 203/939/203
f 198/940/198 204/941/204 203/942/203
f 198/943/198 199/944/199 204/945/204
f 199/946/199 205/947/205 204/948/204
f 199/949/199 200/950/200 205/951/205
f 200/952/200 206/953/206 205/954/205
f 200/955/200 201/956/201 206/957/206
f 201/958/201 207/959/207 206/960/206
f 201/961/201 202/962/202 207/963/207
f 202/964/202 208/965/208 207/966/207
f 202/967/202 197/968/197 208/969/208
f 197/970/197 203/971/203 208/972/208
f 203/973/203 204/974/204 209/975/209
f 204/976/204 210/977/210 209/978/209
f 204/979/204 205/980/205 210/981/210
f 205/982/205 211/983/211 210/984/210
f 205/985/205 206/986/206 211/987/211
f 206/988/206 212/989/212 211/990/211
f 206/991/206 207/992/207 212/993/212
f 207/994/207 213/995/213 212/996/212
f 207/997/207 208/998/208 213/999/213
f 208/1000/208 214/1001/214 213/1002/213
f 208/1003/208 203/1004/203 214/1005/214
f 203/1006/203 209/1007/209 214/1008/214
f 215/1009/215 216/1010/216 221/1011/221
f 216/1012/216 222/1013/222 221/1014/221
f 216/1015/216 217/1016/217 222/1017/222
f 217/1018/217 223/1019/223 222/1020/222
f 217/1021/217 218/1022/218 223/1023/223
f 218/1024/218 224/1025/224 223/1026/223
f 218/1027/218 219/1028/219 224/1029/224
f 219/1030/219 225/1031/225 224/1032/224
f 219/1033/219 220/1034/220 225/1035/225
f 220/1036/220 226/1037/226 225/1038/225
f 220/1039/220 215/1040/215 226/1041/226
f 215/1042/215 221/1043/221 226/1044/226
f 221/1045/221 222/1046/222 227/1047/227
f 222/1048/222 228/1049/228 227/1050/227
f 222/1051/222 223/1052/223 228/1053/228
f 223/1054/223 229/1055/229 228/1056/228
f 223/1057/223 224/1058/224 229/1059/229
f 224/1060/224 230/1061/230 229/1062/229
f 224/1063/224 225/1064/225 230/1065/230
f 225/1066/225 231/1067/231 230/1068/230
f 225/1069/225 226/1070/226 231/1071/231
f 226/1072/226 232/1073/232 231/1074/231
f 226/1075/226 221/1076/221 232/1077/232
f 221/1078/221 227/1079/227 232/1080/232
f 191/1081/191 192/1082/192 233/1083/233
f 192/1084/192 234/1085/234 233/1086/233
f 192/1087/192 193/1088/193 234/1089/234
f 193/1090/193 235/1091/235 234/1092/234
f 193/1093/193 194/1094/194 235/1095/235
f 194/1096/194 236/1097/236 235/1098/235
f 194/1099/194 195/1100/195 236/1101/236
f 195/1102/195 237/1103/237 236/1104/236
f 195/1105/195 196/1106/196 237/1107/237
f 196/1108/196 238/1109/238 237/1110/237
f 196/1111/196 191/1112/191 238/1113/238
f 191/1114/191 233/1115/233 238/1116/238
f 239/1117/239 240/1118/240 245/1119/245
f 240/1120/240 246/1121/246 245/1122/245
f 240/1123/240 241/1124/241 246/1125/246
f 241/1126/241 247/1127/247 246/1128/246
f 241/1129/241 242/1130/242 247/1131/247
f 242/1132/242 248/1133/248 247/1134/247
f 242/1135/242 243/1136/243 248/1137/248
f 243/1138/243 249/1139/249 248/1140/248
f 243/1141/243 244/1142/244 249/1143/249
f 244/1144/244 250/1145/250 249/1146/249
f 244/1147/244 239/1148/239 250/1149/250
f 239/1150/239 245/1151/245 250/1152/250
f 245/1153/245 246/1154/246 251/1155/251
f 246/1156/246 252/1157/252 251/1158/251
f 246/1159/246 247/1160/247 252/1161/252
f 247/1162/247 253/1163/253 252/1164/252
f 247/1165/247 248/1166/248 253/1167/253
f 248/1168/248 254/1169/254 253/1170/253
f 248/1171/248 249/1172/249 254/1173/254
f 249/1174/249 255/1175/255 254/1176/254
f 249/1177/249 250/1178/250 255/1179/255
f 250/1180/250 256/1181/256 255/1182/255
f 250/1183/250 245/1184/245 256/1185/256
f 245/1186/245 251/1187/251 256/1188/256
f 233/1189/233 234/1190/234 257/1191/257
f 234/1192/234 258/1193/258 257/1194/257
f 234/1195/234 235/1196/235 258/1197/258
f 235/1198/235 259/1199/259 258/1200/258
f 235/1201/235 236/1202/236 259/1203/259
f 236/1204/236 260/1205/260 259/1206/259
f 236/1207/236 237/1208/237 260/1209/260
f 237/1210/237 261/1211/261 260/1212/260
f 237/1213/237 238/1214/238 261/1215/261
f 238/1216/238 262/1217/262 261/1218/261
f 238/1219/238 233/1220/233 262/1221/262
f 233/1222/233 257/1223/257 262/1224/262
f 263/1225/263 264/1226/264 269/1227/269
f 264/1228/264 270/1229/270 269/1230/269
f 264/1231/264 265/1232/265 270/1233/270
f 265/1234/265 271/1235/271 270/1236/270
f 265/1237/265 266/1238/266 271/1239/271
f 266/1240/266 272/1241/272 271/1242/271
f 266/1243/266 267/1244/267 272/1245/272
f 267/1246/267 273/1247/273 272/1248/272
f 267/1249/267 268/1250/268 273/1251/273
f 268/1252/268 274/1253/274 273/1254/273
f 268/1255/268 263/1256/263 274/1257/274
f 263/1258/263 269/1259/269 274/1260/274
o Leaves
v 3.2893 14.2685 12.1351
v 7.6381 14.2685 11.7840
v 7.3173 15.8269 7.8101
v 3.2893 14.2685 12.1351
v 7.3173 15.8269 7.8101
v 2.9685 15.8269 8.1612
v 6.7483 13.3276 12.0445
v 6.3972 13.3276 7.6957
v 3.8582 16.7678 7.9007
v 6.7483 13.3276 12.0445
v 3.8582 16.7678 7.9007
v 4.2093 16.7678 12.2495
v 6.0279 31.6957 -1.0314
v 7.7049 31.6957 -4.7883
v 3.3304 35.9742 -6.7410
v 6.0279 31.6957 -1.0314
v 3.3304 35.9742 -6.7410
v 1.6534 35.9742 -2.9840
v 7.7614 32.5733 -5.7445
v 4.0044 32.5733 -7.4215
v 1.5969 35.0966 -2.0278
v 7.7614 32.5733 -5.7445
v 1.5969 35.0966 -2.0278
v 5.3538 35.0966 -0.3508
v -7.1686 27.3809 -4.2461
v -3.8415 27.3809 -6.4481
v -5.7923 29.8681 -9.3956
v -7.1686 27.3809 -4.2461
v -5.7923 29.8681 -9.3956
v -9.1193 29.8681 -7.1937
v -3.8298 27.5214 -6.1829
v -6.0318 27.5214 -9.5100
v -9.1310 29.7276 -7.4588
v -3.8298 27.5214 -6.1829
v -9.1310 29.7276 -7.4588
v -6.9290 29.7276 -4.1318
v -1.0403 35.5982 10.2557
v 2.9328 35.5982 12.1464
v 4.8816 37.5684 8.0512
v -1.0403 35.5982 10.2557
v 4.8816 37.5684 8.0512
v 0.9085 37.5684 6.1605
v 2.5013 34.7787 11.8662
v 4.3920 34.7787 7.8931
v 1.3400 38.3879 6.4408
v 2.5013 34.7787 11.8662
v 1.3400 38.3879 6.4408
v -0.5506 38.3879 10.4138
v -8.9935 19.0024 -0.4776
v -4.2288 19.0024 2.1010
v -2.6385 20.3295 -0.8377
v -8.9935 19.0024 -0.4776
v -2.6385 20.3295 -0.8377
v -7.4031 20.3295 -3.4162
v -5.6432 18.9820 2.5159
v -3.0647 18.9820 -2.2487
v -5.9888 20.3499 -3.8312
v -5.6432 18.9820 2.5159
v -5.9888 20.3499 -3.8312
v -8.5673 20.3499 0.9334
v 10.7543 38.3721 2.0024
v 8.2367 38.3721 4.6689
v 10.1947 41.9572 6.5176
v 10.7543 38.3721 2.0024
v 10.1947 41.9572 6.5176
v 12.7124 41.9572 3.8512
v 7.7257 39.2847 4.5004
v 10.3922 39.2847 7.0181
v 13.2234 41.0446 4.0196
v 7.7257 39.2847 4.5004
v 13.2234 41.0446 4.0196
v 10.5569 41.0446 1.5019
v -8.0246 15.9175 13.5248
v -4.9160 15.9175 11.0701
v -7.3762 19.5904 7.9545
v -8.0246 15.9175 13.5248
v -7.3762 19.5904 7.9545
v -10.4848 19.5904 10.4092
v -4.5659 16.5677 10.7880
v -7.0206 16.5677 7.6794
v -10.8349 18.9402 10.6913
v -4.5659 16.5677 10.7880
v -10.8349 18.9402 10.6913
v -8.3802 18.9402 13.7999
v 0.5651 20.4170 -10.6600
v 4.0168 20.4170 -7.8763
v 5.8410 23.4412 -10.1382
v 0.5651 20.4170 -10.6600
v 5.8410 23.4412 -10.1382
v 2.3893 23.4412 -12.9219
v 2.9028 20.3700 -7.7929
v 5.6865 20.3700 -11.2446
v 3.5034 23.4882 -13.0053
v 2.9028 20.3700 -7.7929
v 3.5034 23.4882 -13.0053
v 0.7196 23.4882 -9.5536
v 13.2271 21.8118 -3.0711
v 9.2500 21.8118 -0.3809
v 11.4253 25.5330 2.8348
v 13.2271 21.8118 -3.0711
v 11.4253 25.5330 2.8348
v 15.4023 25.5330 0.1446
v 9.7090 21.4652 -1.2462
v 12.3992 21.4652 2.7308
v 14.9433 25.8796 1.0099
v 9.7090 21.4652 -1.2462
v 14.9433 25.8796 1.0099
v 12.2531 25.8796 -2.9671
v -6.3407 40.4315 4.6618
v -3.6927 40.4315 1.2731
v -5.9546 42.7322 -0.4944
v -6.3407 40.4315 4.6618
v -5.9546 42.7322 -0.4944
v -8.6026 42.7322 2.8943
v -3.6245 40.3283 2.3471
v -7.0132 40.3283 -0.3009
v -8.6708 42.8354 1.8204
v -3.6245 40.3283 2.3471
v -8.6708 42.8354 1.8204
v -5.2821 42.8354 4.4684
v -5.2721 25.4266 15.2973
v -3.7251 25.4266 19.2193
v 0.1374 27.9219 17.6956
v -5.2721 25.4266 15.2973
v 0.1374 27.9219 17.6956
v -1.4097 27.9219 13.7737
v -3.8775 25.0246 18.9198
v 0.0444 25.0246 17.3728
v -1.2572 28.3238 14.0731
v -3.8775 25.0246 18.9198
v -1.2572 28.3238 14.0731
v -5.1791 28.3238 15.6202
v -3.5571 29.6367 -12.1833
v -7.1867 29.6367 -14.7750
v -10.0488 31.9264 -10.7668
v -3.5571 29.6367 -12.1833
v -10.0488 31.9264 -10.7668
v -6.4192 31.9264 -8.1751
v -6.6813 28.4808 -14.1283
v -9.2730 28.4808 -10.4986
v -6.9246 33.0823 -8.8218
v -6.6813 28.4808 -14.1283
v -6.9246 33.0823 -8.8218
v -4.3329 33.0823 -12.4515
v -11.7824 16.6843 -13.3492
v -11.2490 16.6843 -8.5469
v -7.5133 19.3330 -8.9618
v -11.7824 16.6843 -13.3492
v -7.5133 19.3330 -8.9618
v -8.0468 19.3330 -13.7642
v -11.8386 16.7237 -8.9940
v -7.0362 16.7237 -9.5275
v -7.4572 19.2936 -13.3171
v -11.8386 16.7237 -8.9940
v -7.4572 19.2936 -13.3171
v -12.2595 19.2936 -12.7836
v -9.1181 20.1274 -10.6881
v -14.4691 20.1274 -11.1539
v -14.7890 21.5456 -7.4783
v -9.1181 20.1274 -10.6881
v -14.7890 21.5456 -7.4783
v -9.4380 21.5456 -7.0126
v -13.5577 20.1254 -11.9186
v -14.0234 20.1254 -6.5676
v -10.3494 21.5476 -6.2478
v -13.5577 20.1254 -11.9186
v -10.3494 21.5476 -6.2478
v -9.8836 21.5476 -11.5988
v 1.8834 8.3365 -4.0431
v -1.2880 8.3365 0.2775
v 0.4396 11.9672 1.5455
v 1.8834 8.3365 -4.0431
v 0.4396 11.9672 1.5455
v 3.6109 11.9672 -2.7750
v -1.8606 8.6280 -1.6603
v 2.4599 8.6280 1.5110
v 4.1836 11.6758 -0.8372
v -1.8606 8.6280 -1.6603
v 4.1836 11.6758 -0.8372
v -0.1370 11.6758 -4.0086
v 9.7805 25.1778 6.1774
v 13.7978 25.1778 8.8606
v 15.3286 28.2370 6.5687
v 9.7805 25.1778 6.1774
v 15.3286 28.2370 6.5687
v 11.3112 28.2370 3.8855
v 12.5449 25.4140 9.2714
v 15.2281 25.4140 5.2540
v 12.5641 28.0008 3.4747
v 12.5449 25.4140 9.2714
v 12.5641 28.0008 3.4747
v 9.8809 28.0008 7.4921
v -11.1530 36.9413 -7.2830
v -6.7600 36.9413 -7.6536
v -7.1301 40.1776 -12.0406
v -11.1530 36.9413 -7.2830
v -7.1301 40.1776 -12.0406
v -11.5231 40.1776 -11.6700
v -6.9908 36.6690 -7.6312
v -7.3614 36.6690 -12.0241
v -11.2923 40.4498 -11.6925
v -6.9908 36.6690 -7.6312
v -11.2923 40.4498 -11.6925
v -10.9217 40.4498 -7.2995
v 4.2642 22.1809 6.6454
v 6.4548 22.1809 9.8803
v 8.3944 24.8346 8.5669
v 4.2642 22.1809 6.6454
v 8.3944 24.8346 8.5669
v 6.2038 24.8346 5.3320
v 5.3567 22.1625 9.6538
v 8.5916 22.1625 7.4632
v 7.3018 24.8529 5.5585
v 5.3567 22.1625 9.6538
v 7.3018 24.8529 5.5585
v 4.0669 24.8529 7.7491
v -8.7828 30.5667 7.0123
v -12.1917 30.5667 5.2381
v -13.9621 32.7875 8.6396
v -8.7828 30.5667 7.0123
v -13.9621 32.7875 8.6396
v -10.5532 32.7875 10.4139
v -11.6055 29.8565 5.5385
v -13.3798 29.8565 8.9474
v -11.1394 33.4977 10.1134
v -11.6055 29.8565 5.5385
v -11.1394 33.4977 10.1134
v -9.3651 33.4977 6.7046
v -17.4657 11.9250 5.7075
v -18.7376 11.9250 10.7940
v -15.6622 15.0017 11.5631
v -17.4657 11.9250 5.7075
v -15.6622 15.0017 11.5631
v -14.3903 15.0017 6.4765
v -19.5462 12.1968 9.7549
v -14.4597 12.1968 11.0268
v -13.5817 14.7299 7.5157
v -19.5462 12.1968 9.7549
v -13.5817 14.7299 7.5157
v -18.6682 14.7299 6.2438
v 8.1731 20.4937 -8.1031
v 4.3167 20.4937 -5.9644
v 6.1215 22.4513 -2.7100
v 8.1731 20.4937 -8.1031
v 6.1215 22.4513 -2.7100
v 9.9779 22.4513 -4.8487
v 5.0531 19.7271 -6.7663
v 7.1917 19.7271 -2.9099
v 9.2416 23.2179 -4.0468
v 5.0531 19.7271 -6.7663
v 9.2416 23.2179 -4.0468
v 7.1029 23.2179 -7.9032
v 14.2664 34.9850 10.4087
v 17.5353 34.9850 8.2466
v 15.9649 38.5792 5.8724
v 14.2664 34.9850 10.4087
v 15.9649 38.5792 5.8724
v 12.6961 38.5792 8.0346
v 17.8901 35.7176 8.6549
v 15.7280 35.7176 5.3861
v 12.3412 37.8466 7.6262
v 17.8901 35.7176 8.6549
v 12.3412 37.8466 7.6262
v 14.5034 37.8466 10.8951
v -3.2537 14.3040 13.1946
v 0.9004 14.3040 12.8059
v 0.6122 17.8868 9.7253
v -3.2537 14.3040 13.1946
v 0.6122 17.8868 9.7253
v -3.5420 17.8868 10.1140
v 0.6930 14.5910 13.3668
v 0.3042 14.5910 9.2126
v -3.3345 17.5998 9.5531
v 0.6930 14.5910 13.3668
v -3.3345 17.5998 9.5531
v -2.9458 17.5998 13.7073
v -3.0816 41.9851 -0.3901
v 1.1824 41.9851 0.7333
v 2.0735 44.2538 -2.6489
v -3.0816 41.9851 -0.3901
v 2.0735 44.2538 -2.6489
v -2.1904 44.2538 -3.7723
v 0.2077 41.5036 0.9480
v 1.3311 41.5036 -3.3160
v -1.2157 44.7353 -3.9870
v 0.2077 41.5036 0.9480
v -1.2157 44.7353 -3.9870
v -2.3392 44.7353 0.2769
v 16.8999 32.5751 0.8373
v 12.6079 32.5751 -0.0197
v 12.0534 36.2279 2.7571
v 16.8999 32.5751 0.8373
v 12.0534 36.2279 2.7571
v 16.3453 36.2279 3.6142
v 13.1755 32.9085 -0.6942
v 12.3184 32.9085 3.5978
v 15.7778 35.8945 4.2886
v 13.1755 32.9085 -0.6942
v 15.7778 35.8945 4.2886
v 16.6349 35.8945 -0.0033
v 7.7552 16.4169 5.5161
v 11.8014 16.4169 10.1417
v 14.6015 18.6836 7.6923
v 7.7552 16.4169 5.5161
v 14.6015 18.6836 7.6923
v 10.5553 18.6836 3.0667
v 9.8887 16.0238 9.7969
v 14.5142 16.0238 5.7507
v 12.4680 19.0767 3.4115
v 9.8887 16.0238 9.7969
v 12.4680 19.0767 3.4115
v 7.8425 19.0767 7.4577
v -2.2940 21.5438 2.0274
v -6.1237 21.5438 2.6038
v -5.6510 26.0678 5.7445
v -2.2940 21.5438 2.0274
v -5.6510 26.0678 5.7445
v -1.8213 26.0678 5.1681
v -5.9578 21.6394 2.2265
v -5.3814 21.6394 6.0562
v -1.9873 25.9722 5.5454
v -5.9578 21.6394 2.2265
v -1.9873 25.9722 5.5454
v -2.5636 25.9722 1.7157
v 1.0701 42.6086 5.1431
v 5.2782 42.6086 5.8436
v 5.7762 47.0562 2.8518
v 1.0701 42.6086 5.1431
v 5.7762 47.0562 2.8518
v 1.5681 47.0562 2.1513
v 4.4725 42.5451 6.3345
v 5.1730 42.5451 2.1264
v 2.3738 47.1197 1.6604
v 4.4725 42.5451 6.3345
v 2.3738 47.1197 1.6604
v 1.6733 47.1197 5.8685
v 9.2689 14.7838 10.5330
v 4.4612 14.7838 11.4218
v 5.1503 17.7572 15.1496
v 9.2689 14.7838 10.5330
v 5.1503 17.7572 15.1496
v 9.9580 17.7572 14.2609
v 4.9995 14.6646 10.7639
v 5.8883 14.6646 15.5716
v 9.4197 17.8764 14.9188
v 4.9995 14.6646 10.7639
v 9.4197 17.8764 14.9188
v 8.5309 17.8764 10.1111
v 0.1639 33.4738 -10.4684
v -3.8885 33.4738 -6.9106
v -1.3674 35.7414 -4.0392
v 0.1639 33.4738 -10.4684
v -1.3674 35.7414 -4.0392
v 2.6849 35.7414 -7.5970
v -3.7127 33.2682 -8.1105
v -0.1549 33.2682 -4.0582
v 2.5091 35.9470 -6.3971
v -3.7127 33.2682 -8.1105
v 2.5091 35.9470 -6.3971
v -1.0487 35.9470 -10.4494
v -9.1285 34.7569 -3.0622
v -6.6109 34.7569 0.6316
v -2.6439 36.8520 -2.0722
v -9.1285 34.7569 -3.0622
v -2.6439 36.8520 -2.0722
v -5.1614 36.8520 -5.7660
v -6.9234 33.6152 -0.1205
v -3.2297 33.6152 -2.6381
v -4.8489 37.9937 -5.0139
v -6.9234 33.6152 -0.1205
v -4.8489 37.9937 -5.0139
v -8.5427 37.9937 -2.4963
v -14.1821 16.0653 -0.5220
v -16.9722 16.0653 -4.0648
v -18.6589 17.7933 -2.7364
v -14.1821 16.0653 -0.5220
v -18.6589 17.7933 -2.7364
v -15.8688 17.7933 0.8063
v -15.3398 16.1215 -3.9014
v -18.8826 16.1215 -1.1113
v -17.5011 17.7370 0.6429
v -15.3398 16.1215 -3.9014
v -17.5011 17.7370 0.6429
v -13.9583 17.7370 -2.1472
v -2.6862 35.1414 3.4096
v -6.0129 35.1414 5.6407
v -4.1240 38.7336 8.4572
v -2.6862 35.1414 3.4096
v -4.1240 38.7336 8.4572
v -0.7973 38.7336 6.2262
v -6.2667 35.6409 5.4411
v -4.0356 35.6409 8.7678
v -0.5435 38.2341 6.4258
v -6.2667 35.6409 5.4411
v -0.5435 38.2341 6.4258
v -2.7746 38.2341 3.0991
v -2.1742 20.8555 5.5647
v -6.5700 20.8555 6.9610
v -5.5611 22.3668 10.1372
v -2.1742 20.8555 5.5647
v -5.5611 22.3668 10.1372
v -1.1653 22.3668 8.7409
v -5.9478 20.4954 6.0920
v -4.5515 20.4954 10.4878
v -1.7875 22.7268 9.6099
v -5.9478 20.4954 6.0920
v -1.7875 22.7268 9.6099
v -3.1838 22.7268 5.2140
v -13.4023 22.7419 -2.9699
v -17.2450 22.7419 -2.8828
v -17.1684 24.8571 0.5016
v -13.4023 22.7419 -2.9699
v -17.1684 24.8571 0.5016
v -13.3257 24.8571 0.4146
v -17.1966 23.0971 -3.1132
v -17.1096 23.0971 0.7295
v -13.3741 24.5019 0.6449
v -17.1966 23.0971 -3.1132
v -13.3741 24.5019 0.6449
v -13.4611 24.5019 -3.1978
v -0.0631 25.1246 11.6375
v -3.2809 25.1246 15.5779
v 0.2037 27.3083 18.4236
v -0.0631 25.1246 11.6375
v 0.2037 27.3083 18.4236
v 3.4215 27.3083 14.4831
v -2.9895 24.4042 14.7560
v 0.9509 24.4042 17.9738
v 3.1302 28.0287 15.3051
v -2.9895 24.4042 14.7560
v 3.1302 28.0287 15.3051
v -0.8103 28.0287 12.0873
v -13.8297 28.5599 13.0417
v -9.5199 28.5599 13.8629
v -9.1532 31.1364 11.9388
v -13.8297 28.5599 13.0417
v -9.1532 31.1364 11.9388
v -13.4630 31.1364 11.1175
v -10.8949 28.5961 14.8371
v -10.0737 28.5961 10.5272
v -12.0880 31.1002 10.1434
v -10.8949 28.5961 14.8371
v -12.0880 31.1002 10.1434
v -12.9092 31.1002 14.4532
v 0.2823 17.4432 -8.0900
v 5.0521 17.4432 -4.9426
v 7.3247 20.6639 -8.3867
v 0.2823 17.4432 -8.0900
v 7.3247 20.6639 -8.3867
v 2.5548 20.6639 -11.5341
v 4.2370 18.0208 -4.5290
v 7.3844 18.0208 -9.2988
v 3.3699 20.0863 -11.9477
v 4.2370 18.0208 -4.5290
v 3.3699 20.0863 -11.9477
v 0.2226 20.0863 -7.1779
v 6.9661 20.1257 -12.2309
v 8.4689 20.1257 -8.7598
v 10.4680 22.6002 -9.6254
v 6.9661 20.1257 -12.2309
v 10.4680 22.6002 -9.6254
v 8.9652 22.6002 -13.0964
v 7.5206 20.4269 -8.9316
v 10.9917 20.4269 -10.4344
v 9.9135 22.2991 -12.9247
v 7.5206 20.4269 -8.9316
v 9.9135 22.2991 -12.9247
v 6.4425 22.2991 -11.4218
v -6.9966 33.3590 9.8639
v -6.9032 33.3590 14.1929
v -4.0614 35.2513 14.1316
v -6.9966 33.3590 9.8639
v -4.0614 35.2513 14.1316
v -4.1548 35.2513 9.8026
v -7.6712 32.9456 13.0771
v -3.3422 32.9456 12.9836
v -3.3868 35.6647 10.9184
v -7.6712 32.9456 13.0771
v -3.3868 35.6647 10.9184
v -7.7158 35.6647 11.0119
v -11.6403 13.3789 -0.2940
v -9.4942 13.3789 5.3188
v -7.2020 15.5012 4.4423
v -11.6403 13.3789 -0.2940
v -7.2020 15.5012 4.4423
v -9.3481 15.5012 -1.1704
v -11.8574 13.1919 4.1151
v -6.2447 13.1919 1.9691
v -6.9849 15.6882 0.0333
v -11.8574 13.1919 4.1151
v -6.9849 15.6882 0.0333
v -12.5976 15.6882 2.1793
v -0.4886 28.1811 5.2376
v 0.2328 28.1811 9.5087
v 5.4875 30.2860 8.6211
v -0.4886 28.1811 5.2376
v 5.4875 30.2860 8.6211
v 4.7661 30.2860 4.3500
v 0.7884 27.9260 9.8036
v 5.0596 27.9260 9.0821
v 4.2105 30.5411 4.0551
v 0.7884 27.9260 9.8036
v 4.2105 30.5411 4.0551
v -0.0606 30.5411 4.7766
v -6.1194 16.1122 13.9682
v -9.7045 16.1122 17.4795
v -6.7946 19.5689 20.4505
v -6.1194 16.1122 13.9682
v -6.7946 19.5689 20.4505
v -3.2095 19.5689 16.9393
v -9.9268 16.5942 17.0957
v -6.4156 16.5942 20.6808
v -2.9872 19.0870 17.3230
v -9.9268 16.5942 17.0957
v -2.9872 19.0870 17.3230
v -6.4984 19.0870 13.7379
v -6.9590 26.8503 2.0592
v -5.9213 26.8503 -1.4628
v -8.4437 28.0925 -2.2060
v -6.9590 26.8503 2.0592
v -8.4437 28.0925 -2.2060
v -9.4814 28.0925 1.3161
v -5.6498 26.4428 -0.5405
v -9.1719 26.4428 -1.5782
v -9.7529 28.5000 0.3938
v -5.6498 26.4428 -0.5405
v -9.7529 28.5000 0.3938
v -6.2308 28.5000 1.4314
v -11.9009 21.7895 9.1862
v -9.1176 21.7895 5.3168
v -13.3224 23.7289 2.2923
v -11.9009 21.7895 9.1862
v -13.3224 23.7289 2.2923
v -16.1057 23.7289 6.1618
v -9.2400 21.4974 5.1333
v -13.1095 21.4974 2.3500
v -15.9833 24.0209 6.3453
v -9.2400 21.4974 5.1333
v -15.9833 24.0209 6.3453
v -12.1138 24.0209 9.1286
v -7.8626 25.8526 -11.7944
v -12.4510 25.8526 -13.1658
v -13.5641 27.7522 -9.4416
v -7.8626 25.8526 -11.7944
v -13.5641 27.7522 -9.4416
v -8.9757 27.7522 -8.0702
v -11.1568 24.9885 -13.2496
v -12.5282 24.9885 -8.6613
v -10.2699 28.6164 -7.9863
v -11.1568 24.9885 -13.2496
v -10.2699 28.6164 -7.9863
v -8.8985 28.6164 -12.5747
v 4.5830 37.6758 8.0182
v 1.7286 37.6758 4.3808
v -0.8753 42.1403 6.4242
v 4.5830 37.6758 8.0182
v -0.8753 42.1403 6.4242
v 1.9792 42.1403 10.0616
v 2.3230 38.1927 4.0742
v -1.3144 38.1927 6.9286
v 1.3848 41.6235 10.3682
v 2.3230 38.1927 4.0742
v 1.3848 41.6235 10.3682
v 5.0222 41.6235 7.5138
v 3.1386 27.3178 -2.0850
v -0.5650 27.3178 -4.3796
v -2.8079 29.0918 -0.7596
v 3.1386 27.3178 -2.0850
v -2.8079 29.0918 -0.7596
v 0.8958 29.0918 1.5350
v 0.2129 26.2952 -3.9555
v -2.0817 26.2952 -0.2518
v 0.1178 30.1145 1.1109
v 0.2129 26.2952 -3.9555
v 0.1178 30.1145 1.1109
v 2.4125 30.1145 -2.5927
v 7.9206 29.4517 -3.1088
v 10.5309 29.4517 0.7757
v 12.9645 33.9477 -0.8597
v 7.9206 29.4517 -3.1088
v 12.9645 33.9477 -0.8597
v 10.3543 33.9477 -4.7441
v 9.8695 30.6150 1.3584
v 13.7540 30.6150 -1.2519
v 11.0157 32.7845 -5.3269
v 9.8695 30.6150 1.3584
v 11.0157 32.7845 -5.3269
v 7.1312 32.7845 -2.7166
v 7.3994 26.2564 10.9947
v 5.6785 26.2564 7.2234
v 3.8472 29.1852 8.0590
v 7.3994 26.2564 10.9947
v 3.8472 29.1852 8.0590
v 5.5682 29.1852 11.8304
v 6.9185 26.6561 7.3722
v 3.1471 26.6561 9.0931
v 4.3282 28.7855 11.6815
v 6.9185 26.6561 7.3722
v 4.3282 28.7855 11.6815
v 8.0996 28.7855 9.9606
v 12.1154 33.8302 2.8360
v 8.0036 33.8302 5.0006
v 9.3264 37.0240 7.5135
v 12.1154 33.8302 2.8360
v 9.3264 37.0240 7.5135
v 13.4383 37.0240 5.3488
v 8.1178 34.1573 3.9194
v 10.2825 34.1573 8.0313
v 13.3240 36.6970 6.4301
v 8.1178 34.1573 3.9194
v 13.3240 36.6970 6.4301
v 11.1594 36.6970 2.3182
v -5.0015 38.5526 0.5746
v -3.2717 38.5526 3.5624
v -1.5655 41.9030 2.5746
v -5.0015 38.5526 0.5746
v -1.5655 41.9030 2.5746
v -3.2954 41.9030 -0.4132
v -4.1993 38.6637 3.4382
v -1.2114 38.6637 1.7083
v -2.3678 41.7919 -0.2889
v -4.1993 38.6637 3.4382
v -2.3678 41.7919 -0.2889
v -5.3556 41.7919 1.4409
v -2.7453 19.6830 -6.8718
v -0.6265 19.6830 -11.6529
v -4.9606 23.9217 -13.5737
v -2.7453 19.6830 -6.8718
v -4.9606 23.9217 -13.5737
v -7.0795 23.9217 -8.7925
v -0.3121 20.3704 -11.7589
v -5.0933 20.3704 -13.8777
v -7.3938 23.2342 -8.6866
v -0.3121 20.3704 -11.7589
v -7.3938 23.2342 -8.6866
v -2.6127 23.2342 -6.5678
v -12.8235 17.5660 -13.0674
v -13.8995 17.5660 -17.1472
v -17.6815 19.6856 -16.1497
v -12.8235 17.5660 -13.0674
v -17.6815 19.6856 -16.1497
v -16.6055 19.6856 -12.0699
v -13.5281 16.7772 -16.3427
v -17.6079 16.7772 -15.2667
v -16.9769 20.4744 -12.8743
v -13.5281 16.7772 -16.3427
v -16.9769 20.4744 -12.8743
v -12.8971 20.4744 -13.9503
v 12.4781 23.3493 1.7894
v 16.0540 23.3493 5.1995
v 18.0357 27.1167 3.1214
v 12.4781 23.3493 1.7894
v 18.0357 27.1167 3.1214
v 14.4599 27.1167 -0.2887
v 14.6391 23.4020 5.2801
v 18.0492 23.4020 1.7043
v 15.8747 27.0640 -0.3694
v 14.6391 23.4020 5.2801
v 15.8747 27.0640 -0.3694
v 12.4647 27.0640 3.2065
v -9.0020 14.4890 -4.4572
v -12.8484 14.4890 -3.5204
v -12.0593 17.9447 -0.2805
v -9.0020 14.4890 -4.4572
v -12.0593 17.9447 -0.2805
v -8.2129 17.9447 -1.2173
v -13.1860 15.3810 -3.7594
v -12.2492 15.3810 0.0870
v -7.8752 17.0527 -0.9783
v -13.1860 15.3810 -3.7594
v -7.8752 17.0527 -0.9783
v -8.8120 17.0527 -4.8247
v -4.0408 33.3163 -11.9959
v -5.0074 33.3163 -16.3670
v -8.3766 37.5206 -15.6219
v -4.0408 33.3163 -11.9959
v -8.3766 37.5206 -15.6219
v -7.4100 37.5206 -11.2508
v -4.5626 34.3434 -16.7314
v -8.9337 34.3434 -15.7647
v -7.8548 36.4935 -10.8865
v -4.5626 34.3434 -16.7314
v -7.8548 36.4935 -10.8865
v -3.4838 36.4935 -11.8532
v -4.4599 15.6967 -12.3516
v -0.9897 15.6967 -10.9774
v 0.8819 18.1240 -15.7035
v -4.4599 15.6967 -12.3516
v 0.8819 18.1240 -15.7035
v -2.5883 18.1240 -17.0777
v -0.1019 15.7220 -11.3523
v 1.2723 15.7220 -14.8225
v -3.4761 18.0987 -16.7028
v -0.1019 15.7220 -11.3523
v -3.4761 18.0987 -16.7028
v -4.8502 18.0987 -13.2326
v 18.4239 35.0775 1.0679
v 16.6240 35.0775 4.1871
v 20.3262 37.3885 6.3235
v 18.4239 35.0775 1.0679
v 20.3262 37.3885 6.3235
v 22.1261 37.3885 3.2042
v 16.8933 34.6523 4.3937
v 20.0126 34.6523 6.1937
v 21.8568 37.8138 2.9976
v 16.8933 34.6523 4.3937
v 21.8568 37.8138 2.9976
v 18.7376 37.8138 1.1977
v 5.1660 38.9852 -1.5785
v 0.2658 38.9852 -2.3176
v -0.2774 40.8247 1.2836
v 5.1660 38.9852 -1.5785
v -0.2774 40.8247 1.2836
v 4.6229 40.8247 2.0227
v 1.0864 38.8515 -2.8581
v 0.3473 38.8515 2.0422
v 3.8023 40.9584 2.5632
v 1.0864 38.8515 -2.8581
v 3.8023 40.9584 2.5632
v 4.5414 40.9584 -2.3370
v 5.2223 44.4997 3.6803
v 6.8588 44.4997 7.5963
v 9.7518 48.0650 6.3873
v 5.2223 44.4997 3.6803
v 9.7518 48.0650 6.3873
v 8.1154 48.0650 2.4714
v 6.2848 44.9428 7.6604
v 10.2007 44.9428 6.0239
v 8.6894 47.6219 2.4073
v 6.2848 44.9428 7.6604
v 8.6894 47.6219 2.4073
v 4.7734 47.6219 4.0437
v -0.3106 17.3594 13.6016
v 1.4388 17.3594 16.7538
v 4.8538 19.8853 14.8586
v -0.3106 17.3594 13.6016
v 4.8538 19.8853 14.8586
v 3.1043 19.8853 11.7064
v 1.5275 17.0512 16.6041
v 4.6798 17.0512 14.8547
v 3.0156 20.1935 11.8561
v 1.5275 17.0512 16.6041
v 3.0156 20.1935 11.8561
v -0.1366 20.1935 13.6056
v -17.8676 14.8650 -10.9443
v -13.1173 14.8650 -8.1771
v -12.1644 17.9764 -9.8129
v -17.8676 14.8650 -10.9443
v -12.1644 17.9764 -9.8129
v -16.9146 17.9764 -12.5802
v -14.9466 15.7219 -7.1570
v -12.1793 15.7219 -11.9073
v -15.0854 17.1196 -13.6002
v -14.9466 15.7219 -7.1570
v -15.0854 17.1196 -13.6002
v -17.8527 17.1196 -8.8499
v 13.3522 14.3355 10.3070
v 8.6301 14.3355 8.7467
v 7.0950 16.1652 13.3925
v 13.3522 14.3355 10.3070
v 7.0950 16.1652 13.3925
v 11.8171 16.1652 14.9528
v 9.4164 13.2437 8.9641
v 7.8560 13.2437 13.6863
v 11.0308 17.2571 14.7353
v 9.4164 13.2437 8.9641
v 11.0308 17.2571 14.7353
v 12.5911 17.2571 10.0132
v 0.1745 23.1586 -0.9313
v 3.3492 23.1586 -3.6165
v 1.0945 25.4371 -6.2822
v 0.1745 23.1586 -0.9313
v 1.0945 25.4371 -6.2822
v -2.0802 25.4371 -3.5971
v 3.1916 22.9507 -3.0468
v 0.5065 22.9507 -6.2214
v -1.9227 25.6450 -4.1668
v 3.1916 22.9507 -3.0468
v -1.9227 25.6450 -4.1668
v 0.7625 25.6450 -0.9922
v -3.5957 39.0441 -1.7204
v -6.2989 39.0441 -6.2581
v -8.4564 42.0388 -4.9728
v -3.5957 39.0441 -1.7204
v -8.4564 42.0388 -4.9728
v -5.7532 42.0388 -0.4352
v -4.6913 39.8428 -6.2661
v -9.2289 39.8428 -3.5629
v -7.3609 41.2402 -0.4272
v -4.6913 39.8428 -6.2661
v -7.3609 41.2402 -0.4272
v -2.8232 41.2402 -3.1304
v 0.7797 7.7859 -2.2101
v -5.1412 7.7859 -2.0174
v -5.0819 10.6746 -0.1977
v 0.7797 7.7859 -2.2101
v -5.0819 10.6746 -0.1977
v 0.8389 10.6746 -0.3903
v -3.4160 7.9860 -4.1263
v -3.2233 7.9860 1.7946
v -0.8862 10.4744 1.7185
v -3.4160 7.9860 -4.1263
v -0.8862 10.4744 1.7185
v -1.0789 10.4744 -4.2023
v 7.4714 38.7454 3.5989
v 3.8400 38.7454 5.4507
v 6.0213 41.1413 9.7284
v 7.4714 38.7454 3.5989
v 6.0213 41.1413 9.7284
v 9.6527 41.1413 7.8766
v 3.5774 39.0161 5.9917
v 5.4292 39.0161 9.6231
v 9.9153 40.8706 7.3356
v 3.5774 39.0161 5.9917
v 9.9153 40.8706 7.3356
v 8.0635 40.8706 3.7042
v -1.2460 31.4434 1.3512
v -3.2771 31.4434 -3.7698
v -5.4094 34.5367 -2.9241
v -1.2460 31.4434 1.3512
v -5.4094 34.5367 -2.9241
v -3.3783 34.5367 2.1969
v -1.3384 31.8464 -3.2420
v -6.4594 31.8464 -1.2109
v -5.3171 34.1337 1.6691
v -1.3384 31.8464 -3.2420
v -5.3171 34.1337 1.6691
v -0.1961 34.1337 -0.3620
v -3.6426 24.3509 -15.1273
v -3.5474 24.3509 -10.9667
v 1.5201 26.7167 -11.0826
v -3.6426 24.3509 -15.1273
v 1.5201 26.7167 -11.0826
v 1.4249 26.7167 -15.2432
v -3.1012 23.3656 -11.2911
v 1.0594 23.3656 -11.3863
v 0.9786 27.7021 -14.9188
v -3.1012 23.3656 -11.2911
v 0.9786 27.7021 -14.9188
v -3.1820 27.7021 -14.8236
v -9.6421 21.0138 -9.8923
v -11.0645 21.0138 -15.1953
v -14.2684 24.5643 -14.3360
v -9.6421 21.0138 -9.8923
v -14.2684 24.5643 -14.3360
v -12.8460 24.5643 -9.0330
v -9.7478 21.0673 -14.4809
v -15.0508 21.0673 -13.0585
v -14.1627 24.5108 -9.7475
v -9.7478 21.0673 -14.4809
v -14.1627 24.5108 -9.7475
v -8.8597 24.5108 -11.1698
v 0.1195 21.2533 12.0191
v 2.3839 21.2533 8.0564
v -0.2686 22.9804 6.5407
v 0.1195 21.2533 12.0191
v -0.2686 22.9804 6.5407
v -2.5330 22.9804 10.5033
v 2.5426 20.9184 9.2993
v -1.4200 20.9184 7.0348
v -2.6918 23.3153 9.2605
v 2.5426 20.9184 9.2993
v -2.6918 23.3153 9.2605
v 1.2708 23.3153 11.5249
v -9.9259 30.9519 -6.6460
v -5.8968 30.9519 -3.7476
v -4.3591 33.8211 -5.8852
v -9.9259 30.9519 -6.6460
v -4.3591 33.8211 -5.8852
v -8.3882 33.8211 -8.7836
v -7.1643 31.5501 -3.2242
v -4.2658 31.5501 -7.2533
v -7.1207 33.2229 -9.3070
v -7.1643 31.5501 -3.2242
v -7.1207 33.2229 -9.3070
v -10.0192 33.2229 -5.2779
v -4.9855 13.2911 -8.1578
v -6.7134 13.2911 -1.8726
v -3.3896 14.9217 -0.9588
v -4.9855 13.2911 -8.1578
v -3.3896 14.9217 -0.9588
v -1.6617 14.9217 -7.2440
v -7.7703 13.1689 -3.8214
v -1.4851 13.1689 -2.0934
v -0.6048 15.0439 -5.2952
v -7.7703 13.1689 -3.8214
v -0.6048 15.0439 -5.2952
v -6.8900 15.0439 -7.0231
v -9.1631 31.1029 12.1975
v -5.4310 31.1029 9.6036
v -7.5717 33.8673 6.5235
v -9.1631 31.1029 12.1975
v -7.5717 33.8673 6.5235
v -11.3038 33.8673 9.1174
v -6.0723 30.4975 10.5328
v -8.6662 30.4975 6.8007
v -10.6625 34.4727 8.1882
v -6.0723 30.4975 10.5328
v -10.6625 34.4727 8.1882
v -8.0686 34.4727 11.9203
v 6.5093 24.7274 -5.6499
v 7.3205 24.7274 -0.7091
v 10.0732 26.5611 -1.1611
v 6.5093 24.7274 -5.6499
v 10.0732 26.5611 -1.1611
v 9.2620 26.5611 -6.1019
v 5.9740 24.2684 -2.0674
v 10.9148 24.2684 -2.8786
v 10.6086 27.0201 -4.7436
v 5.9740 24.2684 -2.0674
v 10.6086 27.0201 -4.7436
v 5.6678 27.0201 -3.9324
v 13.1526 21.7742 9.8436
v 13.4447 21.7742 4.9727
v 11.2999 24.0544 4.8441
v 13.1526 21.7742 9.8436
v 11.2999 24.0544 4.8441
v 11.0078 24.0544 9.7150
v 14.7370 21.9800 6.2347
v 9.8661 21.9800 5.9426
v 9.7156 23.8485 8.4531
v 14.7370 21.9800 6.2347
v 9.7156 23.8485 8.4531
v 14.5864 23.8485 8.7451
v -8.9437 22.9166 1.0847
v -5.9067 22.9166 -1.0863
v -7.9164 24.8733 -3.8977
v -8.9437 22.9166 1.0847
v -7.9164 24.8733 -3.8977
v -10.9534 24.8733 -1.7267
v -5.8599 23.1124 -0.9493
v -8.0309 23.1124 -3.9863
v -11.0001 24.6776 -1.8637
v -5.8599 23.1124 -0.9493
v -11.0001 24.6776 -1.8637
v -8.8292 24.6776 1.1732
v 9.5442 24.2762 13.2481
v 12.2466 24.2762 8.4993
v 8.9333 26.3236 6.6139
v 9.5442 24.2762 13.2481
v 8.9333 26.3236 6.6139
v 6.2309 26.3236 11.3627
v 12.5000 24.0891 9.7238
v 7.7512 24.0891 7.0214
v 5.9775 26.5107 10.1382
v 12.5000 24.0891 9.7238
v 5.9775 26.5107 10.1382
v 10.7264 26.5107 12.8406
v -9.2150 24.0173 -5.8745
v -13.1873 24.0173 -6.5902
v -13.8281 25.5352 -3.0334
v -9.2150 24.0173 -5.8745
v -13.8281 25.5352 -3.0334
v -9.8558 25.5352 -2.3178
v -12.7876 23.7185 -6.7327
v -13.5033 23.7185 -2.7604
v -10.2555 25.8340 -2.1753
v -12.7876 23.7185 -6.7327
v -10.2555 25.8340 -2.1753
v -9.5399 25.8340 -6.1476
v -9.9737 31.2140 10.7141
v -11.9924 31.2140 15.0155
v -9.7637 35.0541 16.0614
v -9.9737 31.2140 10.7141
v -9.7637 35.0541 16.0614
v -7.7450 35.0541 11.7601
v -12.8036 31.7945 14.0495
v -8.5022 31.7945 16.0681
v -6.9338 34.4736 12.7261
v -12.8036 31.7945 14.0495
v -6.9338 34.4736 12.7261
v -11.2352 34.4736 10.7074
v 3.9702 15.3703 0.9118
v 4.5133 15.3703 -5.3785
v 0.9691 20.0749 -5.6845
v 3.9702 15.3703 0.9118
v 0.9691 20.0749 -5.6845
v 0.4260 20.0749 0.6058
v 5.8264 16.0943 -4.5645
v -0.4640 16.0943 -5.1076
v -0.8870 19.3509 -0.2082
v 5.8264 16.0943 -4.5645
v -0.8870 19.3509 -0.2082
v 5.4033 19.3509 0.3349
v -9.0518 36.4584 5.0176
v -5.5474 36.4584 7.9596
v -3.0283 38.0366 4.9589
v -9.0518 36.4584 5.0176
v -3.0283 38.0366 4.9589
v -6.5326 38.0366 2.0169
v -6.1672 36.0720 7.8685
v -3.2252 36.0720 4.3642
v -5.9128 38.4231 2.1079
v -6.1672 36.0720 7.8685
v -5.9128 38.4231 2.1079
v -8.8548 38.4231 5.6123
v -0.9878 24.8318 -7.4257
v 2.2245 24.8318 -4.1936
v 3.6897 27.7840 -5.6498
v -0.9878 24.8318 -7.4257
v 3.6897 27.7840 -5.6498
v 0.4774 27.7840 -8.8819
v 0.3712 24.7488 -4.2914
v 3.6032 24.7488 -7.5037
v 2.3307 27.8671 -8.7840
v 0.3712 24.7488 -4.2914
v 2.3307 27.8671 -8.7840
v -0.9013 27.8671 -5.5718
v 6.3664 24.9658 13.3273
v 2.3812 24.9658 10.9024
v 0.8057 28.4983 13.4919
v 6.3664 24.9658 13.3273
v 0.8057 28.4983 13.4919
v 4.7908 28.4983 15.9167
v 3.0639 25.5944 10.3616
v 0.6391 25.5944 14.3468
v 4.1081 27.8696 16.4575
v 3.0639 25.5944 10.3616
v 4.1081 27.8696 16.4575
v 6.5330 27.8696 12.4724
v -3.2317 31.3089 14.9935
v 1.2824 31.3089 13.7229
v 0.4418 35.2094 10.7366
v -3.2317 31.3089 14.9935
v 0.4418 35.2094 10.7366
v -4.0723 35.2094 12.0071
v 0.8653 31.4260 14.6647
v -0.4053 31.4260 10.1507
v -3.6551 35.0922 11.0654
v 0.8653 31.4260 14.6647
v -3.6551 35.0922 11.0654
v -2.3846 35.0922 15.5794
v 10.1081 18.8781 0.3840
v 8.2376 18.8781 -1.9922
v 5.2699 23.7749 0.3440
v 10.1081 18.8781 0.3840
v 5.2699 23.7749 0.3440
v 7.1404 23.7749 2.7202
v 7.4787 19.2170 -2.3476
v 5.1025 19.2170 -0.4771
v 7.8993 23.4359 3.0757
v 7.4787 19.2170 -2.3476
v 7.8993 23.4359 3.0757
v 10.2755 23.4359 1.2052
v 5.4742 34.8719 9.6583
v 8.2072 34.8719 5.9121
v 5.4493 36.8119 3.9000
v 5.4742 34.8719 9.6583
v 5.4493 36.8119 3.9000
v 2.7163 36.8119 7.6462
v 8.2126 34.5627 6.9424
v 4.4665 34.5627 4.2094
v 2.7109 37.1211 6.6158
v 8.2126 34.5627 6.9424
v 2.7109 37.1211 6.6158
v 6.4570 37.1211 9.3489
v -8.5557 35.8331 -9.2425
v -12.3201 35.8331 -7.0584
v -10.5504 40.2475 -4.0082
v -8.5557 35.8331 -9.2425
v -10.5504 40.2475 -4.0082
v -6.7860 40.2475 -6.1923
v -12.7972 36.7025 -7.2589
v -10.6132 36.7025 -3.4945
v -6.3089 39.3781 -5.9918
v -12.7972 36.7025 -7.2589
v -6.3089 39.3781 -5.9918
v -8.4929 39.3781 -9.7562
v 8.7893 32.0680 -3.9920
v 9.4501 32.0680 -8.7083
v 3.7125 35.4546 -9.5122
v 8.7893 32.0680 -3.9920
v 3.7125 35.4546 -9.5122
v 3.0517 35.4546 -4.7960
v 9.0228 32.2230 -9.3749
v 4.3066 32.2230 -10.0357
v 3.4790 35.2996 -4.1294
v 9.0228 32.2230 -9.3749
v 3.4790 35.2996 -4.1294
v 8.1952 35.2996 -3.4685
v 4.2840 43.3727 8.9024
v 9.1711 43.3727 9.4863
v 9.6545 45.6479 5.4412
v 4.2840 43.3727 8.9024
v 9.6545 45.6479 5.4412
v 4.7673 45.6479 4.8572
v 7.9349 42.5509 9.7656
v 8.5188 42.5509 4.8785
v 6.0035 46.4696 4.5779
v 7.9349 42.5509 9.7656
v 6.0035 46.4696 4.5779
v 5.4196 46.4696 9.4651
v -6.8009 16.0686 8.5940
v -1.8183 16.0686 7.8408
v -2.1745 19.6275 5.4848
v -6.8009 16.0686 8.5940
v -2.1745 19.6275 5.4848
v -7.1571 19.6275 6.2381
v -2.4560 16.5123 9.2805
v -3.2093 16.5123 4.2979
v -6.5193 19.1838 4.7983
v -2.4560 16.5123 9.2805
v -6.5193 19.1838 4.7983
v -5.7661 19.1838 9.7809
v -11.7791 18.9457 3.6086
v -9.4366 18.9457 8.5308
v -5.6789 21.6955 6.7425
v -11.7791 18.9457 3.6086
v -5.6789 21.6955 6.7425
v -8.0213 21.6955 1.8203
v -10.5025 18.4075 7.7915
v -5.5803 18.4075 5.4491
v -6.9554 22.2337 2.5595
v -10.5025 18.4075 7.7915
v -6.9554 22.2337 2.5595
v -11.8776 22.2337 4.9020
v 0.4561 30.7277 -11.4773
v -3.4142 30.7277 -7.1650
v -0.8153 33.0075 -4.8324
v 0.4561 30.7277 -11.4773
v -0.8153 33.0075 -4.8324
v 3.0551 33.0075 -9.1447
v -3.6146 31.0415 -8.6652
v 0.6977 31.0415 -4.7948
v 3.2554 32.6937 -7.6446
v -3.6146 31.0415 -8.6652
v 3.2554 32.6937 -7.6446
v -1.0568 32.6937 -11.5149
v 5.8878 14.1811 -6.9399
v 2.0177 14.1811 -9.2758
v 0.5452 17.4767 -6.8361
v 5.8878 14.1811 -6.9399
v 0.5452 17.4767 -6.8361
v 4.4152 17.4767 -4.5002
v 2.7423 14.7963 -9.8142
v 0.4064 14.7963 -5.9441
v 3.6906 16.8615 -3.9618
v 2.7423 14.7963 -9.8142
v 3.6906 16.8615 -3.9618
v 6.0266 16.8615 -7.8318
v 4.0843 30.9408 10.0404
v 8.1075 30.9408 9.3227
v 7.3670 32.5197 5.1716
v 4.0843 30.9408 10.0404
v 7.3670 32.5197 5.1716
v 3.3438 32.5197 5.8892
v 7.5424 30.0346 9.3575
v 6.8248 30.0346 5.3343
v 3.9089 33.4258 5.8544
v 7.5424 30.0346 9.3575
v 3.9089 33.4258 5.8544
v 4.6265 33.4258 9.8776
v 14.5182 34.9688 -3.0340
v 11.8053 34.9688 1.2894
v 14.1779 38.7990 2.7782
v 14.5182 34.9688 -3.0340
v 14.1779 38.7990 2.7782
v 16.8908 38.7990 -1.5452
v 11.2038 35.3967 0.0815
v 15.5271 35.3967 2.7944
v 17.4923 38.3710 -0.3373
v 11.2038 35.3967 0.0815
v 17.4923 38.3710 -0.3373
v 13.1689 38.3710 -3.0502
v -5.3921 16.6579 14.7661
v -2.7503 16.6579 18.9423
v -0.6762 19.4150 17.6302
v -5.3921 16.6579 14.7661
v -0.6762 19.4150 17.6302
v -3.3181 19.4150 13.4541
v -4.2888 17.0487 18.8366
v -0.1127 17.0487 16.1947
v -1.7796 19.0243 13.5597
v -4.2888 17.0487 18.8366
v -1.7796 19.0243 13.5597
v -5.9557 19.0243 16.2016
v -5.7852 27.1530 14.1259
v -2.9755 27.1530 10.1123
v -6.6503 29.5998 7.5399
v -5.7852 27.1530 14.1259
v -6.6503 29.5998 7.5399
v -9.4599 29.5998 11.5536
v -3.0209 26.8862 10.5377
v -7.0345 26.8862 7.7281
v -9.4146 29.8666 11.1281
v -3.0209 26.8862 10.5377
v -9.4146 29.8666 11.1281
v -5.4009 29.8666 13.9377
v -2.7485 32.7439 -11.4319
v -5.4981 32.7439 -13.7319
v -7.9055 36.4900 -10.8540
v -2.7485 32.7439 -11.4319
v -7.9055 36.4900 -10.8540
v -5.1559 36.4900 -8.5539
v -5.8966 33.2022 -13.9562
v -8.1967 33.2022 -11.2066
v -4.7574 36.0317 -8.3296
v -5.8966 33.2022 -13.9562
v -4.7574 36.0317 -8.3296
v -2.4573 36.0317 -11.0793
v -11.0163 24.4584 -4.5319
v -14.4115 24.4584 -8.1463
v -17.1087 27.0375 -5.6128
v -11.0163 24.4584 -4.5319
v -17.1087 27.0375 -5.6128
v -13.7134 27.0375 -1.9984
v -13.6614 24.8161 -8.2669
v -17.2758 24.8161 -4.8717
v -14.4636 26.6799 -1.8779
v -13.6614 24.8161 -8.2669
v -14.4636 26.6799 -1.8779
v -10.8492 26.6799 -5.2731
v -16.0527 20.8095 -10.0200
v -19.9942 20.8095 -8.9205
v -19.0903 24.4957 -5.6802
v -16.0527 20.8095 -10.0200
v -19.0903 24.4957 -5.6802
v -15.1488 24.4957 -6.7797
v -20.0342 21.1419 -9.2873
v -18.9347 21.1419 -5.3457
v -15.1088 24.1632 -6.4129
v -20.0342 21.1419 -9.2873
v -15.1088 24.1632 -6.4129
v -16.2083 24.1632 -10.3545
v -7.4234 18.1725 -15.3250
v -12.4946 18.1725 -15.7135
v -12.6779 22.2044 -13.3200
v -7.4234 18.1725 -15.3250
v -12.6779 22.2044 -13.3200
v -7.6067 22.2044 -12.9316
v -11.8724 18.9983 -17.0126
v -12.2609 18.9983 -11.9413
v -8.2289 21.3785 -11.6325
v -11.8724 18.9983 -17.0126
v -8.2289 21.3785 -11.6325
v -7.8404 21.3785 -16.7037
v -12.2791 13.0948 3.4383
v -15.4431 13.0948 4.7936
v -14.5197 16.5690 6.9494
v -12.2791 13.0948 3.4383
v -14.5197 16.5690 6.9494
v -11.3557 16.5690 5.5942
v -15.6386 13.6045 4.2808
v -14.2834 13.6045 7.4448
v -11.1602 16.0592 6.1070
v -15.6386 13.6045 4.2808
v -11.1602 16.0592 6.1070
v -12.5154 16.0592 2.9430
v 7.7974 24.1716 10.1194
v 5.2616 24.1716 13.6495
v 7.8350 28.7499 15.4981
v 7.7974 24.1716 10.1194
v 7.8350 28.7499 15.4981
v 10.3708 28.7499 11.9680
v 4.5353 25.4612 13.6511
v 8.0653 25.4612 16.1869
v 11.0971 27.4603 11.9664
v 4.5353 25.4612 13.6511
v 11.0971 27.4603 11.9664
v 7.5671 27.4603 9.4306
v -2.3435 20.4253 5.9568
v 1.5024 20.4253 7.8914
v 3.5408 23.9723 3.8393
v -2.3435 20.4253 5.9568
v 3.5408 23.9723 3.8393
v -0.3051 23.9723 1.9046
v 1.9534 20.9610 7.9891
v 3.8881 20.9610 4.1432
v -0.7562 23.4365 1.8069
v 1.9534 20.9610 7.9891
v -0.7562 23.4365 1.8069
v -2.6909 23.4365 5.6528
v 0.8616 12.9728 10.4896
v -1.0443 12.9728 13.4081
v 1.3801 15.6641 14.9913
v 0.8616 12.9728 10.4896
v 1.3801 15.6641 14.9913
v 3.2860 15.6641 12.0728
v -1.0843 12.8882 12.9298
v 1.8342 12.8882 14.8356
v 3.3260 15.7487 12.5512
v -1.0843 12.8882 12.9298
v 3.3260 15.7487 12.5512
v 0.4075 15.7487 10.6453
v -1.1890 4.9420 1.6435
v 2.7879 4.9420 1.3644
v 2.6313 8.0040 -0.8661
v -1.1890 4.9420 1.6435
v 2.6313 8.0040 -0.8661
v -1.3456 8.0040 -0.5870
v 2.4057 5.3799 2.2687
v 2.1266 5.3799 -1.7082
v -0.9634 7.5661 -1.4913
v 2.4057 5.3799 2.2687
v -0.9634 7.5661 -1.4913
v -0.6843 7.5661 2.4856
v -5.2355 28.9469 6.0553
v -0.5725 28.9469 3.6124
v -2.2981 31.1748 0.3187
v -5.2355 28.9469 6.0553
v -2.2981 31.1748 0.3187
v -6.9610 31.1748 2.7616
v -1.0336 28.7248 4.7265
v -3.4765 28.7248 0.0636
v -6.4999 31.3969 1.6475
v -1.0336 28.7248 4.7265
v -6.4999 31.3969 1.6475
v -4.0570 31.3969 6.3105
v -9.4334 18.2326 -1.0903
v -14.1954 18.2326 -1.1298
v -14.2247 19.7721 2.4121
v -9.4334 18.2326 -1.0903
v -14.2247 19.7721 2.4121
v -9.4627 19.7721 2.4516
v -13.1059 17.5713 -1.7308
v -13.1453 17.5713 3.0311
v -10.5522 20.4334 3.0526
v -13.1059 17.5713 -1.7308
v -10.5522 20.4334 3.0526
v -10.5128 20.4334 -1.7094
v 6.0691 11.4529 16.0205
v 10.3245 11.4529 12.4036
v 8.6715 14.6347 10.4588
v 6.0691 11.4529 16.0205
v 8.6715 14.6347 10.4588
v 4.4161 14.6347 14.0757
v 10.4463 11.8640 14.2900
v 6.8294 11.8640 10.0346
v 4.2943 14.2237 12.1893
v 10.4463 11.8640 14.2900
v 4.2943 14.2237 12.1893
v 7.9112 14.2237 16.4447
v 15.4215 37.5292 1.8835
v 12.5984 37.5292 5.9052
v 15.8921 39.2898 8.2173
v 15.4215 37.5292 1.8835
v 15.8921 39.2898 8.2173
v 18.7152 39.2898 4.1955
v 12.8400 36.7195 4.7869
v 16.8618 36.7195 7.6100
v 18.4736 40.0995 5.3139
v 12.8400 36.7195 4.7869
v 18.4736 40.0995 5.3139
v 14.4518 40.0995 2.4907
v 8.0308 27.1233 2.1074
v 4.4640 27.1233 5.0590
v 7.0699 30.1125 8.2079
v 8.0308 27.1233 2.1074
v 7.0699 30.1125 8.2079
v 10.6366 30.1125 5.2563
v 5.0936 26.4295 4.1860
v 8.0453 26.4295 7.7528
v 10.0070 30.8063 6.1293
v 5.0936 26.4295 4.1860
v 10.0070 30.8063 6.1293
v 7.0554 30.8063 2.5625
v 12.9627 32.2703 -6.7030
v 9.5492 32.2703 -2.6868
v 12.2182 35.7821 -0.4183
v 12.9627 32.2703 -6.7030
v 12.2182 35.7821 -0.4183
v 15.6317 35.7821 -4.4345
v 9.4123 32.3272 -3.8908
v 13.4285 32.3272 -0.4773
v 15.7686 35.7251 -3.2305
v 9.4123 32.3272 -3.8908
v 15.7686 35.7251 -3.2305
v 11.7524 35.7251 -6.6441
v -4.1404 38.4081 2.5249
v -5.2100 38.4081 -1.4335
v -8.1282 40.8057 -0.6449
v -4.1404 38.4081 2.5249
v -8.1282 40.8057 -0.6449
v -7.0585 40.8057 3.3135
v -4.5782 38.5626 -1.1607
v -8.5366 38.5626 -0.0911
v -7.6904 40.6511 3.0407
v -4.5782 38.5626 -1.1607
v -7.6904 40.6511 3.0407
v -3.7320 40.6511 1.9711
v -9.9089 28.2564 -1.5249
v -12.8368 28.2564 1.2372
v -10.4450 30.2405 3.7726
v -9.9089 28.2564 -1.5249
v -10.4450 30.2405 3.7726
v -7.5171 30.2405 1.0106
v -12.7441 28.0811 0.7789
v -9.9820 28.0811 3.7068
v -7.6098 30.4158 1.4689
v -12.7441 28.0811 0.7789
v -7.6098 30.4158 1.4689
v -10.3719 30.4158 -1.4590
v 18.1804 33.8827 -1.6723
v 14.1796 33.8827 -0.1158
v 15.8893 35.7471 4.2788
v 18.1804 33.8827 -1.6723
v 15.8893 35.7471 4.2788
v 19.8901 35.7471 2.7223
v 14.1469 33.6734 0.1236
v 15.7033 33.6734 4.1244
v 19.9228 35.9564 2.4829
v 14.1469 33.6734 0.1236
v 19.9228 35.9564 2.4829
v 18.3663 35.9564 -1.5179
v -3.2238 39.1142 -2.8870
v -1.8776 39.1142 1.1247
v 1.5571 40.5436 -0.0279
v -3.2238 39.1142 -2.8870
v 1.5571 40.5436 -0.0279
v 0.2109 40.5436 -4.0396
v -2.3539 38.6186 0.6620
v 1.6578 38.6186 -0.6842
v 0.6871 41.0392 -3.5769
v -2.3539 38.6186 0.6620
v 0.6871 41.0392 -3.5769
v -3.3245 41.0392 -2.2307
v 2.7329 20.3753 -10.7879
v 6.8395 20.3753 -10.5038
v 7.0877 22.6287 -14.0906
v 2.7329 20.3753 -10.7879
v 7.0877 22.6287 -14.0906
v 2.9811 22.6287 -14.3747
v 6.2123 19.9509 -10.2861
v 6.4964 19.9509 -14.3926
v 3.6083 23.0531 -14.5925
v 6.2123 19.9509 -10.2861
v 3.6083 23.0531 -14.5925
v 3.3242 23.0531 -10.4859
v 8.2267 16.2335 -1.1903
v 10.5090 16.2335 -5.4638
v 7.5287 18.5253 -7.0555
v 8.2267 16.2335 -1.1903
v 7.5287 18.5253 -7.0555
v 5.2463 18.5253 -2.7820
v 10.6330 15.8164 -4.1400
v 6.3595 15.8164 -6.4223
v 5.1223 18.9424 -4.1058
v 10.6330 15.8164 -4.1400
v 5.1223 18.9424 -4.1058
v 9.3959 18.9424 -1.8235
v -5.0741 21.8861 10.2686
v -2.5545 21.8861 13.1757
v -0.5886 24.9609 11.4718
v -5.0741 21.8861 10.2686
v -0.5886 24.9609 11.4718
v -3.1082 24.9609 8.5648
v -3.6052 21.6976 12.9142
v -0.6982 21.6976 10.3946
v -2.0575 25.1494 8.8263
v -3.6052 21.6976 12.9142
v -2.0575 25.1494 8.8263
v -4.9645 25.1494 11.3459
v 5.9946 24.9385 -0.8737
v 7.0738 24.9385 -5.8185
v 3.6712 26.5830 -6.5611
v 5.9946 24.9385 -0.8737
v 3.6712 26.5830 -6.5611
v 2.5921 26.5830 -1.6163
v 7.5330 24.1584 -4.2213
v 2.5882 24.1584 -5.3004
v 2.1328 27.3631 -3.2136
v 7.5330 24.1584 -4.2213
v 2.1328 27.3631 -3.2136
v 7.0776 27.3631 -2.1344
v -8.3912 34.4389 -5.3727
v -4.1300 34.4389 -6.6553
v -5.0014 36.6293 -9.5502
v -8.3912 34.4389 -5.3727
v -5.0014 36.6293 -9.5502
v -9.2625 36.6293 -8.2677
v -4.9389 34.0761 -5.6669
v -6.2214 34.0761 -9.9280
v -8.4537 36.9921 -9.2561
v -4.9389 34.0761 -5.6669
v -8.4537 36.9921 -9.2561
v -7.1711 36.9921 -4.9950
v 6.2815 14.9087 3.5606
v 9.3458 14.9087 4.5350
v 10.3098 16.3444 1.5037
v 6.2815 14.9087 3.5606
v 10.3098 16.3444 1.5037
v 7.2454 16.3444 0.5293
v 9.0209 14.4324 4.4499
v 9.9954 14.4324 1.3856
v 7.5703 16.8206 0.6144
v 9.0209 14.4324 4.4499
v 7.5703 16.8206 0.6144
v 6.5958 16.8206 3.6788
v -18.1546 16.9321 -4.7944
v -13.1138 16.9321 -4.4086
v -12.8963 20.8553 -7.2496
v -18.1546 16.9321 -4.7944
v -12.8963 20.8553 -7.2496
v -17.9371 20.8553 -7.6354
v -14.0539 17.1356 -3.3742
v -13.6681 17.1356 -8.4150
v -16.9970 20.6518 -8.6698
v -14.0539 17.1356 -3.3742
v -16.9970 20.6518 -8.6698
v -17.3828 20.6518 -3.6290
v -10.5340 31.5981 -12.7652
v -12.0717 31.5981 -9.1673
v -9.8118 34.6733 -8.2015
v -10.5340 31.5981 -12.7652
v -9.8118 34.6733 -8.2015
v -8.2742 34.6733 -11.7994
v -12.5125 31.7279 -9.9872
v -8.9146 31.7279 -8.4496
v -7.8334 34.5435 -10.9795
v -12.5125 31.7279 -9.9872
v -7.8334 34.5435 -10.9795
v -11.4312 34.5435 -12.5171
v -11.2931 30.3142 -2.9201
v -7.7876 30.3142 -0.4915
v -6.0185 31.5456 -3.0451
v -11.2931 30.3142 -2.9201
v -6.0185 31.5456 -3.0451
v -9.5240 31.5456 -5.4737
v -8.6089 30.2683 -0.3561
v -6.1804 30.2683 -3.8617
v -8.7027 31.5916 -5.6091
v -8.6089 30.2683 -0.3561
v -8.7027 31.5916 -5.6091
v -11.1313 31.5916 -2.1036
v 12.0620 20.1525 4.1907
v 7.8876 20.1525 5.6322
v 8.7314 23.3920 8.0759
v 12.0620 20.1525 4.1907
v 8.7314 23.3920 8.0759
v 12.9059 23.3920 6.6344
v 7.9093 20.8771 4.6561
v 9.3509 20.8771 8.8306
v 12.8841 22.6674 7.6105
v 7.9093 20.8771 4.6561
v 12.8841 22.6674 7.6105
v 11.4426 22.6674 3.4360
v -9.5418 22.3194 -5.6709
v -4.4673 22.3194 -6.4216
v -4.9290 26.0146 -9.5424
v -9.5418 22.3194 -5.6709
v -4.9290 26.0146 -9.5424
v -10.0035 26.0146 -8.7917
v -4.9028 22.7575 -5.3590
v -5.6535 22.7575 -10.4335
v -9.5680 25.5766 -9.8544
v -4.9028 22.7575 -5.3590
v -9.5680 25.5766 -9.8544
v -8.8173 25.5766 -4.7799
v 4.5774 35.3033 2.6094
v 4.2009 35.3033 -3.3555
v 2.0024 36.9993 -3.2167
v 4.5774 35.3033 2.6094
v 2.0024 36.9993 -3.2167
v 2.3789 36.9993 2.7482
v 6.1972 35.4377 -1.6824
v 0.2323 35.4377 -1.3059
v 0.3826 36.8649 1.0751
v 6.1972 35.4377 -1.6824
v 0.3826 36.8649 1.0751
v 6.3475 36.8649 0.6987
v 2.0606 27.7413 7.2476
v -2.1001 27.7413 7.1385
v -2.1799 32.4846 10.1806
v 2.0606 27.7413 7.2476
v -2.1799 32.4846 10.1806
v 1.9809 32.4846 10.2897
v -1.5315 27.7448 6.5937
v -1.6406 27.7448 10.7545
v 1.4123 32.4811 10.8345
v -1.5315 27.7448 6.5937
v 1.4123 32.4811 10.8345
v 1.5214 32.4811 6.6737
v -7.1773 27.9555 -12.1495
v -3.7395 27.9555 -8.9789
v -2.1755 30.7878 -10.6747
v -7.1773 27.9555 -12.1495
v -2.1755 30.7878 -10.6747
v -5.6134 30.7878 -13.8453
v -5.1348 28.3788 -8.6539
v -1.9642 28.3788 -12.0918
v -4.2181 30.3646 -14.1703
v -5.1348 28.3788 -8.6539
v -4.2181 30.3646 -14.1703
v -7.3886 30.3646 -10.7325
v 3.7445 16.1535 -12.1399
v -2.2554 16.1535 -13.4969
v -2.8641 17.6873 -10.8058
v 3.7445 16.1535 -12.1399
v -2.8641 17.6873 -10.8058
v 3.1358 17.6873 -9.4488
v -0.3084 16.3283 -14.7955
v -1.6654 16.3283 -8.7957
v 1.1887 17.5125 -8.1501
v -0.3084 16.3283 -14.7955
v 1.1887 17.5125 -8.1501
v 2.5457 17.5125 -14.1500
v 10.9436 14.3256 7.6275
v 6.8011 14.3256 6.5768
v 5.7490 18.0503 10.7247
v 10.9436 14.3256 7.6275
v 5.7490 18.0503 10.7247
v 9.8915 18.0503 11.7754
v 6.6533 14.5121 6.5422
v 5.6026 14.5121 10.6847
v 10.0393 17.8638 11.8100
v 6.6533 14.5121 6.5422
v 10.0393 17.8638 11.8100
v 11.0900 17.8638 7.6675
v -2.6043 23.1717 -0.2108
v -6.3661 23.1717 -0.8042
v -6.7954 25.4271 1.9171
v -2.6043 23.1717 -0.2108
v -6.7954 25.4271 1.9171
v -3.0335 25.4271 2.5105
v -5.9031 23.3703 -1.2644
v -6.4965 23.3703 2.4974
v -3.4965 25.2285 2.9707
v -5.9031 23.3703 -1.2644
v -3.4965 25.2285 2.9707
v -2.9031 25.2285 -0.7912
v -3.9480 39.1892 5.1489
v 0.4744 39.1892 6.0280
v 1.2745 44.6596 2.0033
v -3.9480 39.1892 5.1489
v 1.2745 44.6596 2.0033
v -3.1479 44.6596 1.1242
v 1.1326 40.2229 6.3656
v 2.0117 40.2229 1.9432
v -3.8061 43.6259 0.7867
v 1.1326 40.2229 6.3656
v -3.8061 43.6259 0.7867
v -4.6852 43.6259 5.2090
v -10.5716 15.3438 -5.0795
v -6.4335 15.3438 -7.7583
v -7.5315 18.1374 -9.4544
v -10.5716 15.3438 -5.0795
v -7.5315 18.1374 -9.4544
v -11.6695 18.1374 -6.7756
v -6.4078 15.9940 -6.0423
v -9.0866 15.9940 -10.1803
v -11.6952 17.4872 -8.4916
v -6.4078 15.9940 -6.0423
v -11.6952 17.4872 -8.4916
v -9.0165 17.4872 -4.3536
v 6.0512 18.5428 0.5633
v 5.1392 18.5428 4.8507
v 7.8331 19.7081 5.4237
v 6.0512 18.5428 0.5633
v 7.8331 19.7081 5.4237
v 8.7452 19.7081 1.1364
v 4.5609 18.1603 3.6547
v 8.8482 18.1603 4.5667
v 9.3235 20.0905 2.3324
v 4.5609 18.1603 3.6547
v 9.3235 20.0905 2.3324
v 5.0362 20.0905 1.4204
v 8.9591 22.0532 -7.7468
v 7.9918 22.0532 -3.7855
v 11.0406 24.5394 -3.0411
v 8.9591 22.0532 -7.7468
v 11.0406 24.5394 -3.0411
v 12.0078 24.5394 -7.0024
v 7.6453 22.0622 -4.3463
v 11.6066 22.0622 -3.3791
v 12.3543 24.5304 -6.4416
v 7.6453 22.0622 -4.3463
v 12.3543 24.5304 -6.4416
v 8.3931 24.5304 -7.4088
v 18.1480 27.8684 8.5012
v 14.9001 27.8684 4.9880
v 11.5217 29.5440 8.1113
v 18.1480 27.8684 8.5012
v 11.5217 29.5440 8.1113
v 14.7696 29.5440 11.6244
v 15.3777 27.0337 5.3694
v 11.8646 27.0337 8.6173
v 14.2920 30.3787 11.2430
v 15.3777 27.0337 5.3694
v 14.2920 30.3787 11.2430
v 17.8052 30.3787 7.9951
v -12.1986 29.4280 -7.4932
v -7.8243 29.4280 -7.7073
v -7.9760 31.4502 -10.8090
v -12.1986 29.4280 -7.4932
v -7.9760 31.4502 -10.8090
v -12.3504 31.4502 -10.5950
v -8.8832 28.9469 -7.0176
v -9.0972 28.9469 -11.3920
v -11.2915 31.9313 -11.2846
v -8.8832 28.9469 -7.0176
v -11.2915 31.9313 -11.2846
v -11.0774 31.9313 -6.9103
v 8.7340 41.4545 4.0406
v 5.3565 41.4545 0.1117
v 2.4378 43.6537 2.6208
v 8.7340 41.4545 4.0406
v 2.4378 43.6537 2.6208
v 5.8153 43.6537 6.5497
v 6.7666 40.6919 0.7303
v 2.8377 40.6919 4.1078
v 4.4051 44.4163 5.9311
v 6.7666 40.6919 0.7303
v 4.4051 44.4163 5.9311
v 8.3340 44.4163 2.5536
v -3.3493 22.9571 -11.9201
v -6.1636 22.9571 -15.4888
v -7.8215 26.3595 -14.1813
v -3.3493 22.9571 -11.9201
v -7.8215 26.3595 -14.1813
v -5.0073 26.3595 -10.6127
v -4.7749 23.4191 -15.6927
v -8.3435 23.4191 -12.8784
v -6.3960 25.8976 -10.4088
v -4.7749 23.4191 -15.6927
v -6.3960 25.8976 -10.4088
v -2.8273 25.8976 -13.2231
v -7.6650 37.7813 -6.9641
v -2.9621 37.7813 -8.4061
v -3.6885 40.2352 -10.7751
v -7.6650 37.7813 -6.9641
v -3.6885 40.2352 -10.7751
v -8.3913 40.2352 -9.3331
v -3.6265 37.9559 -6.9257
v -5.0685 37.9559 -11.6286
v -7.7269 40.0606 -10.8135
v -3.6265 37.9559 -6.9257
v -7.7269 40.0606 -10.8135
v -6.2849 40.0606 -6.1106
v -3.2046 32.6543 9.9936
v -1.7489 32.6543 5.0579
v -4.3956 35.6674 4.2773
v -3.2046 32.6543 9.9936
v -4.3956 35.6674 4.2773
v -5.8512 35.6674 9.2130
v -0.8014 33.3540 6.0632
v -5.7370 33.3540 4.6075
v -6.7988 34.9677 8.2077
v -0.8014 33.3540 6.0632
v -6.7988 34.9677 8.2077
v -1.8632 34.9677 9.6634
v -0.9987 23.1380 4.1126
v -4.4149 23.1380 7.1382
v -2.3686 27.6344 9.4486
v -0.9987 23.1380 4.1126
v -2.3686 27.6344 9.4486
v 1.0476 27.6344 6.4230
v -4.8856 23.8550 6.5685
v -1.8599 23.8550 9.9847
v 1.5183 26.9175 6.9927
v -4.8856 23.8550 6.5685
v 1.5183 26.9175 6.9927
v -1.5073 26.9175 3.5765
v 5.0799 19.1024 13.3696
v 1.9059 19.1024 9.1763
v 0.1905 22.0933 10.4747
v 5.0799 19.1024 13.3696
v 0.1905 22.0933 10.4747
v 3.3646 22.0933 14.6680
v 3.9208 19.3380 9.2635
v -0.2725 19.3380 12.4376
v 1.3496 21.8578 14.5807
v 3.9208 19.3380 9.2635
v 1.3496 21.8578 14.5807
v 5.5430 21.8578 11.4067
v 9.9752 19.6686 -11.4981
v 12.0719 19.6686 -7.9613
v 14.3554 23.2914 -9.3150
v 9.9752 19.6686 -11.4981
v 14.3554 23.2914 -9.3150
v 12.2587 23.2914 -12.8518
v 11.2824 20.0562 -7.8645
v 14.8192 20.0562 -9.9612
v 13.0482 22.9038 -12.9487
v 11.2824 20.0562 -7.8645
v 13.0482 22.9038 -12.9487
v 9.5114 22.9038 -10.8520
v -15.7999 12.9361 8.3029
v -10.4338 12.9361 9.2892
v -9.8497 14.3362 6.1113
v -15.7999 12.9361 8.3029
v -9.8497 14.3362 6.1113
v -15.2158 14.3362 5.1250
v -12.3135 12.2019 10.0748
v -11.3272 12.2019 4.7086
v -13.3361 15.0704 4.3394
v -12.3135 12.2019 10.0748
v -13.3361 15.0704 4.3394
v -14.3224 15.0704 9.7055
v 1.8253 37.4990 5.9927
v -1.5569 37.4990 5.6261
v -2.0019 40.5956 9.7316
v 1.8253 37.4990 5.9927
v -2.0019 40.5956 9.7316
v 1.3804 40.5956 10.0982
v -2.0856 37.6873 5.9346
v -2.4522 37.6873 9.3169
v 1.9091 40.4073 9.7896
v -2.0856 37.6873 5.9346
v 1.9091 40.4073 9.7896
v 2.2756 40.4073 6.4073
v 4.6453 35.7185 9.3197
v 1.2289 35.7185 9.9654
v 1.8281 38.1631 13.1358
v 4.6453 35.7185 9.3197
v 1.8281 38.1631 13.1358
v 5.2445 38.1631 12.4900
v 1.4206 35.6040 9.8017
v 2.0663 35.6040 13.2182
v 5.0527 38.2777 12.6537
v 1.4206 35.6040 9.8017
v 5.0527 38.2777 12.6537
v 4.4070 38.2777 9.2373
v 15.6281 32.6444 8.1831
v 14.3444 32.6444 4.5983
v 11.2613 36.3298 5.7023
v 15.6281 32.6444 8.1831
v 11.2613 36.3298 5.7023
v 12.5450 36.3298 9.2871
v 14.7783 32.4317 5.0197
v 11.1935 32.4317 6.3034
v 12.1111 36.5426 8.8657
v 14.7783 32.4317 5.0197
v 12.1111 36.5426 8.8657
v 15.6959 36.5426 7.5820
v -18.2305 22.2349 -4.7633
v -21.3510 22.2349 -1.7041
v -18.7953 23.8609 0.9028
v -18.2305 22.2349 -4.7633
v -18.7953 23.8609 0.9028
v -15.6748 23.8609 -2.1564
v -20.9829 21.5451 -2.5685
v -17.9237 21.5451 0.5519
v -16.0429 24.5508 -1.2919
v -20.9829 21.5451 -2.5685
v -16.0429 24.5508 -1.2919
v -19.1021 24.5508 -4.4124
v -5.3821 35.2000 -3.0036
v -1.5184 35.2000 0.1551
v 0.4156 36.9765 -2.2106
v -5.3821 35.2000 -3.0036
v 0.4156 36.9765 -2.2106
v -3.4481 36.9765 -5.3693
v -2.7912 35.4353 0.3642
v 0.3675 35.4353 -3.4996
v -2.1753 36.7412 -5.5784
v -2.7912 35.4353 0.3642
v -2.1753 36.7412 -5.5784
v -5.3340 36.7412 -1.7146
v 0.8422 15.6275 5.5936
v 3.2253 15.6275 9.7127
v 6.0469 17.9249 8.0802
v 0.8422 15.6275 5.5936
v 6.0469 17.9249 8.0802
v 3.6638 17.9249 3.9611
v 2.2183 15.6775 9.4688
v 6.3374 15.6775 7.0857
v 4.6708 17.8749 4.2050
v 2.2183 15.6775 9.4688
v 4.6708 17.8749 4.2050
v 0.5517 17.8749 6.5881
v 10.2935 36.4000 8.1987
v 14.3903 36.4000 7.1302
v 13.6338 40.3735 4.2297
v 10.2935 36.4000 8.1987
v 13.6338 40.3735 4.2297
v 9.5370 40.3735 5.2982
v 14.6465 37.2628 7.7022
v 13.5780 37.2628 3.6054
v 9.2808 39.5106 4.7262
v 14.6465 37.2628 7.7022
v 9.2808 39.5106 4.7262
v 10.3493 39.5106 8.8230
v -8.4616 24.8627 -2.2713
v -4.7945 24.8627 -0.6600
v -3.4529 27.6502 -3.7133
v -8.4616 24.8627 -2.2713
v -3.4529 27.6502 -3.7133
v -7.1199 27.6502 -5.3247
v -5.3379 24.7398 -0.5326
v -3.7265 24.7398 -4.1997
v -6.5766 27.7732 -5.4520
v -5.3379 24.7398 -0.5326
v -6.5766 27.7732 -5.4520
v -8.1880 27.7732 -1.7850
v 11.7466 34.0167 3.5929
v 9.5341 34.0167 0.0067
v 7.7363 37.5426 1.1158
v 11.7466 34.0167 3.5929
v 7.7363 37.5426 1.1158
v 9.9489 37.5426 4.7020
v 10.5343 35.0083 -0.3731
v 6.9482 35.0083 1.8395
v 8.9486 36.5510 5.0818
v 10.5343 35.0083 -0.3731
v 8.9486 36.5510 5.0818
v 12.5348 36.5510 2.8692
v -10.9276 13.0693 1.3367
v -15.0552 13.0693 -0.5724
v -15.9358 14.7034 1.3315
v -10.9276 13.0693 1.3367
v -15.9358 14.7034 1.3315
v -11.8082 14.7034 3.2405
v -13.3914 13.0187 -1.1526
v -15.3005 13.0187 2.9750
v -13.4719 14.7540 3.8207
v -13.3914 13.0187 -1.1526
v -13.4719 14.7540 3.8207
v -11.5629 14.7540 -0.3069
v -10.4308 15.4375 15.1756
v -5.2159 15.4375 16.3433
v -4.5699 17.5997 13.4585
v -10.4308 15.4375 15.1756
v -4.5699 17.5997 13.4585
v -9.7848 17.5997 12.2907
v -6.7564 15.2930 17.2218
v -5.5886 15.2930 12.0069
v -8.2443 17.7442 11.4123
v -6.7564 15.2930 17.2218
v -8.2443 17.7442 11.4123
v -9.4120 17.7442 16.6271
v -3.7044 24.0014 14.6657
v -6.3159 24.0014 12.1301
v -8.0762 27.5215 13.9432
v -3.7044 24.0014 14.6657
v -8.0762 27.5215 13.9432
v -5.4647 27.5215 16.4787
v -5.6751 24.1671 11.9767
v -8.2107 24.1671 14.5882
v -6.1056 27.3559 16.6321
v -5.6751 24.1671 11.9767
v -6.1056 27.3559 16.6321
v -3.5700 27.3559 14.0206
v -2.6229 20.7170 -6.0935
v 1.4182 20.7170 -6.5581
v 1.0666 22.8492 -9.6167
v -2.6229 20.7170 -6.0935
v 1.0666 22.8492 -9.6167
v -2.9746 22.8492 -9.1521
v 0.9084 20.6155 -6.0017
v 0.4438 20.6155 -10.0428
v -2.4648 22.9507 -9.7084
v 0.9084 20.6155 -6.0017
v -2.4648 22.9507 -9.7084
v -2.0002 22.9507 -5.6673
v 13.7799 30.5256 5.1539
v 14.6953 30.5256 0.8921
v 9.6702 32.6344 -0.1872
v 13.7799 30.5256 5.1539
v 9.6702 32.6344 -0.1872
v 8.7548 32.6344 4.0746
v 14.3514 30.1145 0.6340
v 10.0897 30.1145 -0.2814
v 9.0987 33.0455 4.3327
v 14.3514 30.1145 0.6340
v 9.0987 33.0455 4.3327
v 13.3604 33.0455 5.2481
v 15.7066 19.5167 -3.9074
v 10.8674 19.5167 -2.8119
v 11.4697 21.6077 -0.1518
v 15.7066 19.5167 -3.9074
v 11.4697 21.6077 -0.1518
v 16.3089 21.6077 -1.2474
v 11.5003 19.8845 -4.1006
v 12.5959 19.8845 0.7386
v 15.6760 21.2399 0.0413
v 11.5003 19.8845 -4.1006
v 15.6760 21.2399 0.0413
v 14.5804 21.2399 -4.7979
v 6.1520 29.4783 10.2294
v 1.5663 29.4783 10.1834
v 1.5509 31.3303 11.7149
v 6.1520 29.4783 10.2294
v 1.5509 31.3303 11.7149
v 6.1367 31.3303 11.7609
v 3.1364 29.4561 8.6719
v 3.0904 29.4561 13.2576
v 4.5666 31.3525 13.2724
v 3.1364 29.4561 8.6719
v 4.5666 31.3525 13.2724
v 4.6126 31.3525 8.6867
v -1.9121 8.9243 2.0127
v 0.9274 8.9243 5.2253
v 3.0335 12.1144 3.3639
v -1.9121 8.9243 2.0127
v 3.0335 12.1144 3.3639
v 0.1939 12.1144 0.1512
v 0.2523 9.6958 5.5766
v 3.4649 9.6958 2.7370
v 0.8690 11.3429 -0.2000
v 0.2523 9.6958 5.5766
v 0.8690 11.3429 -0.2000
v -2.3436 11.3429 2.6396
v 2.8037 23.9733 13.0110
v -0.1924 23.9733 10.0565
v -1.8368 27.9944 11.7240
v 2.8037 23.9733 13.0110
v -1.8368 27.9944 11.7240
v 1.1594 27.9944 14.6785
v 0.9755 24.1134 9.8978
v -1.9790 24.1134 12.8940
v -0.0085 27.8543 14.8371
v 0.9755 24.1134 9.8978
v -0.0085 27.8543 14.8371
v 2.9460 27.8543 11.8409
v -3.2271 18.2641 14.2209
v -3.8647 18.2641 10.1825
v -8.7995 20.1912 10.9616
v -3.2271 18.2641 14.2209
v -8.7995 20.1912 10.9616
v -8.1618 20.1912 15.0001
v -4.3657 18.0069 9.9188
v -8.4041 18.0069 10.5564
v -7.6609 20.4484 15.2638
v -4.3657 18.0069 9.9188
v -7.6609 20.4484 15.2638
v -3.6224 20.4484 14.6261
v 1.4385 35.1821 11.4060
v -1.4881 35.1821 9.1514
v -3.3875 38.5047 11.6169
v 1.4385 35.1821 11.4060
v -3.3875 38.5047 11.6169
v -0.4608 38.5047 13.8715
v -1.5048 35.9473 8.7711
v -3.7594 35.9473 11.6978
v -0.4442 37.7396 14.2518
v -1.5048 35.9473 8.7711
v -0.4442 37.7396 14.2518
v 1.8105 37.7396 11.3251
v 2.0919 13.6199 16.6467
v 5.2084 13.6199 13.7990
v 3.1379 15.7365 11.5331
v 2.0919 13.6199 16.6467
v 3.1379 15.7365 11.5331
v 0.0214 15.7365 14.3808
v 4.8269 13.1500 14.9279
v 1.9792 13.1500 11.8115
v 0.4028 16.2064 13.2519
v 4.8269 13.1500 14.9279
v 0.4028 16.2064 13.2519
v 3.2506 16.2064 16.3684
v -5.1983 27.6157 -7.8382
v -3.1322 27.6157 -4.3868
v -0.1979 31.6175 -6.1433
v -5.1983 27.6157 -7.8382
v -0.1979 31.6175 -6.1433
v -2.2640 31.6175 -9.5947
v -3.1919 28.5327 -3.8998
v 0.2595 28.5327 -5.9659
v -2.2043 30.7005 -10.0817
v -3.1919 28.5327 -3.8998
v -2.2043 30.7005 -10.0817
v -5.6557 30.7005 -8.0156
v 6.3550 25.5047 6.2489
v 9.5769 25.5047 9.0233
v 10.7018 28.0276 7.7171
v 6.3550 25.5047 6.2489
v 10.7018 28.0276 7.7171
v 7.4798 28.0276 4.9426
v 8.0661 25.8473 9.3904
v 10.8405 25.8473 6.1685
v 8.9907 27.6850 4.5756
v 8.0661 25.8473 9.3904
v 8.9907 27.6850 4.5756
v 6.2162 27.6850 7.7975
v -5.1801 35.2947 -0.4151
v -5.1876 35.2947 4.2743
v -1.3519 38.0661 4.2804
v -5.1801 35.2947 -0.4151
v -1.3519 38.0661 4.2804
v -1.3444 38.0661 -0.4089
v -5.6137 35.2263 3.7954
v -0.9243 35.2263 3.8030
v -0.9183 38.1345 0.0699
v -5.6137 35.2263 3.7954
v -0.9183 38.1345 0.0699
v -5.6077 38.1345 0.0624
v -1.7679 32.7203 -15.0312
v -5.5520 32.7203 -12.5300
v -3.1253 36.4832 -8.8588
v -1.7679 32.7203 -15.0312
v -3.1253 36.4832 -8.8588
v 0.6587 36.4832 -11.3600
v -5.3170 32.4543 -12.7663
v -2.8158 32.4543 -8.9823
v 0.4238 36.7491 -11.1237
v -5.3170 32.4543 -12.7663
v 0.4238 36.7491 -11.1237
v -2.0774 36.7491 -14.9077
v -18.6302 22.6080 -0.6706
v -15.1384 22.6080 -0.8681
v -15.4118 25.1783 -5.7018
v -18.6302 22.6080 -0.6706
v -15.4118 25.1783 -5.7018
v -18.9036 25.1783 -5.5043
v -14.6027 22.4392 -1.5715
v -14.8002 22.4392 -5.0633
v -19.4394 25.3470 -4.8009
v -14.6027 22.4392 -1.5715
v -19.4394 25.3470 -4.8009
v -19.2418 25.3470 -1.3091
v 0.2243 5.5587 2.4449
v -1.8811 5.5587 -2.3301
v -4.9406 7.2889 -0.9811
v 0.2243 5.5587 2.4449
v -4.9406 7.2889 -0.9811
v -2.8352 7.2889 3.7939
v -0.4001 4.8712 -1.2948
v -5.1751 4.8712 0.8106
v -4.3162 7.9764 2.7585
v -0.4001 4.8712 -1.2948
v -4.3162 7.9764 2.7585
v 0.4588 7.9764 0.6531
v -9.9905 27.4213 5.9519
v -6.8978 27.4213 9.3143
v -4.2845 32.1389 6.9107
v -9.9905 27.4213 5.9519
v -4.2845 32.1389 6.9107
v -7.3772 32.1389 3.5483
v -7.0642 28.3663 9.8851
v -3.7018 28.3663 6.7924
v -7.2108 31.1939 2.9775
v -7.0642 28.3663 9.8851
v -7.2108 31.1939 2.9775
v -10.5732 31.1939 6.0702
v 4.8047 26.8031 -10.5458
v 3.3404 26.8031 -5.1566
v 5.8985 27.8317 -4.4615
v 4.8047 26.8031 -10.5458
v 5.8985 27.8317 -4.4615
v 7.3628 27.8317 -9.8508
v 2.3677 26.4207 -7.1713
v 7.7569 26.4207 -5.7069
v 8.3355 28.2142 -7.8361
v 2.3677 26.4207 -7.1713
v 8.3355 28.2142 -7.8361
v 2.9463 28.2142 -9.3005
v -4.0964 12.6856 -3.3209
v -6.9037 12.6856 2.1470
v -3.0647 16.8797 4.1179
v -4.0964 12.6856 -3.3209
v -3.0647 16.8797 4.1179
v -0.2575 16.8797 -1.3500
v -7.5001 13.2613 1.3042
v -2.0322 13.2613 4.1114
v 0.3390 16.3041 -0.5072
v -7.5001 13.2613 1.3042
v 0.3390 16.3041 -0.5072
v -5.1289 16.3041 -3.3145
v -7.9725 40.7822 -0.7002
v -5.1088 40.7822 1.6823
v -2.4395 43.8262 -1.5262
v -7.9725 40.7822 -0.7002
v -2.4395 43.8262 -1.5262
v -5.3032 43.8262 -3.9086
v -4.7973 40.7746 1.6498
v -2.4148 40.7746 -1.2140
v -5.6147 43.8339 -3.8761
v -4.7973 40.7746 1.6498
v -5.6147 43.8339 -3.8761
v -7.9972 43.8339 -1.0124
v 0.0507 5.8812 3.0284
v 6.0596 5.8812 2.5381
v 5.8480 7.5565 -0.0558
v 0.0507 5.8812 3.0284
v 5.8480 7.5565 -0.0558
v -0.1610 7.5565 0.4345
v 4.4355 5.7999 4.3895
v 3.9452 5.7999 -1.6194
v 1.4631 7.6379 -1.4169
v 4.4355 5.7999 4.3895
v 1.4631 7.6379 -1.4169
v 1.9535 7.6379 4.5920
v -1.9347 17.2786 14.1201
v 1.6800 17.2786 15.7549
v 2.9472 19.2638 12.9530
v -1.9347 17.2786 14.1201
v 2.9472 19.2638 12.9530
v -0.6675 19.2638 11.3182
v 1.1182 17.3286 15.9903
v 2.7530 17.3286 12.3756
v -0.1057 19.2138 11.0828
v 1.1182 17.3286 15.9903
v -0.1057 19.2138 11.0828
v -1.7405 19.2138 14.6975
v 8.3308 36.3775 4.5842
v 5.8615 36.3775 0.5026
v 2.2243 39.3583 2.7030
v 8.3308 36.3775 4.5842
v 2.2243 39.3583 2.7030
v 4.6936 39.3583 6.7846
v 6.3945 35.9828 0.8819
v 2.3129 35.9828 3.3512
v 4.1605 39.7530 6.4053
v 6.3945 35.9828 0.8819
v 4.1605 39.7530 6.4053
v 8.2422 39.7530 3.9360
v -3.7108 16.7593 -3.9558
v -8.8719 16.7593 -6.9804
v -10.2126 19.0139 -4.6928
v -3.7108 16.7593 -3.9558
v -10.2126 19.0139 -4.6928
v -5.0515 19.0139 -1.6681
v -6.3383 16.4841 -7.4258
v -9.3630 16.4841 -2.2647
v -7.5851 19.2890 -1.2228
v -6.3383 16.4841 -7.4258
v -7.5851 19.2890 -1.2228
v -4.5604 19.2890 -6.3839
v 6.2187 37.0214 13.6820
v 8.2197 37.0214 9.4822
v 5.3169 38.3122 8.0991
v 6.2187 37.0214 13.6820
v 5.3169 38.3122 8.0991
v 3.3159 38.3122 12.2990
v 8.5415 36.9268 10.4769
v 4.3417 36.9268 8.4759
v 2.9941 38.4067 11.3043
v 8.5415 36.9268 10.4769
v 2.9941 38.4067 11.3043
v 7.1939 38.4067 13.3053
v 3.2893 14.2685 12.1351
v 7.6381 14.2685 11.7840
v 7.3173 15.8269 7.8101
v 3.2893 14.2685 12.1351
v 7.3173 15.8269 7.8101
v 2.9685 15.8269 8.1612
v 6.7483 13.3276 12.0445
v 6.3972 13.3276 7.6957
v 3.8582 16.7678 7.9007
v 6.7483 13.3276 12.0445
v 3.8582 16.7678 7.9007
v 4.2093 16.7678 12.2495
v 6.0279 31.6957 -1.0314
v 7.7049 31.6957 -4.7883
v 3.3304 35.9742 -6.7410
v 6.0279 31.6957 -1.0314
v 3.3304 35.9742 -6.7410
v 1.6534 35.9742 -2.9840
v 7.7614 32.5733 -5.7445
v 4.0044 32.5733 -7.4215
v 1.5969 35.0966 -2.0278
v 7.7614 32.5733 -5.7445
v 1.5969 35.0966 -2.0278
v 5.3538 35.0966 -0.3508
v -7.1686 27.3809 -4.2461
v -3.8415 27.3809 -6.4481
v -5.7923 29.8681 -9.3956
v -7.1686 27.3809 -4.2461
v -5.7923 29.8681 -9.3956
v -9.1193 29.8681 -7.1937
v -3.8298 27.5214 -6.1829
v -6.0318 27.5214 -9.5100
v -9.1310 29.7276 -7.4588
v -3.8298 27.5214 -6.1829
v -9.1310 29.7276 -7.4588
v -6.9290 29.7276 -4.1318
v -1.0403 35.5982 10.2557
v 2.9328 35.5982 12.1464
v 4.8816 37.5684 8.0512
v -1.0403 35.5982 10.2557
v 4.8816 37.5684 8.0512
v 0.9085 37.5684 6.1605
v 2.5013 34.7787 11.8662
v 4.3920 34.7787 7.8931
v 1.3400 38.3879 6.4408
v 2.5013 34.7787 11.8662
v 1.3400 38.3879 6.4408
v -0.5506 38.3879 10.4138
v -8.9935 19.0024 -0.4776
v -4.2288 19.0024 2.1010
v -2.6385 20.3295 -0.8377
v -8.9935 19.0024 -0.4776
v -2.6385 20.3295 -0.8377
v -7.4031 20.3295 -3.4162
v -5.6432 18.9820 2.5159
v -3.0647 18.9820 -2.2487
v -5.9888 20.3499 -3.8312
v -5.6432 18.9820 2.5159
v -5.9888 20.3499 -3.8312
v -8.5673 20.3499 0.9334
v 10.7543 38.3721 2.0024
v 8.2367 38.3721 4.6689
v 10.1947 41.9572 6.5176
v 10.7543 38.3721 2.0024
v 10.1947 41.9572 6.5176
v 12.7124 41.9572 3.8512
v 7.7257 39.2847 4.5004
v 10.3922 39.2847 7.0181
v 13.2234 41.0446 4.0196
v 7.7257 39.2847 4.5004
v 13.2234 41.0446 4.0196
v 10.5569 41.0446 1.5019
v -8.0246 15.9175 13.5248
v -4.9160 15.9175 11.0701
v -7.3762 19.5904 7.9545
v -8.0246 15.9175 13.5248
v -7.3762 19.5904 7.9545
v -10.4848 19.5904 10.4092
v -4.5659 16.5677 10.7880
v -7.0206 16.5677 7.6794
v -10.8349 18.9402 10.6913
v -4.5659 16.5677 10.7880
v -10.8349 18.9402 10.6913
v -8.3802 18.9402 13.7999
v 0.5651 20.4170 -10.6600
v 4.0168 20.4170 -7.8763
v 5.8410 23.4412 -10.1382
v 0.5651 20.4170 -10.6600
v 5.8410 23.4412 -10.1382
v 2.3893 23.4412 -12.9219
v 2.9028 20.3700 -7.7929
v 5.6865 20.3700 -11.2446
v 3.5034 23.4882 -13.0053
v 2.9028 20.3700 -7.7929
v 3.5034 23.4882 -13.0053
v 0.7196 23.4882 -9.5536
v 13.2271 21.8118 -3.0711
v 9.2500 21.8118 -0.3809
v 11.4253 25.5330 2.8348
v 13.2271 21.8118 -3.0711
v 11.4253 25.5330 2.8348
v 15.4023 25.5330 0.1446
v 9.7090 21.4652 -1.2462
v 12.3992 21.4652 2.7308
v 14.9433 25.8796 1.0099
v 9.7090 21.4652 -1.2462
v 14.9433 25.8796 1.0099
v 12.2531 25.8796 -2.9671
v -6.3407 40.4315 4.6618
v -3.6927 40.4315 1.2731
v -5.9546 42.7322 -0.4944
v -6.3407 40.4315 4.6618
v -5.9546 42.7322 -0.4944
v -8.6026 42.7322 2.8943
v -3.6245 40.3283 2.3471
v -7.0132 40.3283 -0.3009
v -8.6708 42.8354 1.8204
v -3.6245 40.3283 2.3471
v -8.6708 42.8354 1.8204
v -5.2821 42.8354 4.4684
v -5.2721 25.4266 15.2973
v -3.7251 25.4266 19.2193
v 0.1374 27.9219 17.6956
v -5.2721 25.4266 15.2973
v 0.1374 27.9219 17.6956
v -1.4097 27.9219 13.7737
v -3.8775 25.0246 18.9198
v 0.0444 25.0246 17.3728
v -1.2572 28.3238 14.0731
v -3.8775 25.0246 18.9198
v -1.2572 28.3238 14.0731
v -5.1791 28.3238 15.6202
v -3.5571 29.6367 -12.1833
v -7.1867 29.6367 -14.7750
v -10.0488 31.9264 -10.7668
v -3.5571 29.6367 -12.1833
v -10.0488 31.9264 -10.7668
v -6.4192 31.9264 -8.1751
v -6.6813 28.4808 -14.1283
v -9.2730 28.4808 -10.4986
v -6.9246 33.0823 -8.8218
v -6.6813 28.4808 -14.1283
v -6.9246 33.0823 -8.8218
v -4.3329 33.0823 -12.4515
v -11.7824 16.6843 -13.3492
v -11.2490 16.6843 -8.5469
v -7.5133 19.3330 -8.9618
v -11.7824 16.6843 -13.3492
v -7.5133 19.3330 -8.9618
v -8.0468 19.3330 -13.7642
v -11.8386 16.7237 -8.9940
v -7.0362 16.7237 -9.5275
v -7.4572 19.2936 -13.3171
v -11.8386 16.7237 -8.9940
v -7.4572 19.2936 -13.3171
v -12.2595 19.2936 -12.7836
v -9.1181 20.1274 -10.6881
v -14.4691 20.1274 -11.1539
v -14.7890 21.5456 -7.4783
v -9.1181 20.1274 -10.6881
v -14.7890 21.5456 -7.4783
v -9.4380 21.5456 -7.0126
v -13.5577 20.1254 -11.9186
v -14.0234 20.1254 -6.5676
v -10.3494 21.5476 -6.2478
v -13.5577 20.1254 -11.9186
v -10.3494 21.5476 -6.2478
v -9.8836 21.5476 -11.5988
v 1.8834 8.3365 -4.0431
v -1.2880 8.3365 0.2775
v 0.4396 11.9672 1.5455
v 1.8834 8.3365 -4.0431
v 0.4396 11.9672 1.5455
v 3.6109 11.9672 -2.7750
v -1.8606 8.6280 -1.6603
v 2.4599 8.6280 1.5110
v 4.1836 11.6758 -0.8372
v -1.8606 8.6280 -1.6603
v 4.1836 11.6758 -0.8372
v -0.1370 11.6758 -4.0086
v 9.7805 25.1778 6.1774
v 13.7978 25.1778 8.8606
v 15.3286 28.2370 6.5687
v 9.7805 25.1778 6.1774
v 15.3286 28.2370 6.5687
v 11.3112 28.2370 3.8855
v 12.5449 25.4140 9.2714
v 15.2281 25.4140 5.2540
v 12.5641 28.0008 3.4747
v 12.5449 25.4140 9.2714
v 12.5641 28.0008 3.4747
v 9.8809 28.0008 7.4921
v -11.1530 36.9413 -7.2830
v -6.7600 36.9413 -7.6536
v -7.1301 40.1776 -12.0406
v -11.1530 36.9413 -7.2830
v -7.1301 40.1776 -12.0406
v -11.5231 40.1776 -11.6700
v -6.9908 36.6690 -7.6312
v -7.3614 36.6690 -12.0241
v -11.2923 40.4498 -11.6925
v -6.9908 36.6690 -7.6312
v -11.2923 40.4498 -11.6925
v -10.9217 40.4498 -7.2995
v 4.2642 22.1809 6.6454
v 6.4548 22.1809 9.8803
v 8.3944 24.8346 8.5669
v 4.2642 22.1809 6.6454
v 8.3944 24.8346 8.5669
v 6.2038 24.8346 5.3320
v 5.3567 22.1625 9.6538
v 8.5916 22.1625 7.4632
v 7.3018 24.8529 5.5585
v 5.3567 22.1625 9.6538
v 7.3018 24.8529 5.5585
v 4.0669 24.8529 7.7491
v -8.7828 30.5667 7.0123
v -12.1917 30.5667 5.2381
v -13.9621 32.7875 8.6396
v -8.7828 30.5667 7.0123
v -13.9621 32.7875 8.6396
v -10.5532 32.7875 10.4139
v -11.6055 29.8565 5.5385
v -13.3798 29.8565 8.9474
v -11.1394 33.4977 10.1134
v -11.6055 29.8565 5.5385
v -11.1394 33.4977 10.1134
v -9.3651 33.4977 6.7046
v -17.4657 11.9250 5.7075
v -18.7376 11.9250 10.7940
v -15.6622 15.0017 11.5631
v -17.4657 11.9250 5.7075
v -15.6622 15.0017 11.5631
v -14.3903 15.0017 6.4765
v -19.5462 12.1968 9.7549
v -14.4597 12.1968 11.0268
v -13.5817 14.7299 7.5157
v -19.5462 12.1968 9.7549
v -13.5817 14.7299 7.5157
v -18.6682 14.7299 6.2438
v 8.1731 20.4937 -8.1031
v 4.3167 20.4937 -5.9644
v 6.1215 22.4513 -2.7100
v 8.1731 20.4937 -8.1031
v 6.1215 22.4513 -2.7100
v 9.9779 22.4513 -4.8487
v 5.0531 19.7271 -6.7663
v 7.1917 19.7271 -2.9099
v 9.2416 23.2179 -4.0468
v 5.0531 19.7271 -6.7663
v 9.2416 23.2179 -4.0468
v 7.1029 23.2179 -7.9032
v 14.2664 34.9850 10.4087
v 17.5353 34.9850 8.2466
v 15.9649 38.5792 5.8724
v 14.2664 34.9850 10.4087
v 15.9649 38.5792 5.8724
v 12.6961 38.5792 8.0346
v 17.8901 35.7176 8.6549
v 15.7280 35.7176 5.3861
v 12.3412 37.8466 7.6262
v 17.8901 35.7176 8.6549
v 12.3412 37.8466 7.6262
v 14.5034 37.8466 10.8951
v -3.2537 14.3040 13.1946
v 0.9004 14.3040 12.8059
v 0.6122 17.8868 9.7253
v -3.2537 14.3040 13.1946
v 0.6122 17.8868 9.7253
v -3.5420 17.8868 10.1140
v 0.6930 14.5910 13.3668
v 0.3042 14.5910 9.2126
v -3.3345 17.5998 9.5531
v 0.6930 14.5910 13.3668
v -3.3345 17.5998 9.5531
v -2.9458 17.5998 13.7073
v -3.0816 41.9851 -0.3901
v 1.1824 41.9851 0.7333
v 2.0735 44.2538 -2.6489
v -3.0816 41.9851 -0.3901
v 2.0735 44.2538 -2.6489
v -2.1904 44.2538 -3.7723
v 0.2077 41.5036 0.9480
v 1.3311 41.5036 -3.3160
v -1.2157 44.7353 -3.9870
v 0.2077 41.5036 0.9480
v -1.2157 44.7353 -3.9870
v -2.3392 44.7353 0.2769
v 16.8999 32.5751 0.8373
v 12.6079 32.5751 -0.0197
v 12.0534 36.2279 2.7571
v 16.8999 32.5751 0.8373
v 12.0534 36.2279 2.7571
v 16.3453 36.2279 3.6142
v 13.1755 32.9085 -0.6942
v 12.3184 32.9085 3.5978
v 15.7778 35.8945 4.2886
v 13.1755 32.9085 -0.6942
v 15.7778 35.8945 4.2886
v 16.6349 35.8945 -0.0033
v 7.7552 16.4169 5.5161
v 11.8014 16.4169 10.1417
v 14.6015 18.6836 7.6923
v 7.7552 16.4169 5.5161
v 14.6015 18.6836 7.6923
v 10.5553 18.6836 3.0667
v 9.8887 16.0238 9.7969
v 14.5142 16.0238 5.7507
v 12.4680 19.0767 3.4115
v 9.8887 16.0238 9.7969
v 12.4680 19.0767 3.4115
v 7.8425 19.0767 7.4577
v -2.2940 21.5438 2.0274
v -6.1237 21.5438 2.6038
v -5.6510 26.0678 5.7445
v -2.2940 21.5438 2.0274
v -5.6510 26.0678 5.7445
v -1.8213 26.0678 5.1681
v -5.9578 21.6394 2.2265
v -5.3814 21.6394 6.0562
v -1.9873 25.9722 5.5454
v -5.9578 21.6394 2.2265
v -1.9873 25.9722 5.5454
v -2.5636 25.9722 1.7157
v 1.0701 42.6086 5.1431
v 5.2782 42.6086 5.8436
v 5.7762 47.0562 2.8518
v 1.0701 42.6086 5.1431
v 5.7762 47.0562 2.8518
v 1.5681 47.0562 2.1513
v 4.4725 42.5451 6.3345
v 5.1730 42.5451 2.1264
v 2.3738 47.1197 1.6604
v 4.4725 42.5451 6.3345
v 2.3738 47.1197 1.6604
v 1.6733 47.1197 5.8685
v 9.2689 14.7838 10.5330
v 4.4612 14.7838 11.4218
v 5.1503 17.7572 15.1496
v 9.2689 14.7838 10.5330
v 5.1503 17.7572 15.1496
v 9.9580 17.7572 14.2609
v 4.9995 14.6646 10.7639
v 5.8883 14.6646 15.5716
v 9.4197 17.8764 14.9188
v 4.9995 14.6646 10.7639
v 9.4197 17.8764 14.9188
v 8.5309 17.8764 10.1111
v 0.1639 33.4738 -10.4684
v -3.8885 33.4738 -6.9106
v -1.3674 35.7414 -4.0392
v 0.1639 33.4738 -10.4684
v -1.3674 35.7414 -4.0392
v 2.6849 35.7414 -7.5970
v -3.7127 33.2682 -8.1105
v -0.1549 33.2682 -4.0582
v 2.5091 35.9470 -6.3971
v -3.7127 33.2682 -8.1105
v 2.5091 35.9470 -6.3971
v -1.0487 35.9470 -10.4494
v -9.1285 34.7569 -3.0622
v -6.6109 34.7569 0.6316
v -2.6439 36.8520 -2.0722
v -9.1285 34.7569 -3.0622
v -2.6439 36.8520 -2.0722
v -5.1614 36.8520 -5.7660
v -6.9234 33.6152 -0.1205
v -3.2297 33.6152 -2.6381
v -4.8489 37.9937 -5.0139
v -6.9234 33.6152 -0.1205
v -4.8489 37.9937 -5.0139
v -8.5427 37.9937 -2.4963
v -14.1821 16.0653 -0.5220
v -16.9722 16.0653 -4.0648
v -18.6589 17.7933 -2.7364
v -14.1821 16.0653 -0.5220
v -18.6589 17.7933 -2.7364
v -15.8688 17.7933 0.8063
v -15.3398 16.1215 -3.9014
v -18.8826 16.1215 -1.1113
v -17.5011 17.7370 0.6429
v -15.3398 16.1215 -3.9014
v -17.5011 17.7370 0.6429
v -13.9583 17.7370 -2.1472
v -2.6862 35.1414 3.4096
v -6.0129 35.1414 5.6407
v -4.1240 38.7336 8.4572
v -2.6862 35.1414 3.4096
v -4.1240 38.7336 8.4572
v -0.7973 38.7336 6.2262
v -6.2667 35.6409 5.4411
v -4.0356 35.6409 8.7678
v -0.5435 38.2341 6.4258
v -6.2667 35.6409 5.4411
v -0.5435 38.2341 6.4258
v -2.7746 38.2341 3.0991
v -2.1742 20.8555 5.5647
v -6.5700 20.8555 6.9610
v -5.5611 22.3668 10.1372
v -2.1742 20.8555 5.5647
v -5.5611 22.3668 10.1372
v -1.1653 22.3668 8.7409
v -5.9478 20.4954 6.0920
v -4.5515 20.4954 10.4878
v -1.7875 22.7268 9.6099
v -5.9478 20.4954 6.0920
v -1.7875 22.7268 9.6099
v -3.1838 22.7268 5.2140
v -13.4023 22.7419 -2.9699
v -17.2450 22.7419 -2.8828
v -17.1684 24.8571 0.5016
v -13.4023 22.7419 -2.9699
v -17.1684 24.8571 0.5016
v -13.3257 24.8571 0.4146
v -17.1966 23.0971 -3.1132
v -17.1096 23.0971 0.7295
v -13.3741 24.5019 0.6449
v -17.1966 23.0971 -3.1132
v -13.3741 24.5019 0.6449
v -13.4611 24.5019 -3.1978
v -0.0631 25.1246 11.6375
v -3.2809 25.1246 15.5779
v 0.2037 27.3083 18.4236
v -0.0631 25.1246 11.6375
v 0.2037 27.3083 18.4236
v 3.4215 27.3083 14.4831
v -2.9895 24.4042 14.7560
v 0.9509 24.4042 17.9738
v 3.1302 28.0287 15.3051
v -2.9895 24.4042 14.7560
v 3.1302 28.0287 15.3051
v -0.8103 28.0287 12.0873
v -13.8297 28.5599 13.0417
v -9.5199 28.5599 13.8629
v -9.1532 31.1364 11.9388
v -13.8297 28.5599 13.0417
v -9.1532 31.1364 11.9388
v -13.4630 31.1364 11.1175
v -10.8949 28.5961 14.8371
v -10.0737 28.5961 10.5272
v -12.0880 31.1002 10.1434
v -10.8949 28.5961 14.8371
v -12.0880 31.1002 10.1434
v -12.9092 31.1002 14.4532
v 0.2823 17.4432 -8.0900
v 5.0521 17.4432 -4.9426
v 7.3247 20.6639 -8.3867
v 0.2823 17.4432 -8.0900
v 7.3247 20.6639 -8.3867
v 2.5548 20.6639 -11.5341
v 4.2370 18.0208 -4.5290
v 7.3844 18.0208 -9.2988
v 3.3699 20.0863 -11.9477
v 4.2370 18.0208 -4.5290
v 3.3699 20.0863 -11.9477
v 0.2226 20.0863 -7.1779
v 6.9661 20.1257 -12.2309
v 8.4689 20.1257 -8.7598
v 10.4680 22.6002 -9.6254
v 6.9661 20.1257 -12.2309
v 10.4680 22.6002 -9.6254
v 8.9652 22.6002 -13.0964
v 7.5206 20.4269 -8.9316
v 10.9917 20.4269 -10.4344
v 9.9135 22.2991 -12.9247
v 7.5206 20.4269 -8.9316
v 9.9135 22.2991 -12.9247
v 6.4425 22.2991 -11.4218
v -6.9966 33.3590 9.8639
v -6.9032 33.3590 14.1929
v -4.0614 35.2513 14.1316
v -6.9966 33.3590 9.8639
v -4.0614 35.2513 14.1316
v -4.1548 35.2513 9.8026
v -7.6712 32.9456 13.0771
v -3.3422 32.9456 12.9836
v -3.3868 35.6647 10.9184
v -7.6712 32.9456 13.0771
v -3.3868 35.6647 10.9184
v -7.7158 35.6647 11.0119
v -11.6403 13.3789 -0.2940
v -9.4942 13.3789 5.3188
v -7.2020 15.5012 4.4423
v -11.6403 13.3789 -0.2940
v -7.2020 15.5012 4.4423
v -9.3481 15.5012 -1.1704
v -11.8574 13.1919 4.1151
v -6.2447 13.1919 1.9691
v -6.9849 15.6882 0.0333
v -11.8574 13.1919 4.1151
v -6.9849 15.6882 0.0333
v -12.5976 15.6882 2.1793
v -0.4886 28.1811 5.2376
v 0.2328 28.1811 9.5087
v 5.4875 30.2860 8.6211
v -0.4886 28.1811 5.2376
v 5.4875 30.2860 8.6211
v 4.7661 30.2860 4.3500
v 0.7884 27.9260 9.8036
v 5.0596 27.9260 9.0821
v 4.2105 30.5411 4.0551
v 0.7884 27.9260 9.8036
v 4.2105 30.5411 4.0551
v -0.0606 30.5411 4.7766
v -6.1194 16.1122 13.9682
v -9.7045 16.1122 17.4795
v -6.7946 19.5689 20.4505
v -6.1194 16.1122 13.9682
v -6.7946 19.5689 20.4505
v -3.2095 19.5689 16.9393
v -9.9268 16.5942 17.0957
v -6.4156 16.5942 20.6808
v -2.9872 19.0870 17.3230
v -9.9268 16.5942 17.0957
v -2.9872 19.0870 17.3230
v -6.4984 19.0870 13.7379
v -6.9590 26.8503 2.0592
v -5.9213 26.8503 -1.4628
v -8.4437 28.0925 -2.2060
v -6.9590 26.8503 2.0592
v -8.4437 28.0925 -2.2060
v -9.4814 28.0925 1.3161
v -5.6498 26.4428 -0.5405
v -9.1719 26.4428 -1.5782
v -9.7529 28.5000 0.3938
v -5.6498 26.4428 -0.5405
v -9.7529 28.5000 0.3938
v -6.2308 28.5000 1.4314
v -11.9009 21.7895 9.1862
v -9.1176 21.7895 5.3168
v -13.3224 23.7289 2.2923
v -11.9009 21.7895 9.1862
v -13.3224 23.7289 2.2923
v -16.1057 23.7289 6.1618
v -9.2400 21.4974 5.1333
v -13.1095 21.4974 2.3500
v -15.9833 24.0209 6.3453
v -9.2400 21.4974 5.1333
v -15.9833 24.0209 6.3453
v -12.1138 24.0209 9.1286
v -7.8626 25.8526 -11.7944
v -12.4510 25.8526 -13.1658
v -13.5641 27.7522 -9.4416
v -7.8626 25.8526 -11.7944
v -13.5641 27.7522 -9.4416
v -8.9757 27.7522 -8.0702
v -11.1568 24.9885 -13.2496
v -12.5282 24.9885 -8.6613
v -10.2699 28.6164 -7.9863
v -11.1568 24.9885 -13.2496
v -10.2699 28.6164 -7.9863
v -8.8985 28.6164 -12.5747
v 4.5830 37.6758 8.0182
v 1.7286 37.6758 4.3808
v -0.8753 42.1403 6.4242
v 4.5830 37.6758 8.0182
v -0.8753 42.1403 6.4242
v 1.9792 42.1403 10.0616
v 2.3230 38.1927 4.0742
v -1.3144 38.1927 6.9286
v 1.3848 41.6235 10.3682
v 2.3230 38.1927 4.0742
v 1.3848 41.6235 10.3682
v 5.0222 41.6235 7.5138
v 3.1386 27.3178 -2.0850
v -0.5650 27.3178 -4.3796
v -2.8079 29.0918 -0.7596
v 3.1386 27.3178 -2.0850
v -2.8079 29.0918 -0.7596
v 0.8958 29.0918 1.5350
v 0.2129 26.2952 -3.9555
v -2.0817 26.2952 -0.2518
v 0.1178 30.1145 1.1109
v 0.2129 26.2952 -3.9555
v 0.1178 30.1145 1.1109
v 2.4125 30.1145 -2.5927
v 7.9206 29.4517 -3.1088
v 10.5309 29.4517 0.7757
v 12.9645 33.9477 -0.8597
v 7.9206 29.4517 -3.1088
v 12.9645 33.9477 -0.8597
v 10.3543 33.9477 -4.7441
v 9.8695 30.6150 1.3584
v 13.7540 30.6150 -1.2519
v 11.0157 32.7845 -5.3269
v 9.8695 30.6150 1.3584
v 11.0157 32.7845 -5.3269
v 7.1312 32.7845 -2.7166
v 7.3994 26.2564 10.9947
v 5.6785 26.2564 7.2234
v 3.8472 29.1852 8.0590
v 7.3994 26.2564 10.9947
v 3.8472 29.1852 8.0590
v 5.5682 29.1852 11.8304
v 6.9185 26.6561 7.3722
v 3.1471 26.6561 9.0931
v 4.3282 28.7855 11.6815
v 6.9185 26.6561 7.3722
v 4.3282 28.7855 11.6815
v 8.0996 28.7855 9.9606
v 12.1154 33.8302 2.8360
v 8.0036 33.8302 5.0006
v 9.3264 37.0240 7.5135
v 12.1154 33.8302 2.8360
v 9.3264 37.0240 7.5135
v 13.4383 37.0240 5.3488
v 8.1178 34.1573 3.9194
v 10.2825 34.1573 8.0313
v 13.3240 36.6970 6.4301
v 8.1178 34.1573 3.9194
v 13.3240 36.6970 6.4301
v 11.1594 36.6970 2.3182
v -5.0015 38.5526 0.5746
v -3.2717 38.5526 3.5624
v -1.5655 41.9030 2.5746
v -5.0015 38.5526 0.5746
v -1.5655 41.9030 2.5746
v -3.2954 41.9030 -0.4132
v -4.1993 38.6637 3.4382
v -1.2114 38.6637 1.7083
v -2.3678 41.7919 -0.2889
v -4.1993 38.6637 3.4382
v -2.3678 41.7919 -0.2889
v -5.3556 41.7919 1.4409
v -2.7453 19.6830 -6.8718
v -0.6265 19.6830 -11.6529
v -4.9606 23.9217 -13.5737
v -2.7453 19.6830 -6.8718
v -4.9606 23.9217 -13.5737
v -7.0795 23.9217 -8.7925
v -0.3121 20.3704 -11.7589
v -5.0933 20.3704 -13.8777
v -7.3938 23.2342 -8.6866
v -0.3121 20.3704 -11.7589
v -7.3938 23.2342 -8.6866
v -2.6127 23.2342 -6.5678
v -12.8235 17.5660 -13.0674
v -13.8995 17.5660 -17.1472
v -17.6815 19.6856 -16.1497
v -12.8235 17.5660 -13.0674
v -17.6815 19.6856 -16.1497
v -16.6055 19.6856 -12.0699
v -13.5281 16.7772 -16.3427
v -17.6079 16.7772 -15.2667
v -16.9769 20.4744 -12.8743
v -13.5281 16.7772 -16.3427
v -16.9769 20.4744 -12.8743
v -12.8971 20.4744 -13.9503
v 12.4781 23.3493 1.7894
v 16.0540 23.3493 5.1995
v 18.0357 27.1167 3.1214
v 12.4781 23.3493 1.7894
v 18.0357 27.1167 3.1214
v 14.4599 27.1167 -0.2887
v 14.6391 23.4020 5.2801
v 18.0492 23.4020 1.7043
v 15.8747 27.0640 -0.3694
v 14.6391 23.4020 5.2801
v 15.8747 27.0640 -0.3694
v 12.4647 27.0640 3.2065
v -9.0020 14.4890 -4.4572
v -12.8484 14.4890 -3.5204
v -12.0593 17.9447 -0.2805
v -9.0020 14.4890 -4.4572
v -12.0593 17.9447 -0.2805
v -8.2129 17.9447 -1.2173
v -13.1860 15.3810 -3.7594
v -12.2492 15.3810 0.0870
v -7.8752 17.0527 -0.9783
v -13.1860 15.3810 -3.7594
v -7.8752 17.0527 -0.9783
v -8.8120 17.0527 -4.8247
v -4.0408 33.3163 -11.9959
v -5.0074 33.3163 -16.3670
v -8.3766 37.5206 -15.6219
v -4.0408 33.3163 -11.9959
v -8.3766 37.5206 -15.6219
v -7.4100 37.5206 -11.2508
v -4.5626 34.3434 -16.7314
v -8.9337 34.3434 -15.7647
v -7.8548 36.4935 -10.8865
v -4.5626 34.3434 -16.7314
v -7.8548 36.4935 -10.8865
v -3.4838 36.4935 -11.8532
v -4.4599 15.6967 -12.3516
v -0.9897 15.6967 -10.9774
v 0.8819 18.1240 -15.7035
v -4.4599 15.6967 -12.3516
v 0.8819 18.1240 -15.7035
v -2.5883 18.1240 -17.0777
v -0.1019 15.7220 -11.3523
v 1.2723 15.7220 -14.8225
v -3.4761 18.0987 -16.7028
v -0.1019 15.7220 -11.3523
v -3.4761 18.0987 -16.7028
v -4.8502 18.0987 -13.2326
v 18.4239 35.0775 1.0679
v 16.6240 35.0775 4.1871
v 20.3262 37.3885 6.3235
v 18.4239 35.0775 1.0679
v 20.3262 37.3885 6.3235
v 22.1261 37.3885 3.2042
v 16.8933 34.6523 4.3937
v 20.0126 34.6523 6.1937
v 21.8568 37.8138 2.9976
v 16.8933 34.6523 4.3937
v 21.8568 37.8138 2.9976
v 18.7376 37.8138 1.1977
v 5.1660 38.9852 -1.5785
v 0.2658 38.9852 -2.3176
v -0.2774 40.8247 1.2836
v 5.1660 38.9852 -1.5785
v -0.2774 40.8247 1.2836
v 4.6229 40.8247 2.0227
v 1.0864 38.8515 -2.8581
v 0.3473 38.8515 2.0422
v 3.8023 40.9584 2.5632
v 1.0864 38.8515 -2.8581
v 3.8023 40.9584 2.5632
v 4.5414 40.9584 -2.3370
v 5.2223 44.4997 3.6803
v 6.8588 44.4997 7.5963
v 9.7518 48.0650 6.3873
v 5.2223 44.4997 3.6803
v 9.7518 48.0650 6.3873
v 8.1154 48.0650 2.4714
v 6.2848 44.9428 7.6604
v 10.2007 44.9428 6.0239
v 8.6894 47.6219 2.4073
v 6.2848 44.9428 7.6604
v 8.6894 47.6219 2.4073
v 4.7734 47.6219 4.0437
v -0.3106 17.3594 13.6016
v 1.4388 17.3594 16.7538
v 4.8538 19.8853 14.8586
v -0.3106 17.3594 13.6016
v 4.8538 19.8853 14.8586
v 3.1043 19.8853 11.7064
v 1.5275 17.0512 16.6041
v 4.6798 17.0512 14.8547
v 3.0156 20.1935 11.8561
v 1.5275 17.0512 16.6041
v 3.0156 20.1935 11.8561
v -0.1366 20.1935 13.6056
v -17.8676 14.8650 -10.9443
v -13.1173 14.8650 -8.1771
v -12.1644 17.9764 -9.8129
v -17.8676 14.8650 -10.9443
v -12.1644 17.9764 -9.8129
v -16.9146 17.9764 -12.5802
v -14.9466 15.7219 -7.1570
v -12.1793 15.7219 -11.9073
v -15.0854 17.1196 -13.6002
v -14.9466 15.7219 -7.1570
v -15.0854 17.1196 -13.6002
v -17.8527 17.1196 -8.8499
v 13.3522 14.3355 10.3070
v 8.6301 14.3355 8.7467
v 7.0950 16.1652 13.3925
v 13.3522 14.3355 10.3070
v 7.0950 16.1652 13.3925
v 11.8171 16.1652 14.9528
v 9.4164 13.2437 8.9641
v 7.8560 13.2437 13.6863
v 11.0308 17.2571 14.7353
v 9.4164 13.2437 8.9641
v 11.0308 17.2571 14.7353
v 12.5911 17.2571 10.0132
v 0.1745 23.1586 -0.9313
v 3.3492 23.1586 -3.6165
v 1.0945 25.4371 -6.2822
v 0.1745 23.1586 -0.9313
v 1.0945 25.4371 -6.2822
v -2.0802 25.4371 -3.5971
v 3.1916 22.9507 -3.0468
v 0.5065 22.9507 -6.2214
v -1.9227 25.6450 -4.1668
v 3.1916 22.9507 -3.0468
v -1.9227 25.6450 -4.1668
v 0.7625 25.6450 -0.9922
v -3.5957 39.0441 -1.7204
v -6.2989 39.0441 -6.2581
v -8.4564 42.0388 -4.9728
v -3.5957 39.0441 -1.7204
v -8.4564 42.0388 -4.9728
v -5.7532 42.0388 -0.4352
v -4.6913 39.8428 -6.2661
v -9.2289 39.8428 -3.5629
v -7.3609 41.2402 -0.4272
v -4.6913 39.8428 -6.2661
v -7.3609 41.2402 -0.4272
v -2.8232 41.2402 -3.1304
v 0.7797 7.7859 -2.2101
v -5.1412 7.7859 -2.0174
v -5.0819 10.6746 -0.1977
v 0.7797 7.7859 -2.2101
v -5.0819 10.6746 -0.1977
v 0.8389 10.6746 -0.3903
v -3.4160 7.9860 -4.1263
v -3.2233 7.9860 1.7946
v -0.8862 10.4744 1.7185
v -3.4160 7.9860 -4.1263
v -0.8862 10.4744 1.7185
v -1.0789 10.4744 -4.2023
v 7.4714 38.7454 3.5989
v 3.8400 38.7454 5.4507
v 6.0213 41.1413 9.7284
v 7.4714 38.7454 3.5989
v 6.0213 41.1413 9.7284
v 9.6527 41.1413 7.8766
v 3.5774 39.0161 5.9917
v 5.4292 39.0161 9.6231
v 9.9153 40.8706 7.3356
v 3.5774 39.0161 5.9917
v 9.9153 40.8706 7.3356
v 8.0635 40.8706 3.7042
v -1.2460 31.4434 1.3512
v -3.2771 31.4434 -3.7698
v -5.4094 34.5367 -2.9241
v -1.2460 31.4434 1.3512
v -5.4094 34.5367 -2.9241
v -3.3783 34.5367 2.1969
v -1.3384 31.8464 -3.2420
v -6.4594 31.8464 -1.2109
v -5.3171 34.1337 1.6691
v -1.3384 31.8464 -3.2420
v -5.3171 34.1337 1.6691
v -0.1961 34.1337 -0.3620
v -3.6426 24.3509 -15.1273
v -3.5474 24.3509 -10.9667
v 1.5201 26.7167 -11.0826
v -3.6426 24.3509 -15.1273
v 1.5201 26.7167 -11.0826
v 1.4249 26.7167 -15.2432
v -3.1012 23.3656 -11.2911
v 1.0594 23.3656 -11.3863
v 0.9786 27.7021 -14.9188
v -3.1012 23.3656 -11.2911
v 0.9786 27.7021 -14.9188
v -3.1820 27.7021 -14.8236
v -9.6421 21.0138 -9.8923
v -11.0645 21.0138 -15.1953
v -14.2684 24.5643 -14.3360
v -9.6421 21.0138 -9.8923
v -14.2684 24.5643 -14.3360
v -12.8460 24.5643 -9.0330
v -9.7478 21.0673 -14.4809
v -15.0508 21.0673 -13.0585
v -14.1627 24.5108 -9.7475
v -9.7478 21.0673 -14.4809
v -14.1627 24.5108 -9.7475
v -8.8597 24.5108 -11.1698
v 0.1195 21.2533 12.0191
v 2.3839 21.2533 8.0564
v -0.2686 22.9804 6.5407
v 0.1195 21.2533 12.0191
v -0.2686 22.9804 6.5407
v -2.5330 22.9804 10.5033
v 2.5426 20.9184 9.2993
v -1.4200 20.9184 7.0348
v -2.6918 23.3153 9.2605
v 2.5426 20.9184 9.2993
v -2.6918 23.3153 9.2605
v 1.2708 23.3153 11.5249
v -9.9259 30.9519 -6.6460
v -5.8968 30.9519 -3.7476
v -4.3591 33.8211 -5.8852
v -9.9259 30.9519 -6.6460
v -4.3591 33.8211 -5.8852
v -8.3882 33.8211 -8.7836
v -7.1643 31.5501 -3.2242
v -4.2658 31.5501 -7.2533
v -7.1207 33.2229 -9.3070
v -7.1643 31.5501 -3.2242
v -7.1207 33.2229 -9.3070
v -10.0192 33.2229 -5.2779
v -4.9855 13.2911 -8.1578
v -6.7134 13.2911 -1.8726
v -3.3896 14.9217 -0.9588
v -4.9855 13.2911 -8.1578
v -3.3896 14.9217 -0.9588
v -1.6617 14.9217 -7.2440
v -7.7703 13.1689 -3.8214
v -1.4851 13.1689 -2.0934
v -0.6048 15.0439 -5.2952
v -7.7703 13.1689 -3.8214
v -0.6048 15.0439 -5.2952
v -6.8900 15.0439 -7.0231
v -9.1631 31.1029 12.1975
v -5.4310 31.1029 9.6036
v -7.5717 33.8673 6.5235
v -9.1631 31.1029 12.1975
v -7.5717 33.8673 6.5235
v -11.3038 33.8673 9.1174
v -6.0723 30.4975 10.5328
v -8.6662 30.4975 6.8007
v -10.6625 34.4727 8.1882
v -6.0723 30.4975 10.5328
v -10.6625 34.4727 8.1882
v -8.0686 34.4727 11.9203
v 6.5093 24.7274 -5.6499
v 7.3205 24.7274 -0.7091
v 10.0732 26.5611 -1.1611
v 6.5093 24.7274 -5.6499
v 10.0732 26.5611 -1.1611
v 9.2620 26.5611 -6.1019
v 5.9740 24.2684 -2.0674
v 10.9148 24.2684 -2.8786
v 10.6086 27.0201 -4.7436
v 5.9740 24.2684 -2.0674
v 10.6086 27.0201 -4.7436
v 5.6678 27.0201 -3.9324
v 13.1526 21.7742 9.8436
v 13.4447 21.7742 4.9727
v 11.2999 24.0544 4.8441
v 13.1526 21.7742 9.8436
v 11.2999 24.0544 4.8441
v 11.0078 24.0544 9.7150
v 14.7370 21.9800 6.2347
v 9.8661 21.9800 5.9426
v 9.7156 23.8485 8.4531
v 14.7370 21.9800 6.2347
v 9.7156 23.8485 8.4531
v 14.5864 23.8485 8.7451
v -8.9437 22.9166 1.0847
v -5.9067 22.9166 -1.0863
v -7.9164 24.8733 -3.8977
v -8.9437 22.9166 1.0847
v -7.9164 24.8733 -3.8977
v -10.9534 24.8733 -1.7267
v -5.8599 23.1124 -0.9493
v -8.0309 23.1124 -3.9863
v -11.0001 24.6776 -1.8637
v -5.8599 23.1124 -0.9493
v -11.0001 24.6776 -1.8637
v -8.8292 24.6776 1.1732
v 9.5442 24.2762 13.2481
v 12.2466 24.2762 8.4993
v 8.9333 26.3236 6.6139
v 9.5442 24.2762 13.2481
v 8.9333 26.3236 6.6139
v 6.2309 26.3236 11.3627
v 12.5000 24.0891 9.7238
v 7.7512 24.0891 7.0214
v 5.9775 26.5107 10.1382
v 12.5000 24.0891 9.7238
v 5.9775 26.5107 10.1382
v 10.7264 26.5107 12.8406
v -9.2150 24.0173 -5.8745
v -13.1873 24.0173 -6.5902
v -13.8281 25.5352 -3.0334
v -9.2150 24.0173 -5.8745
v -13.8281 25.5352 -3.0334
v -9.8558 25.5352 -2.3178
v -12.7876 23.7185 -6.7327
v -13.5033 23.7185 -2.7604
v -10.2555 25.8340 -2.1753
v -12.7876 23.7185 -6.7327
v -10.2555 25.8340 -2.1753
v -9.5399 25.8340 -6.1476
v -9.9737 31.2140 10.7141
v -11.9924 31.2140 15.0155
v -9.7637 35.0541 16.0614
v -9.9737 31.2140 10.7141
v -9.7637 35.0541 16.0614
v -7.7450 35.0541 11.7601
v -12.8036 31.7945 14.0495
v -8.5022 31.7945 16.0681
v -6.9338 34.4736 12.7261
v -12.8036 31.7945 14.0495
v -6.9338 34.4736 12.7261
v -11.2352 34.4736 10.7074
v 3.9702 15.3703 0.9118
v 4.5133 15.3703 -5.3785
v 0.9691 20.0749 -5.6845
v 3.9702 15.3703 0.9118
v 0.9691 20.0749 -5.6845
v 0.4260 20.0749 0.6058
v 5.8264 16.0943 -4.5645
v -0.4640 16.0943 -5.1076
v -0.8870 19.3509 -0.2082
v 5.8264 16.0943 -4.5645
v -0.8870 19.3509 -0.2082
v 5.4033 19.3509 0.3349
v -9.0518 36.4584 5.0176
v -5.5474 36.4584 7.9596
v -3.0283 38.0366 4.9589
v -9.0518 36.4584 5.0176
v -3.0283 38.0366 4.9589
v -6.5326 38.0366 2.0169
v -6.1672 36.0720 7.8685
v -3.2252 36.0720 4.3642
v -5.9128 38.4231 2.1079
v -6.1672 36.0720 7.8685
v -5.9128 38.4231 2.1079
v -8.8548 38.4231 5.6123
v -0.9878 24.8318 -7.4257
v 2.2245 24.8318 -4.1936
v 3.6897 27.7840 -5.6498
v -0.9878 24.8318 -7.4257
v 3.6897 27.7840 -5.6498
v 0.4774 27.7840 -8.8819
v 0.3712 24.7488 -4.2914
v 3.6032 24.7488 -7.5037
v 2.3307 27.8671 -8.7840
v 0.3712 24.7488 -4.2914
v 2.3307 27.8671 -8.7840
v -0.9013 27.8671 -5.5718
v 6.3664 24.9658 13.3273
v 2.3812 24.9658 10.9024
v 0.8057 28.4983 13.4919
v 6.3664 24.9658 13.3273
v 0.8057 28.4983 13.4919
v 4.7908 28.4983 15.9167
v 3.0639 25.5944 10.3616
v 0.6391 25.5944 14.3468
v 4.1081 27.8696 16.4575
v 3.0639 25.5944 10.3616
v 4.1081 27.8696 16.4575
v 6.5330 27.8696 12.4724
v -3.2317 31.3089 14.9935
v 1.2824 31.3089 13.7229
v 0.4418 35.2094 10.7366
v -3.2317 31.3089 14.9935
v 0.4418 35.2094 10.7366
v -4.0723 35.2094 12.0071
v 0.8653 31.4260 14.6647
v -0.4053 31.4260 10.1507
v -3.6551 35.0922 11.0654
v 0.8653 31.4260 14.6647
v -3.6551 35.0922 11.0654
v -2.3846 35.0922 15.5794
v 10.1081 18.8781 0.3840
v 8.2376 18.8781 -1.9922
v 5.2699 23.7749 0.3440
v 10.1081 18.8781 0.3840
v 5.2699 23.7749 0.3440
v 7.1404 23.7749 2.7202
v 7.4787 19.2170 -2.3476
v 5.1025 19.2170 -0.4771
v 7.8993 23.4359 3.0757
v 7.4787 19.2170 -2.3476
v 7.8993 23.4359 3.0757
v 10.2755 23.4359 1.2052
v 5.4742 34.8719 9.6583
v 8.2072 34.8719 5.9121
v 5.4493 36.8119 3.9000
v 5.4742 34.8719 9.6583
v 5.4493 36.8119 3.9000
v 2.7163 36.8119 7.6462
v 8.2126 34.5627 6.9424
v 4.4665 34.5627 4.2094
v 2.7109 37.1211 6.6158
v 8.2126 34.5627 6.9424
v 2.7109 37.1211 6.6158
v 6.4570 37.1211 9.3489
v -8.5557 35.8331 -9.2425
v -12.3201 35.8331 -7.0584
v -10.5504 40.2475 -4.0082
v -8.5557 35.8331 -9.2425
v -10.5504 40.2475 -4.0082
v -6.7860 40.2475 -6.1923
v -12.7972 36.7025 -7.2589
v -10.6132 36.7025 -3.4945
v -6.3089 39.3781 -5.9918
v -12.7972 36.7025 -7.2589
v -6.3089 39.3781 -5.9918
v -8.4929 39.3781 -9.7562
v 8.7893 32.0680 -3.9920
v 9.4501 32.0680 -8.7083
v 3.7125 35.4546 -9.5122
v 8.7893 32.0680 -3.9920
v 3.7125 35.4546 -9.5122
v 3.0517 35.4546 -4.7960
v 9.0228 32.2230 -9.3749
v 4.3066 32.2230 -10.0357
v 3.4790 35.2996 -4.1294
v 9.0228 32.2230 -9.3749
v 3.4790 35.2996 -4.1294
v 8.1952 35.2996 -3.4685
v 4.2840 43.3727 8.9024
v 9.1711 43.3727 9.4863
v 9.6545 45.6479 5.4412
v 4.2840 43.3727 8.9024
v 9.6545 45.6479 5.4412
v 4.7673 45.6479 4.8572
v 7.9349 42.5509 9.7656
v 8.5188 42.5509 4.8785
v 6.0035 46.4696 4.5779
v 7.9349 42.5509 9.7656
v 6.0035 46.4696 4.5779
v 5.4196 46.4696 9.4651
v -6.8009 16.0686 8.5940
v -1.8183 16.0686 7.8408
v -2.1745 19.6275 5.4848
v -6.8009 16.0686 8.5940
v -2.1745 19.6275 5.4848
v -7.1571 19.6275 6.2381
v -2.4560 16.5123 9.2805
v -3.2093 16.5123 4.2979
v -6.5193 19.1838 4.7983
v -2.4560 16.5123 9.2805
v -6.5193 19.1838 4.7983
v -5.7661 19.1838 9.7809
v -11.7791 18.9457 3.6086
v -9.4366 18.9457 8.5308
v -5.6789 21.6955 6.7425
v -11.7791 18.9457 3.6086
v -5.6789 21.6955 6.7425
v -8.0213 21.6955 1.8203
v -10.5025 18.4075 7.7915
v -5.5803 18.4075 5.4491
v -6.9554 22.2337 2.5595
v -10.5025 18.4075 7.7915
v -6.9554 22.2337 2.5595
v -11.8776 22.2337 4.9020
v 0.4561 30.7277 -11.4773
v -3.4142 30.7277 -7.1650
v -0.8153 33.0075 -4.8324
v 0.4561 30.7277 -11.4773
v -0.8153 33.0075 -4.8324
v 3.0551 33.0075 -9.1447
v -3.6146 31.0415 -8.6652
v 0.6977 31.0415 -4.7948
v 3.2554 32.6937 -7.6446
v -3.6146 31.0415 -8.6652
v 3.2554 32.6937 -7.6446
v -1.0568 32.6937 -11.5149
v 5.8878 14.1811 -6.9399
v 2.0177 14.1811 -9.2758
v 0.5452 17.4767 -6.8361
v 5.8878 14.1811 -6.9399
v 0.5452 17.4767 -6.8361
v 4.4152 17.4767 -4.5002
v 2.7423 14.7963 -9.8142
v 0.4064 14.7963 -5.9441
v 3.6906 16.8615 -3.9618
v 2.7423 14.7963 -9.8142
v 3.6906 16.8615 -3.9618
v 6.0266 16.8615 -7.8318
v 4.0843 30.9408 10.0404
v 8.1075 30.9408 9.3227
v 7.3670 32.5197 5.1716
v 4.0843 30.9408 10.0404
v 7.3670 32.5197 5.1716
v 3.3438 32.5197 5.8892
v 7.5424 30.0346 9.3575
v 6.8248 30.0346 5.3343
v 3.9089 33.4258 5.8544
v 7.5424 30.0346 9.3575
v 3.9089 33.4258 5.8544
v 4.6265 33.4258 9.8776
v 14.5182 34.9688 -3.0340
v 11.8053 34.9688 1.2894
v 14.1779 38.7990 2.7782
v 14.5182 34.9688 -3.0340
v 14.1779 38.7990 2.7782
v 16.8908 38.7990 -1.5452
v 11.2038 35.3967 0.0815
v 15.5271 35.3967 2.7944
v 17.4923 38.3710 -0.3373
v 11.2038 35.3967 0.0815
v 17.4923 38.3710 -0.3373
v 13.1689 38.3710 -3.0502
v -5.3921 16.6579 14.7661
v -2.7503 16.6579 18.9423
v -0.6762 19.4150 17.6302
v -5.3921 16.6579 14.7661
v -0.6762 19.4150 17.6302
v -3.3181 19.4150 13.4541
v -4.2888 17.0487 18.8366
v -0.1127 17.0487 16.1947
v -1.7796 19.0243 13.5597
v -4.2888 17.0487 18.8366
v -1.7796 19.0243 13.5597
v -5.9557 19.0243 16.2016
v -5.7852 27.1530 14.1259
v -2.9755 27.1530 10.1123
v -6.6503 29.5998 7.5399
v -5.7852 27.1530 14.1259
v -6.6503 29.5998 7.5399
v -9.4599 29.5998 11.5536
v -3.0209 26.8862 10.5377
v -7.0345 26.8862 7.7281
v -9.4146 29.8666 11.1281
v -3.0209 26.8862 10.5377
v -9.4146 29.8666 11.1281
v -5.4009 29.8666 13.9377
v -2.7485 32.7439 -11.4319
v -5.4981 32.7439 -13.7319
v -7.9055 36.4900 -10.8540
v -2.7485 32.7439 -11.4319
v -7.9055 36.4900 -10.8540
v -5.1559 36.4900 -8.5539
v -5.8966 33.2022 -13.9562
v -8.1967 33.2022 -11.2066
v -4.7574 36.0317 -8.3296
v -5.8966 33.2022 -13.9562
v -4.7574 36.0317 -8.3296
v -2.4573 36.0317 -11.0793
v -11.0163 24.4584 -4.5319
v -14.4115 24.4584 -8.1463
v -17.1087 27.0375 -5.6128
v -11.0163 24.4584 -4.5319
v -17.1087 27.0375 -5.6128
v -13.7134 27.0375 -1.9984
v -13.6614 24.8161 -8.2669
v -17.2758 24.8161 -4.8717
v -14.4636 26.6799 -1.8779
v -13.6614 24.8161 -8.2669
v -14.4636 26.6799 -1.8779
v -10.8492 26.6799 -5.2731
v -16.0527 20.8095 -10.0200
v -19.9942 20.8095 -8.9205
v -19.0903 24.4957 -5.6802
v -16.0527 20.8095 -10.0200
v -19.0903 24.4957 -5.6802
v -15.1488 24.4957 -6.7797
v -20.0342 21.1419 -9.2873
v -18.9347 21.1419 -5.3457
v -15.1088 24.1632 -6.4129
v -20.0342 21.1419 -9.2873
v -15.1088 24.1632 -6.4129
v -16.2083 24.1632 -10.3545
v -7.4234 18.1725 -15.3250
v -12.4946 18.1725 -15.7135
v -12.6779 22.2044 -13.3200
v -7.4234 18.1725 -15.3250
v -12.6779 22.2044 -13.3200
v -7.6067 22.2044 -12.9316
v -11.8724 18.9983 -17.0126
v -12.2609 18.9983 -11.9413
v -8.2289 21.3785 -11.6325
v -11.8724 18.9983 -17.0126
v -8.2289 21.3785 -11.6325
v -7.8404 21.3785 -16.7037
v -12.2791 13.0948 3.4383
v -15.4431 13.0948 4.7936
v -14.5197 16.5690 6.9494
v -12.2791 13.0948 3.4383
v -14.5197 16.5690 6.9494
v -11.3557 16.5690 5.5942
v -15.6386 13.6045 4.2808
v -14.2834 13.6045 7.4448
v -11.1602 16.0592 6.1070
v -15.6386 13.6045 4.2808
v -11.1602 16.0592 6.1070
v -12.5154 16.0592 2.9430
v 7.7974 24.1716 10.1194
v 5.2616 24.1716 13.6495
v 7.8350 28.7499 15.4981
v 7.7974 24.1716 10.1194
v 7.8350 28.7499 15.4981
v 10.3708 28.7499 11.9680
v 4.5353 25.4612 13.6511
v 8.0653 25.4612 16.1869
v 11.0971 27.4603 11.9664
v 4.5353 25.4612 13.6511
v 11.0971 27.4603 11.9664
v 7.5671 27.4603 9.4306
v -2.3435 20.4253 5.9568
v 1.5024 20.4253 7.8914
v 3.5408 23.9723 3.8393
v -2.3435 20.4253 5.9568
v 3.5408 23.9723 3.8393
v -0.3051 23.9723 1.9046
v 1.9534 20.9610 7.9891
v 3.8881 20.9610 4.1432
v -0.7562 23.4365 1.8069
v 1.9534 20.9610 7.9891
v -0.7562 23.4365 1.8069
v -2.6909 23.4365 5.6528
v 0.8616 12.9728 10.4896
v -1.0443 12.9728 13.4081
v 1.3801 15.6641 14.9913
v 0.8616 12.9728 10.4896
v 1.3801 15.6641 14.9913
v 3.2860 15.6641 12.0728
v -1.0843 12.8882 12.9298
v 1.8342 12.8882 14.8356
v 3.3260 15.7487 12.5512
v -1.0843 12.8882 12.9298
v 3.3260 15.7487 12.5512
v 0.4075 15.7487 10.6453
v -1.1890 4.9420 1.6435
v 2.7879 4.9420 1.3644
v 2.6313 8.0040 -0.8661
v -1.1890 4.9420 1.6435
v 2.6313 8.0040 -0.8661
v -1.3456 8.0040 -0.5870
v 2.4057 5.3799 2.2687
v 2.1266 5.3799 -1.7082
v -0.9634 7.5661 -1.4913
v 2.4057 5.3799 2.2687
v -0.9634 7.5661 -1.4913
v -0.6843 7.5661 2.4856
v -5.2355 28.9469 6.0553
v -0.5725 28.9469 3.6124
v -2.2981 31.1748 0.3187
v -5.2355 28.9469 6.0553
v -2.2981 31.1748 0.3187
v -6.9610 31.1748 2.7616
v -1.0336 28.7248 4.7265
v -3.4765 28.7248 0.0636
v -6.4999 31.3969 1.6475
v -1.0336 28.7248 4.7265
v -6.4999 31.3969 1.6475
v -4.0570 31.3969 6.3105
v -9.4334 18.2326 -1.0903
v -14.1954 18.2326 -1.1298
v -14.2247 19.7721 2.4121
v -9.4334 18.2326 -1.0903
v -14.2247 19.7721 2.4121
v -9.4627 19.7721 2.4516
v -13.1059 17.5713 -1.7308
v -13.1453 17.5713 3.0311
v -10.5522 20.4334 3.0526
v -13.1059 17.5713 -1.7308
v -10.5522 20.4334 3.0526
v -10.5128 20.4334 -1.7094
v 6.0691 11.4529 16.0205
v 10.3245 11.4529 12.4036
v 8.6715 14.6347 10.4588
v 6.0691 11.4529 16.0205
v 8.6715 14.6347 10.4588
v 4.4161 14.6347 14.0757
v 10.4463 11.8640 14.2900
v 6.8294 11.8640 10.0346
v 4.2943 14.2237 12.1893
v 10.4463 11.8640 14.2900
v 4.2943 14.2237 12.1893
v 7.9112 14.2237 16.4447
v 15.4215 37.5292 1.8835
v 12.5984 37.5292 5.9052
v 15.8921 39.2898 8.2173
v 15.4215 37.5292 1.8835
v 15.8921 39.2898 8.2173
v 18.7152 39.2898 4.1955
v 12.8400 36.7195 4.7869
v 16.8618 36.7195 7.6100
v 18.4736 40.0995 5.3139
v 12.8400 36.7195 4.7869
v 18.4736 40.0995 5.3139
v 14.4518 40.0995 2.4907
v 8.0308 27.1233 2.1074
v 4.4640 27.1233 5.0590
v 7.0699 30.1125 8.2079
v 8.0308 27.1233 2.1074
v 7.0699 30.1125 8.2079
v 10.6366 30.1125 5.2563
v 5.0936 26.4295 4.1860
v 8.0453 26.4295 7.7528
v 10.0070 30.8063 6.1293
v 5.0936 26.4295 4.1860
v 10.0070 30.8063 6.1293
v 7.0554 30.8063 2.5625
v 12.9627 32.2703 -6.7030
v 9.5492 32.2703 -2.6868
v 12.2182 35.7821 -0.4183
v 12.9627 32.2703 -6.7030
v 12.2182 35.7821 -0.4183
v 15.6317 35.7821 -4.4345
v 9.4123 32.3272 -3.8908
v 13.4285 32.3272 -0.4773
v 15.7686 35.7251 -3.2305
v 9.4123 32.3272 -3.8908
v 15.7686 35.7251 -3.2305
v 11.7524 35.7251 -6.6441
v -4.1404 38.4081 2.5249
v -5.2100 38.4081 -1.4335
v -8.1282 40.8057 -0.6449
v -4.1404 38.4081 2.5249
v -8.1282 40.8057 -0.6449
v -7.0585 40.8057 3.3135
v -4.5782 38.5626 -1.1607
v -8.5366 38.5626 -0.0911
v -7.6904 40.6511 3.0407
v -4.5782 38.5626 -1.1607
v -7.6904 40.6511 3.0407
v -3.7320 40.6511 1.9711
v -9.9089 28.2564 -1.5249
v -12.8368 28.2564 1.2372
v -10.4450 30.2405 3.7726
v -9.9089 28.2564 -1.5249
v -10.4450 30.2405 3.7726
v -7.5171 30.2405 1.0106
v -12.7441 28.0811 0.7789
v -9.9820 28.0811 3.7068
v -7.6098 30.4158 1.4689
v -12.7441 28.0811 0.7789
v -7.6098 30.4158 1.4689
v -10.3719 30.4158 -1.4590
v 18.1804 33.8827 -1.6723
v 14.1796 33.8827 -0.1158
v 15.8893 35.7471 4.2788
v 18.1804 33.8827 -1.6723
v 15.8893 35.7471 4.2788
v 19.8901 35.7471 2.7223
v 14.1469 33.6734 0.1236
v 15.7033 33.6734 4.1244
v 19.9228 35.9564 2.4829
v 14.1469 33.6734 0.1236
v 19.9228 35.9564 2.4829
v 18.3663 35.9564 -1.5179
v -3.2238 39.1142 -2.8870
v -1.8776 39.1142 1.1247
v 1.5571 40.5436 -0.0279
v -3.2238 39.1142 -2.8870
v 1.5571 40.5436 -0.0279
v 0.2109 40.5436 -4.0396
v -2.3539 38.6186 0.6620
v 1.6578 38.6186 -0.6842
v 0.6871 41.0392 -3.5769
v -2.3539 38.6186 0.6620
v 0.6871 41.0392 -3.5769
v -3.3245 41.0392 -2.2307
v 2.7329 20.3753 -10.7879
v 6.8395 20.3753 -10.5038
v 7.0877 22.6287 -14.0906
v 2.7329 20.3753 -10.7879
v 7.0877 22.6287 -14.0906
v 2.9811 22.6287 -14.3747
v 6.2123 19.9509 -10.2861
v 6.4964 19.9509 -14.3926
v 3.6083 23.0531 -14.5925
v 6.2123 19.9509 -10.2861
v 3.6083 23.0531 -14.5925
v 3.3242 23.0531 -10.4859
v 8.2267 16.2335 -1.1903
v 10.5090 16.2335 -5.4638
v 7.5287 18.5253 -7.0555
v 8.2267 16.2335 -1.1903
v 7.5287 18.5253 -7.0555
v 5.2463 18.5253 -2.7820
v 10.6330 15.8164 -4.1400
v 6.3595 15.8164 -6.4223
v 5.1223 18.9424 -4.1058
v 10.6330 15.8164 -4.1400
v 5.1223 18.9424 -4.1058
v 9.3959 18.9424 -1.8235
v -5.0741 21.8861 10.2686
v -2.5545 21.8861 13.1757
v -0.5886 24.9609 11.4718
v -5.0741 21.8861 10.2686
v -0.5886 24.9609 11.4718
v -3.1082 24.9609 8.5648
v -3.6052 21.6976 12.9142
v -0.6982 21.6976 10.3946
v -2.0575 25.1494 8.8263
v -3.6052 21.6976 12.9142
v -2.0575 25.1494 8.8263
v -4.9645 25.1494 11.3459
v 5.9946 24.9385 -0.8737
v 7.0738 24.9385 -5.8185
v 3.6712 26.5830 -6.5611
v 5.9946 24.9385 -0.8737
v 3.6712 26.5830 -6.5611
v 2.5921 26.5830 -1.6163
v 7.5330 24.1584 -4.2213
v 2.5882 24.1584 -5.3004
v 2.1328 27.3631 -3.2136
v 7.5330 24.1584 -4.2213
v 2.1328 27.3631 -3.2136
v 7.0776 27.3631 -2.1344
v -8.3912 34.4389 -5.3727
v -4.1300 34.4389 -6.6553
v -5.0014 36.6293 -9.5502
v -8.3912 34.4389 -5.3727
v -5.0014 36.6293 -9.5502
v -9.2625 36.6293 -8.2677
v -4.9389 34.0761 -5.6669
v -6.2214 34.0761 -9.9280
v -8.4537 36.9921 -9.2561
v -4.9389 34.0761 -5.6669
v -8.4537 36.9921 -9.2561
v -7.1711 36.9921 -4.9950
v 6.2815 14.9087 3.5606
v 9.3458 14.9087 4.5350
v 10.3098 16.3444 1.5037
v 6.2815 14.9087 3.5606
v 10.3098 16.3444 1.5037
v 7.2454 16.3444 0.5293
v 9.0209 14.4324 4.4499
v 9.9954 14.4324 1.3856
v 7.5703 16.8206 0.6144
v 9.0209 14.4324 4.4499
v 7.5703 16.8206 0.6144
v 6.5958 16.8206 3.6788
v -18.1546 16.9321 -4.7944
v -13.1138 16.9321 -4.4086
v -12.8963 20.8553 -7.2496
v -18.1546 16.9321 -4.7944
v -12.8963 20.8553 -7.2496
v -17.9371 20.8553 -7.6354
v -14.0539 17.1356 -3.3742
v -13.6681 17.1356 -8.4150
v -16.9970 20.6518 -8.6698
v -14.0539 17.1356 -3.3742
v -16.9970 20.6518 -8.6698
v -17.3828 20.6518 -3.6290
v -10.5340 31.5981 -12.7652
v -12.0717 31.5981 -9.1673
v -9.8118 34.6733 -8.2015
v -10.5340 31.5981 -12.7652
v -9.8118 34.6733 -8.2015
v -8.2742 34.6733 -11.7994
v -12.5125 31.7279 -9.9872
v -8.9146 31.7279 -8.4496
v -7.8334 34.5435 -10.9795
v -12.5125 31.7279 -9.9872
v -7.8334 34.5435 -10.9795
v -11.4312 34.5435 -12.5171
v -11.2931 30.3142 -2.9201
v -7.7876 30.3142 -0.4915
v -6.0185 31.5456 -3.0451
v -11.2931 30.3142 -2.9201
v -6.0185 31.5456 -3.0451
v -9.5240 31.5456 -5.4737
v -8.6089 30.2683 -0.3561
v -6.1804 30.2683 -3.8617
v -8.7027 31.5916 -5.6091
v -8.6089 30.2683 -0.3561
v -8.7027 31.5916 -5.6091
v -11.1313 31.5916 -2.1036
v 12.0620 20.1525 4.1907
v 7.8876 20.1525 5.6322
v 8.7314 23.3920 8.0759
v 12.0620 20.1525 4.1907
v 8.7314 23.3920 8.0759
v 12.9059 23.3920 6.6344
v 7.9093 20.8771 4.6561
v 9.3509 20.8771 8.8306
v 12.8841 22.6674 7.6105
v 7.9093 20.8771 4.6561
v 12.8841 22.6674 7.6105
v 11.4426 22.6674 3.4360
v -9.5418 22.3194 -5.6709
v -4.4673 22.3194 -6.4216
v -4.9290 26.0146 -9.5424
v -9.5418 22.3194 -5.6709
v -4.9290 26.0146 -9.5424
v -10.0035 26.0146 -8.7917
v -4.9028 22.7575 -5.3590
v -5.6535 22.7575 -10.4335
v -9.5680 25.5766 -9.8544
v -4.9028 22.7575 -5.3590
v -9.5680 25.5766 -9.8544
v -8.8173 25.5766 -4.7799
v 4.5774 35.3033 2.6094
v 4.2009 35.3033 -3.3555
v 2.0024 36.9993 -3.2167
v 4.5774 35.3033 2.6094
v 2.0024 36.9993 -3.2167
v 2.3789 36.9993 2.7482
v 6.1972 35.4377 -1.6824
v 0.2323 35.4377 -1.3059
v 0.3826 36.8649 1.0751
v 6.1972 35.4377 -1.6824
v 0.3826 36.8649 1.0751
v 6.3475 36.8649 0.6987
v 2.0606 27.7413 7.2476
v -2.1001 27.7413 7.1385
v -2.1799 32.4846 10.1806
v 2.0606 27.7413 7.2476
v -2.1799 32.4846 10.1806
v 1.9809 32.4846 10.2897
v -1.5315 27.7448 6.5937
v -1.6406 27.7448 10.7545
v 1.4123 32.4811 10.8345
v -1.5315 27.7448 6.5937
v 1.4123 32.4811 10.8345
v 1.5214 32.4811 6.6737
v -7.1773 27.9555 -12.1495
v -3.7395 27.9555 -8.9789
v -2.1755 30.7878 -10.6747
v -7.1773 27.9555 -12.1495
v -2.1755 30.7878 -10.6747
v -5.6134 30.7878 -13.8453
v -5.1348 28.3788 -8.6539
v -1.9642 28.3788 -12.0918
v -4.2181 30.3646 -14.1703
v -5.1348 28.3788 -8.6539
v -4.2181 30.3646 -14.1703
v -7.3886 30.3646 -10.7325
v 3.7445 16.1535 -12.1399
v -2.2554 16.1535 -13.4969
v -2.8641 17.6873 -10.8058
v 3.7445 16.1535 -12.1399
v -2.8641 17.6873 -10.8058
v 3.1358 17.6873 -9.4488
v -0.3084 16.3283 -14.7955
v -1.6654 16.3283 -8.7957
v 1.1887 17.5125 -8.1501
v -0.3084 16.3283 -14.7955
v 1.1887 17.5125 -8.1501
v 2.5457 17.5125 -14.1500
v 10.9436 14.3256 7.6275
v 6.8011 14.3256 6.5768
v 5.7490 18.0503 10.7247
v 10.9436 14.3256 7.6275
v 5.7490 18.0503 10.7247
v 9.8915 18.0503 11.7754
v 6.6533 14.5121 6.5422
v 5.6026 14.5121 10.6847
v 10.0393 17.8638 11.8100
v 6.6533 14.5121 6.5422
v 10.0393 17.8638 11.8100
v 11.0900 17.8638 7.6675
v -2.6043 23.1717 -0.2108
v -6.3661 23.1717 -0.8042
v -6.7954 25.4271 1.9171
v -2.6043 23.1717 -0.2108
v -6.7954 25.4271 1.9171
v -3.0335 25.4271 2.5105
v -5.9031 23.3703 -1.2644
v -6.4965 23.3703 2.4974
v -3.4965 25.2285 2.9707
v -5.9031 23.3703 -1.2644
v -3.4965 25.2285 2.9707
v -2.9031 25.2285 -0.7912
v -3.9480 39.1892 5.1489
v 0.4744 39.1892 6.0280
v 1.2745 44.6596 2.0033
v -3.9480 39.1892 5.1489
v 1.2745 44.6596 2.0033
v -3.1479 44.6596 1.1242
v 1.1326 40.2229 6.3656
v 2.0117 40.2229 1.9432
v -3.8061 43.6259 0.7867
v 1.1326 40.2229 6.3656
v -3.8061 43.6259 0.7867
v -4.6852 43.6259 5.2090
v -10.5716 15.3438 -5.0795
v -6.4335 15.3438 -7.7583
v -7.5315 18.1374 -9.4544
v -10.5716 15.3438 -5.0795
v -7.5315 18.1374 -9.4544
v -11.6695 18.1374 -6.7756
v -6.4078 15.9940 -6.0423
v -9.0866 15.9940 -10.1803
v -11.6952 17.4872 -8.4916
v -6.4078 15.9940 -6.0423
v -11.6952 17.4872 -8.4916
v -9.0165 17.4872 -4.3536
v 6.0512 18.5428 0.5633
v 5.1392 18.5428 4.8507
v 7.8331 19.7081 5.4237
v 6.0512 18.5428 0.5633
v 7.8331 19.7081 5.4237
v 8.7452 19.7081 1.1364
v 4.5609 18.1603 3.6547
v 8.8482 18.1603 4.5667
v 9.3235 20.0905 2.3324
v 4.5609 18.1603 3.6547
v 9.3235 20.0905 2.3324
v 5.0362 20.0905 1.4204
v 8.9591 22.0532 -7.7468
v 7.9918 22.0532 -3.7855
v 11.0406 24.5394 -3.0411
v 8.9591 22.0532 -7.7468
v 11.0406 24.5394 -3.0411
v 12.0078 24.5394 -7.0024
v 7.6453 22.0622 -4.3463
v 11.6066 22.0622 -3.3791
v 12.3543 24.5304 -6.4416
v 7.6453 22.0622 -4.3463
v 12.3543 24.5304 -6.4416
v 8.3931 24.5304 -7.4088
v 18.1480 27.8684 8.5012
v 14.9001 27.8684 4.9880
v 11.5217 29.5440 8.1113
v 18.1480 27.8684 8.5012
v 11.5217 29.5440 8.1113
v 14.7696 29.5440 11.6244
v 15.3777 27.0337 5.3694
v 11.8646 27.0337 8.6173
v 14.2920 30.3787 11.2430
v 15.3777 27.0337 5.3694
v 14.2920 30.3787 11.2430
v 17.8052 30.3787 7.9951
v -12.1986 29.4280 -7.4932
v -7.8243 29.4280 -7.7073
v -7.9760 31.4502 -10.8090
v -12.1986 29.4280 -7.4932
v -7.9760 31.4502 -10.8090
v -12.3504 31.4502 -10.5950
v -8.8832 28.9469 -7.0176
v -9.0972 28.9469 -11.3920
v -11.2915 31.9313 -11.2846
v -8.8832 28.9469 -7.0176
v -11.2915 31.9313 -11.2846
v -11.0774 31.9313 -6.9103
v 8.7340 41.4545 4.0406
v 5.3565 41.4545 0.1117
v 2.4378 43.6537 2.6208
v 8.7340 41.4545 4.0406
v 2.4378 43.6537 2.6208
v 5.8153 43.6537 6.5497
v 6.7666 40.6919 0.7303
v 2.8377 40.6919 4.1078
v 4.4051 44.4163 5.9311
v 6.7666 40.6919 0.7303
v 4.4051 44.4163 5.9311
v 8.3340 44.4163 2.5536
v -3.3493 22.9571 -11.9201
v -6.1636 22.9571 -15.4888
v -7.8215 26.3595 -14.1813
v -3.3493 22.9571 -11.9201
v -7.8215 26.3595 -14.1813
v -5.0073 26.3595 -10.6127
v -4.7749 23.4191 -15.6927
v -8.3435 23.4191 -12.8784
v -6.3960 25.8976 -10.4088
v -4.7749 23.4191 -15.6927
v -6.3960 25.8976 -10.4088
v -2.8273 25.8976 -13.2231
v -7.6650 37.7813 -6.9641
v -2.9621 37.7813 -8.4061
v -3.6885 40.2352 -10.7751
v -7.6650 37.7813 -6.9641
v -3.6885 40.2352 -10.7751
v -8.3913 40.2352 -9.3331
v -3.6265 37.9559 -6.9257
v -5.0685 37.9559 -11.6286
v -7.7269 40.0606 -10.8135
v -3.6265 37.9559 -6.9257
v -7.7269 40.0606 -10.8135
v -6.2849 40.0606 -6.1106
v -3.2046 32.6543 9.9936
v -1.7489 32.6543 5.0579
v -4.3956 35.6674 4.2773
v -3.2046 32.6543 9.9936
v -4.3956 35.6674 4.2773
v -5.8512 35.6674 9.2130
v -0.8014 33.3540 6.0632
v -5.7370 33.3540 4.6075
v -6.7988 34.9677 8.2077
v -0.8014 33.3540 6.0632
v -6.7988 34.9677 8.2077
v -1.8632 34.9677 9.6634
v -0.9987 23.1380 4.1126
v -4.4149 23.1380 7.1382
v -2.3686 27.6344 9.4486
v -0.9987 23.1380 4.1126
v -2.3686 27.6344 9.4486
v 1.0476 27.6344 6.4230
v -4.8856 23.8550 6.5685
v -1.8599 23.8550 9.9847
v 1.5183 26.9175 6.9927
v -4.8856 23.8550 6.5685
v 1.5183 26.9175 6.9927
v -1.5073 26.9175 3.5765
v 5.0799 19.1024 13.3696
v 1.9059 19.1024 9.1763
v 0.1905 22.0933 10.4747
v 5.0799 19.1024 13.3696
v 0.1905 22.0933 10.4747
v 3.3646 22.0933 14.6680
v 3.9208 19.3380 9.2635
v -0.2725 19.3380 12.4376
v 1.3496 21.8578 14.5807
v 3.9208 19.3380 9.2635
v 1.3496 21.8578 14.5807
v 5.5430 21.8578 11.4067
v 9.9752 19.6686 -11.4981
v 12.0719 19.6686 -7.9613
v 14.3554 23.2914 -9.3150
v 9.9752 19.6686 -11.4981
v 14.3554 23.2914 -9.3150
v 12.2587 23.2914 -12.8518
v 11.2824 20.0562 -7.8645
v 14.8192 20.0562 -9.9612
v 13.0482 22.9038 -12.9487
v 11.2824 20.0562 -7.8645
v 13.0482 22.9038 -12.9487
v 9.5114 22.9038 -10.8520
v -15.7999 12.9361 8.3029
v -10.4338 12.9361 9.2892
v -9.8497 14.3362 6.1113
v -15.7999 12.9361 8.3029
v -9.8497 14.3362 6.1113
v -15.2158 14.3362 5.1250
v -12.3135 12.2019 10.0748
v -11.3272 12.2019 4.7086
v -13.3361 15.0704 4.3394
v -12.3135 12.2019 10.0748
v -13.3361 15.0704 4.3394
v -14.3224 15.0704 9.7055
v 1.8253 37.4990 5.9927
v -1.5569 37.4990 5.6261
v -2.0019 40.5956 9.7316
v 1.8253 37.4990 5.9927
v -2.0019 40.5956 9.7316
v 1.3804 40.5956 10.0982
v -2.0856 37.6873 5.9346
v -2.4522 37.6873 9.3169
v 1.9091 40.4073 9.7896
v -2.0856 37.6873 5.9346
v 1.9091 40.4073 9.7896
v 2.2756 40.4073 6.4073
v 4.6453 35.7185 9.3197
v 1.2289 35.7185 9.9654
v 1.8281 38.1631 13.1358
v 4.6453 35.7185 9.3197
v 1.8281 38.1631 13.1358
v 5.2445 38.1631 12.4900
v 1.4206 35.6040 9.8017
v 2.0663 35.6040 13.2182
v 5.0527 38.2777 12.6537
v 1.4206 35.6040 9.8017
v 5.0527 38.2777 12.6537
v 4.4070 38.2777 9.2373
v 15.6281 32.6444 8.1831
v 14.3444 32.6444 4.5983
v 11.2613 36.3298 5.7023
v 15.6281 32.6444 8.1831
v 11.2613 36.3298 5.7023
v 12.5450 36.3298 9.2871
v 14.7783 32.4317 5.0197
v 11.1935 32.4317 6.3034
v 12.1111 36.5426 8.8657
v 14.7783 32.4317 5.0197
v 12.1111 36.5426 8.8657
v 15.6959 36.5426 7.5820
v -18.2305 22.2349 -4.7633
v -21.3510 22.2349 -1.7041
v -18.7953 23.8609 0.9028
v -18.2305 22.2349 -4.7633
v -18.7953 23.8609 0.9028
v -15.6748 23.8609 -2.1564
v -20.9829 21.5451 -2.5685
v -17.9237 21.5451 0.5519
v -16.0429 24.5508 -1.2919
v -20.9829 21.5451 -2.5685
v -16.0429 24.5508 -1.2919
v -19.1021 24.5508 -4.4124
v -5.3821 35.2000 -3.0036
v -1.5184 35.2000 0.1551
v 0.4156 36.9765 -2.2106
v -5.3821 35.2000 -3.0036
v 0.4156 36.9765 -2.2106
v -3.4481 36.9765 -5.3693
v -2.7912 35.4353 0.3642
v 0.3675 35.4353 -3.4996
v -2.1753 36.7412 -5.5784
v -2.7912 35.4353 0.3642
v -2.1753 36.7412 -5.5784
v -5.3340 36.7412 -1.7146
v 0.8422 15.6275 5.5936
v 3.2253 15.6275 9.7127
v 6.0469 17.9249 8.0802
v 0.8422 15.6275 5.5936
v 6.0469 17.9249 8.0802
v 3.6638 17.9249 3.9611
v 2.2183 15.6775 9.4688
v 6.3374 15.6775 7.0857
v 4.6708 17.8749 4.2050
v 2.2183 15.6775 9.4688
v 4.6708 17.8749 4.2050
v 0.5517 17.8749 6.5881
v 10.2935 36.4000 8.1987
v 14.3903 36.4000 7.1302
v 13.6338 40.3735 4.2297
v 10.2935 36.4000 8.1987
v 13.6338 40.3735 4.2297
v 9.5370 40.3735 5.2982
v 14.6465 37.2628 7.7022
v 13.5780 37.2628 3.6054
v 9.2808 39.5106 4.7262
v 14.6465 37.2628 7.7022
v 9.2808 39.5106 4.7262
v 10.3493 39.5106 8.8230
v -8.4616 24.8627 -2.2713
v -4.7945 24.8627 -0.6600
v -3.4529 27.6502 -3.7133
v -8.4616 24.8627 -2.2713
v -3.4529 27.6502 -3.7133
v -7.1199 27.6502 -5.3247
v -5.3379 24.7398 -0.5326
v -3.7265 24.7398 -4.1997
v -6.5766 27.7732 -5.4520
v -5.3379 24.7398 -0.5326
v -6.5766 27.7732 -5.4520
v -8.1880 27.7732 -1.7850
v 11.7466 34.0167 3.5929
v 9.5341 34.0167 0.0067
v 7.7363 37.5426 1.1158
v 11.7466 34.0167 3.5929
v 7.7363 37.5426 1.1158
v 9.9489 37.5426 4.7020
v 10.5343 35.0083 -0.3731
v 6.9482 35.0083 1.8395
v 8.9486 36.5510 5.0818
v 10.5343 35.0083 -0.3731
v 8.9486 36.5510 5.0818
v 12.5348 36.5510 2.8692
v -10.9276 13.0693 1.3367
v -15.0552 13.0693 -0.5724
v -15.9358 14.7034 1.3315
v -10.9276 13.0693 1.3367
v -15.9358 14.7034 1.3315
v -11.8082 14.7034 3.2405
v -13.3914 13.0187 -1.1526
v -15.3005 13.0187 2.9750
v -13.4719 14.7540 3.8207
v -13.3914 13.0187 -1.1526
v -13.4719 14.7540 3.8207
v -11.5629 14.7540 -0.3069
v -10.4308 15.4375 15.1756
v -5.2159 15.4375 16.3433
v -4.5699 17.5997 13.4585
v -10.4308 15.4375 15.1756
v -4.5699 17.5997 13.4585
v -9.7848 17.5997 12.2907
v -6.7564 15.2930 17.2218
v -5.5886 15.2930 12.0069
v -8.2443 17.7442 11.4123
v -6.7564 15.2930 17.2218
v -8.2443 17.7442 11.4123
v -9.4120 17.7442 16.6271
v -3.7044 24.0014 14.6657
v -6.3159 24.0014 12.1301
v -8.0762 27.5215 13.9432
v -3.7044 24.0014 14.6657
v -8.0762 27.5215 13.9432
v -5.4647 27.5215 16.4787
v -5.6751 24.1671 11.9767
v -8.2107 24.1671 14.5882
v -6.1056 27.3559 16.6321
v -5.6751 24.1671 11.9767
v -6.1056 27.3559 16.6321
v -3.5700 27.3559 14.0206
v -2.6229 20.7170 -6.0935
v 1.4182 20.7170 -6.5581
v 1.0666 22.8492 -9.6167
v -2.6229 20.7170 -6.0935
v 1.0666 22.8492 -9.6167
v -2.9746 22.8492 -9.1521
v 0.9084 20.6155 -6.0017
v 0.4438 20.6155 -10.0428
v -2.4648 22.9507 -9.7084
v 0.9084 20.6155 -6.0017
v -2.4648 22.9507 -9.7084
v -2.0002 22.9507 -5.6673
v 13.7799 30.5256 5.1539
v 14.6953 30.5256 0.8921
v 9.6702 32.6344 -0.1872
v 13.7799 30.5256 5.1539
v 9.6702 32.6344 -0.1872
v 8.7548 32.6344 4.0746
v 14.3514 30.1145 0.6340
v 10.0897 30.1145 -0.2814
v 9.0987 33.0455 4.3327
v 14.3514 30.1145 0.6340
v 9.0987 33.0455 4.3327
v 13.3604 33.0455 5.2481
v 15.7066 19.5167 -3.9074
v 10.8674 19.5167 -2.8119
v 11.4697 21.6077 -0.1518
v 15.7066 19.5167 -3.9074
v 11.4697 21.6077 -0.1518
v 16.3089 21.6077 -1.2474
v 11.5003 19.8845 -4.1006
v 12.5959 19.8845 0.7386
v 15.6760 21.2399 0.0413
v 11.5003 19.8845 -4.1006
v 15.6760 21.2399 0.0413
v 14.5804 21.2399 -4.7979
v 6.1520 29.4783 10.2294
v 1.5663 29.4783 10.1834
v 1.5509 31.3303 11.7149
v 6.1520 29.4783 10.2294
v 1.5509 31.3303 11.7149
v 6.1367 31.3303 11.7609
v 3.1364 29.4561 8.6719
v 3.0904 29.4561 13.2576
v 4.5666 31.3525 13.2724
v 3.1364 29.4561 8.6719
v 4.5666 31.3525 13.2724
v 4.6126 31.3525 8.6867
v -1.9121 8.9243 2.0127
v 0.9274 8.9243 5.2253
v 3.0335 12.1144 3.3639
v -1.9121 8.9243 2.0127
v 3.0335 12.1144 3.3639
v 0.1939 12.1144 0.1512
v 0.2523 9.6958 5.5766
v 3.4649 9.6958 2.7370
v 0.8690 11.3429 -0.2000
v 0.2523 9.6958 5.5766
v 0.8690 11.3429 -0.2000
v -2.3436 11.3429 2.6396
v 2.8037 23.9733 13.0110
v -0.1924 23.9733 10.0565
v -1.8368 27.9944 11.7240
v 2.8037 23.9733 13.0110
v -1.8368 27.9944 11.7240
v 1.1594 27.9944 14.6785
v 0.9755 24.1134 9.8978
v -1.9790 24.1134 12.8940
v -0.0085 27.8543 14.8371
v 0.9755 24.1134 9.8978
v -0.0085 27.8543 14.8371
v 2.9460 27.8543 11.8409
v -3.2271 18.2641 14.2209
v -3.8647 18.2641 10.1825
v -8.7995 20.1912 10.9616
v -3.2271 18.2641 14.2209
v -8.7995 20.1912 10.9616
v -8.1618 20.1912 15.0001
v -4.3657 18.0069 9.9188
v -8.4041 18.0069 10.5564
v -7.6609 20.4484 15.2638
v -4.3657 18.0069 9.9188
v -7.6609 20.4484 15.2638
v -3.6224 20.4484 14.6261
v 1.4385 35.1821 11.4060
v -1.4881 35.1821 9.1514
v -3.3875 38.5047 11.6169
v 1.4385 35.1821 11.4060
v -3.3875 38.5047 11.6169
v -0.4608 38.5047 13.8715
v -1.5048 35.9473 8.7711
v -3.7594 35.9473 11.6978
v -0.4442 37.7396 14.2518
v -1.5048 35.9473 8.7711
v -0.4442 37.7396 14.2518
v 1.8105 37.7396 11.3251
v 2.0919 13.6199 16.6467
v 5.2084 13.6199 13.7990
v 3.1379 15.7365 11.5331
v 2.0919 13.6199 16.6467
v 3.1379 15.7365 11.5331
v 0.0214 15.7365 14.3808
v 4.8269 13.1500 14.9279
v 1.9792 13.1500 11.8115
v 0.4028 16.2064 13.2519
v 4.8269 13.1500 14.9279
v 0.4028 16.2064 13.2519
v 3.2506 16.2064 16.3684
v -5.1983 27.6157 -7.8382
v -3.1322 27.6157 -4.3868
v -0.1979 31.6175 -6.1433
v -5.1983 27.6157 -7.8382
v -0.1979 31.6175 -6.1433
v -2.2640 31.6175 -9.5947
v -3.1919 28.5327 -3.8998
v 0.2595 28.5327 -5.9659
v -2.2043 30.7005 -10.0817
v -3.1919 28.5327 -3.8998
v -2.2043 30.7005 -10.0817
v -5.6557 30.7005 -8.0156
v 6.3550 25.5047 6.2489
v 9.5769 25.5047 9.0233
v 10.7018 28.0276 7.7171
v 6.3550 25.5047 6.2489
v 10.7018 28.0276 7.7171
v 7.4798 28.0276 4.9426
v 8.0661 25.8473 9.3904
v 10.8405 25.8473 6.1685
v 8.9907 27.6850 4.5756
v 8.0661 25.8473 9.3904
v 8.9907 27.6850 4.5756
v 6.2162 27.6850 7.7975
v -5.1801 35.2947 -0.4151
v -5.1876 35.2947 4.2743
v -1.3519 38.0661 4.2804
v -5.1801 35.2947 -0.4151
v -1.3519 38.0661 4.2804
v -1.3444 38.0661 -0.4089
v -5.6137 35.2263 3.7954
v -0.9243 35.2263 3.8030
v -0.9183 38.1345 0.0699
v -5.6137 35.2263 3.7954
v -0.9183 38.1345 0.0699
v -5.6077 38.1345 0.0624
v -1.7679 32.7203 -15.0312
v -5.5520 32.7203 -12.5300
v -3.1253 36.4832 -8.8588
v -1.7679 32.7203 -15.0312
v -3.1253 36.4832 -8.8588
v 0.6587 36.4832 -11.3600
v -5.3170 32.4543 -12.7663
v -2.8158 32.4543 -8.9823
v 0.4238 36.7491 -11.1237
v -5.3170 32.4543 -12.7663
v 0.4238 36.7491 -11.1237
v -2.0774 36.7491 -14.9077
v -18.6302 22.6080 -0.6706
v -15.1384 22.6080 -0.8681
v -15.4118 25.1783 -5.7018
v -18.6302 22.6080 -0.6706
v -15.4118 25.1783 -5.7018
v -18.9036 25.1783 -5.5043
v -14.6027 22.4392 -1.5715
v -14.8002 22.4392 -5.0633
v -19.4394 25.3470 -4.8009
v -14.6027 22.4392 -1.5715
v -19.4394 25.3470 -4.8009
v -19.2418 25.3470 -1.3091
v 0.2243 5.5587 2.4449
v -1.8811 5.5587 -2.3301
v -4.9406 7.2889 -0.9811
v 0.2243 5.5587 2.4449
v -4.9406 7.2889 -0.9811
v -2.8352 7.2889 3.7939
v -0.4001 4.8712 -1.2948
v -5.1751 4.8712 0.8106
v -4.3162 7.9764 2.7585
v -0.4001 4.8712 -1.2948
v -4.3162 7.9764 2.7585
v 0.4588 7.9764 0.6531
v -9.9905 27.4213 5.9519
v -6.8978 27.4213 9.3143
v -4.2845 32.1389 6.9107
v -9.9905 27.4213 5.9519
v -4.2845 32.1389 6.9107
v -7.3772 32.1389 3.5483
v -7.0642 28.3663 9.8851
v -3.7018 28.3663 6.7924
v -7.2108 31.1939 2.9775
v -7.0642 28.3663 9.8851
v -7.2108 31.1939 2.9775
v -10.5732 31.1939 6.0702
v 4.8047 26.8031 -10.5458
v 3.3404 26.8031 -5.1566
v 5.8985 27.8317 -4.4615
v 4.8047 26.8031 -10.5458
v 5.8985 27.8317 -4.4615
v 7.3628 27.8317 -9.8508
v 2.3677 26.4207 -7.1713
v 7.7569 26.4207 -5.7069
v 8.3355 28.2142 -7.8361
v 2.3677 26.4207 -7.1713
v 8.3355 28.2142 -7.8361
v 2.9463 28.2142 -9.3005
v -4.0964 12.6856 -3.3209
v -6.9037 12.6856 2.1470
v -3.0647 16.8797 4.1179
v -4.0964 12.6856 -3.3209
v -3.0647 16.8797 4.1179
v -0.2575 16.8797 -1.3500
v -7.5001 13.2613 1.3042
v -2.0322 13.2613 4.1114
v 0.3390 16.3041 -0.5072
v -7.5001 13.2613 1.3042
v 0.3390 16.3041 -0.5072
v -5.1289 16.3041 -3.3145
v -7.9725 40.7822 -0.7002
v -5.1088 40.7822 1.6823
v -2.4395 43.8262 -1.5262
v -7.9725 40.7822 -0.7002
v -2.4395 43.8262 -1.5262
v -5.3032 43.8262 -3.9086
v -4.7973 40.7746 1.6498
v -2.4148 40.7746 -1.2140
v -5.6147 43.8339 -3.8761
v -4.7973 40.7746 1.6498
v -5.6147 43.8339 -3.8761
v -7.9972 43.8339 -1.0124
v 0.0507 5.8812 3.0284
v 6.0596 5.8812 2.5381
v 5.8480 7.5565 -0.0558
v 0.0507 5.8812 3.0284
v 5.8480 7.5565 -0.0558
v -0.1610 7.5565 0.4345
v 4.4355 5.7999 4.3895
v 3.9452 5.7999 -1.6194
v 1.4631 7.6379 -1.4169
v 4.4355 5.7999 4.3895
v 1.4631 7.6379 -1.4169
v 1.9535 7.6379 4.5920
v -1.9347 17.2786 14.1201
v 1.6800 17.2786 15.7549
v 2.9472 19.2638 12.9530
v -1.9347 17.2786 14.1201
v 2.9472 19.2638 12.9530
v -0.6675 19.2638 11.3182
v 1.1182 17.3286 15.9903
v 2.7530 17.3286 12.3756
v -0.1057 19.2138 11.0828
v 1.1182 17.3286 15.9903
v -0.1057 19.2138 11.0828
v -1.7405 19.2138 14.6975
v 8.3308 36.3775 4.5842
v 5.8615 36.3775 0.5026
v 2.2243 39.3583 2.7030
v 8.3308 36.3775 4.5842
v 2.2243 39.3583 2.7030
v 4.6936 39.3583 6.7846
v 6.3945 35.9828 0.8819
v 2.3129 35.9828 3.3512
v 4.1605 39.7530 6.4053
v 6.3945 35.9828 0.8819
v 4.1605 39.7530 6.4053
v 8.2422 39.7530 3.9360
v -3.7108 16.7593 -3.9558
v -8.8719 16.7593 -6.9804
v -10.2126 19.0139 -4.6928
v -3.7108 16.7593 -3.9558
v -10.2126 19.0139 -4.6928
v -5.0515 19.0139 -1.6681
v -6.3383 16.4841 -7.4258
v -9.3630 16.4841 -2.2647
v -7.5851 19.2890 -1.2228
v -6.3383 16.4841 -7.4258
v -7.5851 19.2890 -1.2228
v -4.5604 19.2890 -6.3839
v 6.2187 37.0214 13.6820
v 8.2197 37.0214 9.4822
v 5.3169 38.3122 8.0991
v 6.2187 37.0214 13.6820
v 5.3169 38.3122 8.0991
v 3.3159 38.3122 12.2990
v 8.5415 36.9268 10.4769
v 4.3417 36.9268 8.4759
v 2.9941 38.4067 11.3043
v 8.5415 36.9268 10.4769
v 2.9941 38.4067 11.3043
v 7.1939 38.4067 13.3053
vt 0.00000 0.00000
vt 1.00000 0.00000
vt 1.00000 1.00000
vt 0.00000 0.00000
vt 1.00000 1.00000
vt 0.00000 1.00000
vt 0.00000 0.00000
vt 1.00000 0.00000
vt 1.00000 1.00000
vt 0.00000 0.00000
vt 1.00000 1.00000
vt 0.00000 1.00000
vt 0.00000 0.00000
vt 1.00000 0.00000
vt 1.00000 1.00000
vt 0.00000 0.00000
vt 1.00000 1.00000
vt 0.00000 1.00000
vt 0.00000 0.00000
vt 1.00000 0.00000
vt 1.00000 1.00000
vt 0.00000 0.00000
vt 1.00000 1.00000
vt 0.00000 1.00000
vt 0.00000 0.00000
vt 1.00000 0.00000
vt 1.00000 1.00000
vt 0.00000 0.00000
vt 1.00000 1.00000
vt 0.00000 1.00000
vt 0.00000 0.00000
vt 1.00000 0.00000
vt 1.00000 1.00000
vt 0.00000 0.00000
vt 1.00000 1.00000
vt 0.00000 1.00000
vt 0.00000 0.00000
vt 1.00000 0.00000
vt 1.00000 1.00000
vt 0.00000 0.00000
vt 1.00000 1.00000
vt 0.00000 1.00000
vt 0.00000 0.00000
vt 1.00000 0.00000
vt 1.00000 1.00000
vt 0.00000 0.00000
vt 1.00000 1.00000
vt 0.00000 1.00000
vt 0.00000 0.00000
vt 1.00000 0.00000
vt 1.00000 1.00000
vt 0.00000 0.00000
vt 1.00000 1.00000
vt 0.00000 1.00000
vt 0.00000 0.00000
vt 1.00000 0.00000
vt 1.00000 1.00000
vt 0.00000 0.00000
vt 1.00000 1.00000
vt 0.00000 1.00000
vt 0.00000 0.00000
vt 1.00000 0.00000
vt 1.00000 1.00000
vt 0.00000 0.00000
vt 1.00000 1.00000
vt 0.00000 1.00000
vt 0.00000 0.00000
vt 1.00000 0.00000
vt 1.00000 1.00000
vt 0.00000 0.00000
vt 1.00000 1.00000
vt 0.00000 1.00000
vt 0.00000 0.00000
vt 1.00000 0.00000
vt 1.00000 1.00000
vt 0.00000 0.00000
vt 1.00000 1.00000
vt 0.00000 1.00000
vt 0.00000 0.00000
vt 1.00000 0.00000
vt 1.00000 1.00000
vt 0.00000 0.00000
vt 1.00000 1.00000
vt 0.00000 1.00000
vt 0.00000 0.00000
vt 1.00000 0.00000
vt 1.00000 1.00000
vt 0.00000 0.00000
vt 1.00000 1.00000
vt 0.00000 1.00000
vt 0.00000 0.00000
vt 1.00000 0.00000
vt 1.00000 1.00000
vt 0.00000 0.00000
vt 1.00000 1.00000
vt 0.00000 1.00000
vt 0.00000 0.00000
vt 1.00000 0.00000
vt 1.00000 1.00000
vt 0.00000 0.00000
vt 1.00000 1.00000
vt 0.00000 1.00000
vt 0.00000 0.00000
vt 1.00000 0.00000
vt 1.00000 1.00000
vt 0.00000 0.00000
vt 1.00000 1.00000
vt 0.00000 1.00000
vt 0.00000 0.00000
vt 1.00000 0.00000
vt 1.00000 1.00000
vt 0.00000 0.00000
vt 1.00000 1.00000
vt 0.00000 1.00000
vt 0.00000 0.00000
vt 1.00000 0.00000
vt 1.00000 1.00000
vt 0.00000 0.00000
vt 1.00000 1.00000
vt 0.00000 1.00000
vt 0.00000 0.00000
vt 1.00000 0.00000
vt 1.00000 1.00000
vt 0.00000 0.00000
vt 1.00000 1.00000
vt 0.00000 1.00000
vt 0.00000 0.00000
vt 1.00000 0.00000
vt 1.00000 1.00000
vt 0.00000 0.00000
vt 1.00000 1.00000
vt 0.00000 1.00000
vt 0.00000 0.00000
vt 1.00000 0.00000
vt 1.00000 1.00000
vt 0.00000 0.00000
vt 1.00000 1.00000
vt 0.00000 1.00000
vt 0.00000 0.00000
vt 1.00000 0.00000
vt 1.00000 1.00000
vt 0.00000 0.00000
vt 1.00000 1.00000
vt 0.00000 1.00000
vt 0.00000 0.00000
vt 1.00000 0.00000
vt 1.00000 1.00000
vt 0.00000 0.00000
vt 1.00000 1.00000
vt 0.00000 1.00000
vt 0.00000 0.00000
vt 1.00000 0.00000
vt 1.00000 1.00000
vt 0.00000 0.00000
vt 1.00000 1.00000
vt 0.00000 1.00000
vt 0.00000 0.00000
vt 1.00000 0.00000
vt 1.00000 1.00000
vt 0.00000 0.00000
vt 1.00000 1.00000
vt 0.00000 1.00000
vt 0.00000 0.00000
vt 1.00000 0.00000
vt 1.00000 1.00000
vt 0.00000 0.00000
vt 1.00000 1.00000
vt 0.00000 1.00000
vt 0.00000 0.00000
vt 1.00000 0.00000
vt 1.00000 1.00000
vt 0.00000 0.00000
vt 1.00000 1.00000
vt 0.00000 1.00000
vt 0.00000 0.00000
vt 1.00000 0.00000
vt 1.00000 1.00000
vt 0.00000 0.00000
vt 1.00000 1.00000
vt 0.00000 1.00000
vt 0.00000 0.00000
vt 1.00000 0.00000
vt 1.00000 1.00000
vt 0.00000 0.00000
vt 1.00000 1.00000
vt 0.00000 1.00000
vt 0.00000 0.00000
vt 1.00000 0.00000
vt 1.00000 1.00000
vt 0.00000 0.00000
vt 1.00000 1.00000
vt 0.00000 1.00000
vt 0.00000 0.00000
vt 1.00000 0.00000
vt 1.00000 1.00000
vt 0.00000 0.00000
vt 1.00000 1.00000
vt 0.00000 1.00000
vt 0.00000 0.00000
vt 1.00000 0.00000
vt 1.00000 1.00000
vt 0.00000 0.00000
vt 1.00000 1.00000
vt 0.00000 1.00000
vt 0.00000 0.00000
vt 1.00000 0.00000
vt 1.00000 1.00000
vt 0.00000 0.00000
vt 1.00000 1.00000
vt 0.00000 1.00000
vt 0.00000 0.00000
vt 1.00000 0.00000
vt 1.00000 1.00000
vt 0.00000 0.00000
vt 1.00000 1.00000
vt 0.00000 1.00000
vt 0.00000 0.00000
vt 1.00000 0.00000
vt 1.00000 1.00000
vt 0.00000 0.00000
vt 1.00000 1.00000
vt 0.00000 1.00000
vt 0.00000 0.00000
vt 1.00000 0.00000
vt 1.00000 1.00000
vt 0.00000 0.00000
vt 1.00000 1.00000
vt 0.00000 1.00000
vt 0.00000 0.00000
vt 1.00000 0.00000
vt 1.00000 1.00000
vt 0.00000 0.00000
vt 1.00000 1.00000
vt 0.00000 1.00000
vt 0.00000 0.00000
vt 1.00000 0.00000
vt 1.00000 1.00000
vt 0.00000 0.00000
vt 1.00000 1.00000
vt 0.00000 1.00000
vt 0.00000 0.00000
vt 1.00000 0.00000
vt 1.00000 1.00000
vt 0.00000 0.00000
vt 1.00000 1.00000
vt 0.00000 1.00000
vt 0.00000 0.00000
vt 1.00000 0.00000
vt 1.00000 1.00000
vt 0.00000 0.00000
vt 1.00000 1.00000
vt 0.00000 1.00000
vt 0.00000 0.00000
vt 1.00000 0.00000
vt 1.00000 1.00000
vt 0.00000 0.00000
vt 1.00000 1.00000
vt 0.00000 1.00000
vt 0.00000 0.00000
vt 1.00000 0.00000
vt 1.00000 1.00000
vt 0.00000 0.00000
vt 1.00000 1.00000
vt 0.00000 1.00000
vt 0.00000 0.00000
vt 1.00000 0.00000
vt 1.00000 1.00000
vt 0.00000 0.00000
vt 1.00000 1.00000
vt 0.00000 1.00000
vt 0.00000 0.00000
vt 1.00000 0.00000
vt 1.00000 1.00000
vt 0.00000 0.00000
vt 1.00000 1.00000
vt 0.00000 1.00000
vt 0.00000 0.00000
vt 1.00000 0.00000
vt 1.00000 1.00000
vt 0.00000 0.00000
vt 1.00000 1.00000
vt 0.00000 1.00000
vt 0.00000 0.00000
vt 1.00000 0.00000
vt 1.00000 1.00000
vt 0.00000 0.00000
vt 1.00000 1.00000
vt 0.00000 1.00000
vt 0.00000 0.00000
vt 1.00000 0.00000
vt 1.00000 1.00000
vt 0.00000 0.00000
vt 1.00000 1.00000
vt 0.00000 1.00000
vt 0.00000 0.00000
vt 1.00000 0.00000
vt 1.00000 1.00000
vt 0.00000 0.00000
vt 1.00000 1.00000
vt 0.00000 1.00000
vt 0.00000 0.00000
vt 1.00000 0.00000
vt 1.00000 1.00000
vt 0.00000 0.00000
vt 1.00000 1.00000
vt 0.00000 1.00000
vt 0.00000 0.00000
vt 1.00000 0.00000
vt 1.00000 1.00000
vt 0.00000 0.00000
vt 1.00000 1.00000
vt 0.00000 1.00000
vt 0.00000 0.00000
vt 1.00000 0.00000
vt 1.00000 1.00000
vt 0.00000 0.00000
vt 1.00000 1.00000
vt 0.00000 1.00000
vt 0.00000 0.00000
vt 1.00000 0.00000
vt 1.00000 1.00000
vt 0.00000 0.00000
vt 1.00000 1.00000
vt 0.00000 1.00000
vt 0.00000 0.00000
vt 1.00000 0.00000
vt 1.00000 1.00000
vt 0.00000 0.00000
vt 1.00000 1.00000
vt 0.00000 1.00000
vt 0.00000 0.00000
vt 1.00000 0.00000
vt 1.00000 1.00000
vt 0.00000 0.00000
vt 1.00000 1.00000
vt 0.00000 1.00000
vt 0.00000 0.00000
vt 1.00000 0.00000
vt 1.00000 1.00000
vt 0.00000 0.00000
vt 1.00000 1.00000
vt 0.00000 1.00000
vt 0.00000 0.00000
vt 1.00000 0.00000
vt 1.00000 1.00000
vt 0.00000 0.00000
vt 1.00000 1.00000
vt 0.00000 1.00000
vt 0.00000 0.00000
vt 1.00000 0.00000
vt 1.00000 1.00000
vt 0.00000 0.00000
vt 1.00000 1.00000
vt 0.00000 1.00000
vt 0.00000 0.00000
vt 1.00000 0.00000
vt 1.00000 1.00000
vt 0.00000 0.00000
vt 1.00000 1.00000
vt 0.00000 1.00000
vt 0.00000 0.00000
vt 1.00000 0.00000
vt 1.00000 1.00000
vt 0.00000 0.00000
vt 1.00000 1.00000
vt 0.00000 1.00000
vt 0.00000 0.00000
vt 1.00000 0.00000
vt 1.00000 1.00000
vt 0.00000 0.00000
vt 1.00000 1.00000
vt 0.00000 1.00000
vt 0.00000 0.00000
vt 1.00000 0.00000
vt 1.00000 1.00000
vt 0.00000 0.00000
vt 1.00000 1.00000
vt 0.00000 1.00000
vt 0.00000 0.00000
vt 1.00000 0.00000
vt 1.00000 1.00000
vt 0.00000 0.00000
vt 1.00000 1.00000
vt 0.00000 1.00000
vt 0.00000 0.00000
vt 1.00000 0.00000
vt 1.00000 1.00000
vt 0.00000 0.00000
vt 1.00000 1.00000
vt 0.00000 1.00000
vt 0.00000 0.00000
vt 1.00000 0.00000
vt 1.00000 1.00000
vt 0.00000 0.00000
vt 1.00000 1.00000
vt 0.00000 1.00000
vt 0.00000 0.00000
vt 1.00000 0.00000
vt 1.00000 1.00000
vt 0.00000 0.00000
vt 1.00000 1.00000
vt 0.00000 1.00000
vt 0.00000 0.00000
vt 1.00000 0.00000
vt 1.00000 1.00000
vt 0.00000 0.00000
vt 1.00000 1.00000
vt 0.00000 1.00000
vt 0.00000 0.00000
vt 1.00000 0.00000
vt 1.00000 1.00000
vt 0.00000 0.00000
vt 1.00000 1.00000
vt 0.00000 1.00000
vt 0.00000 0.00000
vt 1.00000 0.00000
vt 1.00000 1.00000
vt 0.00000 0.00000
vt 1.00000 1.00000
vt 0.00000 1.00000
vt 0.00000 0.00000
vt 1.00000 0.00000
vt 1.00000 1.00000
vt 0.00000 0.00000
vt 1.00000 1.00000
vt 0.00000 1.00000
vt 0.00000 0.00000
vt 1.00000 0.00000
vt 1.00000 1.00000
vt 0.00000 0.00000
vt 1.00000 1.00000
vt 0.00000 1.00000
vt 0.00000 0.00000
vt 1.00000 0.00000
vt 1.00000 1.00000
vt 0.00000 0.00000
vt 1.00000 1.00000
vt 0.00000 1.00000
vt 0.00000 0.00000
vt 1.00000 0.00000
vt 1.00000 1.00000
vt 0.00000 0.00000
vt 1.00000 1.00000
vt 0.00000 1.00000
vt 0.00000 0.00000
vt 1.00000 0.00000
vt 1.00000 1.00000
vt 0.00000 0.00000
vt 1.00000 1.00000
vt 0.00000 1.00000
vt 0.00000 0.00000
vt 1.00000 0.00000
vt 1.00000 1.00000
vt 0.00000 0.00000
vt 1.00000 1.00000
vt 0.00000 1.00000
vt 0.00000 0.00000
vt 1.00000 0.00000
vt 1.00000 1.00000
vt 0.00000 0.00000
vt 1.00000 1.00000
vt 0.00000 1.00000
vt 0.00000 0.00000
vt 1.00000 0.00000
vt 1.00000 1.00000
vt 0.00000 0.00000
vt 1.00000 1.00000
vt 0.00000 1.00000
vt 0.00000 0.00000
vt 1.00000 0.00000
vt 1.00000 1.00000
vt 0.00000 0.00000
vt 1.00000 1.00000
vt 0.00000 1.00000
vt 0.00000 0.00000
vt 1.00000 0.00000
vt 1.00000 1.00000
vt 0.00000 0.00000
vt 1.00000 1.00000
vt 0.00000 1.00000
vt 0.00000 0.00000
vt 1.00000 0.00000
vt 1.00000 1.00000
vt 0.00000 0.00000
vt 1.00000 1.00000
vt 0.00000 1.00000
vt 0.00000 0.00000
vt 1.00000 0.00000
vt 1.00000 1.00000
vt 0.00000 0.00000
vt 1.00000 1.00000
vt 0.00000 1.00000
vt 0.00000 0.00000
vt 1.00000 0.00000
vt 1.00000 1.00000
vt 0.00000 0.00000
vt 1.00000 1.00000
vt 0.00000 1.00000
vt 0.00000 0.00000
vt 1.00000 0.00000
vt 1.00000 1.00000
vt 0.00000 0.00000
vt 1.00000 1.00000
vt 0.00000 1.00000
vt 0.00000 0.00000
vt 1.00000 0.00000
vt 1.00000 1.00000
vt 0.00000 0.00000
vt 1.00000 1.00000
vt 0.00000 1.00000
vt 0.00000 0.00000
vt 1.00000 0.00000
vt 1.00000 1.00000
vt 0.00000 0.00000
vt 1.00000 1.00000
vt 0.00000 1.00000
vt 0.00000 0.00000
vt 1.00000 0.00000
vt 1.00000 1.00000
vt 0.00000 0.00000
vt 1.00000 1.00000
vt 0.00000 1.00000
vt 0.00000 0.00000
vt 1.00000 0.00000
vt 1.00000 1.00000
vt 0.00000 0.00000
vt 1.00000 1.00000
vt 0.00000 1.00000
vt 0.00000 0.00000
vt 1.00000 0.00000
vt 1.00000 1.00000
vt 0.00000 0.00000
vt 1.00000 1.00000
vt 0.00000 1.00000
vt 0.00000 0.00000
vt 1.00000 0.00000
vt 1.00000 1.00000
vt 0.00000 0.00000
vt 1.00000 1.00000
vt 0.00000 1.00000
vt 0.00000 0.00000
vt 1.00000 0.00000
vt 1.00000 1.00000
vt 0.00000 0.00000
vt 1.00000 1.00000
vt 0.00000 1.00000
vt 0.00000 0.00000
vt 1.00000 0.00000
vt 1.00000 1.00000
vt 0.00000 0.00000
vt 1.00000 1.00000
vt 0.00000 1.00000
vt 0.00000 0.00000
vt 1.00000 0.00000
vt 1.00000 1.00000
vt 0.00000 0.00000
vt 1.00000 1.00000
vt 0.00000 1.00000
vt 0.00000 0.00000
vt 1.00000 0.00000
vt 1.00000 1.00000
vt 0.00000 0.00000
vt 1.00000 1.00000
vt 0.00000 1.00000
vt 0.00000 0.00000
vt 1.00000 0.00000
vt 1.00000 1.00000
vt 0.00000 0.00000
vt 1.00000 1.00000
vt 0.00000 1.00000
vt 0.00000 0.00000
vt 1.00000 0.00000
vt 1.00000 1.00000
vt 0.00000 0.00000
vt 1.00000 1.00000
vt 0.00000 1.00000
vt 0.00000 0.00000
vt 1.00000 0.00000
vt 1.00000 1.00000
vt 0.00000 0.00000
vt 1.00000 1.00000
vt 0.00000 1.00000
vt 0.00000 0.00000
vt 1.00000 0.00000
vt 1.00000 1.00000
vt 0.00000 0.00000
vt 1.00000 1.00000
vt 0.00000 1.00000
vt 0.00000 0.00000
vt 1.00000 0.00000
vt 1.00000 1.00000
vt 0.00000 0.00000
vt 1.00000 1.00000
vt 0.00000 1.00000
vt 0.00000 0.00000
vt 1.00000 0.00000
vt 1.00000 1.00000
vt 0.00000 0.00000
vt 1.00000 1.00000
vt 0.00000 1.00000
vt 0.00000 0.00000
vt 1.00000 0.00000
vt 1.00000 1.00000
vt 0.00000 0.00000
vt 1.00000 1.00000
vt 0.00000 1.00000
vt 0.00000 0.00000
vt 1.00000 0.00000
vt 1.00000 1.00000
vt 0.00000 0.00000
vt 1.00000 1.00000
vt 0.00000 1.00000
vt 0.00000 0.00000
vt 1.00000 0.00000
vt 1.00000 1.00000
vt 0.00000 0.00000
vt 1.00000 1.00000
vt 0.00000 1.00000
vt 0.00000 0.00000
vt 1.00000 0.00000
vt 1.00000 1.00000
vt 0.00000 0.00000
vt 1.00000 1.00000
vt 0.00000 1.00000
vt 0.00000 0.00000
vt 1.00000 0.00000
vt 1.00000 1.00000
vt 0.00000 0.00000
vt 1.00000 1.00000
vt 0.00000 1.00000
vt 0.00000 0.00000
vt 1.00000 0.00000
vt 1.00000 1.00000
vt 0.00000 0.00000
vt 1.00000 1.00000
vt 0.00000 1.00000
vt 0.00000 0.00000
vt 1.00000 0.00000
vt 1.00000 1.00000
vt 0.00000 0.00000
vt 1.00000 1.00000
vt 0.00000 1.00000
vt 0.00000 0.00000
vt 1.00000 0.00000
vt 1.00000 1.00000
vt 0.00000 0.00000
vt 1.00000 1.00000
vt 0.00000 1.00000
vt 0.00000 0.00000
vt 1.00000 0.00000
vt 1.00000 1.00000
vt 0.00000 0.00000
vt 1.00000 1.00000
vt 0.00000 1.00000
vt 0.00000 0.00000
vt 1.00000 0.00000
vt 1.00000 1.00000
vt 0.00000 0.00000
vt 1.00000 1.00000
vt 0.00000 1.00000
vt 0.00000 0.00000
vt 1.00000 0.00000
vt 1.00000 1.00000
vt 0.00000 0.00000
vt 1.00000 1.00000
vt 0.00000 1.00000
vt 0.00000 0.00000
vt 1.00000 0.00000
vt 1.00000 1.00000
vt 0.00000 0.00000
vt 1.00000 1.00000
vt 0.00000 1.00000
vt 0.00000 0.00000
vt 1.00000 0.00000
vt 1.00000 1.00000
vt 0.00000 0.00000
vt 1.00000 1.00000
vt 0.00000 1.00000
vt 0.00000 0.00000
vt 1.00000 0.00000
vt 1.00000 1.00000
vt 0.00000 0.00000
vt 1.00000 1.00000
vt 0.00000 1.00000
vt 0.00000 0.00000
vt 1.00000 0.00000
vt 1.00000 1.00000
vt 0.00000 0.00000
vt 1.00000 1.00000
vt 0.00000 1.00000
vt 0.00000 0.00000
vt 1.00000 0.00000
vt 1.00000 1.00000
vt 0.00000 0.00000
vt 1.00000 1.00000
vt 0.00000 1.00000
vt 0.00000 0.00000
vt 1.00000 0.00000
vt 1.00000 1.00000
vt 0.00000 0.00000
vt 1.00000 1.00000
vt 0.00000 1.00000
vt 0.00000 0.00000
vt 1.00000 0.00000
vt 1.00000 1.00000
vt 0.00000 0.00000
vt 1.00000 1.00000
vt 0.00000 1.00000
vt 0.00000 0.00000
vt 1.00000 0.00000
vt 1.00000 1.00000
vt 0.00000 0.00000
vt 1.00000 1.00000
vt 0.00000 1.00000
vt 0.00000 0.00000
vt 1.00000 0.00000
vt 1.00000 1.00000
vt 0.00000 0.00000
vt 1.00000 1.00000
vt 0.00000 1.00000
vt 0.00000 0.00000
vt 1.00000 0.00000
vt 1.00000 1.00000
vt 0.00000 0.00000
vt 1.00000 1.00000
vt 0.00000 1.00000
vt 0.00000 0.00000
vt 1.00000 0.00000
vt 1.00000 1.00000
vt 0.00000 0.00000
vt 1.00000 1.00000
vt 0.00000 1.00000
vt 0.00000 0.00000
vt 1.00000 0.00000
vt 1.00000 1.00000
vt 0.00000 0.00000
vt 1.00000 1.00000
vt 0.00000 1.00000
vt 0.00000 0.00000
vt 1.00000 0.00000
vt 1.00000 1.00000
vt 0.00000 0.00000
vt 1.00000 1.00000
vt 0.00000 1.00000
vt 0.00000 0.00000
vt 1.00000 0.00000
vt 1.00000 1.00000
vt 0.00000 0.00000
vt 1.00000 1.00000
vt 0.00000 1.00000
vt 0.00000 0.00000
vt 1.00000 0.00000
vt 1.00000 1.00000
vt 0.00000 0.00000
vt 1.00000 1.00000
vt 0.00000 1.00000
vt 0.00000 0.00000
vt 1.00000 0.00000
vt 1.00000 1.00000
vt 0.00000 0.00000
vt 1.00000 1.00000
vt 0.00000 1.00000
vt 0.00000 0.00000
vt 1.00000 0.00000
vt 1.00000 1.00000
vt 0.00000 0.00000
vt 1.00000 1.00000
vt 0.00000 1.00000
vt 0.00000 0.00000
vt 1.00000 0.00000
vt 1.00000 1.00000
vt 0.00000 0.00000
vt 1.00000 1.00000
vt 0.00000 1.00000
vt 0.00000 0.00000
vt 1.00000 0.00000
vt 1.00000 1.00000
vt 0.00000 0.00000
vt 1.00000 1.00000
vt 0.00000 1.00000
vt 0.00000 0.00000
vt 1.00000 0.00000
vt 1.00000 1.00000
vt 0.00000 0.00000
vt 1.00000 1.00000
vt 0.00000 1.00000
vt 0.00000 0.00000
vt 1.00000 0.00000
vt 1.00000 1.00000
vt 0.00000 0.00000
vt 1.00000 1.00000
vt 0.00000 1.00000
vt 0.00000 0.00000
vt 1.00000 0.00000
vt 1.00000 1.00000
vt 0.00000 0.00000
vt 1.00000 1.00000
vt 0.00000 1.00000
vt 0.00000 0.00000
vt 1.00000 0.00000
vt 1.00000 1.00000
vt 0.00000 0.00000
vt 1.00000 1.00000
vt 0.00000 1.00000
vt 0.00000 0.00000
vt 1.00000 0.00000
vt 1.00000 1.00000
vt 0.00000 0.00000
vt 1.00000 1.00000
vt 0.00000 1.00000
vt 0.00000 0.00000
vt 1.00000 0.00000
vt 1.00000 1.00000
vt 0.00000 0.00000
vt 1.00000 1.00000
vt 0.00000 1.00000
vt 0.00000 0.00000
vt 1.00000 0.00000
vt 1.00000 1.00000
vt 0.00000 0.00000
vt 1.00000 1.00000
vt 0.00000 1.00000
vt 0.00000 0.00000
vt 1.00000 0.00000
vt 1.00000 1.00000
vt 0.00000 0.00000
vt 1.00000 1.00000
vt 0.00000 1.00000
vt 0.00000 0.00000
vt 1.00000 0.00000
vt 1.00000 1.00000
vt 0.00000 0.00000
vt 1.00000 1.00000
vt 0.00000 1.00000
vt 0.00000 0.00000
vt 1.00000 0.00000
vt 1.00000 1.00000
vt 0.00000 0.00000
vt 1.00000 1.00000
vt 0.00000 1.00000
vt 0.00000 0.00000
vt 1.00000 0.00000
vt 1.00000 1.00000
vt 0.00000 0.00000
vt 1.00000 1.00000
vt 0.00000 1.00000
vt 0.00000 0.00000
vt 1.00000 0.00000
vt 1.00000 1.00000
vt 0.00000 0.00000
vt 1.00000 1.00000
vt 0.00000 1.00000
vt 0.00000 0.00000
vt 1.00000 0.00000
vt 1.00000 1.00000
vt 0.00000 0.00000
vt 1.00000 1.00000
vt 0.00000 1.00000
vt 0.00000 0.00000
vt 1.00000 0.00000
vt 1.00000 1.00000
vt 0.00000 0.00000
vt 1.00000 1.00000
vt 0.00000 1.00000
vt 0.00000 0.00000
vt 1.00000 0.00000
vt 1.00000 1.00000
vt 0.00000 0.00000
vt 1.00000 1.00000
vt 0.00000 1.00000
vt 0.00000 0.00000
vt 1.00000 0.00000
vt 1.00000 1.00000
vt 0.00000 0.00000
vt 1.00000 1.00000
vt 0.00000 1.00000
vt 0.00000 0.00000
vt 1.00000 0.00000
vt 1.00000 1.00000
vt 0.00000 0.00000
vt 1.00000 1.00000
vt 0.00000 1.00000
vt 0.00000 0.00000
vt 1.00000 0.00000
vt 1.00000 1.00000
vt 0.00000 0.00000
vt 1.00000 1.00000
vt 0.00000 1.00000
vt 0.00000 0.00000
vt 1.00000 0.00000
vt 1.00000 1.00000
vt 0.00000 0.00000
vt 1.00000 1.00000
vt 0.00000 1.00000
vt 0.00000 0.00000
vt 1.00000 0.00000
vt 1.00000 1.00000
vt 0.00000 0.00000
vt 1.00000 1.00000
vt 0.00000 1.00000
vt 0.00000 0.00000
vt 1.00000 0.00000
vt 1.00000 1.00000
vt 0.00000 0.00000
vt 1.00000 1.00000
vt 0.00000 1.00000
vt 0.00000 0.00000
vt 1.00000 0.00000
vt 1.00000 1.00000
vt 0.00000 0.00000
vt 1.00000 1.00000
vt 0.00000 1.00000
vt 0.00000 0.00000
vt 1.00000 0.00000
vt 1.00000 1.00000
vt 0.00000 0.00000
vt 1.00000 1.00000
vt 0.00000 1.00000
vt 0.00000 0.00000
vt 1.00000 0.00000
vt 1.00000 1.00000
vt 0.00000 0.00000
vt 1.00000 1.00000
vt 0.00000 1.00000
vt 0.00000 0.00000
vt 1.00000 0.00000
vt 1.00000 1.00000
vt 0.00000 0.00000
vt 1.00000 1.00000
vt 0.00000 1.00000
vt 0.00000 0.00000
vt 1.00000 0.00000
vt 1.00000 1.00000
vt 0.00000 0.00000
vt 1.00000 1.00000
vt 0.00000 1.00000
vt 0.00000 0.00000
vt 1.00000 0.00000
vt 1.00000 1.00000
vt 0.00000 0.00000
vt 1.00000 1.00000
vt 0.00000 1.00000
vt 0.00000 0.00000
vt 1.00000 0.00000
vt 1.00000 1.00000
vt 0.00000 0.00000
vt 1.00000 1.00000
vt 0.00000 1.00000
vt 0.00000 0.00000
vt 1.00000 0.00000
vt 1.00000 1.00000
vt 0.00000 0.00000
vt 1.00000 1.00000
vt 0.00000 1.00000
vt 0.00000 0.00000
vt 1.00000 0.00000
vt 1.00000 1.00000
vt 0.00000 0.00000
vt 1.00000 1.00000
vt 0.00000 1.00000
vt 0.00000 0.00000
vt 1.00000 0.00000
vt 1.00000 1.00000
vt 0.00000 0.00000
vt 1.00000 1.00000
vt 0.00000 1.00000
vt 0.00000 0.00000
vt 1.00000 0.00000
vt 1.00000 1.00000
vt 0.00000 0.00000
vt 1.00000 1.00000
vt 0.00000 1.00000
vt 0.00000 0.00000
vt 1.00000 0.00000
vt 1.00000 1.00000
vt 0.00000 0.00000
vt 1.00000 1.00000
vt 0.00000 1.00000
vt 0.00000 0.00000
vt 1.00000 0.00000
vt 1.00000 1.00000
vt 0.00000 0.00000
vt 1.00000 1.00000
vt 0.00000 1.00000
vt 0.00000 0.00000
vt 1.00000 0.00000
vt 1.00000 1.00000
vt 0.00000 0.00000
vt 1.00000 1.00000
vt 0.00000 1.00000
vt 0.00000 0.00000
vt 1.00000 0.00000
vt 1.00000 1.00000
vt 0.00000 0.00000
vt 1.00000 1.00000
vt 0.00000 1.00000
vt 0.00000 0.00000
vt 1.00000 0.00000
vt 1.00000 1.00000
vt 0.00000 0.00000
vt 1.00000 1.00000
vt 0.00000 1.00000
vt 0.00000 0.00000
vt 1.00000 0.00000
vt 1.00000 1.00000
vt 0.00000 0.00000
vt 1.00000 1.00000
vt 0.00000 1.00000
vt 0.00000 0.00000
vt 1.00000 0.00000
vt 1.00000 1.00000
vt 0.00000 0.00000
vt 1.00000 1.00000
vt 0.00000 1.00000
vt 0.00000 0.00000
vt 1.00000 0.00000
vt 1.00000 1.00000
vt 0.00000 0.00000
vt 1.00000 1.00000
vt 0.00000 1.00000
vt 0.00000 0.00000
vt 1.00000 0.00000
vt 1.00000 1.00000
vt 0.00000 0.00000
vt 1.00000 1.00000
vt 0.00000 1.00000
vt 0.00000 0.00000
vt 1.00000 0.00000
vt 1.00000 1.00000
vt 0.00000 0.00000
vt 1.00000 1.00000
vt 0.00000 1.00000
vt 0.00000 0.00000
vt 1.00000 0.00000
vt 1.00000 1.00000
vt 0.00000 0.00000
vt 1.00000 1.00000
vt 0.00000 1.00000
vt 0.00000 0.00000
vt 1.00000 0.00000
vt 1.00000 1.00000
vt 0.00000 0.00000
vt 1.00000 1.00000
vt 0.00000 1.00000
vt 0.00000 0.00000
vt 1.00000 0.00000
vt 1.00000 1.00000
vt 0.00000 0.00000
vt 1.00000 1.00000
vt 0.00000 1.00000
vt 0.00000 0.00000
vt 1.00000 0.00000
vt 1.00000 1.00000
vt 0.00000 0.00000
vt 1.00000 1.00000
vt 0.00000 1.00000
vt 0.00000 0.00000
vt 1.00000 0.00000
vt 1.00000 1.00000
vt 0.00000 0.00000
vt 1.00000 1.00000
vt 0.00000 1.00000
vt 0.00000 0.00000
vt 1.00000 0.00000
vt 1.00000 1.00000
vt 0.00000 0.00000
vt 1.00000 1.00000
vt 0.00000 1.00000
vt 0.00000 0.00000
vt 1.00000 0.00000
vt 1.00000 1.00000
vt 0.00000 0.00000
vt 1.00000 1.00000
vt 0.00000 1.00000
vt 0.00000 0.00000
vt 1.00000 0.00000
vt 1.00000 1.00000
vt 0.00000 0.00000
vt 1.00000 1.00000
vt 0.00000 1.00000
vt 0.00000 0.00000
vt 1.00000 0.00000
vt 1.00000 1.00000
vt 0.00000 0.00000
vt 1.00000 1.00000
vt 0.00000 1.00000
vt 0.00000 0.00000
vt 1.00000 0.00000
vt 1.00000 1.00000
vt 0.00000 0.00000
vt 1.00000 1.00000
vt 0.00000 1.00000
vt 0.00000 0.00000
vt 1.00000 0.00000
vt 1.00000 1.00000
vt 0.00000 0.00000
vt 1.00000 1.00000
vt 0.00000 1.00000
vt 0.00000 0.00000
vt 1.00000 0.00000
vt 1.00000 1.00000
vt 0.00000 0.00000
vt 1.00000 1.00000
vt 0.00000 1.00000
vt 0.00000 0.00000
vt 1.00000 0.00000
vt 1.00000 1.00000
vt 0.00000 0.00000
vt 1.00000 1.00000
vt 0.00000 1.00000
vt 0.00000 0.00000
vt 1.00000 0.00000
vt 1.00000 1.00000
vt 0.00000 0.00000
vt 1.00000 1.00000
vt 0.00000 1.00000
vt 0.00000 0.00000
vt 1.00000 0.00000
vt 1.00000 1.00000
vt 0.00000 0.00000
vt 1.00000 1.00000
vt 0.00000 1.00000
vt 0.00000 0.00000
vt 1.00000 0.00000
vt 1.00000 1.00000
vt 0.00000 0.00000
vt 1.00000 1.00000
vt 0.00000 1.00000
vt 0.00000 0.00000
vt 1.00000 0.00000
vt 1.00000 1.00000
vt 0.00000 0.00000
vt 1.00000 1.00000
vt 0.00000 1.00000
vt 0.00000 0.00000
vt 1.00000 0.00000
vt 1.00000 1.00000
vt 0.00000 0.00000
vt 1.00000 1.00000
vt 0.00000 1.00000
vt 0.00000 0.00000
vt 1.00000 0.00000
vt 1.00000 1.00000
vt 0.00000 0.00000
vt 1.00000 1.00000
vt 0.00000 1.00000
vt 0.00000 0.00000
vt 1.00000 0.00000
vt 1.00000 1.00000
vt 0.00000 0.00000
vt 1.00000 1.00000
vt 0.00000 1.00000
vt 0.00000 0.00000
vt 1.00000 0.00000
vt 1.00000 1.00000
vt 0.00000 0.00000
vt 1.00000 1.00000
vt 0.00000 1.00000
vt 0.00000 0.00000
vt 1.00000 0.00000
vt 1.00000 1.00000
vt 0.00000 0.00000
vt 1.00000 1.00000
vt 0.00000 1.00000
vt 0.00000 0.00000
vt 1.00000 0.00000
vt 1.00000 1.00000
vt 0.00000 0.00000
vt 1.00000 1.00000
vt 0.00000 1.00000
vt 0.00000 0.00000
vt 1.00000 0.00000
vt 1.00000 1.00000
vt 0.00000 0.00000
vt 1.00000 1.00000
vt 0.00000 1.00000
vt 0.00000 0.00000
vt 1.00000 0.00000
vt 1.00000 1.00000
vt 0.00000 0.00000
vt 1.00000 1.00000
vt 0.00000 1.00000
vt 0.00000 0.00000
vt 1.00000 0.00000
vt 1.00000 1.00000
vt 0.00000 0.00000
vt 1.00000 1.00000
vt 0.00000 1.00000
vt 0.00000 0.00000
vt 1.00000 0.00000
vt 1.00000 1.00000
vt 0.00000 0.00000
vt 1.00000 1.00000
vt 0.00000 1.00000
vt 0.00000 0.00000
vt 1.00000 0.00000
vt 1.00000 1.00000
vt 0.00000 0.00000
vt 1.00000 1.00000
vt 0.00000 1.00000
vt 0.00000 0.00000
vt 1.00000 0.00000
vt 1.00000 1.00000
vt 0.00000 0.00000
vt 1.00000 1.00000
vt 0.00000 1.00000
vt 0.00000 0.00000
vt 1.00000 0.00000
vt 1.00000 1.00000
vt 0.00000 0.00000
vt 1.00000 1.00000
vt 0.00000 1.00000
vt 0.00000 0.00000
vt 1.00000 0.00000
vt 1.00000 1.00000
vt 0.00000 0.00000
vt 1.00000 1.00000
vt 0.00000 1.00000
vt 0.00000 0.00000
vt 1.00000 0.00000
vt 1.00000 1.00000
vt 0.00000 0.00000
vt 1.00000 1.00000
vt 0.00000 1.00000
vt 0.00000 0.00000
vt 1.00000 0.00000
vt 1.00000 1.00000
vt 0.00000 0.00000
vt 1.00000 1.00000
vt 0.00000 1.00000
vt 0.00000 0.00000
vt 1.00000 0.00000
vt 1.00000 1.00000
vt 0.00000 0.00000
vt 1.00000 1.00000
vt 0.00000 1.00000
vt 0.00000 0.00000
vt 1.00000 0.00000
vt 1.00000 1.00000
vt 0.00000 0.00000
vt 1.00000 1.00000
vt 0.00000 1.00000
vt 0.00000 0.00000
vt 1.00000 0.00000
vt 1.00000 1.00000
vt 0.00000 0.00000
vt 1.00000 1.00000
vt 0.00000 1.00000
vt 0.00000 0.00000
vt 1.00000 0.00000
vt 1.00000 1.00000
vt 0.00000 0.00000
vt 1.00000 1.00000
vt 0.00000 1.00000
vt 0.00000 0.00000
vt 1.00000 0.00000
vt 1.00000 1.00000
vt 0.00000 0.00000
vt 1.00000 1.00000
vt 0.00000 1.00000
vt 0.00000 0.00000
vt 1.00000 0.00000
vt 1.00000 1.00000
vt 0.00000 0.00000
vt 1.00000 1.00000
vt 0.00000 1.00000
vt 0.00000 0.00000
vt 1.00000 0.00000
vt 1.00000 1.00000
vt 0.00000 0.00000
vt 1.00000 1.00000
vt 0.00000 1.00000
vt 0.00000 0.00000
vt 1.00000 0.00000
vt 1.00000 1.00000
vt 0.00000 0.00000
vt 1.00000 1.00000
vt 0.00000 1.00000
vt 0.00000 0.00000
vt 1.00000 0.00000
vt 1.00000 1.00000
vt 0.00000 0.00000
vt 1.00000 1.00000
vt 0.00000 1.00000
vt 0.00000 0.00000
vt 1.00000 0.00000
vt 1.00000 1.00000
vt 0.00000 0.00000
vt 1.00000 1.00000
vt 0.00000 1.00000
vt 0.00000 0.00000
vt 1.00000 0.00000
vt 1.00000 1.00000
vt 0.00000 0.00000
vt 1.00000 1.00000
vt 0.00000 1.00000
vt 0.00000 0.00000
vt 1.00000 0.00000
vt 1.00000 1.00000
vt 0.00000 0.00000
vt 1.00000 1.00000
vt 0.00000 1.00000
vt 0.00000 0.00000
vt 1.00000 0.00000
vt 1.00000 1.00000
vt 0.00000 0.00000
vt 1.00000 1.00000
vt 0.00000 1.00000
vt 0.00000 0.00000
vt 1.00000 0.00000
vt 1.00000 1.00000
vt 0.00000 0.00000
vt 1.00000 1.00000
vt 0.00000 1.00000
vt 0.00000 0.00000
vt 1.00000 0.00000
vt 1.00000 1.00000
vt 0.00000 0.00000
vt 1.00000 1.00000
vt 0.00000 1.00000
vt 0.00000 0.00000
vt 1.00000 0.00000
vt 1.00000 1.00000
vt 0.00000 0.00000
vt 1.00000 1.00000
vt 0.00000 1.00000
vt 0.00000 0.00000
vt 1.00000 0.00000
vt 1.00000 1.00000
vt 0.00000 0.00000
vt 1.00000 1.00000
vt 0.00000 1.00000
vt 0.00000 0.00000
vt 1.00000 0.00000
vt 1.00000 1.00000
vt 0.00000 0.00000
vt 1.00000 1.00000
vt 0.00000 1.00000
vt 0.00000 0.00000
vt 1.00000 0.00000
vt 1.00000 1.00000
vt 0.00000 0.00000
vt 1.00000 1.00000
vt 0.00000 1.00000
vt 0.00000 0.00000
vt 1.00000 0.00000
vt 1.00000 1.00000
vt 0.00000 0.00000
vt 1.00000 1.00000
vt 0.00000 1.00000
vt 0.00000 0.00000
vt 1.00000 0.00000
vt 1.00000 1.00000
vt 0.00000 0.00000
vt 1.00000 1.00000
vt 0.00000 1.00000
vt 0.00000 0.00000
vt 1.00000 0.00000
vt 1.00000 1.00000
vt 0.00000 0.00000
vt 1.00000 1.00000
vt 0.00000 1.00000
vt 0.00000 0.00000
vt 1.00000 0.00000
vt 1.00000 1.00000
vt 0.00000 0.00000
vt 1.00000 1.00000
vt 0.00000 1.00000
vt 0.00000 0.00000
vt 1.00000 0.00000
vt 1.00000 1.00000
vt 0.00000 0.00000
vt 1.00000 1.00000
vt 0.00000 1.00000
vt 0.00000 0.00000
vt 1.00000 0.00000
vt 1.00000 1.00000
vt 0.00000 0.00000
vt 1.00000 1.00000
vt 0.00000 1.00000
vt 0.00000 0.00000
vt 1.00000 0.00000
vt 1.00000 1.00000
vt 0.00000 0.00000
vt 1.00000 1.00000
vt 0.00000 1.00000
vt 0.00000 0.00000
vt 1.00000 0.00000
vt 1.00000 1.00000
vt 0.00000 0.00000
vt 1.00000 1.00000
vt 0.00000 1.00000
vt 0.00000 0.00000
vt 1.00000 0.00000
vt 1.00000 1.00000
vt 0.00000 0.00000
vt 1.00000 1.00000
vt 0.00000 1.00000
vt 0.00000 0.00000
vt 1.00000 0.00000
vt 1.00000 1.00000
vt 0.00000 0.00000
vt 1.00000 1.00000
vt 0.00000 1.00000
vt 0.00000 0.00000
vt 1.00000 0.00000
vt 1.00000 1.00000
vt 0.00000 0.00000
vt 1.00000 1.00000
vt 0.00000 1.00000
vt 0.00000 0.00000
vt 1.00000 0.00000
vt 1.00000 1.00000
vt 0.00000 0.00000
vt 1.00000 1.00000
vt 0.00000 1.00000
vt 0.00000 0.00000
vt 1.00000 0.00000
vt 1.00000 1.00000
vt 0.00000 0.00000
vt 1.00000 1.00000
vt 0.00000 1.00000
vt 0.00000 0.00000
vt 1.00000 0.00000
vt 1.00000 1.00000
vt 0.00000 0.00000
vt 1.00000 1.00000
vt 0.00000 1.00000
vt 0.00000 0.00000
vt 1.00000 0.00000
vt 1.00000 1.00000
vt 0.00000 0.00000
vt 1.00000 1.00000
vt 0.00000 1.00000
vt 0.00000 0.00000
vt 1.00000 0.00000
vt 1.00000 1.00000
vt 0.00000 0.00000
vt 1.00000 1.00000
vt 0.00000 1.00000
vt 0.00000 0.00000
vt 1.00000 0.00000
vt 1.00000 1.00000
vt 0.00000 0.00000
vt 1.00000 1.00000
vt 0.00000 1.00000
vt 0.00000 0.00000
vt 1.00000 0.00000
vt 1.00000 1.00000
vt 0.00000 0.00000
vt 1.00000 1.00000
vt 0.00000 1.00000
vt 0.00000 0.00000
vt 1.00000 0.00000
vt 1.00000 1.00000
vt 0.00000 0.00000
vt 1.00000 1.00000
vt 0.00000 1.00000
vt 0.00000 0.00000
vt 1.00000 0.00000
vt 1.00000 1.00000
vt 0.00000 0.00000
vt 1.00000 1.00000
vt 0.00000 1.00000
vt 0.00000 0.00000
vt 1.00000 0.00000
vt 1.00000 1.00000
vt 0.00000 0.00000
vt 1.00000 1.00000
vt 0.00000 1.00000
vt 0.00000 0.00000
vt 1.00000 0.00000
vt 1.00000 1.00000
vt 0.00000 0.00000
vt 1.00000 1.00000
vt 0.00000 1.00000
vt 0.00000 0.00000
vt 1.00000 0.00000
vt 1.00000 1.00000
vt 0.00000 0.00000
vt 1.00000 1.00000
vt 0.00000 1.00000
vt 0.00000 0.00000
vt 1.00000 0.00000
vt 1.00000 1.00000
vt 0.00000 0.00000
vt 1.00000 1.00000
vt 0.00000 1.00000
vt 0.00000 0.00000
vt 1.00000 0.00000
vt 1.00000 1.00000
vt 0.00000 0.00000
vt 1.00000 1.00000
vt 0.00000 1.00000
vt 0.00000 0.00000
vt 1.00000 0.00000
vt 1.00000 1.00000
vt 0.00000 0.00000
vt 1.00000 1.00000
vt 0.00000 1.00000
vt 0.00000 0.00000
vt 1.00000 0.00000
vt 1.00000 1.00000
vt 0.00000 0.00000
vt 1.00000 1.00000
vt 0.00000 1.00000
vt 0.00000 0.00000
vt 1.00000 0.00000
vt 1.00000 1.00000
vt 0.00000 0.00000
vt 1.00000 1.00000
vt 0.00000 1.00000
vt 0.00000 0.00000
vt 1.00000 0.00000
vt 1.00000 1.00000
vt 0.00000 0.00000
vt 1.00000 1.00000
vt 0.00000 1.00000
vt 0.00000 0.00000
vt 1.00000 0.00000
vt 1.00000 1.00000
vt 0.00000 0.00000
vt 1.00000 1.00000
vt 0.00000 1.00000
vt 0.00000 0.00000
vt 1.00000 0.00000
vt 1.00000 1.00000
vt 0.00000 0.00000
vt 1.00000 1.00000
vt 0.00000 1.00000
vt 0.00000 0.00000
vt 1.00000 0.00000
vt 1.00000 1.00000
vt 0.00000 0.00000
vt 1.00000 1.00000
vt 0.00000 1.00000
vt 0.00000 0.00000
vt 1.00000 0.00000
vt 1.00000 1.00000
vt 0.00000 0.00000
vt 1.00000 1.00000
vt 0.00000 1.00000
vt 0.00000 0.00000
vt 1.00000 0.00000
vt 1.00000 1.00000
vt 0.00000 0.00000
vt 1.00000 1.00000
vt 0.00000 1.00000
vt 0.00000 0.00000
vt 1.00000 0.00000
vt 1.00000 1.00000
vt 0.00000 0.00000
vt 1.00000 1.00000
vt 0.00000 1.00000
vt 0.00000 0.00000
vt 1.00000 0.00000
vt 1.00000 1.00000
vt 0.00000 0.00000
vt 1.00000 1.00000
vt 0.00000 1.00000
vt 0.00000 0.00000
vt 1.00000 0.00000
vt 1.00000 1.00000
vt 0.00000 0.00000
vt 1.00000 1.00000
vt 0.00000 1.00000
vt 0.00000 0.00000
vt 1.00000 0.00000
vt 1.00000 1.00000
vt 0.00000 0.00000
vt 1.00000 1.00000
vt 0.00000 1.00000
vt 0.00000 0.00000
vt 1.00000 0.00000
vt 1.00000 1.00000
vt 0.00000 0.00000
vt 1.00000 1.00000
vt 0.00000 1.00000
vt 0.00000 0.00000
vt 1.00000 0.00000
vt 1.00000 1.00000
vt 0.00000 0.00000
vt 1.00000 1.00000
vt 0.00000 1.00000
vt 0.00000 0.00000
vt 1.00000 0.00000
vt 1.00000 1.00000
vt 0.00000 0.00000
vt 1.00000 1.00000
vt 0.00000 1.00000
vt 0.00000 0.00000
vt 1.00000 0.00000
vt 1.00000 1.00000
vt 0.00000 0.00000
vt 1.00000 1.00000
vt 0.00000 1.00000
vt 0.00000 0.00000
vt 1.00000 0.00000
vt 1.00000 1.00000
vt 0.00000 0.00000
vt 1.00000 1.00000
vt 0.00000 1.00000
vt 0.00000 0.00000
vt 1.00000 0.00000
vt 1.00000 1.00000
vt 0.00000 0.00000
vt 1.00000 1.00000
vt 0.00000 1.00000
vt 0.00000 0.00000
vt 1.00000 0.00000
vt 1.00000 1.00000
vt 0.00000 0.00000
vt 1.00000 1.00000
vt 0.00000 1.00000
vt 0.00000 0.00000
vt 1.00000 0.00000
vt 1.00000 1.00000
vt 0.00000 0.00000
vt 1.00000 1.00000
vt 0.00000 1.00000
vt 0.00000 0.00000
vt 1.00000 0.00000
vt 1.00000 1.00000
vt 0.00000 0.00000
vt 1.00000 1.00000
vt 0.00000 1.00000
vt 0.00000 0.00000
vt 1.00000 0.00000
vt 1.00000 1.00000
vt 0.00000 0.00000
vt 1.00000 1.00000
vt 0.00000 1.00000
vt 0.00000 0.00000
vt 1.00000 0.00000
vt 1.00000 1.00000
vt 0.00000 0.00000
vt 1.00000 1.00000
vt 0.00000 1.00000
vt 0.00000 0.00000
vt 1.00000 0.00000
vt 1.00000 1.00000
vt 0.00000 0.00000
vt 1.00000 1.00000
vt 0.00000 1.00000
vt 0.00000 0.00000
vt 1.00000 0.00000
vt 1.00000 1.00000
vt 0.00000 0.00000
vt 1.00000 1.00000
vt 0.00000 1.00000
vt 0.00000 0.00000
vt 1.00000 0.00000
vt 1.00000 1.00000
vt 0.00000 0.00000
vt 1.00000 1.00000
vt 0.00000 1.00000
vt 0.00000 0.00000
vt 1.00000 0.00000
vt 1.00000 1.00000
vt 0.00000 0.00000
vt 1.00000 1.00000
vt 0.00000 1.00000
vt 0.00000 0.00000
vt 1.00000 0.00000
vt 1.00000 1.00000
vt 0.00000 0.00000
vt 1.00000 1.00000
vt 0.00000 1.00000
vt 0.00000 0.00000
vt 1.00000 0.00000
vt 1.00000 1.00000
vt 0.00000 0.00000
vt 1.00000 1.00000
vt 0.00000 1.00000
vt 0.00000 0.00000
vt 1.00000 0.00000
vt 1.00000 1.00000
vt 0.00000 0.00000
vt 1.00000 1.00000
vt 0.00000 1.00000
vt 0.00000 0.00000
vt 1.00000 0.00000
vt 1.00000 1.00000
vt 0.00000 0.00000
vt 1.00000 1.00000
vt 0.00000 1.00000
vt 0.00000 0.00000
vt 1.00000 0.00000
vt 1.00000 1.00000
vt 0.00000 0.00000
vt 1.00000 1.00000
vt 0.00000 1.00000
vt 0.00000 0.00000
vt 1.00000 0.00000
vt 1.00000 1.00000
vt 0.00000 0.00000
vt 1.00000 1.00000
vt 0.00000 1.00000
vt 0.00000 0.00000
vt 1.00000 0.00000
vt 1.00000 1.00000
vt 0.00000 0.00000
vt 1.00000 1.00000
vt 0.00000 1.00000
vt 0.00000 0.00000
vt 1.00000 0.00000
vt 1.00000 1.00000
vt 0.00000 0.00000
vt 1.00000 1.00000
vt 0.00000 1.00000
vt 0.00000 0.00000
vt 1.00000 0.00000
vt 1.00000 1.00000
vt 0.00000 0.00000
vt 1.00000 1.00000
vt 0.00000 1.00000
vt 0.00000 0.00000
vt 1.00000 0.00000
vt 1.00000 1.00000
vt 0.00000 0.00000
vt 1.00000 1.00000
vt 0.00000 1.00000
vt 0.00000 0.00000
vt 1.00000 0.00000
vt 1.00000 1.00000
vt 0.00000 0.00000
vt 1.00000 1.00000
vt 0.00000 1.00000
vt 0.00000 0.00000
vt 1.00000 0.00000
vt 1.00000 1.00000
vt 0.00000 0.00000
vt 1.00000 1.00000
vt 0.00000 1.00000
vt 0.00000 0.00000
vt 1.00000 0.00000
vt 1.00000 1.00000
vt 0.00000 0.00000
vt 1.00000 1.00000
vt 0.00000 1.00000
vt 0.00000 0.00000
vt 1.00000 0.00000
vt 1.00000 1.00000
vt 0.00000 0.00000
vt 1.00000 1.00000
vt 0.00000 1.00000
vt 0.00000 0.00000
vt 1.00000 0.00000
vt 1.00000 1.00000
vt 0.00000 0.00000
vt 1.00000 1.00000
vt 0.00000 1.00000
vt 0.00000 0.00000
vt 1.00000 0.00000
vt 1.00000 1.00000
vt 0.00000 0.00000
vt 1.00000 1.00000
vt 0.00000 1.00000
vt 0.00000 0.00000
vt 1.00000 0.00000
vt 1.00000 1.00000
vt 0.00000 0.00000
vt 1.00000 1.00000
vt 0.00000 1.00000
vt 0.00000 0.00000
vt 1.00000 0.00000
vt 1.00000 1.00000
vt 0.00000 0.00000
vt 1.00000 1.00000
vt 0.00000 1.00000
vt 0.00000 0.00000
vt 1.00000 0.00000
vt 1.00000 1.00000
vt 0.00000 0.00000
vt 1.00000 1.00000
vt 0.00000 1.00000
vt 0.00000 0.00000
vt 1.00000 0.00000
vt 1.00000 1.00000
vt 0.00000 0.00000
vt 1.00000 1.00000
vt 0.00000 1.00000
vt 0.00000 0.00000
vt 1.00000 0.00000
vt 1.00000 1.00000
vt 0.00000 0.00000
vt 1.00000 1.00000
vt 0.00000 1.00000
vt 0.00000 0.00000
vt 1.00000 0.00000
vt 1.00000 1.00000
vt 0.00000 0.00000
vt 1.00000 1.00000
vt 0.00000 1.00000
vt 0.00000 0.00000
vt 1.00000 0.00000
vt 1.00000 1.00000
vt 0.00000 0.00000
vt 1.00000 1.00000
vt 0.00000 1.00000
vt 0.00000 0.00000
vt 1.00000 0.00000
vt 1.00000 1.00000
vt 0.00000 0.00000
vt 1.00000 1.00000
vt 0.00000 1.00000
vt 0.00000 0.00000
vt 1.00000 0.00000
vt 1.00000 1.00000
vt 0.00000 0.00000
vt 1.00000 1.00000
vt 0.00000 1.00000
vt 0.00000 0.00000
vt 1.00000 0.00000
vt 1.00000 1.00000
vt 0.00000 0.00000
vt 1.00000 1.00000
vt 0.00000 1.00000
vt 0.00000 0.00000
vt 1.00000 0.00000
vt 1.00000 1.00000
vt 0.00000 0.00000
vt 1.00000 1.00000
vt 0.00000 1.00000
vt 0.00000 0.00000
vt 1.00000 0.00000
vt 1.00000 1.00000
vt 0.00000 0.00000
vt 1.00000 1.00000
vt 0.00000 1.00000
vt 0.00000 0.00000
vt 1.00000 0.00000
vt 1.00000 1.00000
vt 0.00000 0.00000
vt 1.00000 1.00000
vt 0.00000 1.00000
vt 0.00000 0.00000
vt 1.00000 0.00000
vt 1.00000 1.00000
vt 0.00000 0.00000
vt 1.00000 1.00000
vt 0.00000 1.00000
vt 0.00000 0.00000
vt 1.00000 0.00000
vt 1.00000 1.00000
vt 0.00000 0.00000
vt 1.00000 1.00000
vt 0.00000 1.00000
vt 0.00000 0.00000
vt 1.00000 0.00000
vt 1.00000 1.00000
vt 0.00000 0.00000
vt 1.00000 1.00000
vt 0.00000 1.00000
vt 0.00000 0.00000
vt 1.00000 0.00000
vt 1.00000 1.00000
vt 0.00000 0.00000
vt 1.00000 1.00000
vt 0.00000 1.00000
vt 0.00000 0.00000
vt 1.00000 0.00000
vt 1.00000 1.00000
vt 0.00000 0.00000
vt 1.00000 1.00000
vt 0.00000 1.00000
vt 0.00000 0.00000
vt 1.00000 0.00000
vt 1.00000 1.00000
vt 0.00000 0.00000
vt 1.00000 1.00000
vt 0.00000 1.00000
vt 0.00000 0.00000
vt 1.00000 0.00000
vt 1.00000 1.00000
vt 0.00000 0.00000
vt 1.00000 1.00000
vt 0.00000 1.00000
vt 0.00000 0.00000
vt 1.00000 0.00000
vt 1.00000 1.00000
vt 0.00000 0.00000
vt 1.00000 1.00000
vt 0.00000 1.00000
vt 0.00000 0.00000
vt 1.00000 0.00000
vt 1.00000 1.00000
vt 0.00000 0.00000
vt 1.00000 1.00000
vt 0.00000 1.00000
vt 0.00000 0.00000
vt 1.00000 0.00000
vt 1.00000 1.00000
vt 0.00000 0.00000
vt 1.00000 1.00000
vt 0.00000 1.00000
vt 0.00000 0.00000
vt 1.00000 0.00000
vt 1.00000 1.00000
vt 0.00000 0.00000
vt 1.00000 1.00000
vt 0.00000 1.00000
vt 0.00000 0.00000
vt 1.00000 0.00000
vt 1.00000 1.00000
vt 0.00000 0.00000
vt 1.00000 1.00000
vt 0.00000 1.00000
vt 0.00000 0.00000
vt 1.00000 0.00000
vt 1.00000 1.00000
vt 0.00000 0.00000
vt 1.00000 1.00000
vt 0.00000 1.00000
vt 0.00000 0.00000
vt 1.00000 0.00000
vt 1.00000 1.00000
vt 0.00000 0.00000
vt 1.00000 1.00000
vt 0.00000 1.00000
vt 0.00000 0.00000
vt 1.00000 0.00000
vt 1.00000 1.00000
vt 0.00000 0.00000
vt 1.00000 1.00000
vt 0.00000 1.00000
vt 0.00000 0.00000
vt 1.00000 0.00000
vt 1.00000 1.00000
vt 0.00000 0.00000
vt 1.00000 1.00000
vt 0.00000 1.00000
vt 0.00000 0.00000
vt 1.00000 0.00000
vt 1.00000 1.00000
vt 0.00000 0.00000
vt 1.00000 1.00000
vt 0.00000 1.00000
vt 0.00000 0.00000
vt 1.00000 0.00000
vt 1.00000 1.00000
vt 0.00000 0.00000
vt 1.00000 1.00000
vt 0.00000 1.00000
vt 0.00000 0.00000
vt 1.00000 0.00000
vt 1.00000 1.00000
vt 0.00000 0.00000
vt 1.00000 1.00000
vt 0.00000 1.00000
vt 0.00000 0.00000
vt 1.00000 0.00000
vt 1.00000 1.00000
vt 0.00000 0.00000
vt 1.00000 1.00000
vt 0.00000 1.00000
vt 0.00000 0.00000
vt 1.00000 0.00000
vt 1.00000 1.00000
vt 0.00000 0.00000
vt 1.00000 1.00000
vt 0.00000 1.00000
vt 0.00000 0.00000
vt 1.00000 0.00000
vt 1.00000 1.00000
vt 0.00000 0.00000
vt 1.00000 1.00000
vt 0.00000 1.00000
vt 0.00000 0.00000
vt 1.00000 0.00000
vt 1.00000 1.00000
vt 0.00000 0.00000
vt 1.00000 1.00000
vt 0.00000 1.00000
vt 0.00000 0.00000
vt 1.00000 0.00000
vt 1.00000 1.00000
vt 0.00000 0.00000
vt 1.00000 1.00000
vt 0.00000 1.00000
vt 0.00000 0.00000
vt 1.00000 0.00000
vt 1.00000 1.00000
vt 0.00000 0.00000
vt 1.00000 1.00000
vt 0.00000 1.00000
vt 0.00000 0.00000
vt 1.00000 0.00000
vt 1.00000 1.00000
vt 0.00000 0.00000
vt 1.00000 1.00000
vt 0.00000 1.00000
vt 0.00000 0.00000
vt 1.00000 0.00000
vt 1.00000 1.00000
vt 0.00000 0.00000
vt 1.00000 1.00000
vt 0.00000 1.00000
vt 0.00000 0.00000
vt 1.00000 0.00000
vt 1.00000 1.00000
vt 0.00000 0.00000
vt 1.00000 1.00000
vt 0.00000 1.00000
vt 0.00000 0.00000
vt 1.00000 0.00000
vt 1.00000 1.00000
vt 0.00000 0.00000
vt 1.00000 1.00000
vt 0.00000 1.00000
vt 0.00000 0.00000
vt 1.00000 0.00000
vt 1.00000 1.00000
vt 0.00000 0.00000
vt 1.00000 1.00000
vt 0.00000 1.00000
vt 0.00000 0.00000
vt 1.00000 0.00000
vt 1.00000 1.00000
vt 0.00000 0.00000
vt 1.00000 1.00000
vt 0.00000 1.00000
vt 0.00000 0.00000
vt 1.00000 0.00000
vt 1.00000 1.00000
vt 0.00000 0.00000
vt 1.00000 1.00000
vt 0.00000 1.00000
vt 0.00000 0.00000
vt 1.00000 0.00000
vt 1.00000 1.00000
vt 0.00000 0.00000
vt 1.00000 1.00000
vt 0.00000 1.00000
vt 0.00000 0.00000
vt 1.00000 0.00000
vt 1.00000 1.00000
vt 0.00000 0.00000
vt 1.00000 1.00000
vt 0.00000 1.00000
vt 0.00000 0.00000
vt 1.00000 0.00000
vt 1.00000 1.00000
vt 0.00000 0.00000
vt 1.00000 1.00000
vt 0.00000 1.00000
vt 0.00000 0.00000
vt 1.00000 0.00000
vt 1.00000 1.00000
vt 0.00000 0.00000
vt 1.00000 1.00000
vt 0.00000 1.00000
vt 0.00000 0.00000
vt 1.00000 0.00000
vt 1.00000 1.00000
vt 0.00000 0.00000
vt 1.00000 1.00000
vt 0.00000 1.00000
vt 0.00000 0.00000
vt 1.00000 0.00000
vt 1.00000 1.00000
vt 0.00000 0.00000
vt 1.00000 1.00000
vt 0.00000 1.00000
vt 0.00000 0.00000
vt 1.00000 0.00000
vt 1.00000 1.00000
vt 0.00000 0.00000
vt 1.00000 1.00000
vt 0.00000 1.00000
vt 0.00000 0.00000
vt 1.00000 0.00000
vt 1.00000 1.00000
vt 0.00000 0.00000
vt 1.00000 1.00000
vt 0.00000 1.00000
vt 0.00000 0.00000
vt 1.00000 0.00000
vt 1.00000 1.00000
vt 0.00000 0.00000
vt 1.00000 1.00000
vt 0.00000 1.00000
vt 0.00000 0.00000
vt 1.00000 0.00000
vt 1.00000 1.00000
vt 0.00000 0.00000
vt 1.00000 1.00000
vt 0.00000 1.00000
vt 0.00000 0.00000
vt 1.00000 0.00000
vt 1.00000 1.00000
vt 0.00000 0.00000
vt 1.00000 1.00000
vt 0.00000 1.00000
vt 0.00000 0.00000
vt 1.00000 0.00000
vt 1.00000 1.00000
vt 0.00000 0.00000
vt 1.00000 1.00000
vt 0.00000 1.00000
vt 0.00000 0.00000
vt 1.00000 0.00000
vt 1.00000 1.00000
vt 0.00000 0.00000
vt 1.00000 1.00000
vt 0.00000 1.00000
vt 0.00000 0.00000
vt 1.00000 0.00000
vt 1.00000 1.00000
vt 0.00000 0.00000
vt 1.00000 1.00000
vt 0.00000 1.00000
vt 0.00000 0.00000
vt 1.00000 0.00000
vt 1.00000 1.00000
vt 0.00000 0.00000
vt 1.00000 1.00000
vt 0.00000 1.00000
vt 0.00000 0.00000
vt 1.00000 0.00000
vt 1.00000 1.00000
vt 0.00000 0.00000
vt 1.00000 1.00000
vt 0.00000 1.00000
vt 0.00000 0.00000
vt 1.00000 0.00000
vt 1.00000 1.00000
vt 0.00000 0.00000
vt 1.00000 1.00000
vt 0.00000 1.00000
vt 0.00000 0.00000
vt 1.00000 0.00000
vt 1.00000 1.00000
vt 0.00000 0.00000
vt 1.00000 1.00000
vt 0.00000 1.00000
vt 0.00000 0.00000
vt 1.00000 0.00000
vt 1.00000 1.00000
vt 0.00000 0.00000
vt 1.00000 1.00000
vt 0.00000 1.00000
vt 0.00000 0.00000
vt 1.00000 0.00000
vt 1.00000 1.00000
vt 0.00000 0.00000
vt 1.00000 1.00000
vt 0.00000 1.00000
vt 0.00000 0.00000
vt 1.00000 0.00000
vt 1.00000 1.00000
vt 0.00000 0.00000
vt 1.00000 1.00000
vt 0.00000 1.00000
vt 0.00000 0.00000
vt 1.00000 0.00000
vt 1.00000 1.00000
vt 0.00000 0.00000
vt 1.00000 1.00000
vt 0.00000 1.00000
vt 0.00000 0.00000
vt 1.00000 0.00000
vt 1.00000 1.00000
vt 0.00000 0.00000
vt 1.00000 1.00000
vt 0.00000 1.00000
vt 0.00000 0.00000
vt 1.00000 0.00000
vt 1.00000 1.00000
vt 0.00000 0.00000
vt 1.00000 1.00000
vt 0.00000 1.00000
vt 0.00000 0.00000
vt 1.00000 0.00000
vt 1.00000 1.00000
vt 0.00000 0.00000
vt 1.00000 1.00000
vt 0.00000 1.00000
vt 0.00000 0.00000
vt 1.00000 0.00000
vt 1.00000 1.00000
vt 0.00000 0.00000
vt 1.00000 1.00000
vt 0.00000 1.00000
vt 0.00000 0.00000
vt 1.00000 0.00000
vt 1.00000 1.00000
vt 0.00000 0.00000
vt 1.00000 1.00000
vt 0.00000 1.00000
vt 0.00000 0.00000
vt 1.00000 0.00000
vt 1.00000 1.00000
vt 0.00000 0.00000
vt 1.00000 1.00000
vt 0.00000 1.00000
vt 0.00000 0.00000
vt 1.00000 0.00000
vt 1.00000 1.00000
vt 0.00000 0.00000
vt 1.00000 1.00000
vt 0.00000 1.00000
vt 0.00000 0.00000
vt 1.00000 0.00000
vt 1.00000 1.00000
vt 0.00000 0.00000
vt 1.00000 1.00000
vt 0.00000 1.00000
vt 0.00000 0.00000
vt 1.00000 0.00000
vt 1.00000 1.00000
vt 0.00000 0.00000
vt 1.00000 1.00000
vt 0.00000 1.00000
vt 0.00000 0.00000
vt 1.00000 0.00000
vt 1.00000 1.00000
vt 0.00000 0.00000
vt 1.00000 1.00000
vt 0.00000 1.00000
vt 0.00000 0.00000
vt 1.00000 0.00000
vt 1.00000 1.00000
vt 0.00000 0.00000
vt 1.00000 1.00000
vt 0.00000 1.00000
vt 0.00000 0.00000
vt 1.00000 0.00000
vt 1.00000 1.00000
vt 0.00000 0.00000
vt 1.00000 1.00000
vt 0.00000 1.00000
vt 0.00000 0.00000
vt 1.00000 0.00000
vt 1.00000 1.00000
vt 0.00000 0.00000
vt 1.00000 1.00000
vt 0.00000 1.00000
vt 0.00000 0.00000
vt 1.00000 0.00000
vt 1.00000 1.00000
vt 0.00000 0.00000
vt 1.00000 1.00000
vt 0.00000 1.00000
vt 0.00000 0.00000
vt 1.00000 0.00000
vt 1.00000 1.00000
vt 0.00000 0.00000
vt 1.00000 1.00000
vt 0.00000 1.00000
vt 0.00000 0.00000
vt 1.00000 0.00000
vt 1.00000 1.00000
vt 0.00000 0.00000
vt 1.00000 1.00000
vt 0.00000 1.00000
vt 0.00000 0.00000
vt 1.00000 0.00000
vt 1.00000 1.00000
vt 0.00000 0.00000
vt 1.00000 1.00000
vt 0.00000 1.00000
vt 0.00000 0.00000
vt 1.00000 0.00000
vt 1.00000 1.00000
vt 0.00000 0.00000
vt 1.00000 1.00000
vt 0.00000 1.00000
vt 0.00000 0.00000
vt 1.00000 0.00000
vt 1.00000 1.00000
vt 0.00000 0.00000
vt 1.00000 1.00000
vt 0.00000 1.00000
vt 0.00000 0.00000
vt 1.00000 0.00000
vt 1.00000 1.00000
vt 0.00000 0.00000
vt 1.00000 1.00000
vt 0.00000 1.00000
vt 0.00000 0.00000
vt 1.00000 0.00000
vt 1.00000 1.00000
vt 0.00000 0.00000
vt 1.00000 1.00000
vt 0.00000 1.00000
vt 0.00000 0.00000
vt 1.00000 0.00000
vt 1.00000 1.00000
vt 0.00000 0.00000
vt 1.00000 1.00000
vt 0.00000 1.00000
vt 0.00000 0.00000
vt 1.00000 0.00000
vt 1.00000 1.00000
vt 0.00000 0.00000
vt 1.00000 1.00000
vt 0.00000 1.00000
vt 0.00000 0.00000
vt 1.00000 0.00000
vt 1.00000 1.00000
vt 0.00000 0.00000
vt 1.00000 1.00000
vt 0.00000 1.00000
vt 0.00000 0.00000
vt 1.00000 0.00000
vt 1.00000 1.00000
vt 0.00000 0.00000
vt 1.00000 1.00000
vt 0.00000 1.00000
vt 0.00000 0.00000
vt 1.00000 0.00000
vt 1.00000 1.00000
vt 0.00000 0.00000
vt 1.00000 1.00000
vt 0.00000 1.00000
vt 0.00000 0.00000
vt 1.00000 0.00000
vt 1.00000 1.00000
vt 0.00000 0.00000
vt 1.00000 1.00000
vt 0.00000 1.00000
vt 0.00000 0.00000
vt 1.00000 0.00000
vt 1.00000 1.00000
vt 0.00000 0.00000
vt 1.00000 1.00000
vt 0.00000 1.00000
vt 0.00000 0.00000
vt 1.00000 0.00000
vt 1.00000 1.00000
vt 0.00000 0.00000
vt 1.00000 1.00000
vt 0.00000 1.00000
vt 0.00000 0.00000
vt 1.00000 0.00000
vt 1.00000 1.00000
vt 0.00000 0.00000
vt 1.00000 1.00000
vt 0.00000 1.00000
vt 0.00000 0.00000
vt 1.00000 0.00000
vt 1.00000 1.00000
vt 0.00000 0.00000
vt 1.00000 1.00000
vt 0.00000 1.00000
vt 0.00000 0.00000
vt 1.00000 0.00000
vt 1.00000 1.00000
vt 0.00000 0.00000
vt 1.00000 1.00000
vt 0.00000 1.00000
vt 0.00000 0.00000
vt 1.00000 0.00000
vt 1.00000 1.00000
vt 0.00000 0.00000
vt 1.00000 1.00000
vt 0.00000 1.00000
vt 0.00000 0.00000
vt 1.00000 0.00000
vt 1.00000 1.00000
vt 0.00000 0.00000
vt 1.00000 1.00000
vt 0.00000 1.00000
vt 0.00000 0.00000
vt 1.00000 0.00000
vt 1.00000 1.00000
vt 0.00000 0.00000
vt 1.00000 1.00000
vt 0.00000 1.00000
vt 0.00000 0.00000
vt 1.00000 0.00000
vt 1.00000 1.00000
vt 0.00000 0.00000
vt 1.00000 1.00000
vt 0.00000 1.00000
vt 0.00000 0.00000
vt 1.00000 0.00000
vt 1.00000 1.00000
vt 0.00000 0.00000
vt 1.00000 1.00000
vt 0.00000 1.00000
vt 0.00000 0.00000
vt 1.00000 0.00000
vt 1.00000 1.00000
vt 0.00000 0.00000
vt 1.00000 1.00000
vt 0.00000 1.00000
vt 0.00000 0.00000
vt 1.00000 0.00000
vt 1.00000 1.00000
vt 0.00000 0.00000
vt 1.00000 1.00000
vt 0.00000 1.00000
vt 0.00000 0.00000
vt 1.00000 0.00000
vt 1.00000 1.00000
vt 0.00000 0.00000
vt 1.00000 1.00000
vt 0.00000 1.00000
vt 0.00000 0.00000
vt 1.00000 0.00000
vt 1.00000 1.00000
vt 0.00000 0.00000
vt 1.00000 1.00000
vt 0.00000 1.00000
vt 0.00000 0.00000
vt 1.00000 0.00000
vt 1.00000 1.00000
vt 0.00000 0.00000
vt 1.00000 1.00000
vt 0.00000 1.00000
vt 0.00000 0.00000
vt 1.00000 0.00000
vt 1.00000 1.00000
vt 0.00000 0.00000
vt 1.00000 1.00000
vt 0.00000 1.00000
vt 0.00000 0.00000
vt 1.00000 0.00000
vt 1.00000 1.00000
vt 0.00000 0.00000
vt 1.00000 1.00000
vt 0.00000 1.00000
vt 0.00000 0.00000
vt 1.00000 0.00000
vt 1.00000 1.00000
vt 0.00000 0.00000
vt 1.00000 1.00000
vt 0.00000 1.00000
vt 0.00000 0.00000
vt 1.00000 0.00000
vt 1.00000 1.00000
vt 0.00000 0.00000
vt 1.00000 1.00000
vt 0.00000 1.00000
vt 0.00000 0.00000
vt 1.00000 0.00000
vt 1.00000 1.00000
vt 0.00000 0.00000
vt 1.00000 1.00000
vt 0.00000 1.00000
vt 0.00000 0.00000
vt 1.00000 0.00000
vt 1.00000 1.00000
vt 0.00000 0.00000
vt 1.00000 1.00000
vt 0.00000 1.00000
vt 0.00000 0.00000
vt 1.00000 0.00000
vt 1.00000 1.00000
vt 0.00000 0.00000
vt 1.00000 1.00000
vt 0.00000 1.00000
vt 0.00000 0.00000
vt 1.00000 0.00000
vt 1.00000 1.00000
vt 0.00000 0.00000
vt 1.00000 1.00000
vt 0.00000 1.00000
vt 0.00000 0.00000
vt 1.00000 0.00000
vt 1.00000 1.00000
vt 0.00000 0.00000
vt 1.00000 1.00000
vt 0.00000 1.00000
vt 0.00000 0.00000
vt 1.00000 0.00000
vt 1.00000 1.00000
vt 0.00000 0.00000
vt 1.00000 1.00000
vt 0.00000 1.00000
vt 0.00000 0.00000
vt 1.00000 0.00000
vt 1.00000 1.00000
vt 0.00000 0.00000
vt 1.00000 1.00000
vt 0.00000 1.00000
vt 0.00000 0.00000
vt 1.00000 0.00000
vt 1.00000 1.00000
vt 0.00000 0.00000
vt 1.00000 1.00000
vt 0.00000 1.00000
vt 0.00000 0.00000
vt 1.00000 0.00000
vt 1.00000 1.00000
vt 0.00000 0.00000
vt 1.00000 1.00000
vt 0.00000 1.00000
vt 0.00000 0.00000
vt 1.00000 0.00000
vt 1.00000 1.00000
vt 0.00000 0.00000
vt 1.00000 1.00000
vt 0.00000 1.00000
vt 0.00000 0.00000
vt 1.00000 0.00000
vt 1.00000 1.00000
vt 0.00000 0.00000
vt 1.00000 1.00000
vt 0.00000 1.00000
vt 0.00000 0.00000
vt 1.00000 0.00000
vt 1.00000 1.00000
vt 0.00000 0.00000
vt 1.00000 1.00000
vt 0.00000 1.00000
vt 0.00000 0.00000
vt 1.00000 0.00000
vt 1.00000 1.00000
vt 0.00000 0.00000
vt 1.00000 1.00000
vt 0.00000 1.00000
vt 0.00000 0.00000
vt 1.00000 0.00000
vt 1.00000 1.00000
vt 0.00000 0.00000
vt 1.00000 1.00000
vt 0.00000 1.00000
vt 0.00000 0.00000
vt 1.00000 0.00000
vt 1.00000 1.00000
vt 0.00000 0.00000
vt 1.00000 1.00000
vt 0.00000 1.00000
vt 0.00000 0.00000
vt 1.00000 0.00000
vt 1.00000 1.00000
vt 0.00000 0.00000
vt 1.00000 1.00000
vt 0.00000 1.00000
vt 0.00000 0.00000
vt 1.00000 0.00000
vt 1.00000 1.00000
vt 0.00000 0.00000
vt 1.00000 1.00000
vt 0.00000 1.00000
vt 0.00000 0.00000
vt 1.00000 0.00000
vt 1.00000 1.00000
vt 0.00000 0.00000
vt 1.00000 1.00000
vt 0.00000 1.00000
vt 0.00000 0.00000
vt 1.00000 0.00000
vt 1.00000 1.00000
vt 0.00000 0.00000
vt 1.00000 1.00000
vt 0.00000 1.00000
vt 0.00000 0.00000
vt 1.00000 0.00000
vt 1.00000 1.00000
vt 0.00000 0.00000
vt 1.00000 1.00000
vt 0.00000 1.00000
vt 0.00000 0.00000
vt 1.00000 0.00000
vt 1.00000 1.00000
vt 0.00000 0.00000
vt 1.00000 1.00000
vt 0.00000 1.00000
vt 0.00000 0.00000
vt 1.00000 0.00000
vt 1.00000 1.00000
vt 0.00000 0.00000
vt 1.00000 1.00000
vt 0.00000 1.00000
vt 0.00000 0.00000
vt 1.00000 0.00000
vt 1.00000 1.00000
vt 0.00000 0.00000
vt 1.00000 1.00000
vt 0.00000 1.00000
vt 0.00000 0.00000
vt 1.00000 0.00000
vt 1.00000 1.00000
vt 0.00000 0.00000
vt 1.00000 1.00000
vt 0.00000 1.00000
vt 0.00000 0.00000
vt 1.00000 0.00000
vt 1.00000 1.00000
vt 0.00000 0.00000
vt 1.00000 1.00000
vt 0.00000 1.00000
vt 0.00000 0.00000
vt 1.00000 0.00000
vt 1.00000 1.00000
vt 0.00000 0.00000
vt 1.00000 1.00000
vt 0.00000 1.00000
vt 0.00000 0.00000
vt 1.00000 0.00000
vt 1.00000 1.00000
vt 0.00000 0.00000
vt 1.00000 1.00000
vt 0.00000 1.00000
vt 0.00000 0.00000
vt 1.00000 0.00000
vt 1.00000 1.00000
vt 0.00000 0.00000
vt 1.00000 1.00000
vt 0.00000 1.00000
vt 0.00000 0.00000
vt 1.00000 0.00000
vt 1.00000 1.00000
vt 0.00000 0.00000
vt 1.00000 1.00000
vt 0.00000 1.00000
vt 0.00000 0.00000
vt 1.00000 0.00000
vt 1.00000 1.00000
vt 0.00000 0.00000
vt 1.00000 1.00000
vt 0.00000 1.00000
vt 0.00000 0.00000
vt 1.00000 0.00000
vt 1.00000 1.00000
vt 0.00000 0.00000
vt 1.00000 1.00000
vt 0.00000 1.00000
vt 0.00000 0.00000
vt 1.00000 0.00000
vt 1.00000 1.00000
vt 0.00000 0.00000
vt 1.00000 1.00000
vt 0.00000 1.00000
vt 0.00000 0.00000
vt 1.00000 0.00000
vt 1.00000 1.00000
vt 0.00000 0.00000
vt 1.00000 1.00000
vt 0.00000 1.00000
vt 0.00000 0.00000
vt 1.00000 0.00000
vt 1.00000 1.00000
vt 0.00000 0.00000
vt 1.00000 1.00000
vt 0.00000 1.00000
vt 0.00000 0.00000
vt 1.00000 0.00000
vt 1.00000 1.00000
vt 0.00000 0.00000
vt 1.00000 1.00000
vt 0.00000 1.00000
vt 0.00000 0.00000
vt 1.00000 0.00000
vt 1.00000 1.00000
vt 0.00000 0.00000
vt 1.00000 1.00000
vt 0.00000 1.00000
vt 0.00000 0.00000
vt 1.00000 0.00000
vt 1.00000 1.00000
vt 0.00000 0.00000
vt 1.00000 1.00000
vt 0.00000 1.00000
vt 0.00000 0.00000
vt 1.00000 0.00000
vt 1.00000 1.00000
vt 0.00000 0.00000
vt 1.00000 1.00000
vt 0.00000 1.00000
vt 0.00000 0.00000
vt 1.00000 0.00000
vt 1.00000 1.00000
vt 0.00000 0.00000
vt 1.00000 1.00000
vt 0.00000 1.00000
vt 0.00000 0.00000
vt 1.00000 0.00000
vt 1.00000 1.00000
vt 0.00000 0.00000
vt 1.00000 1.00000
vt 0.00000 1.00000
vt 0.00000 0.00000
vt 1.00000 0.00000
vt 1.00000 1.00000
vt 0.00000 0.00000
vt 1.00000 1.00000
vt 0.00000 1.00000
vt 0.00000 0.00000
vt 1.00000 0.00000
vt 1.00000 1.00000
vt 0.00000 0.00000
vt 1.00000 1.00000
vt 0.00000 1.00000
vt 0.00000 0.00000
vt 1.00000 0.00000
vt 1.00000 1.00000
vt 0.00000 0.00000
vt 1.00000 1.00000
vt 0.00000 1.00000
vt 0.00000 0.00000
vt 1.00000 0.00000
vt 1.00000 1.00000
vt 0.00000 0.00000
vt 1.00000 1.00000
vt 0.00000 1.00000
vt 0.00000 0.00000
vt 1.00000 0.00000
vt 1.00000 1.00000
vt 0.00000 0.00000
vt 1.00000 1.00000
vt 0.00000 1.00000
vt 0.00000 0.00000
vt 1.00000 0.00000
vt 1.00000 1.00000
vt 0.00000 0.00000
vt 1.00000 1.00000
vt 0.00000 1.00000
vt 0.00000 0.00000
vt 1.00000 0.00000
vt 1.00000 1.00000
vt 0.00000 0.00000
vt 1.00000 1.00000
vt 0.00000 1.00000
vt 0.00000 0.00000
vt 1.00000 0.00000
vt 1.00000 1.00000
vt 0.00000 0.00000
vt 1.00000 1.00000
vt 0.00000 1.00000
vt 0.00000 0.00000
vt 1.00000 0.00000
vt 1.00000 1.00000
vt 0.00000 0.00000
vt 1.00000 1.00000
vt 0.00000 1.00000
vt 0.00000 0.00000
vt 1.00000 0.00000
vt 1.00000 1.00000
vt 0.00000 0.00000
vt 1.00000 1.00000
vt 0.00000 1.00000
vt 0.00000 0.00000
vt 1.00000 0.00000
vt 1.00000 1.00000
vt 0.00000 0.00000
vt 1.00000 1.00000
vt 0.00000 1.00000
vt 0.00000 0.00000
vt 1.00000 0.00000
vt 1.00000 1.00000
vt 0.00000 0.00000
vt 1.00000 1.00000
vt 0.00000 1.00000
vt 0.00000 0.00000
vt 1.00000 0.00000
vt 1.00000 1.00000
vt 0.00000 0.00000
vt 1.00000 1.00000
vt 0.00000 1.00000
vt 0.00000 0.00000
vt 1.00000 0.00000
vt 1.00000 1.00000
vt 0.00000 0.00000
vt 1.00000 1.00000
vt 0.00000 1.00000
vt 0.00000 0.00000
vt 1.00000 0.00000
vt 1.00000 1.00000
vt 0.00000 0.00000
vt 1.00000 1.00000
vt 0.00000 1.00000
vt 0.00000 0.00000
vt 1.00000 0.00000
vt 1.00000 1.00000
vt 0.00000 0.00000
vt 1.00000 1.00000
vt 0.00000 1.00000
vt 0.00000 0.00000
vt 1.00000 0.00000
vt 1.00000 1.00000
vt 0.00000 0.00000
vt 1.00000 1.00000
vt 0.00000 1.00000
vt 0.00000 0.00000
vt 1.00000 0.00000
vt 1.00000 1.00000
vt 0.00000 0.00000
vt 1.00000 1.00000
vt 0.00000 1.00000
vt 0.00000 0.00000
vt 1.00000 0.00000
vt 1.00000 1.00000
vt 0.00000 0.00000
vt 1.00000 1.00000
vt 0.00000 1.00000
vt 0.00000 0.00000
vt 1.00000 0.00000
vt 1.00000 1.00000
vt 0.00000 0.00000
vt 1.00000 1.00000
vt 0.00000 1.00000
vt 0.00000 0.00000
vt 1.00000 0.00000
vt 1.00000 1.00000
vt 0.00000 0.00000
vt 1.00000 1.00000
vt 0.00000 1.00000
vt 0.00000 0.00000
vt 1.00000 0.00000
vt 1.00000 1.00000
vt 0.00000 0.00000
vt 1.00000 1.00000
vt 0.00000 1.00000
vt 0.00000 0.00000
vt 1.00000 0.00000
vt 1.00000 1.00000
vt 0.00000 0.00000
vt 1.00000 1.00000
vt 0.00000 1.00000
vt 0.00000 0.00000
vt 1.00000 0.00000
vt 1.00000 1.00000
vt 0.00000 0.00000
vt 1.00000 1.00000
vt 0.00000 1.00000
vt 0.00000 0.00000
vt 1.00000 0.00000
vt 1.00000 1.00000
vt 0.00000 0.00000
vt 1.00000 1.00000
vt 0.00000 1.00000
vt 0.00000 0.00000
vt 1.00000 0.00000
vt 1.00000 1.00000
vt 0.00000 0.00000
vt 1.00000 1.00000
vt 0.00000 1.00000
vt 0.00000 0.00000
vt 1.00000 0.00000
vt 1.00000 1.00000
vt 0.00000 0.00000
vt 1.00000 1.00000
vt 0.00000 1.00000
vt 0.00000 0.00000
vt 1.00000 0.00000
vt 1.00000 1.00000
vt 0.00000 0.00000
vt 1.00000 1.00000
vt 0.00000 1.00000
vt 0.00000 0.00000
vt 1.00000 0.00000
vt 1.00000 1.00000
vt 0.00000 0.00000
vt 1.00000 1.00000
vt 0.00000 1.00000
vt 0.00000 0.00000
vt 1.00000 0.00000
vt 1.00000 1.00000
vt 0.00000 0.00000
vt 1.00000 1.00000
vt 0.00000 1.00000
vt 0.00000 0.00000
vt 1.00000 0.00000
vt 1.00000 1.00000
vt 0.00000 0.00000
vt 1.00000 1.00000
vt 0.00000 1.00000
vt 0.00000 0.00000
vt 1.00000 0.00000
vt 1.00000 1.00000
vt 0.00000 0.00000
vt 1.00000 1.00000
vt 0.00000 1.00000
vt 0.00000 0.00000
vt 1.00000 0.00000
vt 1.00000 1.00000
vt 0.00000 0.00000
vt 1.00000 1.00000
vt 0.00000 1.00000
vt 0.00000 0.00000
vt 1.00000 0.00000
vt 1.00000 1.00000
vt 0.00000 0.00000
vt 1.00000 1.00000
vt 0.00000 1.00000
vt 0.00000 0.00000
vt 1.00000 0.00000
vt 1.00000 1.00000
vt 0.00000 0.00000
vt 1.00000 1.00000
vt 0.00000 1.00000
vt 0.00000 0.00000
vt 1.00000 0.00000
vt 1.00000 1.00000
vt 0.00000 0.00000
vt 1.00000 1.00000
vt 0.00000 1.00000
vt 0.00000 0.00000
vt 1.00000 0.00000
vt 1.00000 1.00000
vt 0.00000 0.00000
vt 1.00000 1.00000
vt 0.00000 1.00000
vt 0.00000 0.00000
vt 1.00000 0.00000
vt 1.00000 1.00000
vt 0.00000 0.00000
vt 1.00000 1.00000
vt 0.00000 1.00000
vt 0.00000 0.00000
vt 1.00000 0.00000
vt 1.00000 1.00000
vt 0.00000 0.00000
vt 1.00000 1.00000
vt 0.00000 1.00000
vt 0.00000 0.00000
vt 1.00000 0.00000
vt 1.00000 1.00000
vt 0.00000 0.00000
vt 1.00000 1.00000
vt 0.00000 1.00000
vt 0.00000 0.00000
vt 1.00000 0.00000
vt 1.00000 1.00000
vt 0.00000 0.00000
vt 1.00000 1.00000
vt 0.00000 1.00000
vt 0.00000 0.00000
vt 1.00000 0.00000
vt 1.00000 1.00000
vt 0.00000 0.00000
vt 1.00000 1.00000
vt 0.00000 1.00000
vt 0.00000 0.00000
vt 1.00000 0.00000
vt 1.00000 1.00000
vt 0.00000 0.00000
vt 1.00000 1.00000
vt 0.00000 1.00000
vt 0.00000 0.00000
vt 1.00000 0.00000
vt 1.00000 1.00000
vt 0.00000 0.00000
vt 1.00000 1.00000
vt 0.00000 1.00000
vt 0.00000 0.00000
vt 1.00000 0.00000
vt 1.00000 1.00000
vt 0.00000 0.00000
vt 1.00000 1.00000
vt 0.00000 1.00000
vt 0.00000 0.00000
vt 1.00000 0.00000
vt 1.00000 1.00000
vt 0.00000 0.00000
vt 1.00000 1.00000
vt 0.00000 1.00000
vt 0.00000 0.00000
vt 1.00000 0.00000
vt 1.00000 1.00000
vt 0.00000 0.00000
vt 1.00000 1.00000
vt 0.00000 1.00000
vt 0.00000 0.00000
vt 1.00000 0.00000
vt 1.00000 1.00000
vt 0.00000 0.00000
vt 1.00000 1.00000
vt 0.00000 1.00000
vt 0.00000 0.00000
vt 1.00000 0.00000
vt 1.00000 1.00000
vt 0.00000 0.00000
vt 1.00000 1.00000
vt 0.00000 1.00000
vt 0.00000 0.00000
vt 1.00000 0.00000
vt 1.00000 1.00000
vt 0.00000 0.00000
vt 1.00000 1.00000
vt 0.00000 1.00000
vt 0.00000 0.00000
vt 1.00000 0.00000
vt 1.00000 1.00000
vt 0.00000 0.00000
vt 1.00000 1.00000
vt 0.00000 1.00000
vt 0.00000 0.00000
vt 1.00000 0.00000
vt 1.00000 1.00000
vt 0.00000 0.00000
vt 1.00000 1.00000
vt 0.00000 1.00000
vt 0.00000 0.00000
vt 1.00000 0.00000
vt 1.00000 1.00000
vt 0.00000 0.00000
vt 1.00000 1.00000
vt 0.00000 1.00000
vt 0.00000 0.00000
vt 1.00000 0.00000
vt 1.00000 1.00000
vt 0.00000 0.00000
vt 1.00000 1.00000
vt 0.00000 1.00000
vt 0.00000 0.00000
vt 1.00000 0.00000
vt 1.00000 1.00000
vt 0.00000 0.00000
vt 1.00000 1.00000
vt 0.00000 1.00000
vt 0.00000 0.00000
vt 1.00000 0.00000
vt 1.00000 1.00000
vt 0.00000 0.00000
vt 1.00000 1.00000
vt 0.00000 1.00000
vt 0.00000 0.00000
vt 1.00000 0.00000
vt 1.00000 1.00000
vt 0.00000 0.00000
vt 1.00000 1.00000
vt 0.00000 1.00000
vt 0.00000 0.00000
vt 1.00000 0.00000
vt 1.00000 1.00000
vt 0.00000 0.00000
vt 1.00000 1.00000
vt 0.00000 1.00000
vt 0.00000 0.00000
vt 1.00000 0.00000
vt 1.00000 1.00000
vt 0.00000 0.00000
vt 1.00000 1.00000
vt 0.00000 1.00000
vt 0.00000 0.00000
vt 1.00000 0.00000
vt 1.00000 1.00000
vt 0.00000 0.00000
vt 1.00000 1.00000
vt 0.00000 1.00000
vt 0.00000 0.00000
vt 1.00000 0.00000
vt 1.00000 1.00000
vt 0.00000 0.00000
vt 1.00000 1.00000
vt 0.00000 1.00000
vt 0.00000 0.00000
vt 1.00000 0.00000
vt 1.00000 1.00000
vt 0.00000 0.00000
vt 1.00000 1.00000
vt 0.00000 1.00000
vt 0.00000 0.00000
vt 1.00000 0.00000
vt 1.00000 1.00000
vt 0.00000 0.00000
vt 1.00000 1.00000
vt 0.00000 1.00000
vt 0.00000 0.00000
vt 1.00000 0.00000
vt 1.00000 1.00000
vt 0.00000 0.00000
vt 1.00000 1.00000
vt 0.00000 1.00000
vt 0.00000 0.00000
vt 1.00000 0.00000
vt 1.00000 1.00000
vt 0.00000 0.00000
vt 1.00000 1.00000
vt 0.00000 1.00000
vt 0.00000 0.00000
vt 1.00000 0.00000
vt 1.00000 1.00000
vt 0.00000 0.00000
vt 1.00000 1.00000
vt 0.00000 1.00000
vt 0.00000 0.00000
vt 1.00000 0.00000
vt 1.00000 1.00000
vt 0.00000 0.00000
vt 1.00000 1.00000
vt 0.00000 1.00000
vt 0.00000 0.00000
vt 1.00000 0.00000
vt 1.00000 1.00000
vt 0.00000 0.00000
vt 1.00000 1.00000
vt 0.00000 1.00000
vt 0.00000 0.00000
vt 1.00000 0.00000
vt 1.00000 1.00000
vt 0.00000 0.00000
vt 1.00000 1.00000
vt 0.00000 1.00000
vt 0.00000 0.00000
vt 1.00000 0.00000
vt 1.00000 1.00000
vt 0.00000 0.00000
vt 1.00000 1.00000
vt 0.00000 1.00000
vt 0.00000 0.00000
vt 1.00000 0.00000
vt 1.00000 1.00000
vt 0.00000 0.00000
vt 1.00000 1.00000
vt 0.00000 1.00000
vt 0.00000 0.00000
vt 1.00000 0.00000
vt 1.00000 1.00000
vt 0.00000 0.00000
vt 1.00000 1.00000
vt 0.00000 1.00000
vt 0.00000 0.00000
vt 1.00000 0.00000
vt 1.00000 1.00000
vt 0.00000 0.00000
vt 1.00000 1.00000
vt 0.00000 1.00000
vt 0.00000 0.00000
vt 1.00000 0.00000
vt 1.00000 1.00000
vt 0.00000 0.00000
vt 1.00000 1.00000
vt 0.00000 1.00000
vt 0.00000 0.00000
vt 1.00000 0.00000
vt 1.00000 1.00000
vt 0.00000 0.00000
vt 1.00000 1.00000
vt 0.00000 1.00000
vt 0.00000 0.00000
vt 1.00000 0.00000
vt 1.00000 1.00000
vt 0.00000 0.00000
vt 1.00000 1.00000
vt 0.00000 1.00000
vt 0.00000 0.00000
vt 1.00000 0.00000
vt 1.00000 1.00000
vt 0.00000 0.00000
vt 1.00000 1.00000
vt 0.00000 1.00000
vt 0.00000 0.00000
vt 1.00000 0.00000
vt 1.00000 1.00000
vt 0.00000 0.00000
vt 1.00000 1.00000
vt 0.00000 1.00000
vt 0.00000 0.00000
vt 1.00000 0.00000
vt 1.00000 1.00000
vt 0.00000 0.00000
vt 1.00000 1.00000
vt 0.00000 1.00000
vt 0.00000 0.00000
vt 1.00000 0.00000
vt 1.00000 1.00000
vt 0.00000 0.00000
vt 1.00000 1.00000
vt 0.00000 1.00000
vt 0.00000 0.00000
vt 1.00000 0.00000
vt 1.00000 1.00000
vt 0.00000 0.00000
vt 1.00000 1.00000
vt 0.00000 1.00000
vt 0.00000 0.00000
vt 1.00000 0.00000
vt 1.00000 1.00000
vt 0.00000 0.00000
vt 1.00000 1.00000
vt 0.00000 1.00000
vt 0.00000 0.00000
vt 1.00000 0.00000
vt 1.00000 1.00000
vt 0.00000 0.00000
vt 1.00000 1.00000
vt 0.00000 1.00000
vt 0.00000 0.00000
vt 1.00000 0.00000
vt 1.00000 1.00000
vt 0.00000 0.00000
vt 1.00000 1.00000
vt 0.00000 1.00000
vt 0.00000 0.00000
vt 1.00000 0.00000
vt 1.00000 1.00000
vt 0.00000 0.00000
vt 1.00000 1.00000
vt 0.00000 1.00000
vt 0.00000 0.00000
vt 1.00000 0.00000
vt 1.00000 1.00000
vt 0.00000 0.00000
vt 1.00000 1.00000
vt 0.00000 1.00000
vt 0.00000 0.00000
vt 1.00000 0.00000
vt 1.00000 1.00000
vt 0.00000 0.00000
vt 1.00000 1.00000
vt 0.00000 1.00000
vt 0.00000 0.00000
vt 1.00000 0.00000
vt 1.00000 1.00000
vt 0.00000 0.00000
vt 1.00000 1.00000
vt 0.00000 1.00000
vt 0.00000 0.00000
vt 1.00000 0.00000
vt 1.00000 1.00000
vt 0.00000 0.00000
vt 1.00000 1.00000
vt 0.00000 1.00000
vt 0.00000 0.00000
vt 1.00000 0.00000
vt 1.00000 1.00000
vt 0.00000 0.00000
vt 1.00000 1.00000
vt 0.00000 1.00000
vt 0.00000 0.00000
vt 1.00000 0.00000
vt 1.00000 1.00000
vt 0.00000 0.00000
vt 1.00000 1.00000
vt 0.00000 1.00000
vt 0.00000 0.00000
vt 1.00000 0.00000
vt 1.00000 1.00000
vt 0.00000 0.00000
vt 1.00000 1.00000
vt 0.00000 1.00000
vt 0.00000 0.00000
vt 1.00000 0.00000
vt 1.00000 1.00000
vt 0.00000 0.00000
vt 1.00000 1.00000
vt 0.00000 1.00000
vt 0.00000 0.00000
vt 1.00000 0.00000
vt 1.00000 1.00000
vt 0.00000 0.00000
vt 1.00000 1.00000
vt 0.00000 1.00000
vt 0.00000 0.00000
vt 1.00000 0.00000
vt 1.00000 1.00000
vt 0.00000 0.00000
vt 1.00000 1.00000
vt 0.00000 1.00000
vt 0.00000 0.00000
vt 1.00000 0.00000
vt 1.00000 1.00000
vt 0.00000 0.00000
vt 1.00000 1.00000
vt 0.00000 1.00000
vt 0.00000 0.00000
vt 1.00000 0.00000
vt 1.00000 1.00000
vt 0.00000 0.00000
vt 1.00000 1.00000
vt 0.00000 1.00000
vt 0.00000 0.00000
vt 1.00000 0.00000
vt 1.00000 1.00000
vt 0.00000 0.00000
vt 1.00000 1.00000
vt 0.00000 1.00000
vt 0.00000 0.00000
vt 1.00000 0.00000
vt 1.00000 1.00000
vt 0.00000 0.00000
vt 1.00000 1.00000
vt 0.00000 1.00000
vt 0.00000 0.00000
vt 1.00000 0.00000
vt 1.00000 1.00000
vt 0.00000 0.00000
vt 1.00000 1.00000
vt 0.00000 1.00000
vt 0.00000 0.00000
vt 1.00000 0.00000
vt 1.00000 1.00000
vt 0.00000 0.00000
vt 1.00000 1.00000
vt 0.00000 1.00000
vt 0.00000 0.00000
vt 1.00000 0.00000
vt 1.00000 1.00000
vt 0.00000 0.00000
vt 1.00000 1.00000
vt 0.00000 1.00000
vt 0.00000 0.00000
vt 1.00000 0.00000
vt 1.00000 1.00000
vt 0.00000 0.00000
vt 1.00000 1.00000
vt 0.00000 1.00000
vt 0.00000 0.00000
vt 1.00000 0.00000
vt 1.00000 1.00000
vt 0.00000 0.00000
vt 1.00000 1.00000
vt 0.00000 1.00000
vt 0.00000 0.00000
vt 1.00000 0.00000
vt 1.00000 1.00000
vt 0.00000 0.00000
vt 1.00000 1.00000
vt 0.00000 1.00000
vt 0.00000 0.00000
vt 1.00000 0.00000
vt 1.00000 1.00000
vt 0.00000 0.00000
vt 1.00000 1.00000
vt 0.00000 1.00000
vt 0.00000 0.00000
vt 1.00000 0.00000
vt 1.00000 1.00000
vt 0.00000 0.00000
vt 1.00000 1.00000
vt 0.00000 1.00000
vt 0.00000 0.00000
vt 1.00000 0.00000
vt 1.00000 1.00000
vt 0.00000 0.00000
vt 1.00000 1.00000
vt 0.00000 1.00000
vt 0.00000 0.00000
vt 1.00000 0.00000
vt 1.00000 1.00000
vt 0.00000 0.00000
vt 1.00000 1.00000
vt 0.00000 1.00000
vt 0.00000 0.00000
vt 1.00000 0.00000
vt 1.00000 1.00000
vt 0.00000 0.00000
vt 1.00000 1.00000
vt 0.00000 1.00000
vt 0.00000 0.00000
vt 1.00000 0.00000
vt 1.00000 1.00000
vt 0.00000 0.00000
vt 1.00000 1.00000
vt 0.00000 1.00000
vt 0.00000 0.00000
vt 1.00000 0.00000
vt 1.00000 1.00000
vt 0.00000 0.00000
vt 1.00000 1.00000
vt 0.00000 1.00000
vt 0.00000 0.00000
vt 1.00000 0.00000
vt 1.00000 1.00000
vt 0.00000 0.00000
vt 1.00000 1.00000
vt 0.00000 1.00000
vt 0.00000 0.00000
vt 1.00000 0.00000
vt 1.00000 1.00000
vt 0.00000 0.00000
vt 1.00000 1.00000
vt 0.00000 1.00000
vt 0.00000 0.00000
vt 1.00000 0.00000
vt 1.00000 1.00000
vt 0.00000 0.00000
vt 1.00000 1.00000
vt 0.00000 1.00000
vt 0.00000 0.00000
vt 1.00000 0.00000
vt 1.00000 1.00000
vt 0.00000 0.00000
vt 1.00000 1.00000
vt 0.00000 1.00000
vt 0.00000 0.00000
vt 1.00000 0.00000
vt 1.00000 1.00000
vt 0.00000 0.00000
vt 1.00000 1.00000
vt 0.00000 1.00000
vt 0.00000 0.00000
vt 1.00000 0.00000
vt 1.00000 1.00000
vt 0.00000 0.00000
vt 1.00000 1.00000
vt 0.00000 1.00000
vt 0.00000 0.00000
vt 1.00000 0.00000
vt 1.00000 1.00000
vt 0.00000 0.00000
vt 1.00000 1.00000
vt 0.00000 1.00000
vt 0.00000 0.00000
vt 1.00000 0.00000
vt 1.00000 1.00000
vt 0.00000 0.00000
vt 1.00000 1.00000
vt 0.00000 1.00000
vt 0.00000 0.00000
vt 1.00000 0.00000
vt 1.00000 1.00000
vt 0.00000 0.00000
vt 1.00000 1.00000
vt 0.00000 1.00000
vt 0.00000 0.00000
vt 1.00000 0.00000
vt 1.00000 1.00000
vt 0.00000 0.00000
vt 1.00000 1.00000
vt 0.00000 1.00000
vt 0.00000 0.00000
vt 1.00000 0.00000
vt 1.00000 1.00000
vt 0.00000 0.00000
vt 1.00000 1.00000
vt 0.00000 1.00000
vt 0.00000 0.00000
vt 1.00000 0.00000
vt 1.00000 1.00000
vt 0.00000 0.00000
vt 1.00000 1.00000
vt 0.00000 1.00000
vt 0.00000 0.00000
vt 1.00000 0.00000
vt 1.00000 1.00000
vt 0.00000 0.00000
vt 1.00000 1.00000
vt 0.00000 1.00000
vt 0.00000 0.00000
vt 1.00000 0.00000
vt 1.00000 1.00000
vt 0.00000 0.00000
vt 1.00000 1.00000
vt 0.00000 1.00000
vt 0.00000 0.00000
vt 1.00000 0.00000
vt 1.00000 1.00000
vt 0.00000 0.00000
vt 1.00000 1.00000
vt 0.00000 1.00000
vt 0.00000 0.00000
vt 1.00000 0.00000
vt 1.00000 1.00000
vt 0.00000 0.00000
vt 1.00000 1.00000
vt 0.00000 1.00000
vt 0.00000 0.00000
vt 1.00000 0.00000
vt 1.00000 1.00000
vt 0.00000 0.00000
vt 1.00000 1.00000
vt 0.00000 1.00000
vt 0.00000 0.00000
vt 1.00000 0.00000
vt 1.00000 1.00000
vt 0.00000 0.00000
vt 1.00000 1.00000
vt 0.00000 1.00000
vt 0.00000 0.00000
vt 1.00000 0.00000
vt 1.00000 1.00000
vt 0.00000 0.00000
vt 1.00000 1.00000
vt 0.00000 1.00000
vt 0.00000 0.00000
vt 1.00000 0.00000
vt 1.00000 1.00000
vt 0.00000 0.00000
vt 1.00000 1.00000
vt 0.00000 1.00000
vt 0.00000 0.00000
vt 1.00000 0.00000
vt 1.00000 1.00000
vt 0.00000 0.00000
vt 1.00000 1.00000
vt 0.00000 1.00000
vt 0.00000 0.00000
vt 1.00000 0.00000
vt 1.00000 1.00000
vt 0.00000 0.00000
vt 1.00000 1.00000
vt 0.00000 1.00000
vt 0.00000 0.00000
vt 1.00000 0.00000
vt 1.00000 1.00000
vt 0.00000 0.00000
vt 1.00000 1.00000
vt 0.00000 1.00000
vt 0.00000 0.00000
vt 1.00000 0.00000
vt 1.00000 1.00000
vt 0.00000 0.00000
vt 1.00000 1.00000
vt 0.00000 1.00000
vt 0.00000 0.00000
vt 1.00000 0.00000
vt 1.00000 1.00000
vt 0.00000 0.00000
vt 1.00000 1.00000
vt 0.00000 1.00000
vt 0.00000 0.00000
vt 1.00000 0.00000
vt 1.00000 1.00000
vt 0.00000 0.00000
vt 1.00000 1.00000
vt 0.00000 1.00000
vt 0.00000 0.00000
vt 1.00000 0.00000
vt 1.00000 1.00000
vt 0.00000 0.00000
vt 1.00000 1.00000
vt 0.00000 1.00000
vt 0.00000 0.00000
vt 1.00000 0.00000
vt 1.00000 1.00000
vt 0.00000 0.00000
vt 1.00000 1.00000
vt 0.00000 1.00000
vt 0.00000 0.00000
vt 1.00000 0.00000
vt 1.00000 1.00000
vt 0.00000 0.00000
vt 1.00000 1.00000
vt 0.00000 1.00000
vt 0.00000 0.00000
vt 1.00000 0.00000
vt 1.00000 1.00000
vt 0.00000 0.00000
vt 1.00000 1.00000
vt 0.00000 1.00000
vt 0.00000 0.00000
vt 1.00000 0.00000
vt 1.00000 1.00000
vt 0.00000 0.00000
vt 1.00000 1.00000
vt 0.00000 1.00000
vt 0.00000 0.00000
vt 1.00000 0.00000
vt 1.00000 1.00000
vt 0.00000 0.00000
vt 1.00000 1.00000
vt 0.00000 1.00000
vt 0.00000 0.00000
vt 1.00000 0.00000
vt 1.00000 1.00000
vt 0.00000 0.00000
vt 1.00000 1.00000
vt 0.00000 1.00000
vt 0.00000 0.00000
vt 1.00000 0.00000
vt 1.00000 1.00000
vt 0.00000 0.00000
vt 1.00000 1.00000
vt 0.00000 1.00000
vt 0.00000 0.00000
vt 1.00000 0.00000
vt 1.00000 1.00000
vt 0.00000 0.00000
vt 1.00000 1.00000
vt 0.00000 1.00000
vt 0.00000 0.00000
vt 1.00000 0.00000
vt 1.00000 1.00000
vt 0.00000 0.00000
vt 1.00000 1.00000
vt 0.00000 1.00000
vt 0.00000 0.00000
vt 1.00000 0.00000
vt 1.00000 1.00000
vt 0.00000 0.00000
vt 1.00000 1.00000
vt 0.00000 1.00000
vt 0.00000 0.00000
vt 1.00000 0.00000
vt 1.00000 1.00000
vt 0.00000 0.00000
vt 1.00000 1.00000
vt 0.00000 1.00000
vt 0.00000 0.00000
vt 1.00000 0.00000
vt 1.00000 1.00000
vt 0.00000 0.00000
vt 1.00000 1.00000
vt 0.00000 1.00000
vt 0.00000 0.00000
vt 1.00000 0.00000
vt 1.00000 1.00000
vt 0.00000 0.00000
vt 1.00000 1.00000
vt 0.00000 1.00000
vt 0.00000 0.00000
vt 1.00000 0.00000
vt 1.00000 1.00000
vt 0.00000 0.00000
vt 1.00000 1.00000
vt 0.00000 1.00000
vt 0.00000 0.00000
vt 1.00000 0.00000
vt 1.00000 1.00000
vt 0.00000 0.00000
vt 1.00000 1.00000
vt 0.00000 1.00000
vt 0.00000 0.00000
vt 1.00000 0.00000
vt 1.00000 1.00000
vt 0.00000 0.00000
vt 1.00000 1.00000
vt 0.00000 1.00000
vt 0.00000 0.00000
vt 1.00000 0.00000
vt 1.00000 1.00000
vt 0.00000 0.00000
vt 1.00000 1.00000
vt 0.00000 1.00000
vt 0.00000 0.00000
vt 1.00000 0.00000
vt 1.00000 1.00000
vt 0.00000 0.00000
vt 1.00000 1.00000
vt 0.00000 1.00000
vt 0.00000 0.00000
vt 1.00000 0.00000
vt 1.00000 1.00000
vt 0.00000 0.00000
vt 1.00000 1.00000
vt 0.00000 1.00000
vt 0.00000 0.00000
vt 1.00000 0.00000
vt 1.00000 1.00000
vt 0.00000 0.00000
vt 1.00000 1.00000
vt 0.00000 1.00000
vt 0.00000 0.00000
vt 1.00000 0.00000
vt 1.00000 1.00000
vt 0.00000 0.00000
vt 1.00000 1.00000
vt 0.00000 1.00000
vt 0.00000 0.00000
vt 1.00000 0.00000
vt 1.00000 1.00000
vt 0.00000 0.00000
vt 1.00000 1.00000
vt 0.00000 1.00000
vt 0.00000 0.00000
vt 1.00000 0.00000
vt 1.00000 1.00000
vt 0.00000 0.00000
vt 1.00000 1.00000
vt 0.00000 1.00000
vt 0.00000 0.00000
vt 1.00000 0.00000
vt 1.00000 1.00000
vt 0.00000 0.00000
vt 1.00000 1.00000
vt 0.00000 1.00000
vt 0.00000 0.00000
vt 1.00000 0.00000
vt 1.00000 1.00000
vt 0.00000 0.00000
vt 1.00000 1.00000
vt 0.00000 1.00000
vt 0.00000 0.00000
vt 1.00000 0.00000
vt 1.00000 1.00000
vt 0.00000 0.00000
vt 1.00000 1.00000
vt 0.00000 1.00000
vt 0.00000 0.00000
vt 1.00000 0.00000
vt 1.00000 1.00000
vt 0.00000 0.00000
vt 1.00000 1.00000
vt 0.00000 1.00000
vt 0.00000 0.00000
vt 1.00000 0.00000
vt 1.00000 1.00000
vt 0.00000 0.00000
vt 1.00000 1.00000
vt 0.00000 1.00000
vt 0.00000 0.00000
vt 1.00000 0.00000
vt 1.00000 1.00000
vt 0.00000 0.00000
vt 1.00000 1.00000
vt 0.00000 1.00000
vt 0.00000 0.00000
vt 1.00000 0.00000
vt 1.00000 1.00000
vt 0.00000 0.00000
vt 1.00000 1.00000
vt 0.00000 1.00000
vt 0.00000 0.00000
vt 1.00000 0.00000
vt 1.00000 1.00000
vt 0.00000 0.00000
vt 1.00000 1.00000
vt 0.00000 1.00000
vt 0.00000 0.00000
vt 1.00000 0.00000
vt 1.00000 1.00000
vt 0.00000 0.00000
vt 1.00000 1.00000
vt 0.00000 1.00000
vt 0.00000 0.00000
vt 1.00000 0.00000
vt 1.00000 1.00000
vt 0.00000 0.00000
vt 1.00000 1.00000
vt 0.00000 1.00000
vt 0.00000 0.00000
vt 1.00000 0.00000
vt 1.00000 1.00000
vt 0.00000 0.00000
vt 1.00000 1.00000
vt 0.00000 1.00000
vt 0.00000 0.00000
vt 1.00000 0.00000
vt 1.00000 1.00000
vt 0.00000 0.00000
vt 1.00000 1.00000
vt 0.00000 1.00000
vt 0.00000 0.00000
vt 1.00000 0.00000
vt 1.00000 1.00000
vt 0.00000 0.00000
vt 1.00000 1.00000
vt 0.00000 1.00000
vt 0.00000 0.00000
vt 1.00000 0.00000
vt 1.00000 1.00000
vt 0.00000 0.00000
vt 1.00000 1.00000
vt 0.00000 1.00000
vt 0.00000 0.00000
vt 1.00000 0.00000
vt 1.00000 1.00000
vt 0.00000 0.00000
vt 1.00000 1.00000
vt 0.00000 1.00000
vt 0.00000 0.00000
vt 1.00000 0.00000
vt 1.00000 1.00000
vt 0.00000 0.00000
vt 1.00000 1.00000
vt 0.00000 1.00000
vt 0.00000 0.00000
vt 1.00000 0.00000
vt 1.00000 1.00000
vt 0.00000 0.00000
vt 1.00000 1.00000
vt 0.00000 1.00000
vt 0.00000 0.00000
vt 1.00000 0.00000
vt 1.00000 1.00000
vt 0.00000 0.00000
vt 1.00000 1.00000
vt 0.00000 1.00000
vt 0.00000 0.00000
vt 1.00000 0.00000
vt 1.00000 1.00000
vt 0.00000 0.00000
vt 1.00000 1.00000
vt 0.00000 1.00000
vt 0.00000 0.00000
vt 1.00000 0.00000
vt 1.00000 1.00000
vt 0.00000 0.00000
vt 1.00000 1.00000
vt 0.00000 1.00000
vt 0.00000 0.00000
vt 1.00000 0.00000
vt 1.00000 1.00000
vt 0.00000 0.00000
vt 1.00000 1.00000
vt 0.00000 1.00000
vt 0.00000 0.00000
vt 1.00000 0.00000
vt 1.00000 1.00000
vt 0.00000 0.00000
vt 1.00000 1.00000
vt 0.00000 1.00000
vt 0.00000 0.00000
vt 1.00000 0.00000
vt 1.00000 1.00000
vt 0.00000 0.00000
vt 1.00000 1.00000
vt 0.00000 1.00000
vt 0.00000 0.00000
vt 1.00000 0.00000
vt 1.00000 1.00000
vt 0.00000 0.00000
vt 1.00000 1.00000
vt 0.00000 1.00000
vt 0.00000 0.00000
vt 1.00000 0.00000
vt 1.00000 1.00000
vt 0.00000 0.00000
vt 1.00000 1.00000
vt 0.00000 1.00000
vt 0.00000 0.00000
vt 1.00000 0.00000
vt 1.00000 1.00000
vt 0.00000 0.00000
vt 1.00000 1.00000
vt 0.00000 1.00000
vt 0.00000 0.00000
vt 1.00000 0.00000
vt 1.00000 1.00000
vt 0.00000 0.00000
vt 1.00000 1.00000
vt 0.00000 1.00000
vt 0.00000 0.00000
vt 1.00000 0.00000
vt 1.00000 1.00000
vt 0.00000 0.00000
vt 1.00000 1.00000
vt 0.00000 1.00000
vt 0.00000 0.00000
vt 1.00000 0.00000
vt 1.00000 1.00000
vt 0.00000 0.00000
vt 1.00000 1.00000
vt 0.00000 1.00000
vt 0.00000 0.00000
vt 1.00000 0.00000
vt 1.00000 1.00000
vt 0.00000 0.00000
vt 1.00000 1.00000
vt 0.00000 1.00000
vt 0.00000 0.00000
vt 1.00000 0.00000
vt 1.00000 1.00000
vt 0.00000 0.00000
vt 1.00000 1.00000
vt 0.00000 1.00000
vt 0.00000 0.00000
vt 1.00000 0.00000
vt 1.00000 1.00000
vt 0.00000 0.00000
vt 1.00000 1.00000
vt 0.00000 1.00000
vt 0.00000 0.00000
vt 1.00000 0.00000
vt 1.00000 1.00000
vt 0.00000 0.00000
vt 1.00000 1.00000
vt 0.00000 1.00000
vt 0.00000 0.00000
vt 1.00000 0.00000
vt 1.00000 1.00000
vt 0.00000 0.00000
vt 1.00000 1.00000
vt 0.00000 1.00000
vt 0.00000 0.00000
vt 1.00000 0.00000
vt 1.00000 1.00000
vt 0.00000 0.00000
vt 1.00000 1.00000
vt 0.00000 1.00000
vt 0.00000 0.00000
vt 1.00000 0.00000
vt 1.00000 1.00000
vt 0.00000 0.00000
vt 1.00000 1.00000
vt 0.00000 1.00000
vt 0.00000 0.00000
vt 1.00000 0.00000
vt 1.00000 1.00000
vt 0.00000 0.00000
vt 1.00000 1.00000
vt 0.00000 1.00000
vt 0.00000 0.00000
vt 1.00000 0.00000
vt 1.00000 1.00000
vt 0.00000 0.00000
vt 1.00000 1.00000
vt 0.00000 1.00000
vt 0.00000 0.00000
vt 1.00000 0.00000
vt 1.00000 1.00000
vt 0.00000 0.00000
vt 1.00000 1.00000
vt 0.00000 1.00000
vt 0.00000 0.00000
vt 1.00000 0.00000
vt 1.00000 1.00000
vt 0.00000 0.00000
vt 1.00000 1.00000
vt 0.00000 1.00000
vt 0.00000 0.00000
vt 1.00000 0.00000
vt 1.00000 1.00000
vt 0.00000 0.00000
vt 1.00000 1.00000
vt 0.00000 1.00000
vt 0.00000 0.00000
vt 1.00000 0.00000
vt 1.00000 1.00000
vt 0.00000 0.00000
vt 1.00000 1.00000
vt 0.00000 1.00000
vt 0.00000 0.00000
vt 1.00000 0.00000
vt 1.00000 1.00000
vt 0.00000 0.00000
vt 1.00000 1.00000
vt 0.00000 1.00000
vt 0.00000 0.00000
vt 1.00000 0.00000
vt 1.00000 1.00000
vt 0.00000 0.00000
vt 1.00000 1.00000
vt 0.00000 1.00000
vt 0.00000 0.00000
vt 1.00000 0.00000
vt 1.00000 1.00000
vt 0.00000 0.00000
vt 1.00000 1.00000
vt 0.00000 1.00000
vt 0.00000 0.00000
vt 1.00000 0.00000
vt 1.00000 1.00000
vt 0.00000 0.00000
vt 1.00000 1.00000
vt 0.00000 1.00000
vt 0.00000 0.00000
vt 1.00000 0.00000
vt 1.00000 1.00000
vt 0.00000 0.00000
vt 1.00000 1.00000
vt 0.00000 1.00000
vt 0.00000 0.00000
vt 1.00000 0.00000
vt 1.00000 1.00000
vt 0.00000 0.00000
vt 1.00000 1.00000
vt 0.00000 1.00000
vt 0.00000 0.00000
vt 1.00000 0.00000
vt 1.00000 1.00000
vt 0.00000 0.00000
vt 1.00000 1.00000
vt 0.00000 1.00000
vt 0.00000 0.00000
vt 1.00000 0.00000
vt 1.00000 1.00000
vt 0.00000 0.00000
vt 1.00000 1.00000
vt 0.00000 1.00000
vt 0.00000 0.00000
vt 1.00000 0.00000
vt 1.00000 1.00000
vt 0.00000 0.00000
vt 1.00000 1.00000
vt 0.00000 1.00000
vt 0.00000 0.00000
vt 1.00000 0.00000
vt 1.00000 1.00000
vt 0.00000 0.00000
vt 1.00000 1.00000
vt 0.00000 1.00000
vt 0.00000 0.00000
vt 1.00000 0.00000
vt 1.00000 1.00000
vt 0.00000 0.00000
vt 1.00000 1.00000
vt 0.00000 1.00000
vt 0.00000 0.00000
vt 1.00000 0.00000
vt 1.00000 1.00000
vt 0.00000 0.00000
vt 1.00000 1.00000
vt 0.00000 1.00000
vt 0.00000 0.00000
vt 1.00000 0.00000
vt 1.00000 1.00000
vt 0.00000 0.00000
vt 1.00000 1.00000
vt 0.00000 1.00000
vt 0.00000 0.00000
vt 1.00000 0.00000
vt 1.00000 1.00000
vt 0.00000 0.00000
vt 1.00000 1.00000
vt 0.00000 1.00000
vt 0.00000 0.00000
vt 1.00000 0.00000
vt 1.00000 1.00000
vt 0.00000 0.00000
vt 1.00000 1.00000
vt 0.00000 1.00000
vt 0.00000 0.00000
vt 1.00000 0.00000
vt 1.00000 1.00000
vt 0.00000 0.00000
vt 1.00000 1.00000
vt 0.00000 1.00000
vt 0.00000 0.00000
vt 1.00000 0.00000
vt 1.00000 1.00000
vt 0.00000 0.00000
vt 1.00000 1.00000
vt 0.00000 1.00000
vt 0.00000 0.00000
vt 1.00000 0.00000
vt 1.00000 1.00000
vt 0.00000 0.00000
vt 1.00000 1.00000
vt 0.00000 1.00000
vt 0.00000 0.00000
vt 1.00000 0.00000
vt 1.00000 1.00000
vt 0.00000 0.00000
vt 1.00000 1.00000
vt 0.00000 1.00000
vt 0.00000 0.00000
vt 1.00000 0.00000
vt 1.00000 1.00000
vt 0.00000 0.00000
vt 1.00000 1.00000
vt 0.00000 1.00000
vt 0.00000 0.00000
vt 1.00000 0.00000
vt 1.00000 1.00000
vt 0.00000 0.00000
vt 1.00000 1.00000
vt 0.00000 1.00000
vt 0.00000 0.00000
vt 1.00000 0.00000
vt 1.00000 1.00000
vt 0.00000 0.00000
vt 1.00000 1.00000
vt 0.00000 1.00000
vt 0.00000 0.00000
vt 1.00000 0.00000
vt 1.00000 1.00000
vt 0.00000 0.00000
vt 1.00000 1.00000
vt 0.00000 1.00000
vt 0.00000 0.00000
vt 1.00000 0.00000
vt 1.00000 1.00000
vt 0.00000 0.00000
vt 1.00000 1.00000
vt 0.00000 1.00000
vt 0.00000 0.00000
vt 1.00000 0.00000
vt 1.00000 1.00000
vt 0.00000 0.00000
vt 1.00000 1.00000
vt 0.00000 1.00000
vt 0.00000 0.00000
vt 1.00000 0.00000
vt 1.00000 1.00000
vt 0.00000 0.00000
vt 1.00000 1.00000
vt 0.00000 1.00000
vt 0.00000 0.00000
vt 1.00000 0.00000
vt 1.00000 1.00000
vt 0.00000 0.00000
vt 1.00000 1.00000
vt 0.00000 1.00000
vt 0.00000 0.00000
vt 1.00000 0.00000
vt 1.00000 1.00000
vt 0.00000 0.00000
vt 1.00000 1.00000
vt 0.00000 1.00000
vt 0.00000 0.00000
vt 1.00000 0.00000
vt 1.00000 1.00000
vt 0.00000 0.00000
vt 1.00000 1.00000
vt 0.00000 1.00000
vt 0.00000 0.00000
vt 1.00000 0.00000
vt 1.00000 1.00000
vt 0.00000 0.00000
vt 1.00000 1.00000
vt 0.00000 1.00000
vt 0.00000 0.00000
vt 1.00000 0.00000
vt 1.00000 1.00000
vt 0.00000 0.00000
vt 1.00000 1.00000
vt 0.00000 1.00000
vt 0.00000 0.00000
vt 1.00000 0.00000
vt 1.00000 1.00000
vt 0.00000 0.00000
vt 1.00000 1.00000
vt 0.00000 1.00000
vt 0.00000 0.00000
vt 1.00000 0.00000
vt 1.00000 1.00000
vt 0.00000 0.00000
vt 1.00000 1.00000
vt 0.00000 1.00000
vt 0.00000 0.00000
vt 1.00000 0.00000
vt 1.00000 1.00000
vt 0.00000 0.00000
vt 1.00000 1.00000
vt 0.00000 1.00000
vt 0.00000 0.00000
vt 1.00000 0.00000
vt 1.00000 1.00000
vt 0.00000 0.00000
vt 1.00000 1.00000
vt 0.00000 1.00000
vt 0.00000 0.00000
vt 1.00000 0.00000
vt 1.00000 1.00000
vt 0.00000 0.00000
vt 1.00000 1.00000
vt 0.00000 1.00000
vt 0.00000 0.00000
vt 1.00000 0.00000
vt 1.00000 1.00000
vt 0.00000 0.00000
vt 1.00000 1.00000
vt 0.00000 1.00000
vt 0.00000 0.00000
vt 1.00000 0.00000
vt 1.00000 1.00000
vt 0.00000 0.00000
vt 1.00000 1.00000
vt 0.00000 1.00000
vt 0.00000 0.00000
vt 1.00000 0.00000
vt 1.00000 1.00000
vt 0.00000 0.00000
vt 1.00000 1.00000
vt 0.00000 1.00000
vt 0.00000 0.00000
vt 1.00000 0.00000
vt 1.00000 1.00000
vt 0.00000 0.00000
vt 1.00000 1.00000
vt 0.00000 1.00000
vt 0.00000 0.00000
vt 1.00000 0.00000
vt 1.00000 1.00000
vt 0.00000 0.00000
vt 1.00000 1.00000
vt 0.00000 1.00000
vt 0.00000 0.00000
vt 1.00000 0.00000
vt 1.00000 1.00000
vt 0.00000 0.00000
vt 1.00000 1.00000
vt 0.00000 1.00000
vt 0.00000 0.00000
vt 1.00000 0.00000
vt 1.00000 1.00000
vt 0.00000 0.00000
vt 1.00000 1.00000
vt 0.00000 1.00000
vt 0.00000 0.00000
vt 1.00000 0.00000
vt 1.00000 1.00000
vt 0.00000 0.00000
vt 1.00000 1.00000
vt 0.00000 1.00000
vt 0.00000 0.00000
vt 1.00000 0.00000
vt 1.00000 1.00000
vt 0.00000 0.00000
vt 1.00000 1.00000
vt 0.00000 1.00000
vt 0.00000 0.00000
vt 1.00000 0.00000
vt 1.00000 1.00000
vt 0.00000 0.00000
vt 1.00000 1.00000
vt 0.00000 1.00000
vt 0.00000 0.00000
vt 1.00000 0.00000
vt 1.00000 1.00000
vt 0.00000 0.00000
vt 1.00000 1.00000
vt 0.00000 1.00000
vt 0.00000 0.00000
vt 1.00000 0.00000
vt 1.00000 1.00000
vt 0.00000 0.00000
vt 1.00000 1.00000
vt 0.00000 1.00000
vt 0.00000 0.00000
vt 1.00000 0.00000
vt 1.00000 1.00000
vt 0.00000 0.00000
vt 1.00000 1.00000
vt 0.00000 1.00000
vt 0.00000 0.00000
vt 1.00000 0.00000
vt 1.00000 1.00000
vt 0.00000 0.00000
vt 1.00000 1.00000
vt 0.00000 1.00000
vt 0.00000 0.00000
vt 1.00000 0.00000
vt 1.00000 1.00000
vt 0.00000 0.00000
vt 1.00000 1.00000
vt 0.00000 1.00000
vt 0.00000 0.00000
vt 1.00000 0.00000
vt 1.00000 1.00000
vt 0.00000 0.00000
vt 1.00000 1.00000
vt 0.00000 1.00000
vt 0.00000 0.00000
vt 1.00000 0.00000
vt 1.00000 1.00000
vt 0.00000 0.00000
vt 1.00000 1.00000
vt 0.00000 1.00000
vt 0.00000 0.00000
vt 1.00000 0.00000
vt 1.00000 1.00000
vt 0.00000 0.00000
vt 1.00000 1.00000
vt 0.00000 1.00000
vt 0.00000 0.00000
vt 1.00000 0.00000
vt 1.00000 1.00000
vt 0.00000 0.00000
vt 1.00000 1.00000
vt 0.00000 1.00000
vt 0.00000 0.00000
vt 1.00000 0.00000
vt 1.00000 1.00000
vt 0.00000 0.00000
vt 1.00000 1.00000
vt 0.00000 1.00000
vt 0.00000 0.00000
vt 1.00000 0.00000
vt 1.00000 1.00000
vt 0.00000 0.00000
vt 1.00000 1.00000
vt 0.00000 1.00000
vt 0.00000 0.00000
vt 1.00000 0.00000
vt 1.00000 1.00000
vt 0.00000 0.00000
vt 1.00000 1.00000
vt 0.00000 1.00000
vt 0.00000 0.00000
vt 1.00000 0.00000
vt 1.00000 1.00000
vt 0.00000 0.00000
vt 1.00000 1.00000
vt 0.00000 1.00000
vt 0.00000 0.00000
vt 1.00000 0.00000
vt 1.00000 1.00000
vt 0.00000 0.00000
vt 1.00000 1.00000
vt 0.00000 1.00000
vt 0.00000 0.00000
vt 1.00000 0.00000
vt 1.00000 1.00000
vt 0.00000 0.00000
vt 1.00000 1.00000
vt 0.00000 1.00000
vt 0.00000 0.00000
vt 1.00000 0.00000
vt 1.00000 1.00000
vt 0.00000 0.00000
vt 1.00000 1.00000
vt 0.00000 1.00000
vt 0.00000 0.00000
vt 1.00000 0.00000
vt 1.00000 1.00000
vt 0.00000 0.00000
vt 1.00000 1.00000
vt 0.00000 1.00000
vt 0.00000 0.00000
vt 1.00000 0.00000
vt 1.00000 1.00000
vt 0.00000 0.00000
vt 1.00000 1.00000
vt 0.00000 1.00000
vt 0.00000 0.00000
vt 1.00000 0.00000
vt 1.00000 1.00000
vt 0.00000 0.00000
vt 1.00000 1.00000
vt 0.00000 1.00000
vt 0.00000 0.00000
vt 1.00000 0.00000
vt 1.00000 1.00000
vt 0.00000 0.00000
vt 1.00000 1.00000
vt 0.00000 1.00000
vt 0.00000 0.00000
vt 1.00000 0.00000
vt 1.00000 1.00000
vt 0.00000 0.00000
vt 1.00000 1.00000
vt 0.00000 1.00000
vt 0.00000 0.00000
vt 1.00000 0.00000
vt 1.00000 1.00000
vt 0.00000 0.00000
vt 1.00000 1.00000
vt 0.00000 1.00000
vt 0.00000 0.00000
vt 1.00000 0.00000
vt 1.00000 1.00000
vt 0.00000 0.00000
vt 1.00000 1.00000
vt 0.00000 1.00000
vt 0.00000 0.00000
vt 1.00000 0.00000
vt 1.00000 1.00000
vt 0.00000 0.00000
vt 1.00000 1.00000
vt 0.00000 1.00000
vt 0.00000 0.00000
vt 1.00000 0.00000
vt 1.00000 1.00000
vt 0.00000 0.00000
vt 1.00000 1.00000
vt 0.00000 1.00000
vt 0.00000 0.00000
vt 1.00000 0.00000
vt 1.00000 1.00000
vt 0.00000 0.00000
vt 1.00000 1.00000
vt 0.00000 1.00000
vt 0.00000 0.00000
vt 1.00000 0.00000
vt 1.00000 1.00000
vt 0.00000 0.00000
vt 1.00000 1.00000
vt 0.00000 1.00000
vt 0.00000 0.00000
vt 1.00000 0.00000
vt 1.00000 1.00000
vt 0.00000 0.00000
vt 1.00000 1.00000
vt 0.00000 1.00000
vt 0.00000 0.00000
vt 1.00000 0.00000
vt 1.00000 1.00000
vt 0.00000 0.00000
vt 1.00000 1.00000
vt 0.00000 1.00000
vt 0.00000 0.00000
vt 1.00000 0.00000
vt 1.00000 1.00000
vt 0.00000 0.00000
vt 1.00000 1.00000
vt 0.00000 1.00000
vt 0.00000 0.00000
vt 1.00000 0.00000
vt 1.00000 1.00000
vt 0.00000 0.00000
vt 1.00000 1.00000
vt 0.00000 1.00000
vt 0.00000 0.00000
vt 1.00000 0.00000
vt 1.00000 1.00000
vt 0.00000 0.00000
vt 1.00000 1.00000
vt 0.00000 1.00000
vt 0.00000 0.00000
vt 1.00000 0.00000
vt 1.00000 1.00000
vt 0.00000 0.00000
vt 1.00000 1.00000
vt 0.00000 1.00000
vt 0.00000 0.00000
vt 1.00000 0.00000
vt 1.00000 1.00000
vt 0.00000 0.00000
vt 1.00000 1.00000
vt 0.00000 1.00000
vt 0.00000 0.00000
vt 1.00000 0.00000
vt 1.00000 1.00000
vt 0.00000 0.00000
vt 1.00000 1.00000
vt 0.00000 1.00000
vt 0.00000 0.00000
vt 1.00000 0.00000
vt 1.00000 1.00000
vt 0.00000 0.00000
vt 1.00000 1.00000
vt 0.00000 1.00000
vt 0.00000 0.00000
vt 1.00000 0.00000
vt 1.00000 1.00000
vt 0.00000 0.00000
vt 1.00000 1.00000
vt 0.00000 1.00000
vt 0.00000 0.00000
vt 1.00000 0.00000
vt 1.00000 1.00000
vt 0.00000 0.00000
vt 1.00000 1.00000
vt 0.00000 1.00000
vt 0.00000 0.00000
vt 1.00000 0.00000
vt 1.00000 1.00000
vt 0.00000 0.00000
vt 1.00000 1.00000
vt 0.00000 1.00000
vt 0.00000 0.00000
vt 1.00000 0.00000
vt 1.00000 1.00000
vt 0.00000 0.00000
vt 1.00000 1.00000
vt 0.00000 1.00000
vt 0.00000 0.00000
vt 1.00000 0.00000
vt 1.00000 1.00000
vt 0.00000 0.00000
vt 1.00000 1.00000
vt 0.00000 1.00000
vt 0.00000 0.00000
vt 1.00000 0.00000
vt 1.00000 1.00000
vt 0.00000 0.00000
vt 1.00000 1.00000
vt 0.00000 1.00000
vt 0.00000 0.00000
vt 1.00000 0.00000
vt 1.00000 1.00000
vt 0.00000 0.00000
vt 1.00000 1.00000
vt 0.00000 1.00000
vt 0.00000 0.00000
vt 1.00000 0.00000
vt 1.00000 1.00000
vt 0.00000 0.00000
vt 1.00000 1.00000
vt 0.00000 1.00000
vn 0.0293 0.9314 0.3629
vn 0.0293 0.9314 0.3629
vn 0.0293 0.9314 0.3629
vn 0.0293 0.9314 0.3629
vn 0.0293 0.9314 0.3629
vn 0.0293 0.9314 0.3629
vn 0.8011 0.5951 -0.0647
vn 0.8011 0.5951 -0.0647
vn 0.8011 0.5951 -0.0647
vn 0.8011 0.5951 -0.0647
vn 0.8011 0.5951 -0.0647
vn 0.8011 0.5951 -0.0647
vn 0.6083 0.7458 0.2715
vn 0.6083 0.7458 0.2715
vn 0.6083 0.7458 0.2715
vn 0.6083 0.7458 0.2715
vn 0.6083 0.7458 0.2715
vn 0.6083 0.7458 0.2715
vn 0.1601 0.9196 -0.3587
vn 0.1601 0.9196 -0.3587
vn 0.1601 0.9196 -0.3587
vn 0.1601 0.9196 -0.3587
vn 0.1601 0.9196 -0.3587
vn 0.1601 0.9196 -0.3587
vn 0.3176 0.8178 0.4799
vn 0.3176 0.8178 0.4799
vn 0.3176 0.8178 0.4799
vn 0.3176 0.8178 0.4799
vn 0.3176 0.8178 0.4799
vn 0.3176 0.8178 0.4799
vn 0.4257 0.8599 -0.2817
vn 0.4257 0.8599 -0.2817
vn 0.4257 0.8599 -0.2817
vn 0.4257 0.8599 -0.2817
vn 0.4257 0.8599 -0.2817
vn 0.4257 0.8599 -0.2817
vn -0.1712 0.9172 0.3598
vn -0.1712 0.9172 0.3598
vn -0.1712 0.9172 0.3598
vn -0.1712 0.9172 0.3598
vn -0.1712 0.9172 0.3598
vn -0.1712 0.9172 0.3598
vn 0.6591 0.6835 0.3136
vn 0.6591 0.6835 0.3136
vn 0.6591 0.6835 0.3136
vn 0.6591 0.6835 0.3136
vn 0.6591 0.6835 0.3136
vn 0.6591 0.6835 0.3136
vn -0.1757 0.9294 0.3246
vn -0.1757 0.9294 0.3246
vn -0.1757 0.9294 0.3246
vn -0.1757 0.9294 0.3246
vn -0.1757 0.9294 0.3246
vn -0.1757 0.9294 0.3246
vn 0.3346 0.9248 0.1811
vn 0.3346 0.9248 0.1811
vn 0.3346 0.9248 0.1811
vn 0.3346 0.9248 0.1811
vn 0.3346 0.9248 0.1811
vn 0.3346 0.9248 0.1811
vn -0.5814 0.6006 -0.5489
vn -0.5814 0.6006 -0.5489
vn -0.5814 0.6006 -0.5489
vn -0.5814 0.6006 -0.5489
vn -0.5814 0.6006 -0.5489
vn -0.5814 0.6006 -0.5489
vn -0.2695 0.9197 0.2854
vn -0.2695 0.9197 0.2854
vn -0.2695 0.9197 0.2854
vn -0.2695 0.9197 0.2854
vn -0.2695 0.9197 0.2854
vn -0.2695 0.9197 0.2854
vn 0.4209 0.7340 0.5330
vn 0.4209 0.7340 0.5330
vn 0.4209 0.7340 0.5330
vn 0.4209 0.7340 0.5330
vn 0.4209 0.7340 0.5330
vn 0.4209 0.7340 0.5330
vn 0.3443 0.8986 -0.2719
vn 0.3443 0.8986 -0.2719
vn 0.3443 0.8986 -0.2719
vn 0.3443 0.8986 -0.2719
vn 0.3443 0.8986 -0.2719
vn 0.3443 0.8986 -0.2719
vn -0.4527 0.6929 0.5613
vn -0.4527 0.6929 0.5613
vn -0.4527 0.6929 0.5613
vn -0.4527 0.6929 0.5613
vn -0.4527 0.6929 0.5613
vn -0.4527 0.6929 0.5613
vn 0.5787 0.6687 0.4667
vn 0.5787 0.6687 0.4667
vn 0.5787 0.6687 0.4667
vn 0.5787 0.6687 0.4667
vn 0.5787 0.6687 0.4667
vn 0.5787 0.6687 0.4667
vn -0.3877 0.7219 -0.5732
vn -0.3877 0.7219 -0.5732
vn -0.3877 0.7219 -0.5732
vn -0.3877 0.7219 -0.5732
vn -0.3877 0.7219 -0.5732
vn -0.3877 0.7219 -0.5732
vn -0.6799 0.5711 0.4599
vn -0.6799 0.5711 0.4599
vn -0.6799 0.5711 0.4599
vn -0.6799 0.5711 0.4599
vn -0.6799 0.5711 0.4599
vn -0.6799 0.5711 0.4599
vn 0.4928 0.7803 0.3851
vn 0.4928 0.7803 0.3851
vn 0.4928 0.7803 0.3851
vn 0.4928 0.7803 0.3851
vn 0.4928 0.7803 0.3851
vn 0.4928 0.7803 0.3851
vn 0.4196 0.7318 -0.5370
vn 0.4196 0.7318 -0.5370
vn 0.4196 0.7318 -0.5370
vn 0.4196 0.7318 -0.5370
vn 0.4196 0.7318 -0.5370
vn 0.4196 0.7318 -0.5370
vn -0.4792 0.8571 0.1890
vn -0.4792 0.8571 0.1890
vn -0.4792 0.8571 0.1890
vn -0.4792 0.8571 0.1890
vn -0.4792 0.8571 0.1890
vn -0.4792 0.8571 0.1890
vn 0.2499 0.7322 0.6335
vn 0.2499 0.7322 0.6335
vn 0.2499 0.7322 0.6335
vn 0.2499 0.7322 0.6335
vn 0.2499 0.7322 0.6335
vn 0.2499 0.7322 0.6335
vn 0.2450 0.9068 -0.3431
vn 0.2450 0.9068 -0.3431
vn 0.2450 0.9068 -0.3431
vn 0.2450 0.9068 -0.3431
vn 0.2450 0.9068 -0.3431
vn 0.2450 0.9068 -0.3431
vn -0.6895 0.5313 -0.4923
vn -0.6895 0.5313 -0.4923
vn -0.6895 0.5313 -0.4923
vn -0.6895 0.5313 -0.4923
vn -0.6895 0.5313 -0.4923
vn -0.6895 0.5313 -0.4923
vn -0.5725 0.8174 0.0636
vn -0.5725 0.8174 0.0636
vn -0.5725 0.8174 0.0636
vn -0.5725 0.8174 0.0636
vn -0.5725 0.8174 0.0636
vn -0.5725 0.8174 0.0636
vn 0.0617 0.8292 0.5555
vn 0.0617 0.8292 0.5555
vn 0.0617 0.8292 0.5555
vn 0.0617 0.8292 0.5555
vn 0.0617 0.8292 0.5555
vn 0.0617 0.8292 0.5555
vn 0.0311 0.9334 -0.3574
vn 0.0311 0.9334 -0.3574
vn 0.0311 0.9334 -0.3574
vn 0.0311 0.9334 -0.3574
vn 0.0311 0.9334 -0.3574
vn 0.0311 0.9334 -0.3574
vn -0.3585 0.9330 -0.0312
vn -0.3585 0.9330 -0.0312
vn -0.3585 0.9330 -0.0312
vn -0.3585 0.9330 -0.0312
vn -0.3585 0.9330 -0.0312
vn -0.3585 0.9330 -0.0312
vn -0.6942 0.5083 -0.5096
vn -0.6942 0.5083 -0.5096
vn -0.6942 0.5083 -0.5096
vn -0.6942 0.5083 -0.5096
vn -0.6942 0.5083 -0.5096
vn -0.6942 0.5083 -0.5096
vn -0.4278 0.6909 0.5828
vn -0.4278 0.6909 0.5828
vn -0.4278 0.6909 0.5828
vn -0.4278 0.6909 0.5828
vn -0.4278 0.6909 0.5828
vn -0.4278 0.6909 0.5828
vn -0.4126 0.6693 0.6178
vn -0.4126 0.6693 0.6178
vn -0.4126 0.6693 0.6178
vn -0.4126 0.6693 0.6178
vn -0.4126 0.6693 0.6178
vn -0.4126 0.6693 0.6178
vn 0.5224 0.7780 0.3489
vn 0.5224 0.7780 0.3489
vn 0.5224 0.7780 0.3489
vn 0.5224 0.7780 0.3489
vn 0.5224 0.7780 0.3489
vn 0.5224 0.7780 0.3489
vn 0.0498 0.8057 0.5902
vn 0.0498 0.8057 0.5902
vn 0.0498 0.8057 0.5902
vn 0.0498 0.8057 0.5902
vn 0.0498 0.8057 0.5902
vn 0.0498 0.8057 0.5902
vn 0.6895 0.7220 -0.0582
vn 0.6895 0.7220 -0.0582
vn 0.6895 0.7220 -0.0582
vn 0.6895 0.7220 -0.0582
vn 0.6895 0.7220 -0.0582
vn 0.6895 0.7220 -0.0582
vn -0.6208 0.6618 0.4204
vn -0.6208 0.6618 0.4204
vn -0.6208 0.6618 0.4204
vn -0.6208 0.6618 0.4204
vn -0.6208 0.6618 0.4204
vn -0.6208 0.6618 0.4204
vn 0.4262 0.6499 0.6293
vn 0.4262 0.6499 0.6293
vn 0.4262 0.6499 0.6293
vn 0.4262 0.6499 0.6293
vn 0.4262 0.6499 0.6293
vn 0.4262 0.6499 0.6293
vn 0.2314 0.8654 -0.4446
vn 0.2314 0.8654 -0.4446
vn 0.2314 0.8654 -0.4446
vn 0.2314 0.8654 -0.4446
vn 0.2314 0.8654 -0.4446
vn 0.2314 0.8654 -0.4446
vn -0.7289 0.5700 -0.3794
vn -0.7289 0.5700 -0.3794
vn -0.7289 0.5700 -0.3794
vn -0.7289 0.5700 -0.3794
vn -0.7289 0.5700 -0.3794
vn -0.7289 0.5700 -0.3794
vn -0.6757 0.7176 -0.1689
vn -0.6757 0.7176 -0.1689
vn -0.6757 0.7176 -0.1689
vn -0.6757 0.7176 -0.1689
vn -0.6757 0.7176 -0.1689
vn -0.6757 0.7176 -0.1689
vn -0.1391 0.8193 0.5563
vn -0.1391 0.8193 0.5563
vn -0.1391 0.8193 0.5563
vn -0.1391 0.8193 0.5563
vn -0.1391 0.8193 0.5563
vn -0.1391 0.8193 0.5563
vn -0.2258 0.8850 -0.4071
vn -0.2258 0.8850 -0.4071
vn -0.2258 0.8850 -0.4071
vn -0.2258 0.8850 -0.4071
vn -0.2258 0.8850 -0.4071
vn -0.2258 0.8850 -0.4071
vn -0.7260 0.5575 0.4026
vn -0.7260 0.5575 0.4026
vn -0.7260 0.5575 0.4026
vn -0.7260 0.5575 0.4026
vn -0.7260 0.5575 0.4026
vn -0.7260 0.5575 0.4026
vn 0.4325 0.6209 0.6538
vn 0.4325 0.6209 0.6538
vn 0.4325 0.6209 0.6538
vn 0.4325 0.6209 0.6538
vn 0.4325 0.6209 0.6538
vn 0.4325 0.6209 0.6538
vn 0.3873 0.8856 -0.2562
vn 0.3873 0.8856 -0.2562
vn 0.3873 0.8856 -0.2562
vn 0.3873 0.8856 -0.2562
vn 0.3873 0.8856 -0.2562
vn 0.3873 0.8856 -0.2562
vn 0.0705 0.6536 0.7535
vn 0.0705 0.6536 0.7535
vn 0.0705 0.6536 0.7535
vn 0.0705 0.6536 0.7535
vn 0.0705 0.6536 0.7535
vn 0.0705 0.6536 0.7535
vn 0.6328 0.7720 -0.0592
vn 0.6328 0.7720 -0.0592
vn 0.6328 0.7720 -0.0592
vn 0.6328 0.7720 -0.0592
vn 0.6328 0.7720 -0.0592
vn 0.6328 0.7720 -0.0592
vn -0.1386 0.8390 0.5262
vn -0.1386 0.8390 0.5262
vn -0.1386 0.8390 0.5262
vn -0.1386 0.8390 0.5262
vn -0.1386 0.8390 0.5262
vn -0.1386 0.8390 0.5262
vn 0.7496 0.6317 0.1975
vn 0.7496 0.6317 0.1975
vn 0.7496 0.6317 0.1975
vn 0.7496 0.6317 0.1975
vn 0.7496 0.6317 0.1975
vn 0.7496 0.6317 0.1975
vn 0.1548 0.6127 -0.7750
vn 0.1548 0.6127 -0.7750
vn 0.1548 0.6127 -0.7750
vn 0.1548 0.6127 -0.7750
vn 0.1548 0.6127 -0.7750
vn 0.1548 0.6127 -0.7750
vn -0.6336 0.7633 -0.1265
vn -0.6336 0.7633 -0.1265
vn -0.6336 0.7633 -0.1265
vn -0.6336 0.7633 -0.1265
vn -0.6336 0.7633 -0.1265
vn -0.6336 0.7633 -0.1265
vn -0.3916 0.8540 0.3426
vn -0.3916 0.8540 0.3426
vn -0.3916 0.8540 0.3426
vn -0.3916 0.8540 0.3426
vn -0.3916 0.8540 0.3426
vn -0.3916 0.8540 0.3426
vn 0.4614 0.7134 0.5275
vn 0.4614 0.7134 0.5275
vn 0.4614 0.7134 0.5275
vn 0.4614 0.7134 0.5275
vn 0.4614 0.7134 0.5275
vn 0.4614 0.7134 0.5275
vn -0.1218 0.5746 -0.8093
vn -0.1218 0.5746 -0.8093
vn -0.1218 0.5746 -0.8093
vn -0.1218 0.5746 -0.8093
vn -0.1218 0.5746 -0.8093
vn -0.1218 0.5746 -0.8093
vn -0.7751 0.6210 0.1167
vn -0.7751 0.6210 0.1167
vn -0.7751 0.6210 0.1167
vn -0.7751 0.6210 0.1167
vn -0.7751 0.6210 0.1167
vn -0.7751 0.6210 0.1167
vn -0.1357 0.5634 0.8150
vn -0.1357 0.5634 0.8150
vn -0.1357 0.5634 0.8150
vn -0.1357 0.5634 0.8150
vn -0.1357 0.5634 0.8150
vn -0.1357 0.5634 0.8150
vn 0.8382 0.5271 0.1395
vn 0.8382 0.5271 0.1395
vn 0.8382 0.5271 0.1395
vn 0.8382 0.5271 0.1395
vn 0.8382 0.5271 0.1395
vn 0.8382 0.5271 0.1395
vn -0.1122 0.7868 -0.6069
vn -0.1122 0.7868 -0.6069
vn -0.1122 0.7868 -0.6069
vn -0.1122 0.7868 -0.6069
vn -0.1122 0.7868 -0.6069
vn -0.1122 0.7868 -0.6069
vn -0.6555 0.7454 0.1212
vn -0.6555 0.7454 0.1212
vn -0.6555 0.7454 0.1212
vn -0.6555 0.7454 0.1212
vn -0.6555 0.7454 0.1212
vn -0.6555 0.7454 0.1212
vn -0.3367 0.8600 -0.3835
vn -0.3367 0.8600 -0.3835
vn -0.3367 0.8600 -0.3835
vn -0.3367 0.8600 -0.3835
vn -0.3367 0.8600 -0.3835
vn -0.3367 0.8600 -0.3835
vn -0.4530 0.7978 0.3978
vn -0.4530 0.7978 0.3978
vn -0.4530 0.7978 0.3978
vn -0.4530 0.7978 0.3978
vn -0.4530 0.7978 0.3978
vn -0.4530 0.7978 0.3978
vn -0.3305 0.9165 0.2253
vn -0.3305 0.9165 0.2253
vn -0.3305 0.9165 0.2253
vn -0.3305 0.9165 0.2253
vn -0.3305 0.9165 0.2253
vn -0.3305 0.9165 0.2253
vn 0.4708 0.5489 0.6907
vn 0.4708 0.5489 0.6907
vn 0.4708 0.5489 0.6907
vn 0.4708 0.5489 0.6907
vn 0.4708 0.5489 0.6907
vn 0.4708 0.5489 0.6907
vn 0.4926 0.7790 -0.3879
vn 0.4926 0.7790 -0.3879
vn 0.4926 0.7790 -0.3879
vn 0.4926 0.7790 -0.3879
vn 0.4926 0.7790 -0.3879
vn 0.4926 0.7790 -0.3879
vn -0.3627 0.8102 -0.4605
vn -0.3627 0.8102 -0.4605
vn -0.3627 0.8102 -0.4605
vn -0.3627 0.8102 -0.4605
vn -0.3627 0.8102 -0.4605
vn -0.3627 0.8102 -0.4605
vn -0.4050 0.6865 -0.6039
vn -0.4050 0.6865 -0.6039
vn -0.4050 0.6865 -0.6039
vn -0.4050 0.6865 -0.6039
vn -0.4050 0.6865 -0.6039
vn -0.4050 0.6865 -0.6039
vn -0.4360 0.8511 0.2924
vn -0.4360 0.8511 0.2924
vn -0.4360 0.8511 0.2924
vn -0.4360 0.8511 0.2924
vn -0.4360 0.8511 0.2924
vn -0.4360 0.8511 0.2924
vn -0.1250 0.9107 -0.3936
vn -0.1250 0.9107 -0.3936
vn -0.1250 0.9107 -0.3936
vn -0.1250 0.9107 -0.3936
vn -0.1250 0.9107 -0.3936
vn -0.1250 0.9107 -0.3936
vn -0.5812 0.7925 0.1846
vn -0.5812 0.7925 0.1846
vn -0.5812 0.7925 0.1846
vn -0.5812 0.7925 0.1846
vn -0.5812 0.7925 0.1846
vn -0.5812 0.7925 0.1846
vn -0.0120 0.8481 -0.5297
vn -0.0120 0.8481 -0.5297
vn -0.0120 0.8481 -0.5297
vn -0.0120 0.8481 -0.5297
vn -0.0120 0.8481 -0.5297
vn -0.0120 0.8481 -0.5297
vn -0.3518 0.9360 0.0080
vn -0.3518 0.9360 0.0080
vn -0.3518 0.9360 0.0080
vn -0.3518 0.9360 0.0080
vn -0.3518 0.9360 0.0080
vn -0.3518 0.9360 0.0080
vn -0.3382 0.8996 -0.2762
vn -0.3382 0.8996 -0.2762
vn -0.3382 0.8996 -0.2762
vn -0.3382 0.8996 -0.2762
vn -0.3382 0.8996 -0.2762
vn -0.3382 0.8996 -0.2762
vn -0.4584 0.6890 0.5614
vn -0.4584 0.6890 0.5614
vn -0.4584 0.6890 0.5614
vn -0.4584 0.6890 0.5614
vn -0.4584 0.6890 0.5614
vn -0.4584 0.6890 0.5614
vn -0.1490 0.6052 0.7820
vn -0.1490 0.6052 0.7820
vn -0.1490 0.6052 0.7820
vn -0.1490 0.6052 0.7820
vn -0.1490 0.6052 0.7820
vn -0.1490 0.6052 0.7820
vn 0.7600 0.6336 0.1448
vn 0.7600 0.6336 0.1448
vn 0.7600 0.6336 0.1448
vn 0.7600 0.6336 0.1448
vn 0.7600 0.6336 0.1448
vn 0.7600 0.6336 0.1448
vn -0.3389 0.7883 0.5136
vn -0.3389 0.7883 0.5136
vn -0.3389 0.7883 0.5136
vn -0.3389 0.7883 0.5136
vn -0.3389 0.7883 0.5136
vn -0.3389 0.7883 0.5136
vn 0.3294 0.9189 0.2173
vn 0.3294 0.9189 0.2173
vn 0.3294 0.9189 0.2173
vn 0.3294 0.9189 0.2173
vn 0.3294 0.9189 0.2173
vn 0.3294 0.9189 0.2173
vn -0.6888 0.6608 0.2982
vn -0.6888 0.6608 0.2982
vn -0.6888 0.6608 0.2982
vn -0.6888 0.6608 0.2982
vn -0.6888 0.6608 0.2982
vn -0.6888 0.6608 0.2982
vn 0.2256 0.8231 0.5211
vn 0.2256 0.8231 0.5211
vn 0.2256 0.8231 0.5211
vn 0.2256 0.8231 0.5211
vn 0.2256 0.8231 0.5211
vn 0.2256 0.8231 0.5211
vn -0.5540 0.8324 0.0120
vn -0.5540 0.8324 0.0120
vn -0.5540 0.8324 0.0120
vn -0.5540 0.8324 0.0120
vn -0.5540 0.8324 0.0120
vn -0.5540 0.8324 0.0120
vn 0.0172 0.6049 0.7961
vn 0.0172 0.6049 0.7961
vn 0.0172 0.6049 0.7961
vn 0.0172 0.6049 0.7961
vn 0.0172 0.6049 0.7961
vn 0.0172 0.6049 0.7961
vn -0.6110 0.7564 0.2336
vn -0.6110 0.7564 0.2336
vn -0.6110 0.7564 0.2336
vn -0.6110 0.7564 0.2336
vn -0.6110 0.7564 0.2336
vn -0.6110 0.7564 0.2336
vn 0.2748 0.6388 0.7186
vn 0.2748 0.6388 0.7186
vn 0.2748 0.6388 0.7186
vn 0.2748 0.6388 0.7186
vn 0.2748 0.6388 0.7186
vn 0.2748 0.6388 0.7186
vn -0.3622 0.9301 0.0612
vn -0.3622 0.9301 0.0612
vn -0.3622 0.9301 0.0612
vn -0.3622 0.9301 0.0612
vn -0.3622 0.9301 0.0612
vn -0.3622 0.9301 0.0612
vn 0.0760 0.8898 0.4500
vn 0.0760 0.8898 0.4500
vn 0.0760 0.8898 0.4500
vn 0.0760 0.8898 0.4500
vn 0.0760 0.8898 0.4500
vn 0.0760 0.8898 0.4500
vn -0.4473 0.7690 -0.4567
vn -0.4473 0.7690 -0.4567
vn -0.4473 0.7690 -0.4567
vn -0.4473 0.7690 -0.4567
vn -0.4473 0.7690 -0.4567
vn -0.4473 0.7690 -0.4567
vn -0.3293 0.8874 0.3226
vn -0.3293 0.8874 0.3226
vn -0.3293 0.8874 0.3226
vn -0.3293 0.8874 0.3226
vn -0.3293 0.8874 0.3226
vn -0.3293 0.8874 0.3226
vn 0.4097 0.9042 0.1207
vn 0.4097 0.9042 0.1207
vn 0.4097 0.9042 0.1207
vn 0.4097 0.9042 0.1207
vn 0.4097 0.9042 0.1207
vn 0.4097 0.9042 0.1207
vn 0.1999 0.7069 -0.6785
vn 0.1999 0.7069 -0.6785
vn 0.1999 0.7069 -0.6785
vn 0.1999 0.7069 -0.6785
vn 0.1999 0.7069 -0.6785
vn 0.1999 0.7069 -0.6785
vn 0.2847 0.9365 0.2048
vn 0.2847 0.9365 0.2048
vn 0.2847 0.9365 0.2048
vn 0.2847 0.9365 0.2048
vn 0.2847 0.9365 0.2048
vn 0.2847 0.9365 0.2048
vn 0.2664 0.8898 -0.3704
vn 0.2664 0.8898 -0.3704
vn 0.2664 0.8898 -0.3704
vn 0.2664 0.8898 -0.3704
vn 0.2664 0.8898 -0.3704
vn 0.2664 0.8898 -0.3704
vn 0.1257 0.8985 -0.4207
vn 0.1257 0.8985 -0.4207
vn 0.1257 0.8985 -0.4207
vn 0.1257 0.8985 -0.4207
vn 0.1257 0.8985 -0.4207
vn 0.1257 0.8985 -0.4207
vn -0.8034 0.5448 -0.2401
vn -0.8034 0.5448 -0.2401
vn -0.8034 0.5448 -0.2401
vn -0.8034 0.5448 -0.2401
vn -0.8034 0.5448 -0.2401
vn -0.8034 0.5448 -0.2401
vn 0.6320 0.5956 -0.4959
vn 0.6320 0.5956 -0.4959
vn 0.6320 0.5956 -0.4959
vn 0.6320 0.5956 -0.4959
vn 0.6320 0.5956 -0.4959
vn 0.6320 0.5956 -0.4959
vn -0.3811 0.7867 -0.4856
vn -0.3811 0.7867 -0.4856
vn -0.3811 0.7867 -0.4856
vn -0.3811 0.7867 -0.4856
vn -0.3811 0.7867 -0.4856
vn -0.3811 0.7867 -0.4856
vn 0.2025 0.9231 -0.3269
vn 0.2025 0.9231 -0.3269
vn 0.2025 0.9231 -0.3269
vn 0.2025 0.9231 -0.3269
vn 0.2025 0.9231 -0.3269
vn 0.2025 0.9231 -0.3269
vn -0.7038 0.5609 -0.4360
vn -0.7038 0.5609 -0.4360
vn -0.7038 0.5609 -0.4360
vn -0.7038 0.5609 -0.4360
vn -0.7038 0.5609 -0.4360
vn -0.7038 0.5609 -0.4360
vn -0.6952 0.5463 0.4672
vn -0.6952 0.5463 0.4672
vn -0.6952 0.5463 0.4672
vn -0.6952 0.5463 0.4672
vn -0.6952 0.5463 0.4672
vn -0.6952 0.5463 0.4672
vn 0.2254 0.9147 0.3355
vn 0.2254 0.9147 0.3355
vn 0.2254 0.9147 0.3355
vn 0.2254 0.9147 0.3355
vn 0.2254 0.9147 0.3355
vn 0.2254 0.9147 0.3355
vn 0.7497 0.5664 -0.3421
vn 0.7497 0.5664 -0.3421
vn 0.7497 0.5664 -0.3421
vn 0.7497 0.5664 -0.3421
vn 0.7497 0.5664 -0.3421
vn 0.7497 0.5664 -0.3421
vn -0.2488 0.8006 -0.5451
vn -0.2488 0.8006 -0.5451
vn -0.2488 0.8006 -0.5451
vn -0.2488 0.8006 -0.5451
vn -0.2488 0.8006 -0.5451
vn -0.2488 0.8006 -0.5451
vn -0.3481 0.6645 -0.6613
vn -0.3481 0.6645 -0.6613
vn -0.3481 0.6645 -0.6613
vn -0.3481 0.6645 -0.6613
vn -0.3481 0.6645 -0.6613
vn -0.3481 0.6645 -0.6613
vn -0.5258 0.8043 0.2768
vn -0.5258 0.8043 0.2768
vn -0.5258 0.8043 0.2768
vn -0.5258 0.8043 0.2768
vn -0.5258 0.8043 0.2768
vn -0.5258 0.8043 0.2768
vn -0.7459 0.5071 0.4318
vn -0.7459 0.5071 0.4318
vn -0.7459 0.5071 0.4318
vn -0.7459 0.5071 0.4318
vn -0.7459 0.5071 0.4318
vn -0.7459 0.5071 0.4318
vn 0.4032 0.5937 0.6964
vn 0.4032 0.5937 0.6964
vn 0.4032 0.5937 0.6964
vn 0.4032 0.5937 0.6964
vn 0.4032 0.5937 0.6964
vn 0.4032 0.5937 0.6964
vn 0.6094 0.7455 0.2701
vn 0.6094 0.7455 0.2701
vn 0.6094 0.7455 0.2701
vn 0.6094 0.7455 0.2701
vn 0.6094 0.7455 0.2701
vn 0.6094 0.7455 0.2701
vn 0.1825 0.8929 -0.4117
vn 0.1825 0.8929 -0.4117
vn 0.1825 0.8929 -0.4117
vn 0.1825 0.8929 -0.4117
vn 0.1825 0.8929 -0.4117
vn 0.1825 0.8929 -0.4117
vn 0.4607 0.8792 -0.1215
vn 0.4607 0.8792 -0.1215
vn 0.4607 0.8792 -0.1215
vn 0.4607 0.8792 -0.1215
vn 0.4607 0.8792 -0.1215
vn 0.4607 0.8792 -0.1215
vn -0.2119 0.5562 -0.8036
vn -0.2119 0.5562 -0.8036
vn -0.2119 0.5562 -0.8036
vn -0.2119 0.5562 -0.8036
vn -0.2119 0.5562 -0.8036
vn -0.2119 0.5562 -0.8036
vn -0.5489 0.6062 0.5755
vn -0.5489 0.6062 0.5755
vn -0.5489 0.6062 0.5755
vn -0.5489 0.6062 0.5755
vn -0.5489 0.6062 0.5755
vn -0.5489 0.6062 0.5755
vn 0.5595 0.6343 0.5335
vn 0.5595 0.6343 0.5335
vn 0.5595 0.6343 0.5335
vn 0.5595 0.6343 0.5335
vn 0.5595 0.6343 0.5335
vn 0.5595 0.6343 0.5335
vn -0.1703 0.6944 -0.6992
vn -0.1703 0.6944 -0.6992
vn -0.1703 0.6944 -0.6992
vn -0.1703 0.6944 -0.6992
vn -0.1703 0.6944 -0.6992
vn -0.1703 0.6944 -0.6992
vn -0.3382 0.9375 0.0824
vn -0.3382 0.9375 0.0824
vn -0.3382 0.9375 0.0824
vn -0.3382 0.9375 0.0824
vn -0.3382 0.9375 0.0824
vn -0.3382 0.9375 0.0824
vn 0.7548 0.6344 -0.1669
vn 0.7548 0.6344 -0.1669
vn 0.7548 0.6344 -0.1669
vn 0.7548 0.6344 -0.1669
vn 0.7548 0.6344 -0.1669
vn 0.7548 0.6344 -0.1669
vn -0.0854 0.9186 -0.3860
vn -0.0854 0.9186 -0.3860
vn -0.0854 0.9186 -0.3860
vn -0.0854 0.9186 -0.3860
vn -0.0854 0.9186 -0.3860
vn -0.0854 0.9186 -0.3860
vn -0.1587 0.9024 0.4006
vn -0.1587 0.9024 0.4006
vn -0.1587 0.9024 0.4006
vn -0.1587 0.9024 0.4006
vn -0.1587 0.9024 0.4006
vn -0.1587 0.9024 0.4006
vn 0.3923 0.9066 0.1553
vn 0.3923 0.9066 0.1553
vn 0.3923 0.9066 0.1553
vn 0.3923 0.9066 0.1553
vn 0.3923 0.9066 0.1553
vn 0.3923 0.9066 0.1553
vn -0.4119 0.8797 -0.2377
vn -0.4119 0.8797 -0.2377
vn -0.4119 0.8797 -0.2377
vn -0.4119 0.8797 -0.2377
vn -0.4119 0.8797 -0.2377
vn -0.4119 0.8797 -0.2377
vn -0.3252 0.7594 0.5635
vn -0.3252 0.7594 0.5635
vn -0.3252 0.7594 0.5635
vn -0.3252 0.7594 0.5635
vn -0.3252 0.7594 0.5635
vn -0.3252 0.7594 0.5635
vn 0.0672 0.8926 -0.4458
vn 0.0672 0.8926 -0.4458
vn 0.0672 0.8926 -0.4458
vn 0.0672 0.8926 -0.4458
vn 0.0672 0.8926 -0.4458
vn 0.0672 0.8926 -0.4458
vn -0.5106 0.8563 -0.0770
vn -0.5106 0.8563 -0.0770
vn -0.5106 0.8563 -0.0770
vn -0.5106 0.8563 -0.0770
vn -0.5106 0.8563 -0.0770
vn -0.5106 0.8563 -0.0770
vn -0.6929 0.6604 0.2895
vn -0.6929 0.6604 0.2895
vn -0.6929 0.6604 0.2895
vn -0.6929 0.6604 0.2895
vn -0.6929 0.6604 0.2895
vn -0.6929 0.6604 0.2895
vn 0.2176 0.8256 0.5207
vn 0.2176 0.8256 0.5207
vn 0.2176 0.8256 0.5207
vn 0.2176 0.8256 0.5207
vn 0.2176 0.8256 0.5207
vn 0.2176 0.8256 0.5207
vn -0.4748 0.8397 0.2635
vn -0.4748 0.8397 0.2635
vn -0.4748 0.8397 0.2635
vn -0.4748 0.8397 0.2635
vn -0.4748 0.8397 0.2635
vn -0.4748 0.8397 0.2635
vn 0.3278 0.7373 0.5907
vn 0.3278 0.7373 0.5907
vn 0.3278 0.7373 0.5907
vn 0.3278 0.7373 0.5907
vn 0.3278 0.7373 0.5907
vn 0.3278 0.7373 0.5907
vn -0.4300 0.5198 0.7382
vn -0.4300 0.5198 0.7382
vn -0.4300 0.5198 0.7382
vn -0.4300 0.5198 0.7382
vn -0.4300 0.5198 0.7382
vn -0.4300 0.5198 0.7382
vn 0.3316 0.9234 0.1932
vn 0.3316 0.9234 0.1932
vn 0.3316 0.9234 0.1932
vn 0.3316 0.9234 0.1932
vn 0.3316 0.9234 0.1932
vn 0.3316 0.9234 0.1932
vn 0.1099 0.9367 -0.3326
vn 0.1099 0.9367 -0.3326
vn 0.1099 0.9367 -0.3326
vn 0.1099 0.9367 -0.3326
vn 0.1099 0.9367 -0.3326
vn 0.1099 0.9367 -0.3326
vn -0.7295 0.6401 -0.2411
vn -0.7295 0.6401 -0.2411
vn -0.7295 0.6401 -0.2411
vn -0.7295 0.6401 -0.2411
vn -0.7295 0.6401 -0.2411
vn -0.7295 0.6401 -0.2411
vn 0.3529 0.8375 0.4173
vn 0.3529 0.8375 0.4173
vn 0.3529 0.8375 0.4173
vn 0.3529 0.8375 0.4173
vn 0.3529 0.8375 0.4173
vn 0.3529 0.8375 0.4173
vn 0.4934 0.7631 -0.4173
vn 0.4934 0.7631 -0.4173
vn 0.4934 0.7631 -0.4173
vn 0.4934 0.7631 -0.4173
vn 0.4934 0.7631 -0.4173
vn 0.4934 0.7631 -0.4173
vn 0.6583 0.6426 -0.3922
vn 0.6583 0.6426 -0.3922
vn 0.6583 0.6426 -0.3922
vn 0.6583 0.6426 -0.3922
vn 0.6583 0.6426 -0.3922
vn 0.6583 0.6426 -0.3922
vn -0.1830 0.9339 -0.3072
vn -0.1830 0.9339 -0.3072
vn -0.1830 0.9339 -0.3072
vn -0.1830 0.9339 -0.3072
vn -0.1830 0.9339 -0.3072
vn -0.1830 0.9339 -0.3072
vn -0.0275 0.5332 -0.8455
vn -0.0275 0.5332 -0.8455
vn -0.0275 0.5332 -0.8455
vn -0.0275 0.5332 -0.8455
vn -0.0275 0.5332 -0.8455
vn -0.0275 0.5332 -0.8455
vn -0.7283 0.6848 0.0237
vn -0.7283 0.6848 0.0237
vn -0.7283 0.6848 0.0237
vn -0.7283 0.6848 0.0237
vn -0.7283 0.6848 0.0237
vn -0.7283 0.6848 0.0237
vn -0.2028 0.8948 -0.3977
vn -0.2028 0.8948 -0.3977
vn -0.2028 0.8948 -0.3977
vn -0.2028 0.8948 -0.3977
vn -0.2028 0.8948 -0.3977
vn -0.2028 0.8948 -0.3977
vn -0.3079 0.9384 0.1570
vn -0.3079 0.9384 0.1570
vn -0.3079 0.9384 0.1570
vn -0.3079 0.9384 0.1570
vn -0.3079 0.9384 0.1570
vn -0.3079 0.9384 0.1570
vn 0.7467 0.5957 -0.2961
vn 0.7467 0.5957 -0.2961
vn 0.7467 0.5957 -0.2961
vn 0.7467 0.5957 -0.2961
vn 0.7467 0.5957 -0.2961
vn 0.7467 0.5957 -0.2961
vn -0.2190 0.8045 -0.5521
vn -0.2190 0.8045 -0.5521
vn -0.2190 0.8045 -0.5521
vn -0.2190 0.8045 -0.5521
vn -0.2190 0.8045 -0.5521
vn -0.2190 0.8045 -0.5521
vn -0.4228 0.9062 0.0097
vn -0.4228 0.9062 0.0097
vn -0.4228 0.9062 0.0097
vn -0.4228 0.9062 0.0097
vn -0.4228 0.9062 0.0097
vn -0.4228 0.9062 0.0097
vn 0.0177 0.6317 0.7750
vn 0.0177 0.6317 0.7750
vn 0.0177 0.6317 0.7750
vn 0.0177 0.6317 0.7750
vn 0.0177 0.6317 0.7750
vn 0.0177 0.6317 0.7750
vn 0.7058 0.6827 -0.1893
vn 0.7058 0.6827 -0.1893
vn 0.7058 0.6827 -0.1893
vn 0.7058 0.6827 -0.1893
vn 0.7058 0.6827 -0.1893
vn 0.7058 0.6827 -0.1893
vn -0.1836 0.7055 -0.6845
vn -0.1836 0.7055 -0.6845
vn -0.1836 0.7055 -0.6845
vn -0.1836 0.7055 -0.6845
vn -0.1836 0.7055 -0.6845
vn -0.1836 0.7055 -0.6845
vn 0.4273 0.8705 0.2442
vn 0.4273 0.8705 0.2442
vn 0.4273 0.8705 0.2442
vn 0.4273 0.8705 0.2442
vn 0.4273 0.8705 0.2442
vn 0.4273 0.8705 0.2442
vn 0.3389 0.7304 -0.5930
vn 0.3389 0.7304 -0.5930
vn 0.3389 0.7304 -0.5930
vn 0.3389 0.7304 -0.5930
vn 0.3389 0.7304 -0.5930
vn 0.3389 0.7304 -0.5930
vn -0.4302 0.6762 0.5981
vn -0.4302 0.6762 0.5981
vn -0.4302 0.6762 0.5981
vn -0.4302 0.6762 0.5981
vn -0.4302 0.6762 0.5981
vn -0.4302 0.6762 0.5981
vn 0.3487 0.9031 0.2508
vn 0.3487 0.9031 0.2508
vn 0.3487 0.9031 0.2508
vn 0.3487 0.9031 0.2508
vn 0.3487 0.9031 0.2508
vn 0.3487 0.9031 0.2508
vn -0.4123 0.9040 -0.1134
vn -0.4123 0.9040 -0.1134
vn -0.4123 0.9040 -0.1134
vn -0.4123 0.9040 -0.1134
vn -0.4123 0.9040 -0.1134
vn -0.4123 0.9040 -0.1134
vn -0.1303 0.8708 0.4741
vn -0.1303 0.8708 0.4741
vn -0.1303 0.8708 0.4741
vn -0.1303 0.8708 0.4741
vn -0.1303 0.8708 0.4741
vn -0.1303 0.8708 0.4741
vn 0.3386 0.8050 0.4872
vn 0.3386 0.8050 0.4872
vn 0.3386 0.8050 0.4872
vn 0.3386 0.8050 0.4872
vn 0.3386 0.8050 0.4872
vn 0.3386 0.8050 0.4872
vn 0.7005 0.5217 -0.4869
vn 0.7005 0.5217 -0.4869
vn 0.7005 0.5217 -0.4869
vn 0.7005 0.5217 -0.4869
vn 0.7005 0.5217 -0.4869
vn 0.7005 0.5217 -0.4869
vn -0.5420 0.8356 0.0890
vn -0.5420 0.8356 0.0890
vn -0.5420 0.8356 0.0890
vn -0.5420 0.8356 0.0890
vn -0.5420 0.8356 0.0890
vn -0.5420 0.8356 0.0890
vn 0.1336 0.5662 0.8134
vn 0.1336 0.5662 0.8134
vn 0.1336 0.5662 0.8134
vn 0.1336 0.5662 0.8134
vn 0.1336 0.5662 0.8134
vn 0.1336 0.5662 0.8134
vn 0.7265 0.6858 0.0436
vn 0.7265 0.6858 0.0436
vn 0.7265 0.6858 0.0436
vn 0.7265 0.6858 0.0436
vn 0.7265 0.6858 0.0436
vn 0.7265 0.6858 0.0436
vn 0.0357 0.8027 -0.5953
vn 0.0357 0.8027 -0.5953
vn 0.0357 0.8027 -0.5953
vn 0.0357 0.8027 -0.5953
vn 0.0357 0.8027 -0.5953
vn 0.0357 0.8027 -0.5953
vn 0.2865 0.8702 0.4008
vn 0.2865 0.8702 0.4008
vn 0.2865 0.8702 0.4008
vn 0.2865 0.8702 0.4008
vn 0.2865 0.8702 0.4008
vn 0.2865 0.8702 0.4008
vn 0.3206 0.9191 -0.2292
vn 0.3206 0.9191 -0.2292
vn 0.3206 0.9191 -0.2292
vn 0.3206 0.9191 -0.2292
vn 0.3206 0.9191 -0.2292
vn 0.3206 0.9191 -0.2292
vn 0.4112 0.8810 0.2340
vn 0.4112 0.8810 0.2340
vn 0.4112 0.8810 0.2340
vn 0.4112 0.8810 0.2340
vn 0.4112 0.8810 0.2340
vn 0.4112 0.8810 0.2340
vn 0.2768 0.8287 -0.4864
vn 0.2768 0.8287 -0.4864
vn 0.2768 0.8287 -0.4864
vn 0.2768 0.8287 -0.4864
vn 0.2768 0.8287 -0.4864
vn 0.2768 0.8287 -0.4864
vn 0.0687 0.9220 -0.3811
vn 0.0687 0.9220 -0.3811
vn 0.0687 0.9220 -0.3811
vn 0.0687 0.9220 -0.3811
vn 0.0687 0.9220 -0.3811
vn 0.0687 0.9220 -0.3811
vn -0.5311 0.8419 -0.0957
vn -0.5311 0.8419 -0.0957
vn -0.5311 0.8419 -0.0957
vn -0.5311 0.8419 -0.0957
vn -0.5311 0.8419 -0.0957
vn -0.5311 0.8419 -0.0957
vn -0.7621 0.5397 -0.3577
vn -0.7621 0.5397 -0.3577
vn -0.7621 0.5397 -0.3577
vn -0.7621 0.5397 -0.3577
vn -0.7621 0.5397 -0.3577
vn -0.7621 0.5397 -0.3577
vn -0.2495 0.8093 0.5317
vn -0.2495 0.8093 0.5317
vn -0.2495 0.8093 0.5317
vn -0.2495 0.8093 0.5317
vn -0.2495 0.8093 0.5317
vn -0.2495 0.8093 0.5317
vn 0.7947 0.6031 0.0686
vn 0.7947 0.6031 0.0686
vn 0.7947 0.6031 0.0686
vn 0.7947 0.6031 0.0686
vn 0.7947 0.6031 0.0686
vn 0.7947 0.6031 0.0686
vn 0.0475 0.8338 -0.5501
vn 0.0475 0.8338 -0.5501
vn 0.0475 0.8338 -0.5501
vn 0.0475 0.8338 -0.5501
vn 0.0475 0.8338 -0.5501
vn 0.0475 0.8338 -0.5501
vn -0.2402 0.9276 0.2862
vn -0.2402 0.9276 0.2862
vn -0.2402 0.9276 0.2862
vn -0.2402 0.9276 0.2862
vn -0.2402 0.9276 0.2862
vn -0.2402 0.9276 0.2862
vn 0.4263 0.8308 0.3579
vn 0.4263 0.8308 0.3579
vn 0.4263 0.8308 0.3579
vn 0.4263 0.8308 0.3579
vn 0.4263 0.8308 0.3579
vn 0.4263 0.8308 0.3579
vn -0.5811 0.5733 0.5776
vn -0.5811 0.5733 0.5776
vn -0.5811 0.5733 0.5776
vn -0.5811 0.5733 0.5776
vn -0.5811 0.5733 0.5776
vn -0.5811 0.5733 0.5776
vn 0.6101 0.5010 0.6138
vn 0.6101 0.5010 0.6138
vn 0.6101 0.5010 0.6138
vn 0.6101 0.5010 0.6138
vn 0.6101 0.5010 0.6138
vn 0.6101 0.5010 0.6138
vn 0.3945 0.6512 -0.6483
vn 0.3945 0.6512 -0.6483
vn 0.3945 0.6512 -0.6483
vn 0.3945 0.6512 -0.6483
vn 0.3945 0.6512 -0.6483
vn 0.3945 0.6512 -0.6483
vn -0.4176 0.8724 -0.2541
vn -0.4176 0.8724 -0.2541
vn -0.4176 0.8724 -0.2541
vn -0.4176 0.8724 -0.2541
vn -0.4176 0.8724 -0.2541
vn -0.4176 0.8724 -0.2541
vn 0.2120 0.6225 0.7533
vn 0.2120 0.6225 0.7533
vn 0.2120 0.6225 0.7533
vn 0.2120 0.6225 0.7533
vn 0.2120 0.6225 0.7533
vn 0.2120 0.6225 0.7533
vn 0.7081 0.6774 -0.1993
vn 0.7081 0.6774 -0.1993
vn 0.7081 0.6774 -0.1993
vn 0.7081 0.6774 -0.1993
vn 0.7081 0.6774 -0.1993
vn 0.7081 0.6774 -0.1993
vn 0.6222 0.6107 -0.4898
vn 0.6222 0.6107 -0.4898
vn 0.6222 0.6107 -0.4898
vn 0.6222 0.6107 -0.4898
vn 0.6222 0.6107 -0.4898
vn 0.6222 0.6107 -0.4898
vn -0.4220 0.7311 -0.5361
vn -0.4220 0.7311 -0.5361
vn -0.4220 0.7311 -0.5361
vn -0.4220 0.7311 -0.5361
vn -0.4220 0.7311 -0.5361
vn -0.4220 0.7311 -0.5361
vn 0.3991 0.8694 0.2912
vn 0.3991 0.8694 0.2912
vn 0.3991 0.8694 0.2912
vn 0.3991 0.8694 0.2912
vn 0.3991 0.8694 0.2912
vn 0.3991 0.8694 0.2912
vn 0.3840 0.7586 -0.5264
vn 0.3840 0.7586 -0.5264
vn 0.3840 0.7586 -0.5264
vn 0.3840 0.7586 -0.5264
vn 0.3840 0.7586 -0.5264
vn 0.3840 0.7586 -0.5264
vn -0.3921 0.6241 -0.6758
vn -0.3921 0.6241 -0.6758
vn -0.3921 0.6241 -0.6758
vn -0.3921 0.6241 -0.6758
vn -0.3921 0.6241 -0.6758
vn -0.3921 0.6241 -0.6758
vn -0.4096 0.8808 0.2377
vn -0.4096 0.8808 0.2377
vn -0.4096 0.8808 0.2377
vn -0.4096 0.8808 0.2377
vn -0.4096 0.8808 0.2377
vn -0.4096 0.8808 0.2377
vn 0.4998 0.8633 0.0700
vn 0.4998 0.8633 0.0700
vn 0.4998 0.8633 0.0700
vn 0.4998 0.8633 0.0700
vn 0.4998 0.8633 0.0700
vn 0.4998 0.8633 0.0700
vn 0.0636 0.8887 -0.4540
vn 0.0636 0.8887 -0.4540
vn 0.0636 0.8887 -0.4540
vn 0.0636 0.8887 -0.4540
vn 0.0636 0.8887 -0.4540
vn 0.0636 0.8887 -0.4540
vn -0.0578 0.8731 0.4841
vn -0.0578 0.8731 0.4841
vn -0.0578 0.8731 0.4841
vn -0.0578 0.8731 0.4841
vn -0.0578 0.8731 0.4841
vn -0.0578 0.8731 0.4841
vn 0.8339 0.5429 0.0996
vn 0.8339 0.5429 0.0996
vn 0.8339 0.5429 0.0996
vn 0.8339 0.5429 0.0996
vn 0.8339 0.5429 0.0996
vn 0.8339 0.5429 0.0996
vn 0.1242 0.5563 0.8216
vn 0.1242 0.5563 0.8216
vn 0.1242 0.5563 0.8216
vn 0.1242 0.5563 0.8216
vn 0.1242 0.5563 0.8216
vn 0.1242 0.5563 0.8216
vn 0.6167 0.7816 -0.0932
vn 0.6167 0.7816 -0.0932
vn 0.6167 0.7816 -0.0932
vn 0.6167 0.7816 -0.0932
vn 0.6167 0.7816 -0.0932
vn 0.6167 0.7816 -0.0932
vn -0.4978 0.8343 0.2369
vn -0.4978 0.8343 0.2369
vn -0.4978 0.8343 0.2369
vn -0.4978 0.8343 0.2369
vn -0.4978 0.8343 0.2369
vn -0.4978 0.8343 0.2369
vn 0.3296 0.6416 0.6926
vn 0.3296 0.6416 0.6926
vn 0.3296 0.6416 0.6926
vn 0.3296 0.6416 0.6926
vn 0.3296 0.6416 0.6926
vn 0.3296 0.6416 0.6926
vn -0.4068 0.8374 -0.3651
vn -0.4068 0.8374 -0.3651
vn -0.4068 0.8374 -0.3651
vn -0.4068 0.8374 -0.3651
vn -0.4068 0.8374 -0.3651
vn -0.4068 0.8374 -0.3651
vn -0.2646 0.9182 0.2948
vn -0.2646 0.9182 0.2948
vn -0.2646 0.9182 0.2948
vn -0.2646 0.9182 0.2948
vn -0.2646 0.9182 0.2948
vn -0.2646 0.9182 0.2948
vn 0.3909 0.6541 -0.6476
vn 0.3909 0.6541 -0.6476
vn 0.3909 0.6541 -0.6476
vn 0.3909 0.6541 -0.6476
vn 0.3909 0.6541 -0.6476
vn 0.3909 0.6541 -0.6476
vn -0.4058 0.8805 -0.2449
vn -0.4058 0.8805 -0.2449
vn -0.4058 0.8805 -0.2449
vn -0.4058 0.8805 -0.2449
vn -0.4058 0.8805 -0.2449
vn -0.4058 0.8805 -0.2449
vn 0.0616 0.9365 0.3452
vn 0.0616 0.9365 0.3452
vn 0.0616 0.9365 0.3452
vn 0.0616 0.9365 0.3452
vn 0.0616 0.9365 0.3452
vn 0.0616 0.9365 0.3452
vn 0.7415 0.6578 -0.1323
vn 0.7415 0.6578 -0.1323
vn 0.7415 0.6578 -0.1323
vn 0.7415 0.6578 -0.1323
vn 0.7415 0.6578 -0.1323
vn 0.7415 0.6578 -0.1323
vn -0.6837 0.5903 -0.4290
vn -0.6837 0.5903 -0.4290
vn -0.6837 0.5903 -0.4290
vn -0.6837 0.5903 -0.4290
vn -0.6837 0.5903 -0.4290
vn -0.6837 0.5903 -0.4290
vn -0.3332 0.7792 0.5309
vn -0.3332 0.7792 0.5309
vn -0.3332 0.7792 0.5309
vn -0.3332 0.7792 0.5309
vn -0.3332 0.7792 0.5309
vn -0.3332 0.7792 0.5309
vn -0.6312 0.6649 0.3993
vn -0.6312 0.6649 0.3993
vn -0.6312 0.6649 0.3993
vn -0.6312 0.6649 0.3993
vn -0.6312 0.6649 0.3993
vn -0.6312 0.6649 0.3993
vn 0.2861 0.8447 0.4523
vn 0.2861 0.8447 0.4523
vn 0.2861 0.8447 0.4523
vn 0.2861 0.8447 0.4523
vn 0.2861 0.8447 0.4523
vn 0.2861 0.8447 0.4523
vn 0.3923 0.8779 0.2746
vn 0.3923 0.8779 0.2746
vn 0.3923 0.8779 0.2746
vn 0.3923 0.8779 0.2746
vn 0.3923 0.8779 0.2746
vn 0.3923 0.8779 0.2746
vn 0.3345 0.8123 -0.4779
vn 0.3345 0.8123 -0.4779
vn 0.3345 0.8123 -0.4779
vn 0.3345 0.8123 -0.4779
vn 0.3345 0.8123 -0.4779
vn 0.3345 0.8123 -0.4779
vn 0.4533 0.7077 -0.5419
vn 0.4533 0.7077 -0.5419
vn 0.4533 0.7077 -0.5419
vn 0.4533 0.7077 -0.5419
vn 0.4533 0.7077 -0.5419
vn 0.4533 0.7077 -0.5419
vn -0.4093 0.8457 -0.3424
vn -0.4093 0.8457 -0.3424
vn -0.4093 0.8457 -0.3424
vn -0.4093 0.8457 -0.3424
vn -0.4093 0.8457 -0.3424
vn -0.4093 0.8457 -0.3424
vn 0.4168 0.8204 -0.3915
vn 0.4168 0.8204 -0.3915
vn 0.4168 0.8204 -0.3915
vn 0.4168 0.8204 -0.3915
vn 0.4168 0.8204 -0.3915
vn 0.4168 0.8204 -0.3915
vn -0.2829 0.9106 -0.3012
vn -0.2829 0.9106 -0.3012
vn -0.2829 0.9106 -0.3012
vn -0.2829 0.9106 -0.3012
vn -0.2829 0.9106 -0.3012
vn -0.2829 0.9106 -0.3012
vn -0.1985 0.6741 -0.7115
vn -0.1985 0.6741 -0.7115
vn -0.1985 0.6741 -0.7115
vn -0.1985 0.6741 -0.7115
vn -0.1985 0.6741 -0.7115
vn -0.1985 0.6741 -0.7115
vn -0.5832 0.7959 0.1627
vn -0.5832 0.7959 0.1627
vn -0.5832 0.7959 0.1627
vn -0.5832 0.7959 0.1627
vn -0.5832 0.7959 0.1627
vn -0.5832 0.7959 0.1627
vn 0.0656 0.5116 -0.8567
vn 0.0656 0.5116 -0.8567
vn 0.0656 0.5116 -0.8567
vn 0.0656 0.5116 -0.8567
vn 0.0656 0.5116 -0.8567
vn 0.0656 0.5116 -0.8567
vn -0.5058 0.8618 -0.0387
vn -0.5058 0.8618 -0.0387
vn -0.5058 0.8618 -0.0387
vn -0.5058 0.8618 -0.0387
vn -0.5058 0.8618 -0.0387
vn -0.5058 0.8618 -0.0387
vn -0.3263 0.5595 -0.7619
vn -0.3263 0.5595 -0.7619
vn -0.3263 0.5595 -0.7619
vn -0.3263 0.5595 -0.7619
vn -0.3263 0.5595 -0.7619
vn -0.3263 0.5595 -0.7619
vn -0.5383 0.8106 0.2306
vn -0.5383 0.8106 0.2306
vn -0.5383 0.8106 0.2306
vn -0.5383 0.8106 0.2306
vn -0.5383 0.8106 0.2306
vn -0.5383 0.8106 0.2306
vn -0.6678 0.5691 -0.4797
vn -0.6678 0.5691 -0.4797
vn -0.6678 0.5691 -0.4797
vn -0.6678 0.5691 -0.4797
vn -0.6678 0.5691 -0.4797
vn -0.6678 0.5691 -0.4797
vn -0.2095 0.9333 0.2916
vn -0.2095 0.9333 0.2916
vn -0.2095 0.9333 0.2916
vn -0.2095 0.9333 0.2916
vn -0.2095 0.9333 0.2916
vn -0.2095 0.9333 0.2916
vn -0.2768 0.7877 0.5503
vn -0.2768 0.7877 0.5503
vn -0.2768 0.7877 0.5503
vn -0.2768 0.7877 0.5503
vn -0.2768 0.7877 0.5503
vn -0.2768 0.7877 0.5503
vn 0.3841 0.9029 0.1932
vn 0.3841 0.9029 0.1932
vn 0.3841 0.9029 0.1932
vn 0.3841 0.9029 0.1932
vn 0.3841 0.9029 0.1932
vn 0.3841 0.9029 0.1932
vn -0.5700 0.7325 -0.3722
vn -0.5700 0.7325 -0.3722
vn -0.5700 0.7325 -0.3722
vn -0.5700 0.7325 -0.3722
vn -0.5700 0.7325 -0.3722
vn -0.5700 0.7325 -0.3722
vn -0.3957 0.6902 0.6059
vn -0.3957 0.6902 0.6059
vn -0.3957 0.6902 0.6059
vn -0.3957 0.6902 0.6059
vn -0.3957 0.6902 0.6059
vn -0.3957 0.6902 0.6059
vn 0.0565 0.5897 0.8056
vn 0.0565 0.5897 0.8056
vn 0.0565 0.5897 0.8056
vn 0.0565 0.5897 0.8056
vn 0.0565 0.5897 0.8056
vn 0.0565 0.5897 0.8056
vn 0.5752 0.8170 -0.0404
vn 0.5752 0.8170 -0.0404
vn 0.5752 0.8170 -0.0404
vn 0.5752 0.8170 -0.0404
vn 0.5752 0.8170 -0.0404
vn 0.5752 0.8170 -0.0404
vn 0.2385 0.8578 0.4553
vn 0.2385 0.8578 0.4553
vn 0.2385 0.8578 0.4553
vn 0.2385 0.8578 0.4553
vn 0.2385 0.8578 0.4553
vn 0.2385 0.8578 0.4553
vn 0.5460 0.7874 -0.2861
vn 0.5460 0.7874 -0.2861
vn 0.5460 0.7874 -0.2861
vn 0.5460 0.7874 -0.2861
vn 0.5460 0.7874 -0.2861
vn 0.5460 0.7874 -0.2861
vn 0.0033 0.9171 -0.3986
vn 0.0033 0.9171 -0.3986
vn 0.0033 0.9171 -0.3986
vn 0.0033 0.9171 -0.3986
vn 0.0033 0.9171 -0.3986
vn 0.0033 0.9171 -0.3986
vn -0.7410 0.6714 -0.0061
vn -0.7410 0.6714 -0.0061
vn -0.7410 0.6714 -0.0061
vn -0.7410 0.6714 -0.0061
vn -0.7410 0.6714 -0.0061
vn -0.7410 0.6714 -0.0061
vn 0.5052 0.6257 0.5944
vn 0.5052 0.6257 0.5944
vn 0.5052 0.6257 0.5944
vn 0.5052 0.6257 0.5944
vn 0.5052 0.6257 0.5944
vn 0.5052 0.6257 0.5944
vn 0.4408 0.8157 -0.3747
vn 0.4408 0.8157 -0.3747
vn 0.4408 0.8157 -0.3747
vn 0.4408 0.8157 -0.3747
vn 0.4408 0.8157 -0.3747
vn 0.4408 0.8157 -0.3747
vn -0.3280 0.9162 -0.2303
vn -0.3280 0.9162 -0.2303
vn -0.3280 0.9162 -0.2303
vn -0.3280 0.9162 -0.2303
vn -0.3280 0.9162 -0.2303
vn -0.3280 0.9162 -0.2303
vn -0.4421 0.6387 0.6298
vn -0.4421 0.6387 0.6298
vn -0.4421 0.6387 0.6298
vn -0.4421 0.6387 0.6298
vn -0.4421 0.6387 0.6298
vn -0.4421 0.6387 0.6298
vn -0.3764 0.8072 -0.4548
vn -0.3764 0.8072 -0.4548
vn -0.3764 0.8072 -0.4548
vn -0.3764 0.8072 -0.4548
vn -0.3764 0.8072 -0.4548
vn -0.3764 0.8072 -0.4548
vn -0.6659 0.5029 0.5511
vn -0.6659 0.5029 0.5511
vn -0.6659 0.5029 0.5511
vn -0.6659 0.5029 0.5511
vn -0.6659 0.5029 0.5511
vn -0.6659 0.5029 0.5511
vn -0.5395 0.7062 -0.4585
vn -0.5395 0.7062 -0.4585
vn -0.5395 0.7062 -0.4585
vn -0.5395 0.7062 -0.4585
vn -0.5395 0.7062 -0.4585
vn -0.5395 0.7062 -0.4585
vn -0.4437 0.7285 0.5220
vn -0.4437 0.7285 0.5220
vn -0.4437 0.7285 0.5220
vn -0.4437 0.7285 0.5220
vn -0.4437 0.7285 0.5220
vn -0.4437 0.7285 0.5220
vn 0.5999 0.7835 -0.1621
vn 0.5999 0.7835 -0.1621
vn 0.5999 0.7835 -0.1621
vn 0.5999 0.7835 -0.1621
vn 0.5999 0.7835 -0.1621
vn 0.5999 0.7835 -0.1621
vn -0.1412 0.8408 -0.5226
vn -0.1412 0.8408 -0.5226
vn -0.1412 0.8408 -0.5226
vn -0.1412 0.8408 -0.5226
vn -0.1412 0.8408 -0.5226
vn -0.1412 0.8408 -0.5226
vn -0.3395 0.8691 -0.3598
vn -0.3395 0.8691 -0.3598
vn -0.3395 0.8691 -0.3598
vn -0.3395 0.8691 -0.3598
vn -0.3395 0.8691 -0.3598
vn -0.3395 0.8691 -0.3598
vn -0.4234 0.8131 0.3994
vn -0.4234 0.8131 0.3994
vn -0.4234 0.8131 0.3994
vn -0.4234 0.8131 0.3994
vn -0.4234 0.8131 0.3994
vn -0.4234 0.8131 0.3994
vn -0.1333 0.9300 -0.3427
vn -0.1333 0.9300 -0.3427
vn -0.1333 0.9300 -0.3427
vn -0.1333 0.9300 -0.3427
vn -0.1333 0.9300 -0.3427
vn -0.1333 0.9300 -0.3427
vn -0.4196 0.8929 0.1632
vn -0.4196 0.8929 0.1632
vn -0.4196 0.8929 0.1632
vn -0.4196 0.8929 0.1632
vn -0.4196 0.8929 0.1632
vn -0.4196 0.8929 0.1632
vn -0.3479 0.9302 0.1168
vn -0.3479 0.9302 0.1168
vn -0.3479 0.9302 0.1168
vn -0.3479 0.9302 0.1168
vn -0.3479 0.9302 0.1168
vn -0.3479 0.9302 0.1168
vn 0.1977 0.7834 0.5892
vn 0.1977 0.7834 0.5892
vn 0.1977 0.7834 0.5892
vn 0.1977 0.7834 0.5892
vn 0.1977 0.7834 0.5892
vn 0.1977 0.7834 0.5892
vn -0.0367 0.8473 0.5298
vn -0.0367 0.8473 0.5298
vn -0.0367 0.8473 0.5298
vn -0.0367 0.8473 0.5298
vn -0.0367 0.8473 0.5298
vn -0.0367 0.8473 0.5298
vn 0.7294 0.6823 0.0505
vn 0.7294 0.6823 0.0505
vn 0.7294 0.6823 0.0505
vn 0.7294 0.6823 0.0505
vn 0.7294 0.6823 0.0505
vn 0.7294 0.6823 0.0505
vn 0.4952 0.8276 0.2644
vn 0.4952 0.8276 0.2644
vn 0.4952 0.8276 0.2644
vn 0.4952 0.8276 0.2644
vn 0.4952 0.8276 0.2644
vn 0.4952 0.8276 0.2644
vn 0.3607 0.6432 -0.6754
vn 0.3607 0.6432 -0.6754
vn 0.3607 0.6432 -0.6754
vn 0.3607 0.6432 -0.6754
vn 0.3607 0.6432 -0.6754
vn 0.3607 0.6432 -0.6754
vn -0.5769 0.6459 0.5000
vn -0.5769 0.6459 0.5000
vn -0.5769 0.6459 0.5000
vn -0.5769 0.6459 0.5000
vn -0.5769 0.6459 0.5000
vn -0.5769 0.6459 0.5000
vn 0.5613 0.5153 0.6476
vn 0.5613 0.5153 0.6476
vn 0.5613 0.5153 0.6476
vn 0.5613 0.5153 0.6476
vn 0.5613 0.5153 0.6476
vn 0.5613 0.5153 0.6476
vn 0.4172 0.9043 0.0910
vn 0.4172 0.9043 0.0910
vn 0.4172 0.9043 0.0910
vn 0.4172 0.9043 0.0910
vn 0.4172 0.9043 0.0910
vn 0.4172 0.9043 0.0910
vn 0.1774 0.5546 -0.8130
vn 0.1774 0.5546 -0.8130
vn 0.1774 0.5546 -0.8130
vn 0.1774 0.5546 -0.8130
vn 0.1774 0.5546 -0.8130
vn 0.1774 0.5546 -0.8130
vn 0.1691 0.8098 0.5618
vn 0.1691 0.8098 0.5618
vn 0.1691 0.8098 0.5618
vn 0.1691 0.8098 0.5618
vn 0.1691 0.8098 0.5618
vn 0.1691 0.8098 0.5618
vn 0.7479 0.6244 -0.2251
vn 0.7479 0.6244 -0.2251
vn 0.7479 0.6244 -0.2251
vn 0.7479 0.6244 -0.2251
vn 0.7479 0.6244 -0.2251
vn 0.7479 0.6244 -0.2251
vn -0.1247 0.9115 0.3920
vn -0.1247 0.9115 0.3920
vn -0.1247 0.9115 0.3920
vn -0.1247 0.9115 0.3920
vn -0.1247 0.9115 0.3920
vn -0.1247 0.9115 0.3920
vn 0.6521 0.7292 0.2074
vn 0.6521 0.7292 0.2074
vn 0.6521 0.7292 0.2074
vn 0.6521 0.7292 0.2074
vn 0.6521 0.7292 0.2074
vn 0.6521 0.7292 0.2074
vn -0.0618 0.5876 0.8068
vn -0.0618 0.5876 0.8068
vn -0.0618 0.5876 0.8068
vn -0.0618 0.5876 0.8068
vn -0.0618 0.5876 0.8068
vn -0.0618 0.5876 0.8068
vn 0.7231 0.6886 0.0553
vn 0.7231 0.6886 0.0553
vn 0.7231 0.6886 0.0553
vn 0.7231 0.6886 0.0553
vn 0.7231 0.6886 0.0553
vn 0.7231 0.6886 0.0553
vn -0.7183 0.6243 -0.3070
vn -0.7183 0.6243 -0.3070
vn -0.7183 0.6243 -0.3070
vn -0.7183 0.6243 -0.3070
vn -0.7183 0.6243 -0.3070
vn -0.7183 0.6243 -0.3070
vn -0.2811 0.6989 0.6577
vn -0.2811 0.6989 0.6577
vn -0.2811 0.6989 0.6577
vn -0.2811 0.6989 0.6577
vn -0.2811 0.6989 0.6577
vn -0.2811 0.6989 0.6577
vn -0.2099 0.9296 0.3029
vn -0.2099 0.9296 0.3029
vn -0.2099 0.9296 0.3029
vn -0.2099 0.9296 0.3029
vn -0.2099 0.9296 0.3029
vn -0.2099 0.9296 0.3029
vn 0.3255 0.9182 0.2255
vn 0.3255 0.9182 0.2255
vn 0.3255 0.9182 0.2255
vn 0.3255 0.9182 0.2255
vn 0.3255 0.9182 0.2255
vn 0.3255 0.9182 0.2255
vn -0.2551 0.6238 -0.7388
vn -0.2551 0.6238 -0.7388
vn -0.2551 0.6238 -0.7388
vn -0.2551 0.6238 -0.7388
vn -0.2551 0.6238 -0.7388
vn -0.2551 0.6238 -0.7388
vn -0.4083 0.9019 0.1410
vn -0.4083 0.9019 0.1410
vn -0.4083 0.9019 0.1410
vn -0.4083 0.9019 0.1410
vn -0.4083 0.9019 0.1410
vn -0.4083 0.9019 0.1410
vn 0.1113 0.6493 0.7523
vn 0.1113 0.6493 0.7523
vn 0.1113 0.6493 0.7523
vn 0.1113 0.6493 0.7523
vn 0.1113 0.6493 0.7523
vn 0.1113 0.6493 0.7523
vn 0.5740 0.8144 -0.0849
vn 0.5740 0.8144 -0.0849
vn 0.5740 0.8144 -0.0849
vn 0.5740 0.8144 -0.0849
vn 0.5740 0.8144 -0.0849
vn 0.5740 0.8144 -0.0849
vn 0.6088 0.7924 -0.0384
vn 0.6088 0.7924 -0.0384
vn 0.6088 0.7924 -0.0384
vn 0.6088 0.7924 -0.0384
vn 0.6088 0.7924 -0.0384
vn 0.6088 0.7924 -0.0384
vn -0.0323 0.8582 -0.5123
vn -0.0323 0.8582 -0.5123
vn -0.0323 0.8582 -0.5123
vn -0.0323 0.8582 -0.5123
vn -0.0323 0.8582 -0.5123
vn -0.0323 0.8582 -0.5123
vn 0.0221 0.5400 -0.8414
vn 0.0221 0.5400 -0.8414
vn 0.0221 0.5400 -0.8414
vn 0.0221 0.5400 -0.8414
vn 0.0221 0.5400 -0.8414
vn 0.0221 0.5400 -0.8414
vn -0.8401 0.5419 -0.0220
vn -0.8401 0.5419 -0.0220
vn -0.8401 0.5419 -0.0220
vn -0.8401 0.5419 -0.0220
vn -0.8401 0.5419 -0.0220
vn -0.8401 0.5419 -0.0220
vn -0.5257 0.6315 0.5700
vn -0.5257 0.6315 0.5700
vn -0.5257 0.6315 0.5700
vn -0.5257 0.6315 0.5700
vn -0.5257 0.6315 0.5700
vn -0.5257 0.6315 0.5700
vn 0.3996 0.8393 0.3685
vn 0.3996 0.8393 0.3685
vn 0.3996 0.8393 0.3685
vn 0.3996 0.8393 0.3685
vn 0.3996 0.8393 0.3685
vn 0.3996 0.8393 0.3685
vn 0.1072 0.8740 -0.4739
vn 0.1072 0.8740 -0.4739
vn 0.1072 0.8740 -0.4739
vn 0.1072 0.8740 -0.4739
vn 0.1072 0.8740 -0.4739
vn 0.1072 0.8740 -0.4739
vn -0.3659 0.9270 -0.0828
vn -0.3659 0.9270 -0.0828
vn -0.3659 0.9270 -0.0828
vn -0.3659 0.9270 -0.0828
vn -0.3659 0.9270 -0.0828
vn -0.3659 0.9270 -0.0828
vn 0.1614 0.7543 -0.6364
vn 0.1614 0.7543 -0.6364
vn 0.1614 0.7543 -0.6364
vn 0.1614 0.7543 -0.6364
vn 0.1614 0.7543 -0.6364
vn 0.1614 0.7543 -0.6364
vn -0.5727 0.8068 -0.1453
vn -0.5727 0.8068 -0.1453
vn -0.5727 0.8068 -0.1453
vn -0.5727 0.8068 -0.1453
vn -0.5727 0.8068 -0.1453
vn -0.5727 0.8068 -0.1453
vn 0.0987 0.7738 -0.6257
vn 0.0987 0.7738 -0.6257
vn 0.0987 0.7738 -0.6257
vn 0.0987 0.7738 -0.6257
vn 0.0987 0.7738 -0.6257
vn 0.0987 0.7738 -0.6257
vn -0.5155 0.8530 -0.0813
vn -0.5155 0.8530 -0.0813
vn -0.5155 0.8530 -0.0813
vn -0.5155 0.8530 -0.0813
vn -0.5155 0.8530 -0.0813
vn -0.5155 0.8530 -0.0813
vn -0.1560 0.6001 0.7846
vn -0.1560 0.6001 0.7846
vn -0.1560 0.6001 0.7846
vn -0.1560 0.6001 0.7846
vn -0.1560 0.6001 0.7846
vn -0.1560 0.6001 0.7846
vn 0.4881 0.8674 0.0970
vn 0.4881 0.8674 0.0970
vn 0.4881 0.8674 0.0970
vn 0.4881 0.8674 0.0970
vn 0.4881 0.8674 0.0970
vn 0.4881 0.8674 0.0970
vn 0.4403 0.5860 0.6802
vn 0.4403 0.5860 0.6802
vn 0.4403 0.5860 0.6802
vn 0.4403 0.5860 0.6802
vn 0.4403 0.5860 0.6802
vn 0.4403 0.5860 0.6802
vn 0.3636 0.9013 -0.2354
vn 0.3636 0.9013 -0.2354
vn 0.3636 0.9013 -0.2354
vn 0.3636 0.9013 -0.2354
vn 0.3636 0.9013 -0.2354
vn 0.3636 0.9013 -0.2354
vn -0.3811 0.9210 -0.0811
vn -0.3811 0.9210 -0.0811
vn -0.3811 0.9210 -0.0811
vn -0.3811 0.9210 -0.0811
vn -0.3811 0.9210 -0.0811
vn -0.3811 0.9210 -0.0811
vn -0.1343 0.7638 0.6313
vn -0.1343 0.7638 0.6313
vn -0.1343 0.7638 0.6313
vn -0.1343 0.7638 0.6313
vn -0.1343 0.7638 0.6313
vn -0.1343 0.7638 0.6313
vn -0.6032 0.7838 -0.1473
vn -0.6032 0.7838 -0.1473
vn -0.6032 0.7838 -0.1473
vn -0.6032 0.7838 -0.1473
vn -0.6032 0.7838 -0.1473
vn -0.6032 0.7838 -0.1473
vn -0.1462 0.7874 0.5989
vn -0.1462 0.7874 0.5989
vn -0.1462 0.7874 0.5989
vn -0.1462 0.7874 0.5989
vn -0.1462 0.7874 0.5989
vn -0.1462 0.7874 0.5989
vn 0.2513 0.9396 -0.2323
vn 0.2513 0.9396 -0.2323
vn 0.2513 0.9396 -0.2323
vn 0.2513 0.9396 -0.2323
vn 0.2513 0.9396 -0.2323
vn 0.2513 0.9396 -0.2323
vn -0.4637 0.7303 -0.5016
vn -0.4637 0.7303 -0.5016
vn -0.4637 0.7303 -0.5016
vn -0.4637 0.7303 -0.5016
vn -0.4637 0.7303 -0.5016
vn -0.4637 0.7303 -0.5016
vn 0.0267 0.8380 0.5450
vn 0.0267 0.8380 0.5450
vn 0.0267 0.8380 0.5450
vn 0.0267 0.8380 0.5450
vn 0.0267 0.8380 0.5450
vn 0.0267 0.8380 0.5450
vn 0.8044 0.5928 -0.0394
vn 0.8044 0.5928 -0.0394
vn 0.8044 0.5928 -0.0394
vn 0.8044 0.5928 -0.0394
vn 0.8044 0.5928 -0.0394
vn 0.8044 0.5928 -0.0394
vn 0.3762 0.8683 -0.3234
vn 0.3762 0.8683 -0.3234
vn 0.3762 0.8683 -0.3234
vn 0.3762 0.8683 -0.3234
vn 0.3762 0.8683 -0.3234
vn 0.3762 0.8683 -0.3234
vn -0.5477 0.5424 -0.6371
vn -0.5477 0.5424 -0.6371
vn -0.5477 0.5424 -0.6371
vn -0.5477 0.5424 -0.6371
vn -0.5477 0.5424 -0.6371
vn -0.5477 0.5424 -0.6371
vn 0.6672 0.5273 -0.5261
vn 0.6672 0.5273 -0.5261
vn 0.6672 0.5273 -0.5261
vn 0.6672 0.5273 -0.5261
vn 0.6672 0.5273 -0.5261
vn 0.6672 0.5273 -0.5261
vn -0.3833 0.7854 -0.4860
vn -0.3833 0.7854 -0.4860
vn -0.3833 0.7854 -0.4860
vn -0.3833 0.7854 -0.4860
vn -0.3833 0.7854 -0.4860
vn -0.3833 0.7854 -0.4860
vn 0.2063 0.7105 0.6727
vn 0.2063 0.7105 0.6727
vn 0.2063 0.7105 0.6727
vn 0.2063 0.7105 0.6727
vn 0.2063 0.7105 0.6727
vn 0.2063 0.7105 0.6727
vn 0.5770 0.7973 -0.1769
vn 0.5770 0.7973 -0.1769
vn 0.5770 0.7973 -0.1769
vn 0.5770 0.7973 -0.1769
vn 0.5770 0.7973 -0.1769
vn 0.5770 0.7973 -0.1769
vn 0.7074 0.6754 0.2086
vn 0.7074 0.6754 0.2086
vn 0.7074 0.6754 0.2086
vn 0.7074 0.6754 0.2086
vn 0.7074 0.6754 0.2086
vn 0.7074 0.6754 0.2086
vn 0.1117 0.9187 -0.3788
vn 0.1117 0.9187 -0.3788
vn 0.1117 0.9187 -0.3788
vn 0.1117 0.9187 -0.3788
vn 0.1117 0.9187 -0.3788
vn 0.1117 0.9187 -0.3788
vn -0.5466 0.5659 -0.6172
vn -0.5466 0.5659 -0.6172
vn -0.5466 0.5659 -0.6172
vn -0.5466 0.5659 -0.6172
vn -0.5466 0.5659 -0.6172
vn -0.5466 0.5659 -0.6172
vn -0.4204 0.8274 0.3723
vn -0.4204 0.8274 0.3723
vn -0.4204 0.8274 0.3723
vn -0.4204 0.8274 0.3723
vn -0.4204 0.8274 0.3723
vn -0.4204 0.8274 0.3723
vn 0.6473 0.5839 -0.4899
vn 0.6473 0.5839 -0.4899
vn 0.6473 0.5839 -0.4899
vn 0.6473 0.5839 -0.4899
vn 0.6473 0.5839 -0.4899
vn 0.6473 0.5839 -0.4899
vn -0.4128 0.7295 -0.5453
vn -0.4128 0.7295 -0.5453
vn -0.4128 0.7295 -0.5453
vn -0.4128 0.7295 -0.5453
vn -0.4128 0.7295 -0.5453
vn -0.4128 0.7295 -0.5453
vn -0.6939 0.5911 0.4113
vn -0.6939 0.5911 0.4113
vn -0.6939 0.5911 0.4113
vn -0.6939 0.5911 0.4113
vn -0.6939 0.5911 0.4113
vn -0.6939 0.5911 0.4113
vn 0.3233 0.7733 0.5454
vn 0.3233 0.7733 0.5454
vn 0.3233 0.7733 0.5454
vn 0.3233 0.7733 0.5454
vn 0.3233 0.7733 0.5454
vn 0.3233 0.7733 0.5454
vn -0.0719 0.9176 0.3911
vn -0.0719 0.9176 0.3911
vn -0.0719 0.9176 0.3911
vn -0.0719 0.9176 0.3911
vn -0.0719 0.9176 0.3911
vn -0.0719 0.9176 0.3911
vn 0.8012 0.5800 0.1473
vn 0.8012 0.5800 0.1473
vn 0.8012 0.5800 0.1473
vn 0.8012 0.5800 0.1473
vn 0.8012 0.5800 0.1473
vn 0.8012 0.5800 0.1473
vn 0.0646 0.8000 -0.5964
vn 0.0646 0.8000 -0.5964
vn 0.0646 0.8000 -0.5964
vn 0.0646 0.8000 -0.5964
vn 0.0646 0.8000 -0.5964
vn 0.0646 0.8000 -0.5964
vn -0.5239 0.8499 -0.0568
vn -0.5239 0.8499 -0.0568
vn -0.5239 0.8499 -0.0568
vn -0.5239 0.8499 -0.0568
vn -0.5239 0.8499 -0.0568
vn -0.5239 0.8499 -0.0568
vn -0.1122 0.7971 -0.5934
vn -0.1122 0.7971 -0.5934
vn -0.1122 0.7971 -0.5934
vn -0.1122 0.7971 -0.5934
vn -0.1122 0.7971 -0.5934
vn -0.1122 0.7971 -0.5934
vn -0.6490 0.7508 0.1227
vn -0.6490 0.7508 0.1227
vn -0.6490 0.7508 0.1227
vn -0.6490 0.7508 0.1227
vn -0.6490 0.7508 0.1227
vn -0.6490 0.7508 0.1227
vn 0.7038 0.6642 -0.2520
vn 0.7038 0.6642 -0.2520
vn 0.7038 0.6642 -0.2520
vn 0.7038 0.6642 -0.2520
vn 0.7038 0.6642 -0.2520
vn 0.7038 0.6642 -0.2520
vn -0.2811 0.5520 -0.7850
vn -0.2811 0.5520 -0.7850
vn -0.2811 0.5520 -0.7850
vn -0.2811 0.5520 -0.7850
vn -0.2811 0.5520 -0.7850
vn -0.2811 0.5520 -0.7850
vn -0.2848 0.9135 -0.2905
vn -0.2848 0.9135 -0.2905
vn -0.2848 0.9135 -0.2905
vn -0.2848 0.9135 -0.2905
vn -0.2848 0.9135 -0.2905
vn -0.2848 0.9135 -0.2905
vn -0.5371 0.6590 0.5265
vn -0.5371 0.6590 0.5265
vn -0.5371 0.6590 0.5265
vn -0.5371 0.6590 0.5265
vn -0.5371 0.6590 0.5265
vn -0.5371 0.6590 0.5265
vn -0.3181 0.8645 0.3891
vn -0.3181 0.8645 0.3891
vn -0.3181 0.8645 0.3891
vn -0.3181 0.8645 0.3891
vn -0.3181 0.8645 0.3891
vn -0.3181 0.8645 0.3891
vn 0.2860 0.9292 0.2338
vn 0.2860 0.9292 0.2338
vn 0.2860 0.9292 0.2338
vn 0.2860 0.9292 0.2338
vn 0.2860 0.9292 0.2338
vn 0.2860 0.9292 0.2338
vn -0.4986 0.8174 0.2885
vn -0.4986 0.8174 0.2885
vn -0.4986 0.8174 0.2885
vn -0.4986 0.8174 0.2885
vn -0.4986 0.8174 0.2885
vn -0.4986 0.8174 0.2885
vn 0.2759 0.8345 0.4769
vn 0.2759 0.8345 0.4769
vn 0.2759 0.8345 0.4769
vn 0.2759 0.8345 0.4769
vn 0.2759 0.8345 0.4769
vn 0.2759 0.8345 0.4769
vn 0.2015 0.6022 0.7725
vn 0.2015 0.6022 0.7725
vn 0.2015 0.6022 0.7725
vn 0.2015 0.6022 0.7725
vn 0.2015 0.6022 0.7725
vn 0.2015 0.6022 0.7725
vn 0.4370 0.8922 -0.1140
vn 0.4370 0.8922 -0.1140
vn 0.4370 0.8922 -0.1140
vn 0.4370 0.8922 -0.1140
vn 0.4370 0.8922 -0.1140
vn 0.4370 0.8922 -0.1140
vn -0.2580 0.7673 0.5871
vn -0.2580 0.7673 0.5871
vn -0.2580 0.7673 0.5871
vn -0.2580 0.7673 0.5871
vn -0.2580 0.7673 0.5871
vn -0.2580 0.7673 0.5871
vn 0.6389 0.7162 0.2807
vn 0.6389 0.7162 0.2807
vn 0.6389 0.7162 0.2807
vn 0.6389 0.7162 0.2807
vn 0.6389 0.7162 0.2807
vn 0.6389 0.7162 0.2807
vn 0.7301 0.5139 -0.4504
vn 0.7301 0.5139 -0.4504
vn 0.7301 0.5139 -0.4504
vn 0.7301 0.5139 -0.4504
vn 0.7301 0.5139 -0.4504
vn 0.7301 0.5139 -0.4504
vn -0.1971 0.9269 -0.3194
vn -0.1971 0.9269 -0.3194
vn -0.1971 0.9269 -0.3194
vn -0.1971 0.9269 -0.3194
vn -0.1971 0.9269 -0.3194
vn -0.1971 0.9269 -0.3194
vn 0.2580 0.7889 -0.5578
vn 0.2580 0.7889 -0.5578
vn 0.2580 0.7889 -0.5578
vn 0.2580 0.7889 -0.5578
vn 0.2580 0.7889 -0.5578
vn 0.2580 0.7889 -0.5578
vn -0.5923 0.7577 -0.2740
vn -0.5923 0.7577 -0.2740
vn -0.5923 0.7577 -0.2740
vn -0.5923 0.7577 -0.2740
vn -0.5923 0.7577 -0.2740
vn -0.5923 0.7577 -0.2740
vn -0.1290 0.8072 0.5761
vn -0.1290 0.8072 0.5761
vn -0.1290 0.8072 0.5761
vn -0.1290 0.8072 0.5761
vn -0.1290 0.8072 0.5761
vn -0.1290 0.8072 0.5761
vn 0.6531 0.7430 0.1462
vn 0.6531 0.7430 0.1462
vn 0.6531 0.7430 0.1462
vn 0.6531 0.7430 0.1462
vn 0.6531 0.7430 0.1462
vn 0.6531 0.7430 0.1462
vn 0.5659 0.5832 -0.5828
vn 0.5659 0.5832 -0.5828
vn 0.5659 0.5832 -0.5828
vn 0.5659 0.5832 -0.5828
vn 0.5659 0.5832 -0.5828
vn 0.5659 0.5832 -0.5828
vn -0.5280 0.6771 -0.5126
vn -0.5280 0.6771 -0.5126
vn -0.5280 0.6771 -0.5126
vn -0.5280 0.6771 -0.5126
vn -0.5280 0.6771 -0.5126
vn -0.5280 0.6771 -0.5126
vn 0.0650 0.8221 0.5656
vn 0.0650 0.8221 0.5656
vn 0.0650 0.8221 0.5656
vn 0.0650 0.8221 0.5656
vn 0.0650 0.8221 0.5656
vn 0.0650 0.8221 0.5656
vn 0.6195 0.7818 -0.0712
vn 0.6195 0.7818 -0.0712
vn 0.6195 0.7818 -0.0712
vn 0.6195 0.7818 -0.0712
vn 0.6195 0.7818 -0.0712
vn 0.6195 0.7818 -0.0712
vn 0.3711 0.9252 0.0797
vn 0.3711 0.9252 0.0797
vn 0.3711 0.9252 0.0797
vn 0.3711 0.9252 0.0797
vn 0.3711 0.9252 0.0797
vn 0.3711 0.9252 0.0797
vn 0.1108 0.8495 -0.5158
vn 0.1108 0.8495 -0.5158
vn 0.1108 0.8495 -0.5158
vn 0.1108 0.8495 -0.5158
vn 0.1108 0.8495 -0.5158
vn 0.1108 0.8495 -0.5158
vn -0.1343 0.7936 -0.5934
vn -0.1343 0.7936 -0.5934
vn -0.1343 0.7936 -0.5934
vn -0.1343 0.7936 -0.5934
vn -0.1343 0.7936 -0.5934
vn -0.1343 0.7936 -0.5934
vn -0.3847 0.9189 0.0871
vn -0.3847 0.9189 0.0871
vn -0.3847 0.9189 0.0871
vn -0.3847 0.9189 0.0871
vn -0.3847 0.9189 0.0871
vn -0.3847 0.9189 0.0871
vn 0.0077 0.6373 -0.7706
vn 0.0077 0.6373 -0.7706
vn 0.0077 0.6373 -0.7706
vn 0.0077 0.6373 -0.7706
vn 0.0077 0.6373 -0.7706
vn 0.0077 0.6373 -0.7706
vn -0.7890 0.6143 -0.0079
vn -0.7890 0.6143 -0.0079
vn -0.7890 0.6143 -0.0079
vn -0.7890 0.6143 -0.0079
vn -0.7890 0.6143 -0.0079
vn -0.7890 0.6143 -0.0079
vn -0.5622 0.6611 0.4969
vn -0.5622 0.6611 0.4969
vn -0.5622 0.6611 0.4969
vn -0.5622 0.6611 0.4969
vn -0.5622 0.6611 0.4969
vn -0.5622 0.6611 0.4969
vn 0.2565 0.9219 0.2903
vn 0.2565 0.9219 0.2903
vn 0.2565 0.9219 0.2903
vn 0.2565 0.9219 0.2903
vn 0.2565 0.9219 0.2903
vn 0.2565 0.9219 0.2903
vn 0.6067 0.5033 -0.6153
vn 0.6067 0.5033 -0.6153
vn 0.6067 0.5033 -0.6153
vn 0.6067 0.5033 -0.6153
vn 0.6067 0.5033 -0.6153
vn 0.6067 0.5033 -0.6153
vn -0.5724 0.5947 -0.5645
vn -0.5724 0.5947 -0.5645
vn -0.5724 0.5947 -0.5645
vn -0.5724 0.5947 -0.5645
vn -0.5724 0.5947 -0.5645
vn -0.5724 0.5947 -0.5645
vn 0.3555 0.9330 -0.0561
vn 0.3555 0.9330 -0.0561
vn 0.3555 0.9330 -0.0561
vn 0.3555 0.9330 -0.0561
vn 0.3555 0.9330 -0.0561
vn 0.3555 0.9330 -0.0561
vn -0.0711 0.8900 -0.4504
vn -0.0711 0.8900 -0.4504
vn -0.0711 0.8900 -0.4504
vn -0.0711 0.8900 -0.4504
vn -0.0711 0.8900 -0.4504
vn -0.0711 0.8900 -0.4504
vn 0.4454 0.6836 -0.5782
vn 0.4454 0.6836 -0.5782
vn 0.4454 0.6836 -0.5782
vn 0.4454 0.6836 -0.5782
vn 0.4454 0.6836 -0.5782
vn 0.4454 0.6836 -0.5782
vn -0.3119 0.9192 -0.2403
vn -0.3119 0.9192 -0.2403
vn -0.3119 0.9192 -0.2403
vn -0.3119 0.9192 -0.2403
vn -0.3119 0.9192 -0.2403
vn -0.3119 0.9192 -0.2403
vn 0.3830 0.8232 0.4191
vn 0.3830 0.8232 0.4191
vn 0.3830 0.8232 0.4191
vn 0.3830 0.8232 0.4191
vn 0.3830 0.8232 0.4191
vn 0.3830 0.8232 0.4191
vn 0.6051 0.5727 -0.5530
vn 0.6051 0.5727 -0.5530
vn 0.6051 0.5727 -0.5530
vn 0.6051 0.5727 -0.5530
vn 0.6051 0.5727 -0.5530
vn 0.6051 0.5727 -0.5530
vn -0.6523 0.6497 0.3905
vn -0.6523 0.6497 0.3905
vn -0.6523 0.6497 0.3905
vn -0.6523 0.6497 0.3905
vn -0.6523 0.6497 0.3905
vn -0.6523 0.6497 0.3905
vn 0.2115 0.9113 0.3533
vn 0.2115 0.9113 0.3533
vn 0.2115 0.9113 0.3533
vn 0.2115 0.9113 0.3533
vn 0.2115 0.9113 0.3533
vn 0.2115 0.9113 0.3533
vn -0.5388 0.5642 0.6257
vn -0.5388 0.5642 0.6257
vn -0.5388 0.5642 0.6257
vn -0.5388 0.5642 0.6257
vn -0.5388 0.5642 0.6257
vn -0.5388 0.5642 0.6257
vn 0.4558 0.7989 0.3925
vn 0.4558 0.7989 0.3925
vn 0.4558 0.7989 0.3925
vn 0.4558 0.7989 0.3925
vn 0.4558 0.7989 0.3925
vn 0.4558 0.7989 0.3925
vn -0.5856 0.8106 -0.0009
vn -0.5856 0.8106 -0.0009
vn -0.5856 0.8106 -0.0009
vn -0.5856 0.8106 -0.0009
vn -0.5856 0.8106 -0.0009
vn -0.5856 0.8106 -0.0009
vn -0.0010 0.7889 0.6146
vn -0.0010 0.7889 0.6146
vn -0.0010 0.7889 0.6146
vn -0.0010 0.7889 0.6146
vn -0.0010 0.7889 0.6146
vn -0.0010 0.7889 0.6146
vn -0.3584 0.7600 -0.5421
vn -0.3584 0.7600 -0.5421
vn -0.3584 0.7600 -0.5421
vn -0.3584 0.7600 -0.5421
vn -0.3584 0.7600 -0.5421
vn -0.3584 0.7600 -0.5421
vn -0.6188 0.6707 0.4090
vn -0.6188 0.6707 0.4090
vn -0.6188 0.6707 0.4090
vn -0.6188 0.6707 0.4090
vn -0.6188 0.6707 0.4090
vn -0.6188 0.6707 0.4090
vn 0.0265 0.8832 0.4682
vn 0.0265 0.8832 0.4682
vn 0.0265 0.8832 0.4682
vn 0.0265 0.8832 0.4682
vn 0.0265 0.8832 0.4682
vn 0.0265 0.8832 0.4682
vn 0.5296 0.8477 -0.0300
vn 0.5296 0.8477 -0.0300
vn 0.5296 0.8477 -0.0300
vn 0.5296 0.8477 -0.0300
vn 0.5296 0.8477 -0.0300
vn 0.5296 0.8477 -0.0300
vn 0.4205 0.8881 -0.1854
vn 0.4205 0.8881 -0.1854
vn 0.4205 0.8881 -0.1854
vn 0.4205 0.8881 -0.1854
vn 0.4205 0.8881 -0.1854
vn 0.4205 0.8881 -0.1854
vn -0.3328 0.5655 -0.7547
vn -0.3328 0.5655 -0.7547
vn -0.3328 0.5655 -0.7547
vn -0.3328 0.5655 -0.7547
vn -0.3328 0.5655 -0.7547
vn -0.3328 0.5655 -0.7547
vn -0.5881 0.6013 0.5409
vn -0.5881 0.6013 0.5409
vn -0.5881 0.6013 0.5409
vn -0.5881 0.6013 0.5409
vn -0.5881 0.6013 0.5409
vn -0.5881 0.6013 0.5409
vn 0.3242 0.8779 0.3525
vn 0.3242 0.8779 0.3525
vn 0.3242 0.8779 0.3525
vn 0.3242 0.8779 0.3525
vn 0.3242 0.8779 0.3525
vn 0.3242 0.8779 0.3525
vn -0.3491 0.9323 -0.0949
vn -0.3491 0.9323 -0.0949
vn -0.3491 0.9323 -0.0949
vn -0.3491 0.9323 -0.0949
vn -0.3491 0.9323 -0.0949
vn -0.3491 0.9323 -0.0949
vn -0.1654 0.7760 0.6087
vn -0.1654 0.7760 0.6087
vn -0.1654 0.7760 0.6087
vn -0.1654 0.7760 0.6087
vn -0.1654 0.7760 0.6087
vn -0.1654 0.7760 0.6087
vn -0.6200 0.7171 -0.3183
vn -0.6200 0.7171 -0.3183
vn -0.6200 0.7171 -0.3183
vn -0.6200 0.7171 -0.3183
vn -0.6200 0.7171 -0.3183
vn -0.6200 0.7171 -0.3183
vn -0.2309 0.8628 0.4498
vn -0.2309 0.8628 0.4498
vn -0.2309 0.8628 0.4498
vn -0.2309 0.8628 0.4498
vn -0.2309 0.8628 0.4498
vn -0.2309 0.8628 0.4498
vn -0.3769 0.8079 0.4530
vn -0.3769 0.8079 0.4530
vn -0.3769 0.8079 0.4530
vn -0.3769 0.8079 0.4530
vn -0.3769 0.8079 0.4530
vn -0.3769 0.8079 0.4530
vn 0.4553 0.8058 0.3788
vn 0.4553 0.8058 0.3788
vn 0.4553 0.8058 0.3788
vn 0.4553 0.8058 0.3788
vn 0.4553 0.8058 0.3788
vn 0.4553 0.8058 0.3788
vn 0.0440 0.8408 0.5395
vn 0.0440 0.8408 0.5395
vn 0.0440 0.8408 0.5395
vn 0.0440 0.8408 0.5395
vn 0.0440 0.8408 0.5395
vn 0.0440 0.8408 0.5395
vn 0.5919 0.8046 -0.0483
vn 0.5919 0.8046 -0.0483
vn 0.5919 0.8046 -0.0483
vn 0.5919 0.8046 -0.0483
vn 0.5919 0.8046 -0.0483
vn 0.5919 0.8046 -0.0483
vn -0.2235 0.8401 0.4942
vn -0.2235 0.8401 0.4942
vn -0.2235 0.8401 0.4942
vn -0.2235 0.8401 0.4942
vn -0.2235 0.8401 0.4942
vn -0.2235 0.8401 0.4942
vn 0.4693 0.8572 0.2122
vn 0.4693 0.8572 0.2122
vn 0.4693 0.8572 0.2122
vn 0.4693 0.8572 0.2122
vn 0.4693 0.8572 0.2122
vn 0.4693 0.8572 0.2122
vn 0.4912 0.8188 -0.2972
vn 0.4912 0.8188 -0.2972
vn 0.4912 0.8188 -0.2972
vn 0.4912 0.8188 -0.2972
vn 0.4912 0.8188 -0.2972
vn 0.4912 0.8188 -0.2972
vn -0.3759 0.6875 -0.6213
vn -0.3759 0.6875 -0.6213
vn -0.3759 0.6875 -0.6213
vn -0.3759 0.6875 -0.6213
vn -0.3759 0.6875 -0.6213
vn -0.3759 0.6875 -0.6213
vn 0.3275 0.7618 -0.5589
vn 0.3275 0.7618 -0.5589
vn 0.3275 0.7618 -0.5589
vn 0.3275 0.7618 -0.5589
vn 0.3275 0.7618 -0.5589
vn 0.3275 0.7618 -0.5589
vn -0.6953 0.5921 -0.4075
vn -0.6953 0.5921 -0.4075
vn -0.6953 0.5921 -0.4075
vn -0.6953 0.5921 -0.4075
vn -0.6953 0.5921 -0.4075
vn -0.6953 0.5921 -0.4075
vn 0.3363 0.9280 0.1602
vn 0.3363 0.9280 0.1602
vn 0.3363 0.9280 0.1602
vn 0.3363 0.9280 0.1602
vn 0.3363 0.9280 0.1602
vn 0.3363 0.9280 0.1602
vn 0.1837 0.9042 -0.3856
vn 0.1837 0.9042 -0.3856
vn 0.1837 0.9042 -0.3856
vn 0.1837 0.9042 -0.3856
vn 0.1837 0.9042 -0.3856
vn 0.1837 0.9042 -0.3856
vn -0.0293 -0.9314 -0.3629
vn -0.0293 -0.9314 -0.3629
vn -0.0293 -0.9314 -0.3629
vn -0.0293 -0.9314 -0.3629
vn -0.0293 -0.9314 -0.3629
vn -0.0293 -0.9314 -0.3629
vn -0.8011 -0.5951 0.0647
vn -0.8011 -0.5951 0.0647
vn -0.8011 -0.5951 0.0647
vn -0.8011 -0.5951 0.0647
vn -0.8011 -0.5951 0.0647
vn -0.8011 -0.5951 0.0647
vn -0.6083 -0.7458 -0.2715
vn -0.6083 -0.7458 -0.2715
vn -0.6083 -0.7458 -0.2715
vn -0.6083 -0.7458 -0.2715
vn -0.6083 -0.7458 -0.2715
vn -0.6083 -0.7458 -0.2715
vn -0.1601 -0.9196 0.3587
vn -0.1601 -0.9196 0.3587
vn -0.1601 -0.9196 0.3587
vn -0.1601 -0.9196 0.3587
vn -0.1601 -0.9196 0.3587
vn -0.1601 -0.9196 0.3587
vn -0.3176 -0.8178 -0.4799
vn -0.3176 -0.8178 -0.4799
vn -0.3176 -0.8178 -0.4799
vn -0.3176 -0.8178 -0.4799
vn -0.3176 -0.8178 -0.4799
vn -0.3176 -0.8178 -0.4799
vn -0.4257 -0.8599 0.2817
vn -0.4257 -0.8599 0.2817
vn -0.4257 -0.8599 0.2817
vn -0.4257 -0.8599 0.2817
vn -0.4257 -0.8599 0.2817
vn -0.4257 -0.8599 0.2817
vn 0.1712 -0.9172 -0.3598
vn 0.1712 -0.9172 -0.3598
vn 0.1712 -0.9172 -0.3598
vn 0.1712 -0.9172 -0.3598
vn 0.1712 -0.9172 -0.3598
vn 0.1712 -0.9172 -0.3598
vn -0.6591 -0.6835 -0.3136
vn -0.6591 -0.6835 -0.3136
vn -0.6591 -0.6835 -0.3136
vn -0.6591 -0.6835 -0.3136
vn -0.6591 -0.6835 -0.3136
vn -0.6591 -0.6835 -0.3136
vn 0.1757 -0.9294 -0.3246
vn 0.1757 -0.9294 -0.3246
vn 0.1757 -0.9294 -0.3246
vn 0.1757 -0.9294 -0.3246
vn 0.1757 -0.9294 -0.3246
vn 0.1757 -0.9294 -0.3246
vn -0.3346 -0.9248 -0.1811
vn -0.3346 -0.9248 -0.1811
vn -0.3346 -0.9248 -0.1811
vn -0.3346 -0.9248 -0.1811
vn -0.3346 -0.9248 -0.1811
vn -0.3346 -0.9248 -0.1811
vn 0.5814 -0.6006 0.5489
vn 0.5814 -0.6006 0.5489
vn 0.5814 -0.6006 0.5489
vn 0.5814 -0.6006 0.5489
vn 0.5814 -0.6006 0.5489
vn 0.5814 -0.6006 0.5489
vn 0.2695 -0.9197 -0.2854
vn 0.2695 -0.9197 -0.2854
vn 0.2695 -0.9197 -0.2854
vn 0.2695 -0.9197 -0.2854
vn 0.2695 -0.9197 -0.2854
vn 0.2695 -0.9197 -0.2854
vn -0.4209 -0.7340 -0.5330
vn -0.4209 -0.7340 -0.5330
vn -0.4209 -0.7340 -0.5330
vn -0.4209 -0.7340 -0.5330
vn -0.4209 -0.7340 -0.5330
vn -0.4209 -0.7340 -0.5330
vn -0.3443 -0.8986 0.2719
vn -0.3443 -0.8986 0.2719
vn -0.3443 -0.8986 0.2719
vn -0.3443 -0.8986 0.2719
vn -0.3443 -0.8986 0.2719
vn -0.3443 -0.8986 0.2719
vn 0.4527 -0.6929 -0.5613
vn 0.4527 -0.6929 -0.5613
vn 0.4527 -0.6929 -0.5613
vn 0.4527 -0.6929 -0.5613
vn 0.4527 -0.6929 -0.5613
vn 0.4527 -0.6929 -0.5613
vn -0.5787 -0.6687 -0.4667
vn -0.5787 -0.6687 -0.4667
vn -0.5787 -0.6687 -0.4667
vn -0.5787 -0.6687 -0.4667
vn -0.5787 -0.6687 -0.4667
vn -0.5787 -0.6687 -0.4667
vn 0.3877 -0.7219 0.5732
vn 0.3877 -0.7219 0.5732
vn 0.3877 -0.7219 0.5732
vn 0.3877 -0.7219 0.5732
vn 0.3877 -0.7219 0.5732
vn 0.3877 -0.7219 0.5732
vn 0.6799 -0.5711 -0.4599
vn 0.6799 -0.5711 -0.4599
vn 0.6799 -0.5711 -0.4599
vn 0.6799 -0.5711 -0.4599
vn 0.6799 -0.5711 -0.4599
vn 0.6799 -0.5711 -0.4599
vn -0.4928 -0.7803 -0.3851
vn -0.4928 -0.7803 -0.3851
vn -0.4928 -0.7803 -0.3851
vn -0.4928 -0.7803 -0.3851
vn -0.4928 -0.7803 -0.3851
vn -0.4928 -0.7803 -0.3851
vn -0.4196 -0.7318 0.5370
vn -0.4196 -0.7318 0.5370
vn -0.4196 -0.7318 0.5370
vn -0.4196 -0.7318 0.5370
vn -0.4196 -0.7318 0.5370
vn -0.4196 -0.7318 0.5370
vn 0.4792 -0.8571 -0.1890
vn 0.4792 -0.8571 -0.1890
vn 0.4792 -0.8571 -0.1890
vn 0.4792 -0.8571 -0.1890
vn 0.4792 -0.8571 -0.1890
vn 0.4792 -0.8571 -0.1890
vn -0.2499 -0.7322 -0.6335
vn -0.2499 -0.7322 -0.6335
vn -0.2499 -0.7322 -0.6335
vn -0.2499 -0.7322 -0.6335
vn -0.2499 -0.7322 -0.6335
vn -0.2499 -0.7322 -0.6335
vn -0.2450 -0.9068 0.3431
vn -0.2450 -0.9068 0.3431
vn -0.2450 -0.9068 0.3431
vn -0.2450 -0.9068 0.3431
vn -0.2450 -0.9068 0.3431
vn -0.2450 -0.9068 0.3431
vn 0.6895 -0.5313 0.4923
vn 0.6895 -0.5313 0.4923
vn 0.6895 -0.5313 0.4923
vn 0.6895 -0.5313 0.4923
vn 0.6895 -0.5313 0.4923
vn 0.6895 -0.5313 0.4923
vn 0.5725 -0.8174 -0.0636
vn 0.5725 -0.8174 -0.0636
vn 0.5725 -0.8174 -0.0636
vn 0.5725 -0.8174 -0.0636
vn 0.5725 -0.8174 -0.0636
vn 0.5725 -0.8174 -0.0636
vn -0.0617 -0.8292 -0.5555
vn -0.0617 -0.8292 -0.5555
vn -0.0617 -0.8292 -0.5555
vn -0.0617 -0.8292 -0.5555
vn -0.0617 -0.8292 -0.5555
vn -0.0617 -0.8292 -0.5555
vn -0.0311 -0.9334 0.3574
vn -0.0311 -0.9334 0.3574
vn -0.0311 -0.9334 0.3574
vn -0.0311 -0.9334 0.3574
vn -0.0311 -0.9334 0.3574
vn -0.0311 -0.9334 0.3574
vn 0.3585 -0.9330 0.0312
vn 0.3585 -0.9330 0.0312
vn 0.3585 -0.9330 0.0312
vn 0.3585 -0.9330 0.0312
vn 0.3585 -0.9330 0.0312
vn 0.3585 -0.9330 0.0312
vn 0.6942 -0.5083 0.5096
vn 0.6942 -0.5083 0.5096
vn 0.6942 -0.5083 0.5096
vn 0.6942 -0.5083 0.5096
vn 0.6942 -0.5083 0.5096
vn 0.6942 -0.5083 0.5096
vn 0.4278 -0.6909 -0.5828
vn 0.4278 -0.6909 -0.5828
vn 0.4278 -0.6909 -0.5828
vn 0.4278 -0.6909 -0.5828
vn 0.4278 -0.6909 -0.5828
vn 0.4278 -0.6909 -0.5828
vn 0.4126 -0.6693 -0.6178
vn 0.4126 -0.6693 -0.6178
vn 0.4126 -0.6693 -0.6178
vn 0.4126 -0.6693 -0.6178
vn 0.4126 -0.6693 -0.6178
vn 0.4126 -0.6693 -0.6178
vn -0.5224 -0.7780 -0.3489
vn -0.5224 -0.7780 -0.3489
vn -0.5224 -0.7780 -0.3489
vn -0.5224 -0.7780 -0.3489
vn -0.5224 -0.7780 -0.3489
vn -0.5224 -0.7780 -0.3489
vn -0.0498 -0.8057 -0.5902
vn -0.0498 -0.8057 -0.5902
vn -0.0498 -0.8057 -0.5902
vn -0.0498 -0.8057 -0.5902
vn -0.0498 -0.8057 -0.5902
vn -0.0498 -0.8057 -0.5902
vn -0.6895 -0.7220 0.0582
vn -0.6895 -0.7220 0.0582
vn -0.6895 -0.7220 0.0582
vn -0.6895 -0.7220 0.0582
vn -0.6895 -0.7220 0.0582
vn -0.6895 -0.7220 0.0582
vn 0.6208 -0.6618 -0.4204
vn 0.6208 -0.6618 -0.4204
vn 0.6208 -0.6618 -0.4204
vn 0.6208 -0.6618 -0.4204
vn 0.6208 -0.6618 -0.4204
vn 0.6208 -0.6618 -0.4204
vn -0.4262 -0.6499 -0.6293
vn -0.4262 -0.6499 -0.6293
vn -0.4262 -0.6499 -0.6293
vn -0.4262 -0.6499 -0.6293
vn -0.4262 -0.6499 -0.6293
vn -0.4262 -0.6499 -0.6293
vn -0.2314 -0.8654 0.4446
vn -0.2314 -0.8654 0.4446
vn -0.2314 -0.8654 0.4446
vn -0.2314 -0.8654 0.4446
vn -0.2314 -0.8654 0.4446
vn -0.2314 -0.8654 0.4446
vn 0.7289 -0.5700 0.3794
vn 0.7289 -0.5700 0.3794
vn 0.7289 -0.5700 0.3794
vn 0.7289 -0.5700 0.3794
vn 0.7289 -0.5700 0.3794
vn 0.7289 -0.5700 0.3794
vn 0.6757 -0.7176 0.1689
vn 0.6757 -0.7176 0.1689
vn 0.6757 -0.7176 0.1689
vn 0.6757 -0.7176 0.1689
vn 0.6757 -0.7176 0.1689
vn 0.6757 -0.7176 0.1689
vn 0.1391 -0.8193 -0.5563
vn 0.1391 -0.8193 -0.5563
vn 0.1391 -0.8193 -0.5563
vn 0.1391 -0.8193 -0.5563
vn 0.1391 -0.8193 -0.5563
vn 0.1391 -0.8193 -0.5563
vn 0.2258 -0.8850 0.4071
vn 0.2258 -0.8850 0.4071
vn 0.2258 -0.8850 0.4071
vn 0.2258 -0.8850 0.4071
vn 0.2258 -0.8850 0.4071
vn 0.2258 -0.8850 0.4071
vn 0.7260 -0.5575 -0.4026
vn 0.7260 -0.5575 -0.4026
vn 0.7260 -0.5575 -0.4026
vn 0.7260 -0.5575 -0.4026
vn 0.7260 -0.5575 -0.4026
vn 0.7260 -0.5575 -0.4026
vn -0.4325 -0.6209 -0.6538
vn -0.4325 -0.6209 -0.6538
vn -0.4325 -0.6209 -0.6538
vn -0.4325 -0.6209 -0.6538
vn -0.4325 -0.6209 -0.6538
vn -0.4325 -0.6209 -0.6538
vn -0.3873 -0.8856 0.2562
vn -0.3873 -0.8856 0.2562
vn -0.3873 -0.8856 0.2562
vn -0.3873 -0.8856 0.2562
vn -0.3873 -0.8856 0.2562
vn -0.3873 -0.8856 0.2562
vn -0.0705 -0.6536 -0.7535
vn -0.0705 -0.6536 -0.7535
vn -0.0705 -0.6536 -0.7535
vn -0.0705 -0.6536 -0.7535
vn -0.0705 -0.6536 -0.7535
vn -0.0705 -0.6536 -0.7535
vn -0.6328 -0.7720 0.0592
vn -0.6328 -0.7720 0.0592
vn -0.6328 -0.7720 0.0592
vn -0.6328 -0.7720 0.0592
vn -0.6328 -0.7720 0.0592
vn -0.6328 -0.7720 0.0592
vn 0.1386 -0.8390 -0.5262
vn 0.1386 -0.8390 -0.5262
vn 0.1386 -0.8390 -0.5262
vn 0.1386 -0.8390 -0.5262
vn 0.1386 -0.8390 -0.5262
vn 0.1386 -0.8390 -0.5262
vn -0.7496 -0.6317 -0.1975
vn -0.7496 -0.6317 -0.1975
vn -0.7496 -0.6317 -0.1975
vn -0.7496 -0.6317 -0.1975
vn -0.7496 -0.6317 -0.1975
vn -0.7496 -0.6317 -0.1975
vn -0.1548 -0.6127 0.7750
vn -0.1548 -0.6127 0.7750
vn -0.1548 -0.6127 0.7750
vn -0.1548 -0.6127 0.7750
vn -0.1548 -0.6127 0.7750
vn -0.1548 -0.6127 0.7750
vn 0.6336 -0.7633 0.1265
vn 0.6336 -0.7633 0.1265
vn 0.6336 -0.7633 0.1265
vn 0.6336 -0.7633 0.1265
vn 0.6336 -0.7633 0.1265
vn 0.6336 -0.7633 0.1265
vn 0.3916 -0.8540 -0.3426
vn 0.3916 -0.8540 -0.3426
vn 0.3916 -0.8540 -0.3426
vn 0.3916 -0.8540 -0.3426
vn 0.3916 -0.8540 -0.3426
vn 0.3916 -0.8540 -0.3426
vn -0.4614 -0.7134 -0.5275
vn -0.4614 -0.7134 -0.5275
vn -0.4614 -0.7134 -0.5275
vn -0.4614 -0.7134 -0.5275
vn -0.4614 -0.7134 -0.5275
vn -0.4614 -0.7134 -0.5275
vn 0.1218 -0.5746 0.8093
vn 0.1218 -0.5746 0.8093
vn 0.1218 -0.5746 0.8093
vn 0.1218 -0.5746 0.8093
vn 0.1218 -0.5746 0.8093
vn 0.1218 -0.5746 0.8093
vn 0.7751 -0.6210 -0.1167
vn 0.7751 -0.6210 -0.1167
vn 0.7751 -0.6210 -0.1167
vn 0.7751 -0.6210 -0.1167
vn 0.7751 -0.6210 -0.1167
vn 0.7751 -0.6210 -0.1167
vn 0.1357 -0.5634 -0.8150
vn 0.1357 -0.5634 -0.8150
vn 0.1357 -0.5634 -0.8150
vn 0.1357 -0.5634 -0.8150
vn 0.1357 -0.5634 -0.8150
vn 0.1357 -0.5634 -0.8150
vn -0.8382 -0.5271 -0.1395
vn -0.8382 -0.5271 -0.1395
vn -0.8382 -0.5271 -0.1395
vn -0.8382 -0.5271 -0.1395
vn -0.8382 -0.5271 -0.1395
vn -0.8382 -0.5271 -0.1395
vn 0.1122 -0.7868 0.6069
vn 0.1122 -0.7868 0.6069
vn 0.1122 -0.7868 0.6069
vn 0.1122 -0.7868 0.6069
vn 0.1122 -0.7868 0.6069
vn 0.1122 -0.7868 0.6069
vn 0.6555 -0.7454 -0.1212
vn 0.6555 -0.7454 -0.1212
vn 0.6555 -0.7454 -0.1212
vn 0.6555 -0.7454 -0.1212
vn 0.6555 -0.7454 -0.1212
vn 0.6555 -0.7454 -0.1212
vn 0.3367 -0.8600 0.3835
vn 0.3367 -0.8600 0.3835
vn 0.3367 -0.8600 0.3835
vn 0.3367 -0.8600 0.3835
vn 0.3367 -0.8600 0.3835
vn 0.3367 -0.8600 0.3835
vn 0.4530 -0.7978 -0.3978
vn 0.4530 -0.7978 -0.3978
vn 0.4530 -0.7978 -0.3978
vn 0.4530 -0.7978 -0.3978
vn 0.4530 -0.7978 -0.3978
vn 0.4530 -0.7978 -0.3978
vn 0.3305 -0.9165 -0.2253
vn 0.3305 -0.9165 -0.2253
vn 0.3305 -0.9165 -0.2253
vn 0.3305 -0.9165 -0.2253
vn 0.3305 -0.9165 -0.2253
vn 0.3305 -0.9165 -0.2253
vn -0.4708 -0.5489 -0.6907
vn -0.4708 -0.5489 -0.6907
vn -0.4708 -0.5489 -0.6907
vn -0.4708 -0.5489 -0.6907
vn -0.4708 -0.5489 -0.6907
vn -0.4708 -0.5489 -0.6907
vn -0.4926 -0.7790 0.3879
vn -0.4926 -0.7790 0.3879
vn -0.4926 -0.7790 0.3879
vn -0.4926 -0.7790 0.3879
vn -0.4926 -0.7790 0.3879
vn -0.4926 -0.7790 0.3879
vn 0.3627 -0.8102 0.4605
vn 0.3627 -0.8102 0.4605
vn 0.3627 -0.8102 0.4605
vn 0.3627 -0.8102 0.4605
vn 0.3627 -0.8102 0.4605
vn 0.3627 -0.8102 0.4605
vn 0.4050 -0.6865 0.6039
vn 0.4050 -0.6865 0.6039
vn 0.4050 -0.6865 0.6039
vn 0.4050 -0.6865 0.6039
vn 0.4050 -0.6865 0.6039
vn 0.4050 -0.6865 0.6039
vn 0.4360 -0.8511 -0.2924
vn 0.4360 -0.8511 -0.2924
vn 0.4360 -0.8511 -0.2924
vn 0.4360 -0.8511 -0.2924
vn 0.4360 -0.8511 -0.2924
vn 0.4360 -0.8511 -0.2924
vn 0.1250 -0.9107 0.3936
vn 0.1250 -0.9107 0.3936
vn 0.1250 -0.9107 0.3936
vn 0.1250 -0.9107 0.3936
vn 0.1250 -0.9107 0.3936
vn 0.1250 -0.9107 0.3936
vn 0.5812 -0.7925 -0.1846
vn 0.5812 -0.7925 -0.1846
vn 0.5812 -0.7925 -0.1846
vn 0.5812 -0.7925 -0.1846
vn 0.5812 -0.7925 -0.1846
vn 0.5812 -0.7925 -0.1846
vn 0.0120 -0.8481 0.5297
vn 0.0120 -0.8481 0.5297
vn 0.0120 -0.8481 0.5297
vn 0.0120 -0.8481 0.5297
vn 0.0120 -0.8481 0.5297
vn 0.0120 -0.8481 0.5297
vn 0.3518 -0.9360 -0.0080
vn 0.3518 -0.9360 -0.0080
vn 0.3518 -0.9360 -0.0080
vn 0.3518 -0.9360 -0.0080
vn 0.3518 -0.9360 -0.0080
vn 0.3518 -0.9360 -0.0080
vn 0.3382 -0.8996 0.2762
vn 0.3382 -0.8996 0.2762
vn 0.3382 -0.8996 0.2762
vn 0.3382 -0.8996 0.2762
vn 0.3382 -0.8996 0.2762
vn 0.3382 -0.8996 0.2762
vn 0.4584 -0.6890 -0.5614
vn 0.4584 -0.6890 -0.5614
vn 0.4584 -0.6890 -0.5614
vn 0.4584 -0.6890 -0.5614
vn 0.4584 -0.6890 -0.5614
vn 0.4584 -0.6890 -0.5614
vn 0.1490 -0.6052 -0.7820
vn 0.1490 -0.6052 -0.7820
vn 0.1490 -0.6052 -0.7820
vn 0.1490 -0.6052 -0.7820
vn 0.1490 -0.6052 -0.7820
vn 0.1490 -0.6052 -0.7820
vn -0.7600 -0.6336 -0.1448
vn -0.7600 -0.6336 -0.1448
vn -0.7600 -0.6336 -0.1448
vn -0.7600 -0.6336 -0.1448
vn -0.7600 -0.6336 -0.1448
vn -0.7600 -0.6336 -0.1448
vn 0.3389 -0.7883 -0.5136
vn 0.3389 -0.7883 -0.5136
vn 0.3389 -0.7883 -0.5136
vn 0.3389 -0.7883 -0.5136
vn 0.3389 -0.7883 -0.5136
vn 0.3389 -0.7883 -0.5136
vn -0.3294 -0.9189 -0.2173
vn -0.3294 -0.9189 -0.2173
vn -0.3294 -0.9189 -0.2173
vn -0.3294 -0.9189 -0.2173
vn -0.3294 -0.9189 -0.2173
vn -0.3294 -0.9189 -0.2173
vn 0.6888 -0.6608 -0.2982
vn 0.6888 -0.6608 -0.2982
vn 0.6888 -0.6608 -0.2982
vn 0.6888 -0.6608 -0.2982
vn 0.6888 -0.6608 -0.2982
vn 0.6888 -0.6608 -0.2982
vn -0.2256 -0.8231 -0.5211
vn -0.2256 -0.8231 -0.5211
vn -0.2256 -0.8231 -0.5211
vn -0.2256 -0.8231 -0.5211
vn -0.2256 -0.8231 -0.5211
vn -0.2256 -0.8231 -0.5211
vn 0.5540 -0.8324 -0.0120
vn 0.5540 -0.8324 -0.0120
vn 0.5540 -0.8324 -0.0120
vn 0.5540 -0.8324 -0.0120
vn 0.5540 -0.8324 -0.0120
vn 0.5540 -0.8324 -0.0120
vn -0.0172 -0.6049 -0.7961
vn -0.0172 -0.6049 -0.7961
vn -0.0172 -0.6049 -0.7961
vn -0.0172 -0.6049 -0.7961
vn -0.0172 -0.6049 -0.7961
vn -0.0172 -0.6049 -0.7961
vn 0.6110 -0.7564 -0.2336
vn 0.6110 -0.7564 -0.2336
vn 0.6110 -0.7564 -0.2336
vn 0.6110 -0.7564 -0.2336
vn 0.6110 -0.7564 -0.2336
vn 0.6110 -0.7564 -0.2336
vn -0.2748 -0.6388 -0.7186
vn -0.2748 -0.6388 -0.7186
vn -0.2748 -0.6388 -0.7186
vn -0.2748 -0.6388 -0.7186
vn -0.2748 -0.6388 -0.7186
vn -0.2748 -0.6388 -0.7186
vn 0.3622 -0.9301 -0.0612
vn 0.3622 -0.9301 -0.0612
vn 0.3622 -0.9301 -0.0612
vn 0.3622 -0.9301 -0.0612
vn 0.3622 -0.9301 -0.0612
vn 0.3622 -0.9301 -0.0612
vn -0.0760 -0.8898 -0.4500
vn -0.0760 -0.8898 -0.4500
vn -0.0760 -0.8898 -0.4500
vn -0.0760 -0.8898 -0.4500
vn -0.0760 -0.8898 -0.4500
vn -0.0760 -0.8898 -0.4500
vn 0.4473 -0.7690 0.4567
vn 0.4473 -0.7690 0.4567
vn 0.4473 -0.7690 0.4567
vn 0.4473 -0.7690 0.4567
vn 0.4473 -0.7690 0.4567
vn 0.4473 -0.7690 0.4567
vn 0.3293 -0.8874 -0.3226
vn 0.3293 -0.8874 -0.3226
vn 0.3293 -0.8874 -0.3226
vn 0.3293 -0.8874 -0.3226
vn 0.3293 -0.8874 -0.3226
vn 0.3293 -0.8874 -0.3226
vn -0.4097 -0.9042 -0.1207
vn -0.4097 -0.9042 -0.1207
vn -0.4097 -0.9042 -0.1207
vn -0.4097 -0.9042 -0.1207
vn -0.4097 -0.9042 -0.1207
vn -0.4097 -0.9042 -0.1207
vn -0.1999 -0.7069 0.6785
vn -0.1999 -0.7069 0.6785
vn -0.1999 -0.7069 0.6785
vn -0.1999 -0.7069 0.6785
vn -0.1999 -0.7069 0.6785
vn -0.1999 -0.7069 0.6785
vn -0.2847 -0.9365 -0.2048
vn -0.2847 -0.9365 -0.2048
vn -0.2847 -0.9365 -0.2048
vn -0.2847 -0.9365 -0.2048
vn -0.2847 -0.9365 -0.2048
vn -0.2847 -0.9365 -0.2048
vn -0.2664 -0.8898 0.3704
vn -0.2664 -0.8898 0.3704
vn -0.2664 -0.8898 0.3704
vn -0.2664 -0.8898 0.3704
vn -0.2664 -0.8898 0.3704
vn -0.2664 -0.8898 0.3704
vn -0.1257 -0.8985 0.4207
vn -0.1257 -0.8985 0.4207
vn -0.1257 -0.8985 0.4207
vn -0.1257 -0.8985 0.4207
vn -0.1257 -0.8985 0.4207
vn -0.1257 -0.8985 0.4207
vn 0.8034 -0.5448 0.2401
vn 0.8034 -0.5448 0.2401
vn 0.8034 -0.5448 0.2401
vn 0.8034 -0.5448 0.2401
vn 0.8034 -0.5448 0.2401
vn 0.8034 -0.5448 0.2401
vn -0.6320 -0.5956 0.4959
vn -0.6320 -0.5956 0.4959
vn -0.6320 -0.5956 0.4959
vn -0.6320 -0.5956 0.4959
vn -0.6320 -0.5956 0.4959
vn -0.6320 -0.5956 0.4959
vn 0.3811 -0.7867 0.4856
vn 0.3811 -0.7867 0.4856
vn 0.3811 -0.7867 0.4856
vn 0.3811 -0.7867 0.4856
vn 0.3811 -0.7867 0.4856
vn 0.3811 -0.7867 0.4856
vn -0.2025 -0.9231 0.3269
vn -0.2025 -0.9231 0.3269
vn -0.2025 -0.9231 0.3269
vn -0.2025 -0.9231 0.3269
vn -0.2025 -0.9231 0.3269
vn -0.2025 -0.9231 0.3269
vn 0.7038 -0.5609 0.4360
vn 0.7038 -0.5609 0.4360
vn 0.7038 -0.5609 0.4360
vn 0.7038 -0.5609 0.4360
vn 0.7038 -0.5609 0.4360
vn 0.7038 -0.5609 0.4360
vn 0.6952 -0.5463 -0.4672
vn 0.6952 -0.5463 -0.4672
vn 0.6952 -0.5463 -0.4672
vn 0.6952 -0.5463 -0.4672
vn 0.6952 -0.5463 -0.4672
vn 0.6952 -0.5463 -0.4672
vn -0.2254 -0.9147 -0.3355
vn -0.2254 -0.9147 -0.3355
vn -0.2254 -0.9147 -0.3355
vn -0.2254 -0.9147 -0.3355
vn -0.2254 -0.9147 -0.3355
vn -0.2254 -0.9147 -0.3355
vn -0.7497 -0.5664 0.3421
vn -0.7497 -0.5664 0.3421
vn -0.7497 -0.5664 0.3421
vn -0.7497 -0.5664 0.3421
vn -0.7497 -0.5664 0.3421
vn -0.7497 -0.5664 0.3421
vn 0.2488 -0.8006 0.5451
vn 0.2488 -0.8006 0.5451
vn 0.2488 -0.8006 0.5451
vn 0.2488 -0.8006 0.5451
vn 0.2488 -0.8006 0.5451
vn 0.2488 -0.8006 0.5451
vn 0.3481 -0.6645 0.6613
vn 0.3481 -0.6645 0.6613
vn 0.3481 -0.6645 0.6613
vn 0.3481 -0.6645 0.6613
vn 0.3481 -0.6645 0.6613
vn 0.3481 -0.6645 0.6613
vn 0.5258 -0.8043 -0.2768
vn 0.5258 -0.8043 -0.2768
vn 0.5258 -0.8043 -0.2768
vn 0.5258 -0.8043 -0.2768
vn 0.5258 -0.8043 -0.2768
vn 0.5258 -0.8043 -0.2768
vn 0.7459 -0.5071 -0.4318
vn 0.7459 -0.5071 -0.4318
vn 0.7459 -0.5071 -0.4318
vn 0.7459 -0.5071 -0.4318
vn 0.7459 -0.5071 -0.4318
vn 0.7459 -0.5071 -0.4318
vn -0.4032 -0.5937 -0.6964
vn -0.4032 -0.5937 -0.6964
vn -0.4032 -0.5937 -0.6964
vn -0.4032 -0.5937 -0.6964
vn -0.4032 -0.5937 -0.6964
vn -0.4032 -0.5937 -0.6964
vn -0.6094 -0.7455 -0.2701
vn -0.6094 -0.7455 -0.2701
vn -0.6094 -0.7455 -0.2701
vn -0.6094 -0.7455 -0.2701
vn -0.6094 -0.7455 -0.2701
vn -0.6094 -0.7455 -0.2701
vn -0.1825 -0.8929 0.4117
vn -0.1825 -0.8929 0.4117
vn -0.1825 -0.8929 0.4117
vn -0.1825 -0.8929 0.4117
vn -0.1825 -0.8929 0.4117
vn -0.1825 -0.8929 0.4117
vn -0.4607 -0.8792 0.1215
vn -0.4607 -0.8792 0.1215
vn -0.4607 -0.8792 0.1215
vn -0.4607 -0.8792 0.1215
vn -0.4607 -0.8792 0.1215
vn -0.4607 -0.8792 0.1215
vn 0.2119 -0.5562 0.8036
vn 0.2119 -0.5562 0.8036
vn 0.2119 -0.5562 0.8036
vn 0.2119 -0.5562 0.8036
vn 0.2119 -0.5562 0.8036
vn 0.2119 -0.5562 0.8036
vn 0.5489 -0.6062 -0.5755
vn 0.5489 -0.6062 -0.5755
vn 0.5489 -0.6062 -0.5755
vn 0.5489 -0.6062 -0.5755
vn 0.5489 -0.6062 -0.5755
vn 0.5489 -0.6062 -0.5755
vn -0.5595 -0.6343 -0.5335
vn -0.5595 -0.6343 -0.5335
vn -0.5595 -0.6343 -0.5335
vn -0.5595 -0.6343 -0.5335
vn -0.5595 -0.6343 -0.5335
vn -0.5595 -0.6343 -0.5335
vn 0.1703 -0.6944 0.6992
vn 0.1703 -0.6944 0.6992
vn 0.1703 -0.6944 0.6992
vn 0.1703 -0.6944 0.6992
vn 0.1703 -0.6944 0.6992
vn 0.1703 -0.6944 0.6992
vn 0.3382 -0.9375 -0.0824
vn 0.3382 -0.9375 -0.0824
vn 0.3382 -0.9375 -0.0824
vn 0.3382 -0.9375 -0.0824
vn 0.3382 -0.9375 -0.0824
vn 0.3382 -0.9375 -0.0824
vn -0.7548 -0.6344 0.1669
vn -0.7548 -0.6344 0.1669
vn -0.7548 -0.6344 0.1669
vn -0.7548 -0.6344 0.1669
vn -0.7548 -0.6344 0.1669
vn -0.7548 -0.6344 0.1669
vn 0.0854 -0.9186 0.3860
vn 0.0854 -0.9186 0.3860
vn 0.0854 -0.9186 0.3860
vn 0.0854 -0.9186 0.3860
vn 0.0854 -0.9186 0.3860
vn 0.0854 -0.9186 0.3860
vn 0.1587 -0.9024 -0.4006
vn 0.1587 -0.9024 -0.4006
vn 0.1587 -0.9024 -0.4006
vn 0.1587 -0.9024 -0.4006
vn 0.1587 -0.9024 -0.4006
vn 0.1587 -0.9024 -0.4006
vn -0.3923 -0.9066 -0.1553
vn -0.3923 -0.9066 -0.1553
vn -0.3923 -0.9066 -0.1553
vn -0.3923 -0.9066 -0.1553
vn -0.3923 -0.9066 -0.1553
vn -0.3923 -0.9066 -0.1553
vn 0.4119 -0.8797 0.2377
vn 0.4119 -0.8797 0.2377
vn 0.4119 -0.8797 0.2377
vn 0.4119 -0.8797 0.2377
vn 0.4119 -0.8797 0.2377
vn 0.4119 -0.8797 0.2377
vn 0.3252 -0.7594 -0.5635
vn 0.3252 -0.7594 -0.5635
vn 0.3252 -0.7594 -0.5635
vn 0.3252 -0.7594 -0.5635
vn 0.3252 -0.7594 -0.5635
vn 0.3252 -0.7594 -0.5635
vn -0.0672 -0.8926 0.4458
vn -0.0672 -0.8926 0.4458
vn -0.0672 -0.8926 0.4458
vn -0.0672 -0.8926 0.4458
vn -0.0672 -0.8926 0.4458
vn -0.0672 -0.8926 0.4458
vn 0.5106 -0.8563 0.0770
vn 0.5106 -0.8563 0.0770
vn 0.5106 -0.8563 0.0770
vn 0.5106 -0.8563 0.0770
vn 0.5106 -0.8563 0.0770
vn 0.5106 -0.8563 0.0770
vn 0.6929 -0.6604 -0.2895
vn 0.6929 -0.6604 -0.2895
vn 0.6929 -0.6604 -0.2895
vn 0.6929 -0.6604 -0.2895
vn 0.6929 -0.6604 -0.2895
vn 0.6929 -0.6604 -0.2895
vn -0.2176 -0.8256 -0.5207
vn -0.2176 -0.8256 -0.5207
vn -0.2176 -0.8256 -0.5207
vn -0.2176 -0.8256 -0.5207
vn -0.2176 -0.8256 -0.5207
vn -0.2176 -0.8256 -0.5207
vn 0.4748 -0.8397 -0.2635
vn 0.4748 -0.8397 -0.2635
vn 0.4748 -0.8397 -0.2635
vn 0.4748 -0.8397 -0.2635
vn 0.4748 -0.8397 -0.2635
vn 0.4748 -0.8397 -0.2635
vn -0.3278 -0.7373 -0.5907
vn -0.3278 -0.7373 -0.5907
vn -0.3278 -0.7373 -0.5907
vn -0.3278 -0.7373 -0.5907
vn -0.3278 -0.7373 -0.5907
vn -0.3278 -0.7373 -0.5907
vn 0.4300 -0.5198 -0.7382
vn 0.4300 -0.5198 -0.7382
vn 0.4300 -0.5198 -0.7382
vn 0.4300 -0.5198 -0.7382
vn 0.4300 -0.5198 -0.7382
vn 0.4300 -0.5198 -0.7382
vn -0.3316 -0.9234 -0.1932
vn -0.3316 -0.9234 -0.1932
vn -0.3316 -0.9234 -0.1932
vn -0.3316 -0.9234 -0.1932
vn -0.3316 -0.9234 -0.1932
vn -0.3316 -0.9234 -0.1932
vn -0.1099 -0.9367 0.3326
vn -0.1099 -0.9367 0.3326
vn -0.1099 -0.9367 0.3326
vn -0.1099 -0.9367 0.3326
vn -0.1099 -0.9367 0.3326
vn -0.1099 -0.9367 0.3326
vn 0.7295 -0.6401 0.2411
vn 0.7295 -0.6401 0.2411
vn 0.7295 -0.6401 0.2411
vn 0.7295 -0.6401 0.2411
vn 0.7295 -0.6401 0.2411
vn 0.7295 -0.6401 0.2411
vn -0.3529 -0.8375 -0.4173
vn -0.3529 -0.8375 -0.4173
vn -0.3529 -0.8375 -0.4173
vn -0.3529 -0.8375 -0.4173
vn -0.3529 -0.8375 -0.4173
vn -0.3529 -0.8375 -0.4173
vn -0.4934 -0.7631 0.4173
vn -0.4934 -0.7631 0.4173
vn -0.4934 -0.7631 0.4173
vn -0.4934 -0.7631 0.4173
vn -0.4934 -0.7631 0.4173
vn -0.4934 -0.7631 0.4173
vn -0.6583 -0.6426 0.3922
vn -0.6583 -0.6426 0.3922
vn -0.6583 -0.6426 0.3922
vn -0.6583 -0.6426 0.3922
vn -0.6583 -0.6426 0.3922
vn -0.6583 -0.6426 0.3922
vn 0.1830 -0.9339 0.3072
vn 0.1830 -0.9339 0.3072
vn 0.1830 -0.9339 0.3072
vn 0.1830 -0.9339 0.3072
vn 0.1830 -0.9339 0.3072
vn 0.1830 -0.9339 0.3072
vn 0.0275 -0.5332 0.8455
vn 0.0275 -0.5332 0.8455
vn 0.0275 -0.5332 0.8455
vn 0.0275 -0.5332 0.8455
vn 0.0275 -0.5332 0.8455
vn 0.0275 -0.5332 0.8455
vn 0.7283 -0.6848 -0.0237
vn 0.7283 -0.6848 -0.0237
vn 0.7283 -0.6848 -0.0237
vn 0.7283 -0.6848 -0.0237
vn 0.7283 -0.6848 -0.0237
vn 0.7283 -0.6848 -0.0237
vn 0.2028 -0.8948 0.3977
vn 0.2028 -0.8948 0.3977
vn 0.2028 -0.8948 0.3977
vn 0.2028 -0.8948 0.3977
vn 0.2028 -0.8948 0.3977
vn 0.2028 -0.8948 0.3977
vn 0.3079 -0.9384 -0.1570
vn 0.3079 -0.9384 -0.1570
vn 0.3079 -0.9384 -0.1570
vn 0.3079 -0.9384 -0.1570
vn 0.3079 -0.9384 -0.1570
vn 0.3079 -0.9384 -0.1570
vn -0.7467 -0.5957 0.2961
vn -0.7467 -0.5957 0.2961
vn -0.7467 -0.5957 0.2961
vn -0.7467 -0.5957 0.2961
vn -0.7467 -0.5957 0.2961
vn -0.7467 -0.5957 0.2961
vn 0.2190 -0.8045 0.5521
vn 0.2190 -0.8045 0.5521
vn 0.2190 -0.8045 0.5521
vn 0.2190 -0.8045 0.5521
vn 0.2190 -0.8045 0.5521
vn 0.2190 -0.8045 0.5521
vn 0.4228 -0.9062 -0.0097
vn 0.4228 -0.9062 -0.0097
vn 0.4228 -0.9062 -0.0097
vn 0.4228 -0.9062 -0.0097
vn 0.4228 -0.9062 -0.0097
vn 0.4228 -0.9062 -0.0097
vn -0.0177 -0.6317 -0.7750
vn -0.0177 -0.6317 -0.7750
vn -0.0177 -0.6317 -0.7750
vn -0.0177 -0.6317 -0.7750
vn -0.0177 -0.6317 -0.7750
vn -0.0177 -0.6317 -0.7750
vn -0.7058 -0.6827 0.1893
vn -0.7058 -0.6827 0.1893
vn -0.7058 -0.6827 0.1893
vn -0.7058 -0.6827 0.1893
vn -0.7058 -0.6827 0.1893
vn -0.7058 -0.6827 0.1893
vn 0.1836 -0.7055 0.6845
vn 0.1836 -0.7055 0.6845
vn 0.1836 -0.7055 0.6845
vn 0.1836 -0.7055 0.6845
vn 0.1836 -0.7055 0.6845
vn 0.1836 -0.7055 0.6845
vn -0.4273 -0.8705 -0.2442
vn -0.4273 -0.8705 -0.2442
vn -0.4273 -0.8705 -0.2442
vn -0.4273 -0.8705 -0.2442
vn -0.4273 -0.8705 -0.2442
vn -0.4273 -0.8705 -0.2442
vn -0.3389 -0.7304 0.5930
vn -0.3389 -0.7304 0.5930
vn -0.3389 -0.7304 0.5930
vn -0.3389 -0.7304 0.5930
vn -0.3389 -0.7304 0.5930
vn -0.3389 -0.7304 0.5930
vn 0.4302 -0.6762 -0.5981
vn 0.4302 -0.6762 -0.5981
vn 0.4302 -0.6762 -0.5981
vn 0.4302 -0.6762 -0.5981
vn 0.4302 -0.6762 -0.5981
vn 0.4302 -0.6762 -0.5981
vn -0.3487 -0.9031 -0.2508
vn -0.3487 -0.9031 -0.2508
vn -0.3487 -0.9031 -0.2508
vn -0.3487 -0.9031 -0.2508
vn -0.3487 -0.9031 -0.2508
vn -0.3487 -0.9031 -0.2508
vn 0.4123 -0.9040 0.1134
vn 0.4123 -0.9040 0.1134
vn 0.4123 -0.9040 0.1134
vn 0.4123 -0.9040 0.1134
vn 0.4123 -0.9040 0.1134
vn 0.4123 -0.9040 0.1134
vn 0.1303 -0.8708 -0.4741
vn 0.1303 -0.8708 -0.4741
vn 0.1303 -0.8708 -0.4741
vn 0.1303 -0.8708 -0.4741
vn 0.1303 -0.8708 -0.4741
vn 0.1303 -0.8708 -0.4741
vn -0.3386 -0.8050 -0.4872
vn -0.3386 -0.8050 -0.4872
vn -0.3386 -0.8050 -0.4872
vn -0.3386 -0.8050 -0.4872
vn -0.3386 -0.8050 -0.4872
vn -0.3386 -0.8050 -0.4872
vn -0.7005 -0.5217 0.4869
vn -0.7005 -0.5217 0.4869
vn -0.7005 -0.5217 0.4869
vn -0.7005 -0.5217 0.4869
vn -0.7005 -0.5217 0.4869
vn -0.7005 -0.5217 0.4869
vn 0.5420 -0.8356 -0.0890
vn 0.5420 -0.8356 -0.0890
vn 0.5420 -0.8356 -0.0890
vn 0.5420 -0.8356 -0.0890
vn 0.5420 -0.8356 -0.0890
vn 0.5420 -0.8356 -0.0890
vn -0.1336 -0.5662 -0.8134
vn -0.1336 -0.5662 -0.8134
vn -0.1336 -0.5662 -0.8134
vn -0.1336 -0.5662 -0.8134
vn -0.1336 -0.5662 -0.8134
vn -0.1336 -0.5662 -0.8134
vn -0.7265 -0.6858 -0.0436
vn -0.7265 -0.6858 -0.0436
vn -0.7265 -0.6858 -0.0436
vn -0.7265 -0.6858 -0.0436
vn -0.7265 -0.6858 -0.0436
vn -0.7265 -0.6858 -0.0436
vn -0.0357 -0.8027 0.5953
vn -0.0357 -0.8027 0.5953
vn -0.0357 -0.8027 0.5953
vn -0.0357 -0.8027 0.5953
vn -0.0357 -0.8027 0.5953
vn -0.0357 -0.8027 0.5953
vn -0.2865 -0.8702 -0.4008
vn -0.2865 -0.8702 -0.4008
vn -0.2865 -0.8702 -0.4008
vn -0.2865 -0.8702 -0.4008
vn -0.2865 -0.8702 -0.4008
vn -0.2865 -0.8702 -0.4008
vn -0.3206 -0.9191 0.2292
vn -0.3206 -0.9191 0.2292
vn -0.3206 -0.9191 0.2292
vn -0.3206 -0.9191 0.2292
vn -0.3206 -0.9191 0.2292
vn -0.3206 -0.9191 0.2292
vn -0.4112 -0.8810 -0.2340
vn -0.4112 -0.8810 -0.2340
vn -0.4112 -0.8810 -0.2340
vn -0.4112 -0.8810 -0.2340
vn -0.4112 -0.8810 -0.2340
vn -0.4112 -0.8810 -0.2340
vn -0.2768 -0.8287 0.4864
vn -0.2768 -0.8287 0.4864
vn -0.2768 -0.8287 0.4864
vn -0.2768 -0.8287 0.4864
vn -0.2768 -0.8287 0.4864
vn -0.2768 -0.8287 0.4864
vn -0.0687 -0.9220 0.3811
vn -0.0687 -0.9220 0.3811
vn -0.0687 -0.9220 0.3811
vn -0.0687 -0.9220 0.3811
vn -0.0687 -0.9220 0.3811
vn -0.0687 -0.9220 0.3811
vn 0.5311 -0.8419 0.0957
vn 0.5311 -0.8419 0.0957
vn 0.5311 -0.8419 0.0957
vn 0.5311 -0.8419 0.0957
vn 0.5311 -0.8419 0.0957
vn 0.5311 -0.8419 0.0957
vn 0.7621 -0.5397 0.3577
vn 0.7621 -0.5397 0.3577
vn 0.7621 -0.5397 0.3577
vn 0.7621 -0.5397 0.3577
vn 0.7621 -0.5397 0.3577
vn 0.7621 -0.5397 0.3577
vn 0.2495 -0.8093 -0.5317
vn 0.2495 -0.8093 -0.5317
vn 0.2495 -0.8093 -0.5317
vn 0.2495 -0.8093 -0.5317
vn 0.2495 -0.8093 -0.5317
vn 0.2495 -0.8093 -0.5317
vn -0.7947 -0.6031 -0.0686
vn -0.7947 -0.6031 -0.0686
vn -0.7947 -0.6031 -0.0686
vn -0.7947 -0.6031 -0.0686
vn -0.7947 -0.6031 -0.0686
vn -0.7947 -0.6031 -0.0686
vn -0.0475 -0.8338 0.5501
vn -0.0475 -0.8338 0.5501
vn -0.0475 -0.8338 0.5501
vn -0.0475 -0.8338 0.5501
vn -0.0475 -0.8338 0.5501
vn -0.0475 -0.8338 0.5501
vn 0.2402 -0.9276 -0.2862
vn 0.2402 -0.9276 -0.2862
vn 0.2402 -0.9276 -0.2862
vn 0.2402 -0.9276 -0.2862
vn 0.2402 -0.9276 -0.2862
vn 0.2402 -0.9276 -0.2862
vn -0.4263 -0.8308 -0.3579
vn -0.4263 -0.8308 -0.3579
vn -0.4263 -0.8308 -0.3579
vn -0.4263 -0.8308 -0.3579
vn -0.4263 -0.8308 -0.3579
vn -0.4263 -0.8308 -0.3579
vn 0.5811 -0.5733 -0.5776
vn 0.5811 -0.5733 -0.5776
vn 0.5811 -0.5733 -0.5776
vn 0.5811 -0.5733 -0.5776
vn 0.5811 -0.5733 -0.5776
vn 0.5811 -0.5733 -0.5776
vn -0.6101 -0.5010 -0.6138
vn -0.6101 -0.5010 -0.6138
vn -0.6101 -0.5010 -0.6138
vn -0.6101 -0.5010 -0.6138
vn -0.6101 -0.5010 -0.6138
vn -0.6101 -0.5010 -0.6138
vn -0.3945 -0.6512 0.6483
vn -0.3945 -0.6512 0.6483
vn -0.3945 -0.6512 0.6483
vn -0.3945 -0.6512 0.6483
vn -0.3945 -0.6512 0.6483
vn -0.3945 -0.6512 0.6483
vn 0.4176 -0.8724 0.2541
vn 0.4176 -0.8724 0.2541
vn 0.4176 -0.8724 0.2541
vn 0.4176 -0.8724 0.2541
vn 0.4176 -0.8724 0.2541
vn 0.4176 -0.8724 0.2541
vn -0.2120 -0.6225 -0.7533
vn -0.2120 -0.6225 -0.7533
vn -0.2120 -0.6225 -0.7533
vn -0.2120 -0.6225 -0.7533
vn -0.2120 -0.6225 -0.7533
vn -0.2120 -0.6225 -0.7533
vn -0.7081 -0.6774 0.1993
vn -0.7081 -0.6774 0.1993
vn -0.7081 -0.6774 0.1993
vn -0.7081 -0.6774 0.1993
vn -0.7081 -0.6774 0.1993
vn -0.7081 -0.6774 0.1993
vn -0.6222 -0.6107 0.4898
vn -0.6222 -0.6107 0.4898
vn -0.6222 -0.6107 0.4898
vn -0.6222 -0.6107 0.4898
vn -0.6222 -0.6107 0.4898
vn -0.6222 -0.6107 0.4898
vn 0.4220 -0.7311 0.5361
vn 0.4220 -0.7311 0.5361
vn 0.4220 -0.7311 0.5361
vn 0.4220 -0.7311 0.5361
vn 0.4220 -0.7311 0.5361
vn 0.4220 -0.7311 0.5361
vn -0.3991 -0.8694 -0.2912
vn -0.3991 -0.8694 -0.2912
vn -0.3991 -0.8694 -0.2912
vn -0.3991 -0.8694 -0.2912
vn -0.3991 -0.8694 -0.2912
vn -0.3991 -0.8694 -0.2912
vn -0.3840 -0.7586 0.5264
vn -0.3840 -0.7586 0.5264
vn -0.3840 -0.7586 0.5264
vn -0.3840 -0.7586 0.5264
vn -0.3840 -0.7586 0.5264
vn -0.3840 -0.7586 0.5264
vn 0.3921 -0.6241 0.6758
vn 0.3921 -0.6241 0.6758
vn 0.3921 -0.6241 0.6758
vn 0.3921 -0.6241 0.6758
vn 0.3921 -0.6241 0.6758
vn 0.3921 -0.6241 0.6758
vn 0.4096 -0.8808 -0.2377
vn 0.4096 -0.8808 -0.2377
vn 0.4096 -0.8808 -0.2377
vn 0.4096 -0.8808 -0.2377
vn 0.4096 -0.8808 -0.2377
vn 0.4096 -0.8808 -0.2377
vn -0.4998 -0.8633 -0.0700
vn -0.4998 -0.8633 -0.0700
vn -0.4998 -0.8633 -0.0700
vn -0.4998 -0.8633 -0.0700
vn -0.4998 -0.8633 -0.0700
vn -0.4998 -0.8633 -0.0700
vn -0.0636 -0.8887 0.4540
vn -0.0636 -0.8887 0.4540
vn -0.0636 -0.8887 0.4540
vn -0.0636 -0.8887 0.4540
vn -0.0636 -0.8887 0.4540
vn -0.0636 -0.8887 0.4540
vn 0.0578 -0.8731 -0.4841
vn 0.0578 -0.8731 -0.4841
vn 0.0578 -0.8731 -0.4841
vn 0.0578 -0.8731 -0.4841
vn 0.0578 -0.8731 -0.4841
vn 0.0578 -0.8731 -0.4841
vn -0.8339 -0.5429 -0.0996
vn -0.8339 -0.5429 -0.0996
vn -0.8339 -0.5429 -0.0996
vn -0.8339 -0.5429 -0.0996
vn -0.8339 -0.5429 -0.0996
vn -0.8339 -0.5429 -0.0996
vn -0.1242 -0.5563 -0.8216
vn -0.1242 -0.5563 -0.8216
vn -0.1242 -0.5563 -0.8216
vn -0.1242 -0.5563 -0.8216
vn -0.1242 -0.5563 -0.8216
vn -0.1242 -0.5563 -0.8216
vn -0.6167 -0.7816 0.0932
vn -0.6167 -0.7816 0.0932
vn -0.6167 -0.7816 0.0932
vn -0.6167 -0.7816 0.0932
vn -0.6167 -0.7816 0.0932
vn -0.6167 -0.7816 0.0932
vn 0.4978 -0.8343 -0.2369
vn 0.4978 -0.8343 -0.2369
vn 0.4978 -0.8343 -0.2369
vn 0.4978 -0.8343 -0.2369
vn 0.4978 -0.8343 -0.2369
vn 0.4978 -0.8343 -0.2369
vn -0.3296 -0.6416 -0.6926
vn -0.3296 -0.6416 -0.6926
vn -0.3296 -0.6416 -0.6926
vn -0.3296 -0.6416 -0.6926
vn -0.3296 -0.6416 -0.6926
vn -0.3296 -0.6416 -0.6926
vn 0.4068 -0.8374 0.3651
vn 0.4068 -0.8374 0.3651
vn 0.4068 -0.8374 0.3651
vn 0.4068 -0.8374 0.3651
vn 0.4068 -0.8374 0.3651
vn 0.4068 -0.8374 0.3651
vn 0.2646 -0.9182 -0.2948
vn 0.2646 -0.9182 -0.2948
vn 0.2646 -0.9182 -0.2948
vn 0.2646 -0.9182 -0.2948
vn 0.2646 -0.9182 -0.2948
vn 0.2646 -0.9182 -0.2948
vn -0.3909 -0.6541 0.6476
vn -0.3909 -0.6541 0.6476
vn -0.3909 -0.6541 0.6476
vn -0.3909 -0.6541 0.6476
vn -0.3909 -0.6541 0.6476
vn -0.3909 -0.6541 0.6476
vn 0.4058 -0.8805 0.2449
vn 0.4058 -0.8805 0.2449
vn 0.4058 -0.8805 0.2449
vn 0.4058 -0.8805 0.2449
vn 0.4058 -0.8805 0.2449
vn 0.4058 -0.8805 0.2449
vn -0.0616 -0.9365 -0.3452
vn -0.0616 -0.9365 -0.3452
vn -0.0616 -0.9365 -0.3452
vn -0.0616 -0.9365 -0.3452
vn -0.0616 -0.9365 -0.3452
vn -0.0616 -0.9365 -0.3452
vn -0.7415 -0.6578 0.1323
vn -0.7415 -0.6578 0.1323
vn -0.7415 -0.6578 0.1323
vn -0.7415 -0.6578 0.1323
vn -0.7415 -0.6578 0.1323
vn -0.7415 -0.6578 0.1323
vn 0.6837 -0.5903 0.4290
vn 0.6837 -0.5903 0.4290
vn 0.6837 -0.5903 0.4290
vn 0.6837 -0.5903 0.4290
vn 0.6837 -0.5903 0.4290
vn 0.6837 -0.5903 0.4290
vn 0.3332 -0.7792 -0.5309
vn 0.3332 -0.7792 -0.5309
vn 0.3332 -0.7792 -0.5309
vn 0.3332 -0.7792 -0.5309
vn 0.3332 -0.7792 -0.5309
vn 0.3332 -0.7792 -0.5309
vn 0.6312 -0.6649 -0.3993
vn 0.6312 -0.6649 -0.3993
vn 0.6312 -0.6649 -0.3993
vn 0.6312 -0.6649 -0.3993
vn 0.6312 -0.6649 -0.3993
vn 0.6312 -0.6649 -0.3993
vn -0.2861 -0.8447 -0.4523
vn -0.2861 -0.8447 -0.4523
vn -0.2861 -0.8447 -0.4523
vn -0.2861 -0.8447 -0.4523
vn -0.2861 -0.8447 -0.4523
vn -0.2861 -0.8447 -0.4523
vn -0.3923 -0.8779 -0.2746
vn -0.3923 -0.8779 -0.2746
vn -0.3923 -0.8779 -0.2746
vn -0.3923 -0.8779 -0.2746
vn -0.3923 -0.8779 -0.2746
vn -0.3923 -0.8779 -0.2746
vn -0.3345 -0.8123 0.4779
vn -0.3345 -0.8123 0.4779
vn -0.3345 -0.8123 0.4779
vn -0.3345 -0.8123 0.4779
vn -0.3345 -0.8123 0.4779
vn -0.3345 -0.8123 0.4779
vn -0.4533 -0.7077 0.5419
vn -0.4533 -0.7077 0.5419
vn -0.4533 -0.7077 0.5419
vn -0.4533 -0.7077 0.5419
vn -0.4533 -0.7077 0.5419
vn -0.4533 -0.7077 0.5419
vn 0.4093 -0.8457 0.3424
vn 0.4093 -0.8457 0.3424
vn 0.4093 -0.8457 0.3424
vn 0.4093 -0.8457 0.3424
vn 0.4093 -0.8457 0.3424
vn 0.4093 -0.8457 0.3424
vn -0.4168 -0.8204 0.3915
vn -0.4168 -0.8204 0.3915
vn -0.4168 -0.8204 0.3915
vn -0.4168 -0.8204 0.3915
vn -0.4168 -0.8204 0.3915
vn -0.4168 -0.8204 0.3915
vn 0.2829 -0.9106 0.3012
vn 0.2829 -0.9106 0.3012
vn 0.2829 -0.9106 0.3012
vn 0.2829 -0.9106 0.3012
vn 0.2829 -0.9106 0.3012
vn 0.2829 -0.9106 0.3012
vn 0.1985 -0.6741 0.7115
vn 0.1985 -0.6741 0.7115
vn 0.1985 -0.6741 0.7115
vn 0.1985 -0.6741 0.7115
vn 0.1985 -0.6741 0.7115
vn 0.1985 -0.6741 0.7115
vn 0.5832 -0.7959 -0.1627
vn 0.5832 -0.7959 -0.1627
vn 0.5832 -0.7959 -0.1627
vn 0.5832 -0.7959 -0.1627
vn 0.5832 -0.7959 -0.1627
vn 0.5832 -0.7959 -0.1627
vn -0.0656 -0.5116 0.8567
vn -0.0656 -0.5116 0.8567
vn -0.0656 -0.5116 0.8567
vn -0.0656 -0.5116 0.8567
vn -0.0656 -0.5116 0.8567
vn -0.0656 -0.5116 0.8567
vn 0.5058 -0.8618 0.0387
vn 0.5058 -0.8618 0.0387
vn 0.5058 -0.8618 0.0387
vn 0.5058 -0.8618 0.0387
vn 0.5058 -0.8618 0.0387
vn 0.5058 -0.8618 0.0387
vn 0.3263 -0.5595 0.7619
vn 0.3263 -0.5595 0.7619
vn 0.3263 -0.5595 0.7619
vn 0.3263 -0.5595 0.7619
vn 0.3263 -0.5595 0.7619
vn 0.3263 -0.5595 0.7619
vn 0.5383 -0.8106 -0.2306
vn 0.5383 -0.8106 -0.2306
vn 0.5383 -0.8106 -0.2306
vn 0.5383 -0.8106 -0.2306
vn 0.5383 -0.8106 -0.2306
vn 0.5383 -0.8106 -0.2306
vn 0.6678 -0.5691 0.4797
vn 0.6678 -0.5691 0.4797
vn 0.6678 -0.5691 0.4797
vn 0.6678 -0.5691 0.4797
vn 0.6678 -0.5691 0.4797
vn 0.6678 -0.5691 0.4797
vn 0.2095 -0.9333 -0.2916
vn 0.2095 -0.9333 -0.2916
vn 0.2095 -0.9333 -0.2916
vn 0.2095 -0.9333 -0.2916
vn 0.2095 -0.9333 -0.2916
vn 0.2095 -0.9333 -0.2916
vn 0.2768 -0.7877 -0.5503
vn 0.2768 -0.7877 -0.5503
vn 0.2768 -0.7877 -0.5503
vn 0.2768 -0.7877 -0.5503
vn 0.2768 -0.7877 -0.5503
vn 0.2768 -0.7877 -0.5503
vn -0.3841 -0.9029 -0.1932
vn -0.3841 -0.9029 -0.1932
vn -0.3841 -0.9029 -0.1932
vn -0.3841 -0.9029 -0.1932
vn -0.3841 -0.9029 -0.1932
vn -0.3841 -0.9029 -0.1932
vn 0.5700 -0.7325 0.3722
vn 0.5700 -0.7325 0.3722
vn 0.5700 -0.7325 0.3722
vn 0.5700 -0.7325 0.3722
vn 0.5700 -0.7325 0.3722
vn 0.5700 -0.7325 0.3722
vn 0.3957 -0.6902 -0.6059
vn 0.3957 -0.6902 -0.6059
vn 0.3957 -0.6902 -0.6059
vn 0.3957 -0.6902 -0.6059
vn 0.3957 -0.6902 -0.6059
vn 0.3957 -0.6902 -0.6059
vn -0.0565 -0.5897 -0.8056
vn -0.0565 -0.5897 -0.8056
vn -0.0565 -0.5897 -0.8056
vn -0.0565 -0.5897 -0.8056
vn -0.0565 -0.5897 -0.8056
vn -0.0565 -0.5897 -0.8056
vn -0.5752 -0.8170 0.0404
vn -0.5752 -0.8170 0.0404
vn -0.5752 -0.8170 0.0404
vn -0.5752 -0.8170 0.0404
vn -0.5752 -0.8170 0.0404
vn -0.5752 -0.8170 0.0404
vn -0.2385 -0.8578 -0.4553
vn -0.2385 -0.8578 -0.4553
vn -0.2385 -0.8578 -0.4553
vn -0.2385 -0.8578 -0.4553
vn -0.2385 -0.8578 -0.4553
vn -0.2385 -0.8578 -0.4553
vn -0.5460 -0.7874 0.2861
vn -0.5460 -0.7874 0.2861
vn -0.5460 -0.7874 0.2861
vn -0.5460 -0.7874 0.2861
vn -0.5460 -0.7874 0.2861
vn -0.5460 -0.7874 0.2861
vn -0.0033 -0.9171 0.3986
vn -0.0033 -0.9171 0.3986
vn -0.0033 -0.9171 0.3986
vn -0.0033 -0.9171 0.3986
vn -0.0033 -0.9171 0.3986
vn -0.0033 -0.9171 0.3986
vn 0.7410 -0.6714 0.0061
vn 0.7410 -0.6714 0.0061
vn 0.7410 -0.6714 0.0061
vn 0.7410 -0.6714 0.0061
vn 0.7410 -0.6714 0.0061
vn 0.7410 -0.6714 0.0061
vn -0.5052 -0.6257 -0.5944
vn -0.5052 -0.6257 -0.5944
vn -0.5052 -0.6257 -0.5944
vn -0.5052 -0.6257 -0.5944
vn -0.5052 -0.6257 -0.5944
vn -0.5052 -0.6257 -0.5944
vn -0.4408 -0.8157 0.3747
vn -0.4408 -0.8157 0.3747
vn -0.4408 -0.8157 0.3747
vn -0.4408 -0.8157 0.3747
vn -0.4408 -0.8157 0.3747
vn -0.4408 -0.8157 0.3747
vn 0.3280 -0.9162 0.2303
vn 0.3280 -0.9162 0.2303
vn 0.3280 -0.9162 0.2303
vn 0.3280 -0.9162 0.2303
vn 0.3280 -0.9162 0.2303
vn 0.3280 -0.9162 0.2303
vn 0.4421 -0.6387 -0.6298
vn 0.4421 -0.6387 -0.6298
vn 0.4421 -0.6387 -0.6298
vn 0.4421 -0.6387 -0.6298
vn 0.4421 -0.6387 -0.6298
vn 0.4421 -0.6387 -0.6298
vn 0.3764 -0.8072 0.4548
vn 0.3764 -0.8072 0.4548
vn 0.3764 -0.8072 0.4548
vn 0.3764 -0.8072 0.4548
vn 0.3764 -0.8072 0.4548
vn 0.3764 -0.8072 0.4548
vn 0.6659 -0.5029 -0.5511
vn 0.6659 -0.5029 -0.5511
vn 0.6659 -0.5029 -0.5511
vn 0.6659 -0.5029 -0.5511
vn 0.6659 -0.5029 -0.5511
vn 0.6659 -0.5029 -0.5511
vn 0.5395 -0.7062 0.4585
vn 0.5395 -0.7062 0.4585
vn 0.5395 -0.7062 0.4585
vn 0.5395 -0.7062 0.4585
vn 0.5395 -0.7062 0.4585
vn 0.5395 -0.7062 0.4585
vn 0.4437 -0.7285 -0.5220
vn 0.4437 -0.7285 -0.5220
vn 0.4437 -0.7285 -0.5220
vn 0.4437 -0.7285 -0.5220
vn 0.4437 -0.7285 -0.5220
vn 0.4437 -0.7285 -0.5220
vn -0.5999 -0.7835 0.1621
vn -0.5999 -0.7835 0.1621
vn -0.5999 -0.7835 0.1621
vn -0.5999 -0.7835 0.1621
vn -0.5999 -0.7835 0.1621
vn -0.5999 -0.7835 0.1621
vn 0.1412 -0.8408 0.5226
vn 0.1412 -0.8408 0.5226
vn 0.1412 -0.8408 0.5226
vn 0.1412 -0.8408 0.5226
vn 0.1412 -0.8408 0.5226
vn 0.1412 -0.8408 0.5226
vn 0.3395 -0.8691 0.3598
vn 0.3395 -0.8691 0.3598
vn 0.3395 -0.8691 0.3598
vn 0.3395 -0.8691 0.3598
vn 0.3395 -0.8691 0.3598
vn 0.3395 -0.8691 0.3598
vn 0.4234 -0.8131 -0.3994
vn 0.4234 -0.8131 -0.3994
vn 0.4234 -0.8131 -0.3994
vn 0.4234 -0.8131 -0.3994
vn 0.4234 -0.8131 -0.3994
vn 0.4234 -0.8131 -0.3994
vn 0.1333 -0.9300 0.3427
vn 0.1333 -0.9300 0.3427
vn 0.1333 -0.9300 0.3427
vn 0.1333 -0.9300 0.3427
vn 0.1333 -0.9300 0.3427
vn 0.1333 -0.9300 0.3427
vn 0.4196 -0.8929 -0.1632
vn 0.4196 -0.8929 -0.1632
vn 0.4196 -0.8929 -0.1632
vn 0.4196 -0.8929 -0.1632
vn 0.4196 -0.8929 -0.1632
vn 0.4196 -0.8929 -0.1632
vn 0.3479 -0.9302 -0.1168
vn 0.3479 -0.9302 -0.1168
vn 0.3479 -0.9302 -0.1168
vn 0.3479 -0.9302 -0.1168
vn 0.3479 -0.9302 -0.1168
vn 0.3479 -0.9302 -0.1168
vn -0.1977 -0.7834 -0.5892
vn -0.1977 -0.7834 -0.5892
vn -0.1977 -0.7834 -0.5892
vn -0.1977 -0.7834 -0.5892
vn -0.1977 -0.7834 -0.5892
vn -0.1977 -0.7834 -0.5892
vn 0.0367 -0.8473 -0.5298
vn 0.0367 -0.8473 -0.5298
vn 0.0367 -0.8473 -0.5298
vn 0.0367 -0.8473 -0.5298
vn 0.0367 -0.8473 -0.5298
vn 0.0367 -0.8473 -0.5298
vn -0.7294 -0.6823 -0.0505
vn -0.7294 -0.6823 -0.0505
vn -0.7294 -0.6823 -0.0505
vn -0.7294 -0.6823 -0.0505
vn -0.7294 -0.6823 -0.0505
vn -0.7294 -0.6823 -0.0505
vn -0.4952 -0.8276 -0.2644
vn -0.4952 -0.8276 -0.2644
vn -0.4952 -0.8276 -0.2644
vn -0.4952 -0.8276 -0.2644
vn -0.4952 -0.8276 -0.2644
vn -0.4952 -0.8276 -0.2644
vn -0.3607 -0.6432 0.6754
vn -0.3607 -0.6432 0.6754
vn -0.3607 -0.6432 0.6754
vn -0.3607 -0.6432 0.6754
vn -0.3607 -0.6432 0.6754
vn -0.3607 -0.6432 0.6754
vn 0.5769 -0.6459 -0.5000
vn 0.5769 -0.6459 -0.5000
vn 0.5769 -0.6459 -0.5000
vn 0.5769 -0.6459 -0.5000
vn 0.5769 -0.6459 -0.5000
vn 0.5769 -0.6459 -0.5000
vn -0.5613 -0.5153 -0.6476
vn -0.5613 -0.5153 -0.6476
vn -0.5613 -0.5153 -0.6476
vn -0.5613 -0.5153 -0.6476
vn -0.5613 -0.5153 -0.6476
vn -0.5613 -0.5153 -0.6476
vn -0.4172 -0.9043 -0.0910
vn -0.4172 -0.9043 -0.0910
vn -0.4172 -0.9043 -0.0910
vn -0.4172 -0.9043 -0.0910
vn -0.4172 -0.9043 -0.0910
vn -0.4172 -0.9043 -0.0910
vn -0.1774 -0.5546 0.8130
vn -0.1774 -0.5546 0.8130
vn -0.1774 -0.5546 0.8130
vn -0.1774 -0.5546 0.8130
vn -0.1774 -0.5546 0.8130
vn -0.1774 -0.5546 0.8130
vn -0.1691 -0.8098 -0.5618
vn -0.1691 -0.8098 -0.5618
vn -0.1691 -0.8098 -0.5618
vn -0.1691 -0.8098 -0.5618
vn -0.1691 -0.8098 -0.5618
vn -0.1691 -0.8098 -0.5618
vn -0.7479 -0.6244 0.2251
vn -0.7479 -0.6244 0.2251
vn -0.7479 -0.6244 0.2251
vn -0.7479 -0.6244 0.2251
vn -0.7479 -0.6244 0.2251
vn -0.7479 -0.6244 0.2251
vn 0.1247 -0.9115 -0.3920
vn 0.1247 -0.9115 -0.3920
vn 0.1247 -0.9115 -0.3920
vn 0.1247 -0.9115 -0.3920
vn 0.1247 -0.9115 -0.3920
vn 0.1247 -0.9115 -0.3920
vn -0.6521 -0.7292 -0.2074
vn -0.6521 -0.7292 -0.2074
vn -0.6521 -0.7292 -0.2074
vn -0.6521 -0.7292 -0.2074
vn -0.6521 -0.7292 -0.2074
vn -0.6521 -0.7292 -0.2074
vn 0.0618 -0.5876 -0.8068
vn 0.0618 -0.5876 -0.8068
vn 0.0618 -0.5876 -0.8068
vn 0.0618 -0.5876 -0.8068
vn 0.0618 -0.5876 -0.8068
vn 0.0618 -0.5876 -0.8068
vn -0.7231 -0.6886 -0.0553
vn -0.7231 -0.6886 -0.0553
vn -0.7231 -0.6886 -0.0553
vn -0.7231 -0.6886 -0.0553
vn -0.7231 -0.6886 -0.0553
vn -0.7231 -0.6886 -0.0553
vn 0.7183 -0.6243 0.3070
vn 0.7183 -0.6243 0.3070
vn 0.7183 -0.6243 0.3070
vn 0.7183 -0.6243 0.3070
vn 0.7183 -0.6243 0.3070
vn 0.7183 -0.6243 0.3070
vn 0.2811 -0.6989 -0.6577
vn 0.2811 -0.6989 -0.6577
vn 0.2811 -0.6989 -0.6577
vn 0.2811 -0.6989 -0.6577
vn 0.2811 -0.6989 -0.6577
vn 0.2811 -0.6989 -0.6577
vn 0.2099 -0.9296 -0.3029
vn 0.2099 -0.9296 -0.3029
vn 0.2099 -0.9296 -0.3029
vn 0.2099 -0.9296 -0.3029
vn 0.2099 -0.9296 -0.3029
vn 0.2099 -0.9296 -0.3029
vn -0.3255 -0.9182 -0.2255
vn -0.3255 -0.9182 -0.2255
vn -0.3255 -0.9182 -0.2255
vn -0.3255 -0.9182 -0.2255
vn -0.3255 -0.9182 -0.2255
vn -0.3255 -0.9182 -0.2255
vn 0.2551 -0.6238 0.7388
vn 0.2551 -0.6238 0.7388
vn 0.2551 -0.6238 0.7388
vn 0.2551 -0.6238 0.7388
vn 0.2551 -0.6238 0.7388
vn 0.2551 -0.6238 0.7388
vn 0.4083 -0.9019 -0.1410
vn 0.4083 -0.9019 -0.1410
vn 0.4083 -0.9019 -0.1410
vn 0.4083 -0.9019 -0.1410
vn 0.4083 -0.9019 -0.1410
vn 0.4083 -0.9019 -0.1410
vn -0.1113 -0.6493 -0.7523
vn -0.1113 -0.6493 -0.7523
vn -0.1113 -0.6493 -0.7523
vn -0.1113 -0.6493 -0.7523
vn -0.1113 -0.6493 -0.7523
vn -0.1113 -0.6493 -0.7523
vn -0.5740 -0.8144 0.0849
vn -0.5740 -0.8144 0.0849
vn -0.5740 -0.8144 0.0849
vn -0.5740 -0.8144 0.0849
vn -0.5740 -0.8144 0.0849
vn -0.5740 -0.8144 0.0849
vn -0.6088 -0.7924 0.0384
vn -0.6088 -0.7924 0.0384
vn -0.6088 -0.7924 0.0384
vn -0.6088 -0.7924 0.0384
vn -0.6088 -0.7924 0.0384
vn -0.6088 -0.7924 0.0384
vn 0.0323 -0.8582 0.5123
vn 0.0323 -0.8582 0.5123
vn 0.0323 -0.8582 0.5123
vn 0.0323 -0.8582 0.5123
vn 0.0323 -0.8582 0.5123
vn 0.0323 -0.8582 0.5123
vn -0.0221 -0.5400 0.8414
vn -0.0221 -0.5400 0.8414
vn -0.0221 -0.5400 0.8414
vn -0.0221 -0.5400 0.8414
vn -0.0221 -0.5400 0.8414
vn -0.0221 -0.5400 0.8414
vn 0.8401 -0.5419 0.0220
vn 0.8401 -0.5419 0.0220
vn 0.8401 -0.5419 0.0220
vn 0.8401 -0.5419 0.0220
vn 0.8401 -0.5419 0.0220
vn 0.8401 -0.5419 0.0220
vn 0.5257 -0.6315 -0.5700
vn 0.5257 -0.6315 -0.5700
vn 0.5257 -0.6315 -0.5700
vn 0.5257 -0.6315 -0.5700
vn 0.5257 -0.6315 -0.5700
vn 0.5257 -0.6315 -0.5700
vn -0.3996 -0.8393 -0.3685
vn -0.3996 -0.8393 -0.3685
vn -0.3996 -0.8393 -0.3685
vn -0.3996 -0.8393 -0.3685
vn -0.3996 -0.8393 -0.3685
vn -0.3996 -0.8393 -0.3685
vn -0.1072 -0.8740 0.4739
vn -0.1072 -0.8740 0.4739
vn -0.1072 -0.8740 0.4739
vn -0.1072 -0.8740 0.4739
vn -0.1072 -0.8740 0.4739
vn -0.1072 -0.8740 0.4739
vn 0.3659 -0.9270 0.0828
vn 0.3659 -0.9270 0.0828
vn 0.3659 -0.9270 0.0828
vn 0.3659 -0.9270 0.0828
vn 0.3659 -0.9270 0.0828
vn 0.3659 -0.9270 0.0828
vn -0.1614 -0.7543 0.6364
vn -0.1614 -0.7543 0.6364
vn -0.1614 -0.7543 0.6364
vn -0.1614 -0.7543 0.6364
vn -0.1614 -0.7543 0.6364
vn -0.1614 -0.7543 0.6364
vn 0.5727 -0.8068 0.1453
vn 0.5727 -0.8068 0.1453
vn 0.5727 -0.8068 0.1453
vn 0.5727 -0.8068 0.1453
vn 0.5727 -0.8068 0.1453
vn 0.5727 -0.8068 0.1453
vn -0.0987 -0.7738 0.6257
vn -0.0987 -0.7738 0.6257
vn -0.0987 -0.7738 0.6257
vn -0.0987 -0.7738 0.6257
vn -0.0987 -0.7738 0.6257
vn -0.0987 -0.7738 0.6257
vn 0.5155 -0.8530 0.0813
vn 0.5155 -0.8530 0.0813
vn 0.5155 -0.8530 0.0813
vn 0.5155 -0.8530 0.0813
vn 0.5155 -0.8530 0.0813
vn 0.5155 -0.8530 0.0813
vn 0.1560 -0.6001 -0.7846
vn 0.1560 -0.6001 -0.7846
vn 0.1560 -0.6001 -0.7846
vn 0.1560 -0.6001 -0.7846
vn 0.1560 -0.6001 -0.7846
vn 0.1560 -0.6001 -0.7846
vn -0.4881 -0.8674 -0.0970
vn -0.4881 -0.8674 -0.0970
vn -0.4881 -0.8674 -0.0970
vn -0.4881 -0.8674 -0.0970
vn -0.4881 -0.8674 -0.0970
vn -0.4881 -0.8674 -0.0970
vn -0.4403 -0.5860 -0.6802
vn -0.4403 -0.5860 -0.6802
vn -0.4403 -0.5860 -0.6802
vn -0.4403 -0.5860 -0.6802
vn -0.4403 -0.5860 -0.6802
vn -0.4403 -0.5860 -0.6802
vn -0.3636 -0.9013 0.2354
vn -0.3636 -0.9013 0.2354
vn -0.3636 -0.9013 0.2354
vn -0.3636 -0.9013 0.2354
vn -0.3636 -0.9013 0.2354
vn -0.3636 -0.9013 0.2354
vn 0.3811 -0.9210 0.0811
vn 0.3811 -0.9210 0.0811
vn 0.3811 -0.9210 0.0811
vn 0.3811 -0.9210 0.0811
vn 0.3811 -0.9210 0.0811
vn 0.3811 -0.9210 0.0811
vn 0.1343 -0.7638 -0.6313
vn 0.1343 -0.7638 -0.6313
vn 0.1343 -0.7638 -0.6313
vn 0.1343 -0.7638 -0.6313
vn 0.1343 -0.7638 -0.6313
vn 0.1343 -0.7638 -0.6313
vn 0.6032 -0.7838 0.1473
vn 0.6032 -0.7838 0.1473
vn 0.6032 -0.7838 0.1473
vn 0.6032 -0.7838 0.1473
vn 0.6032 -0.7838 0.1473
vn 0.6032 -0.7838 0.1473
vn 0.1462 -0.7874 -0.5989
vn 0.1462 -0.7874 -0.5989
vn 0.1462 -0.7874 -0.5989
vn 0.1462 -0.7874 -0.5989
vn 0.1462 -0.7874 -0.5989
vn 0.1462 -0.7874 -0.5989
vn -0.2513 -0.9396 0.2323
vn -0.2513 -0.9396 0.2323
vn -0.2513 -0.9396 0.2323
vn -0.2513 -0.9396 0.2323
vn -0.2513 -0.9396 0.2323
vn -0.2513 -0.9396 0.2323
vn 0.4637 -0.7303 0.5016
vn 0.4637 -0.7303 0.5016
vn 0.4637 -0.7303 0.5016
vn 0.4637 -0.7303 0.5016
vn 0.4637 -0.7303 0.5016
vn 0.4637 -0.7303 0.5016
vn -0.0267 -0.8380 -0.5450
vn -0.0267 -0.8380 -0.5450
vn -0.0267 -0.8380 -0.5450
vn -0.0267 -0.8380 -0.5450
vn -0.0267 -0.8380 -0.5450
vn -0.0267 -0.8380 -0.5450
vn -0.8044 -0.5928 0.0394
vn -0.8044 -0.5928 0.0394
vn -0.8044 -0.5928 0.0394
vn -0.8044 -0.5928 0.0394
vn -0.8044 -0.5928 0.0394
vn -0.8044 -0.5928 0.0394
vn -0.3762 -0.8683 0.3234
vn -0.3762 -0.8683 0.3234
vn -0.3762 -0.8683 0.3234
vn -0.3762 -0.8683 0.3234
vn -0.3762 -0.8683 0.3234
vn -0.3762 -0.8683 0.3234
vn 0.5477 -0.5424 0.6371
vn 0.5477 -0.5424 0.6371
vn 0.5477 -0.5424 0.6371
vn 0.5477 -0.5424 0.6371
vn 0.5477 -0.5424 0.6371
vn 0.5477 -0.5424 0.6371
vn -0.6672 -0.5273 0.5261
vn -0.6672 -0.5273 0.5261
vn -0.6672 -0.5273 0.5261
vn -0.6672 -0.5273 0.5261
vn -0.6672 -0.5273 0.5261
vn -0.6672 -0.5273 0.5261
vn 0.3833 -0.7854 0.4860
vn 0.3833 -0.7854 0.4860
vn 0.3833 -0.7854 0.4860
vn 0.3833 -0.7854 0.4860
vn 0.3833 -0.7854 0.4860
vn 0.3833 -0.7854 0.4860
vn -0.2063 -0.7105 -0.6727
vn -0.2063 -0.7105 -0.6727
vn -0.2063 -0.7105 -0.6727
vn -0.2063 -0.7105 -0.6727
vn -0.2063 -0.7105 -0.6727
vn -0.2063 -0.7105 -0.6727
vn -0.5770 -0.7973 0.1769
vn -0.5770 -0.7973 0.1769
vn -0.5770 -0.7973 0.1769
vn -0.5770 -0.7973 0.1769
vn -0.5770 -0.7973 0.1769
vn -0.5770 -0.7973 0.1769
vn -0.7074 -0.6754 -0.2086
vn -0.7074 -0.6754 -0.2086
vn -0.7074 -0.6754 -0.2086
vn -0.7074 -0.6754 -0.2086
vn -0.7074 -0.6754 -0.2086
vn -0.7074 -0.6754 -0.2086
vn -0.1117 -0.9187 0.3788
vn -0.1117 -0.9187 0.3788
vn -0.1117 -0.9187 0.3788
vn -0.1117 -0.9187 0.3788
vn -0.1117 -0.9187 0.3788
vn -0.1117 -0.9187 0.3788
vn 0.5466 -0.5659 0.6172
vn 0.5466 -0.5659 0.6172
vn 0.5466 -0.5659 0.6172
vn 0.5466 -0.5659 0.6172
vn 0.5466 -0.5659 0.6172
vn 0.5466 -0.5659 0.6172
vn 0.4204 -0.8274 -0.3723
vn 0.4204 -0.8274 -0.3723
vn 0.4204 -0.8274 -0.3723
vn 0.4204 -0.8274 -0.3723
vn 0.4204 -0.8274 -0.3723
vn 0.4204 -0.8274 -0.3723
vn -0.6473 -0.5839 0.4899
vn -0.6473 -0.5839 0.4899
vn -0.6473 -0.5839 0.4899
vn -0.6473 -0.5839 0.4899
vn -0.6473 -0.5839 0.4899
vn -0.6473 -0.5839 0.4899
vn 0.4128 -0.7295 0.5453
vn 0.4128 -0.7295 0.5453
vn 0.4128 -0.7295 0.5453
vn 0.4128 -0.7295 0.5453
vn 0.4128 -0.7295 0.5453
vn 0.4128 -0.7295 0.5453
vn 0.6939 -0.5911 -0.4113
vn 0.6939 -0.5911 -0.4113
vn 0.6939 -0.5911 -0.4113
vn 0.6939 -0.5911 -0.4113
vn 0.6939 -0.5911 -0.4113
vn 0.6939 -0.5911 -0.4113
vn -0.3233 -0.7733 -0.5454
vn -0.3233 -0.7733 -0.5454
vn -0.3233 -0.7733 -0.5454
vn -0.3233 -0.7733 -0.5454
vn -0.3233 -0.7733 -0.5454
vn -0.3233 -0.7733 -0.5454
vn 0.0719 -0.9176 -0.3911
vn 0.0719 -0.9176 -0.3911
vn 0.0719 -0.9176 -0.3911
vn 0.0719 -0.9176 -0.3911
vn 0.0719 -0.9176 -0.3911
vn 0.0719 -0.9176 -0.3911
vn -0.8012 -0.5800 -0.1473
vn -0.8012 -0.5800 -0.1473
vn -0.8012 -0.5800 -0.1473
vn -0.8012 -0.5800 -0.1473
vn -0.8012 -0.5800 -0.1473
vn -0.8012 -0.5800 -0.1473
vn -0.0646 -0.8000 0.5964
vn -0.0646 -0.8000 0.5964
vn -0.0646 -0.8000 0.5964
vn -0.0646 -0.8000 0.5964
vn -0.0646 -0.8000 0.5964
vn -0.0646 -0.8000 0.5964
vn 0.5239 -0.8499 0.0568
vn 0.5239 -0.8499 0.0568
vn 0.5239 -0.8499 0.0568
vn 0.5239 -0.8499 0.0568
vn 0.5239 -0.8499 0.0568
vn 0.5239 -0.8499 0.0568
vn 0.1122 -0.7971 0.5934
vn 0.1122 -0.7971 0.5934
vn 0.1122 -0.7971 0.5934
vn 0.1122 -0.7971 0.5934
vn 0.1122 -0.7971 0.5934
vn 0.1122 -0.7971 0.5934
vn 0.6490 -0.7508 -0.1227
vn 0.6490 -0.7508 -0.1227
vn 0.6490 -0.7508 -0.1227
vn 0.6490 -0.7508 -0.1227
vn 0.6490 -0.7508 -0.1227
vn 0.6490 -0.7508 -0.1227
vn -0.7038 -0.6642 0.2520
vn -0.7038 -0.6642 0.2520
vn -0.7038 -0.6642 0.2520
vn -0.7038 -0.6642 0.2520
vn -0.7038 -0.6642 0.2520
vn -0.7038 -0.6642 0.2520
vn 0.2811 -0.5520 0.7850
vn 0.2811 -0.5520 0.7850
vn 0.2811 -0.5520 0.7850
vn 0.2811 -0.5520 0.7850
vn 0.2811 -0.5520 0.7850
vn 0.2811 -0.5520 0.7850
vn 0.2848 -0.9135 0.2905
vn 0.2848 -0.9135 0.2905
vn 0.2848 -0.9135 0.2905
vn 0.2848 -0.9135 0.2905
vn 0.2848 -0.9135 0.2905
vn 0.2848 -0.9135 0.2905
vn 0.5371 -0.6590 -0.5265
vn 0.5371 -0.6590 -0.5265
vn 0.5371 -0.6590 -0.5265
vn 0.5371 -0.6590 -0.5265
vn 0.5371 -0.6590 -0.5265
vn 0.5371 -0.6590 -0.5265
vn 0.3181 -0.8645 -0.3891
vn 0.3181 -0.8645 -0.3891
vn 0.3181 -0.8645 -0.3891
vn 0.3181 -0.8645 -0.3891
vn 0.3181 -0.8645 -0.3891
vn 0.3181 -0.8645 -0.3891
vn -0.2860 -0.9292 -0.2338
vn -0.2860 -0.9292 -0.2338
vn -0.2860 -0.9292 -0.2338
vn -0.2860 -0.9292 -0.2338
vn -0.2860 -0.9292 -0.2338
vn -0.2860 -0.9292 -0.2338
vn 0.4986 -0.8174 -0.2885
vn 0.4986 -0.8174 -0.2885
vn 0.4986 -0.8174 -0.2885
vn 0.4986 -0.8174 -0.2885
vn 0.4986 -0.8174 -0.2885
vn 0.4986 -0.8174 -0.2885
vn -0.2759 -0.8345 -0.4769
vn -0.2759 -0.8345 -0.4769
vn -0.2759 -0.8345 -0.4769
vn -0.2759 -0.8345 -0.4769
vn -0.2759 -0.8345 -0.4769
vn -0.2759 -0.8345 -0.4769
vn -0.2015 -0.6022 -0.7725
vn -0.2015 -0.6022 -0.7725
vn -0.2015 -0.6022 -0.7725
vn -0.2015 -0.6022 -0.7725
vn -0.2015 -0.6022 -0.7725
vn -0.2015 -0.6022 -0.7725
vn -0.4370 -0.8922 0.1140
vn -0.4370 -0.8922 0.1140
vn -0.4370 -0.8922 0.1140
vn -0.4370 -0.8922 0.1140
vn -0.4370 -0.8922 0.1140
vn -0.4370 -0.8922 0.1140
vn 0.2580 -0.7673 -0.5871
vn 0.2580 -0.7673 -0.5871
vn 0.2580 -0.7673 -0.5871
vn 0.2580 -0.7673 -0.5871
vn 0.2580 -0.7673 -0.5871
vn 0.2580 -0.7673 -0.5871
vn -0.6389 -0.7162 -0.2807
vn -0.6389 -0.7162 -0.2807
vn -0.6389 -0.7162 -0.2807
vn -0.6389 -0.7162 -0.2807
vn -0.6389 -0.7162 -0.2807
vn -0.6389 -0.7162 -0.2807
vn -0.7301 -0.5139 0.4504
vn -0.7301 -0.5139 0.4504
vn -0.7301 -0.5139 0.4504
vn -0.7301 -0.5139 0.4504
vn -0.7301 -0.5139 0.4504
vn -0.7301 -0.5139 0.4504
vn 0.1971 -0.9269 0.3194
vn 0.1971 -0.9269 0.3194
vn 0.1971 -0.9269 0.3194
vn 0.1971 -0.9269 0.3194
vn 0.1971 -0.9269 0.3194
vn 0.1971 -0.9269 0.3194
vn -0.2580 -0.7889 0.5578
vn -0.2580 -0.7889 0.5578
vn -0.2580 -0.7889 0.5578
vn -0.2580 -0.7889 0.5578
vn -0.2580 -0.7889 0.5578
vn -0.2580 -0.7889 0.5578
vn 0.5923 -0.7577 0.2740
vn 0.5923 -0.7577 0.2740
vn 0.5923 -0.7577 0.2740
vn 0.5923 -0.7577 0.2740
vn 0.5923 -0.7577 0.2740
vn 0.5923 -0.7577 0.2740
vn 0.1290 -0.8072 -0.5761
vn 0.1290 -0.8072 -0.5761
vn 0.1290 -0.8072 -0.5761
vn 0.1290 -0.8072 -0.5761
vn 0.1290 -0.8072 -0.5761
vn 0.1290 -0.8072 -0.5761
vn -0.6531 -0.7430 -0.1462
vn -0.6531 -0.7430 -0.1462
vn -0.6531 -0.7430 -0.1462
vn -0.6531 -0.7430 -0.1462
vn -0.6531 -0.7430 -0.1462
vn -0.6531 -0.7430 -0.1462
vn -0.5659 -0.5832 0.5828
vn -0.5659 -0.5832 0.5828
vn -0.5659 -0.5832 0.5828
vn -0.5659 -0.5832 0.5828
vn -0.5659 -0.5832 0.5828
vn -0.5659 -0.5832 0.5828
vn 0.5280 -0.6771 0.5126
vn 0.5280 -0.6771 0.5126
vn 0.5280 -0.6771 0.5126
vn 0.5280 -0.6771 0.5126
vn 0.5280 -0.6771 0.5126
vn 0.5280 -0.6771 0.5126
vn -0.0650 -0.8221 -0.5656
vn -0.0650 -0.8221 -0.5656
vn -0.0650 -0.8221 -0.5656
vn -0.0650 -0.8221 -0.5656
vn -0.0650 -0.8221 -0.5656
vn -0.0650 -0.8221 -0.5656
vn -0.6195 -0.7818 0.0712
vn -0.6195 -0.7818 0.0712
vn -0.6195 -0.7818 0.0712
vn -0.6195 -0.7818 0.0712
vn -0.6195 -0.7818 0.0712
vn -0.6195 -0.7818 0.0712
vn -0.3711 -0.9252 -0.0797
vn -0.3711 -0.9252 -0.0797
vn -0.3711 -0.9252 -0.0797
vn -0.3711 -0.9252 -0.0797
vn -0.3711 -0.9252 -0.0797
vn -0.3711 -0.9252 -0.0797
vn -0.1108 -0.8495 0.5158
vn -0.1108 -0.8495 0.5158
vn -0.1108 -0.8495 0.5158
vn -0.1108 -0.8495 0.5158
vn -0.1108 -0.8495 0.5158
vn -0.1108 -0.8495 0.5158
vn 0.1343 -0.7936 0.5934
vn 0.1343 -0.7936 0.5934
vn 0.1343 -0.7936 0.5934
vn 0.1343 -0.7936 0.5934
vn 0.1343 -0.7936 0.5934
vn 0.1343 -0.7936 0.5934
vn 0.3847 -0.9189 -0.0871
vn 0.3847 -0.9189 -0.0871
vn 0.3847 -0.9189 -0.0871
vn 0.3847 -0.9189 -0.0871
vn 0.3847 -0.9189 -0.0871
vn 0.3847 -0.9189 -0.0871
vn -0.0077 -0.6373 0.7706
vn -0.0077 -0.6373 0.7706
vn -0.0077 -0.6373 0.7706
vn -0.0077 -0.6373 0.7706
vn -0.0077 -0.6373 0.7706
vn -0.0077 -0.6373 0.7706
vn 0.7890 -0.6143 0.0079
vn 0.7890 -0.6143 0.0079
vn 0.7890 -0.6143 0.0079
vn 0.7890 -0.6143 0.0079
vn 0.7890 -0.6143 0.0079
vn 0.7890 -0.6143 0.0079
vn 0.5622 -0.6611 -0.4969
vn 0.5622 -0.6611 -0.4969
vn 0.5622 -0.6611 -0.4969
vn 0.5622 -0.6611 -0.4969
vn 0.5622 -0.6611 -0.4969
vn 0.5622 -0.6611 -0.4969
vn -0.2565 -0.9219 -0.2903
vn -0.2565 -0.9219 -0.2903
vn -0.2565 -0.9219 -0.2903
vn -0.2565 -0.9219 -0.2903
vn -0.2565 -0.9219 -0.2903
vn -0.2565 -0.9219 -0.2903
vn -0.6067 -0.5033 0.6153
vn -0.6067 -0.5033 0.6153
vn -0.6067 -0.5033 0.6153
vn -0.6067 -0.5033 0.6153
vn -0.6067 -0.5033 0.6153
vn -0.6067 -0.5033 0.6153
vn 0.5724 -0.5947 0.5645
vn 0.5724 -0.5947 0.5645
vn 0.5724 -0.5947 0.5645
vn 0.5724 -0.5947 0.5645
vn 0.5724 -0.5947 0.5645
vn 0.5724 -0.5947 0.5645
vn -0.3555 -0.9330 0.0561
vn -0.3555 -0.9330 0.0561
vn -0.3555 -0.9330 0.0561
vn -0.3555 -0.9330 0.0561
vn -0.3555 -0.9330 0.0561
vn -0.3555 -0.9330 0.0561
vn 0.0711 -0.8900 0.4504
vn 0.0711 -0.8900 0.4504
vn 0.0711 -0.8900 0.4504
vn 0.0711 -0.8900 0.4504
vn 0.0711 -0.8900 0.4504
vn 0.0711 -0.8900 0.4504
vn -0.4454 -0.6836 0.5782
vn -0.4454 -0.6836 0.5782
vn -0.4454 -0.6836 0.5782
vn -0.4454 -0.6836 0.5782
vn -0.4454 -0.6836 0.5782
vn -0.4454 -0.6836 0.5782
vn 0.3119 -0.9192 0.2403
vn 0.3119 -0.9192 0.2403
vn 0.3119 -0.9192 0.2403
vn 0.3119 -0.9192 0.2403
vn 0.3119 -0.9192 0.2403
vn 0.3119 -0.9192 0.2403
vn -0.3830 -0.8232 -0.4191
vn -0.3830 -0.8232 -0.4191
vn -0.3830 -0.8232 -0.4191
vn -0.3830 -0.8232 -0.4191
vn -0.3830 -0.8232 -0.4191
vn -0.3830 -0.8232 -0.4191
vn -0.6051 -0.5727 0.5530
vn -0.6051 -0.5727 0.5530
vn -0.6051 -0.5727 0.5530
vn -0.6051 -0.5727 0.5530
vn -0.6051 -0.5727 0.5530
vn -0.6051 -0.5727 0.5530
vn 0.6523 -0.6497 -0.3905
vn 0.6523 -0.6497 -0.3905
vn 0.6523 -0.6497 -0.3905
vn 0.6523 -0.6497 -0.3905
vn 0.6523 -0.6497 -0.3905
vn 0.6523 -0.6497 -0.3905
vn -0.2115 -0.9113 -0.3533
vn -0.2115 -0.9113 -0.3533
vn -0.2115 -0.9113 -0.3533
vn -0.2115 -0.9113 -0.3533
vn -0.2115 -0.9113 -0.3533
vn -0.2115 -0.9113 -0.3533
vn 0.5388 -0.5642 -0.6257
vn 0.5388 -0.5642 -0.6257
vn 0.5388 -0.5642 -0.6257
vn 0.5388 -0.5642 -0.6257
vn 0.5388 -0.5642 -0.6257
vn 0.5388 -0.5642 -0.6257
vn -0.4558 -0.7989 -0.3925
vn -0.4558 -0.7989 -0.3925
vn -0.4558 -0.7989 -0.3925
vn -0.4558 -0.7989 -0.3925
vn -0.4558 -0.7989 -0.3925
vn -0.4558 -0.7989 -0.3925
vn 0.5856 -0.8106 0.0009
vn 0.5856 -0.8106 0.0009
vn 0.5856 -0.8106 0.0009
vn 0.5856 -0.8106 0.0009
vn 0.5856 -0.8106 0.0009
vn 0.5856 -0.8106 0.0009
vn 0.0010 -0.7889 -0.6146
vn 0.0010 -0.7889 -0.6146
vn 0.0010 -0.7889 -0.6146
vn 0.0010 -0.7889 -0.6146
vn 0.0010 -0.7889 -0.6146
vn 0.0010 -0.7889 -0.6146
vn 0.3584 -0.7600 0.5421
vn 0.3584 -0.7600 0.5421
vn 0.3584 -0.7600 0.5421
vn 0.3584 -0.7600 0.5421
vn 0.3584 -0.7600 0.5421
vn 0.3584 -0.7600 0.5421
vn 0.6188 -0.6707 -0.4090
vn 0.6188 -0.6707 -0.4090
vn 0.6188 -0.6707 -0.4090
vn 0.6188 -0.6707 -0.4090
vn 0.6188 -0.6707 -0.4090
vn 0.6188 -0.6707 -0.4090
vn -0.0265 -0.8832 -0.4682
vn -0.0265 -0.8832 -0.4682
vn -0.0265 -0.8832 -0.4682
vn -0.0265 -0.8832 -0.4682
vn -0.0265 -0.8832 -0.4682
vn -0.0265 -0.8832 -0.4682
vn -0.5296 -0.8477 0.0300
vn -0.5296 -0.8477 0.0300
vn -0.5296 -0.8477 0.0300
vn -0.5296 -0.8477 0.0300
vn -0.5296 -0.8477 0.0300
vn -0.5296 -0.8477 0.0300
vn -0.4205 -0.8881 0.1854
vn -0.4205 -0.8881 0.1854
vn -0.4205 -0.8881 0.1854
vn -0.4205 -0.8881 0.1854
vn -0.4205 -0.8881 0.1854
vn -0.4205 -0.8881 0.1854
vn 0.3328 -0.5655 0.7547
vn 0.3328 -0.5655 0.7547
vn 0.3328 -0.5655 0.7547
vn 0.3328 -0.5655 0.7547
vn 0.3328 -0.5655 0.7547
vn 0.3328 -0.5655 0.7547
vn 0.5881 -0.6013 -0.5409
vn 0.5881 -0.6013 -0.5409
vn 0.5881 -0.6013 -0.5409
vn 0.5881 -0.6013 -0.5409
vn 0.5881 -0.6013 -0.5409
vn 0.5881 -0.6013 -0.5409
vn -0.3242 -0.8779 -0.3525
vn -0.3242 -0.8779 -0.3525
vn -0.3242 -0.8779 -0.3525
vn -0.3242 -0.8779 -0.3525
vn -0.3242 -0.8779 -0.3525
vn -0.3242 -0.8779 -0.3525
vn 0.3491 -0.9323 0.0949
vn 0.3491 -0.9323 0.0949
vn 0.3491 -0.9323 0.0949
vn 0.3491 -0.9323 0.0949
vn 0.3491 -0.9323 0.0949
vn 0.3491 -0.9323 0.0949
vn 0.1654 -0.7760 -0.6087
vn 0.1654 -0.7760 -0.6087
vn 0.1654 -0.7760 -0.6087
vn 0.1654 -0.7760 -0.6087
vn 0.1654 -0.7760 -0.6087
vn 0.1654 -0.7760 -0.6087
vn 0.6200 -0.7171 0.3183
vn 0.6200 -0.7171 0.3183
vn 0.6200 -0.7171 0.3183
vn 0.6200 -0.7171 0.3183
vn 0.6200 -0.7171 0.3183
vn 0.6200 -0.7171 0.3183
vn 0.2309 -0.8628 -0.4498
vn 0.2309 -0.8628 -0.4498
vn 0.2309 -0.8628 -0.4498
vn 0.2309 -0.8628 -0.4498
vn 0.2309 -0.8628 -0.4498
vn 0.2309 -0.8628 -0.4498
vn 0.3769 -0.8079 -0.4530
vn 0.3769 -0.8079 -0.4530
vn 0.3769 -0.8079 -0.4530
vn 0.3769 -0.8079 -0.4530
vn 0.3769 -0.8079 -0.4530
vn 0.3769 -0.8079 -0.4530
vn -0.4553 -0.8058 -0.3788
vn -0.4553 -0.8058 -0.3788
vn -0.4553 -0.8058 -0.3788
vn -0.4553 -0.8058 -0.3788
vn -0.4553 -0.8058 -0.3788
vn -0.4553 -0.8058 -0.3788
vn -0.0440 -0.8408 -0.5395
vn -0.0440 -0.8408 -0.5395
vn -0.0440 -0.8408 -0.5395
vn -0.0440 -0.8408 -0.5395
vn -0.0440 -0.8408 -0.5395
vn -0.0440 -0.8408 -0.5395
vn -0.5919 -0.8046 0.0483
vn -0.5919 -0.8046 0.0483
vn -0.5919 -0.8046 0.0483
vn -0.5919 -0.8046 0.0483
vn -0.5919 -0.8046 0.0483
vn -0.5919 -0.8046 0.0483
vn 0.2235 -0.8401 -0.4942
vn 0.2235 -0.8401 -0.4942
vn 0.2235 -0.8401 -0.4942
vn 0.2235 -0.8401 -0.4942
vn 0.2235 -0.8401 -0.4942
vn 0.2235 -0.8401 -0.4942
vn -0.4693 -0.8572 -0.2122
vn -0.4693 -0.8572 -0.2122
vn -0.4693 -0.8572 -0.2122
vn -0.4693 -0.8572 -0.2122
vn -0.4693 -0.8572 -0.2122
vn -0.4693 -0.8572 -0.2122
vn -0.4912 -0.8188 0.2972
vn -0.4912 -0.8188 0.2972
vn -0.4912 -0.8188 0.2972
vn -0.4912 -0.8188 0.2972
vn -0.4912 -0.8188 0.2972
vn -0.4912 -0.8188 0.2972
vn 0.3759 -0.6875 0.6213
vn 0.3759 -0.6875 0.6213
vn 0.3759 -0.6875 0.6213
vn 0.3759 -0.6875 0.6213
vn 0.3759 -0.6875 0.6213
vn 0.3759 -0.6875 0.6213
vn -0.3275 -0.7618 0.5589
vn -0.3275 -0.7618 0.5589
vn -0.3275 -0.7618 0.5589
vn -0.3275 -0.7618 0.5589
vn -0.3275 -0.7618 0.5589
vn -0.3275 -0.7618 0.5589
vn 0.6953 -0.5921 0.4075
vn 0.6953 -0.5921 0.4075
vn 0.6953 -0.5921 0.4075
vn 0.6953 -0.5921 0.4075
vn 0.6953 -0.5921 0.4075
vn 0.6953 -0.5921 0.4075
vn -0.3363 -0.9280 -0.1602
vn -0.3363 -0.9280 -0.1602
vn -0.3363 -0.9280 -0.1602
vn -0.3363 -0.9280 -0.1602
vn -0.3363 -0.9280 -0.1602
vn -0.3363 -0.9280 -0.1602
vn -0.1837 -0.9042 0.3856
vn -0.1837 -0.9042 0.3856
vn -0.1837 -0.9042 0.3856
vn -0.1837 -0.9042 0.3856
vn -0.1837 -0.9042 0.3856
vn -0.1837 -0.9042 0.3856
usemtl leaves
s off
f 275/1261/275 276/1262/276 277/1263/277
f 278/1264/278 279/1265/279 280/1266/280
f 281/1267/281 282/1268/282 283/1269/283
f 284/1270/284 285/1271/285 286/1272/286
f 287/1273/287 288/1274/288 289/1275/289
f 290/1276/290 291/1277/291 292/1278/292
f 293/1279/293 294/1280/294 295/1281/295
f 296/1282/296 297/1283/297 298/1284/298
f 299/1285/299 300/1286/300 301/1287/301
f 302/1288/302 303/1289/303 304/1290/304
f 305/1291/305 306/1292/306 307/1293/307
f 308/1294/308 309/1295/309 310/1296/310
f 311/1297/311 312/1298/312 313/1299/313
f 314/1300/314 315/1301/315 316/1302/316
f 317/1303/317 318/1304/318 319/1305/319
f 320/1306/320 321/1307/321 322/1308/322
f 323/1309/323 324/1310/324 325/1311/325
f 326/1312/326 327/1313/327 328/1314/328
f 329/1315/329 330/1316/330 331/1317/331
f 332/1318/332 333/1319/333 334/1320/334
f 335/1321/335 336/1322/336 337/1323/337
f 338/1324/338 339/1325/339 340/1326/340
f 341/1327/341 342/1328/342 343/1329/343
f 344/1330/344 345/1331/345 346/1332/346
f 347/1333/347 348/1334/348 349/1335/349
f 350/1336/350 351/1337/351 352/1338/352
f 353/1339/353 354/1340/354 355/1341/355
f 356/1342/356 357/1343/357 358/1344/358
f 359/1345/359 360/1346/360 361/1347/361
f 362/1348/362 363/1349/363 364/1350/364
f 365/1351/365 366/1352/366 367/1353/367
f 368/1354/368 369/1355/369 370/1356/370
f 371/1357/371 372/1358/372 373/1359/373
f 374/1360/374 375/1361/375 376/1362/376
f 377/1363/377 378/1364/378 379/1365/379
f 380/1366/380 381/1367/381 382/1368/382
f 383/1369/383 384/1370/384 385/1371/385
f 386/1372/386 387/1373/387 388/1374/388
f 389/1375/389 390/1376/390 391/1377/391
f 392/1378/392 393/1379/393 394/1380/394
f 395/1381/395 396/1382/396 397/1383/397
f 398/1384/398 399/1385/399 400/1386/400
f 401/1387/401 402/1388/402 403/1389/403
f 404/1390/404 405/1391/405 406/1392/406
f 407/1393/407 408/1394/408 409/1395/409
f 410/1396/410 411/1397/411 412/1398/412
f 413/1399/413 414/1400/414 415/1401/415
f 416/1402/416 417/1403/417 418/1404/418
f 419/1405/419 420/1406/420 421/1407/421
f 422/1408/422 423/1409/423 424/1410/424
f 425/1411/425 426/1412/426 427/1413/427
f 428/1414/428 429/1415/429 430/1416/430
f 431/1417/431 432/1418/432 433/1419/433
f 434/1420/434 435/1421/435 436/1422/436
f 437/1423/437 438/1424/438 439/1425/439
f 440/1426/440 441/1427/441 442/1428/442
f 443/1429/443 444/1430/444 445/1431/445
f 446/1432/446 447/1433/447 448/1434/448
f 449/1435/449 450/1436/450 451/1437/451
f 452/1438/452 453/1439/453 454/1440/454
f 455/1441/455 456/1442/456 457/1443/457
f 458/1444/458 459/1445/459 460/1446/460
f 461/1447/461 462/1448/462 463/1449/463
f 464/1450/464 465/1451/465 466/1452/466
f 467/1453/467 468/1454/468 469/1455/469
f 470/1456/470 471/1457/471 472/1458/472
f 473/1459/473 474/1460/474 475/1461/475
f 476/1462/476 477/1463/477 478/1464/478
f 479/1465/479 480/1466/480 481/1467/481
f 482/1468/482 483/1469/483 484/1470/484
f 485/1471/485 486/1472/486 487/1473/487
f 488/1474/488 489/1475/489 490/1476/490
f 491/1477/491 492/1478/492 493/1479/493
f 494/1480/494 495/1481/495 496/1482/496
f 497/1483/497 498/1484/498 499/1485/499
f 500/1486/500 501/1487/501 502/1488/502
f 503/1489/503 504/1490/504 505/1491/505
f 506/1492/506 507/1493/507 508/1494/508
f 509/1495/509 510/1496/510 511/1497/511
f 512/1498/512 513/1499/513 514/1500/514
f 515/1501/515 516/1502/516 517/1503/517
f 518/1504/518 519/1505/519 520/1506/520
f 521/1507/521 522/1508/522 523/1509/523
f 524/1510/524 525/1511/525 526/1512/526
f 527/1513/527 528/1514/528 529/1515/529
f 530/1516/530 531/1517/531 532/1518/532
f 533/1519/533 534/1520/534 535/1521/535
f 536/1522/536 537/1523/537 538/1524/538
f 539/1525/539 540/1526/540 541/1527/541
f 542/1528/542 543/1529/543 544/1530/544
f 545/1531/545 546/1532/546 547/1533/547
f 548/1534/548 549/1535/549 550/1536/550
f 551/1537/551 552/1538/552 553/1539/553
f 554/1540/554 555/1541/555 556/1542/556
f 557/1543/557 558/1544/558 559/1545/559
f 560/1546/560 561/1547/561 562/1548/562
f 563/1549/563 564/1550/564 565/1551/565
f 566/1552/566 567/1553/567 568/1554/568
f 569/1555/569 570/1556/570 571/1557/571
f 572/1558/572 573/1559/573 574/1560/574
f 575/1561/575 576/1562/576 577/1563/577
f 578/1564/578 579/1565/579 580/1566/580
f 581/1567/581 582/1568/582 583/1569/583
f 584/1570/584 585/1571/585 586/1572/586
f 587/1573/587 588/1574/588 589/1575/589
f 590/1576/590 591/1577/591 592/1578/592
f 593/1579/593 594/1580/594 595/1581/595
f 596/1582/596 597/1583/597 598/1584/598
f 599/1585/599 600/1586/600 601/1587/601
f 602/1588/602 603/1589/603 604/1590/604
f 605/1591/605 606/1592/606 607/1593/607
f 608/1594/608 609/1595/609 610/1596/610
f 611/1597/611 612/1598/612 613/1599/613
f 614/1600/614 615/1601/615 616/1602/616
f 617/1603/617 618/1604/618 619/1605/619
f 620/1606/620 621/1607/621 622/1608/622
f 623/1609/623 624/1610/624 625/1611/625
f 626/1612/626 627/1613/627 628/1614/628
f 629/1615/629 630/1616/630 631/1617/631
f 632/1618/632 633/1619/633 634/1620/634
f 635/1621/635 636/1622/636 637/1623/637
f 638/1624/638 639/1625/639 640/1626/640
f 641/1627/641 642/1628/642 643/1629/643
f 644/1630/644 645/1631/645 646/1632/646
f 647/1633/647 648/1634/648 649/1635/649
f 650/1636/650 651/1637/651 652/1638/652
f 653/1639/653 654/1640/654 655/1641/655
f 656/1642/656 657/1643/657 658/1644/658
f 659/1645/659 660/1646/660 661/1647/661
f 662/1648/662 663/1649/663 664/1650/664
f 665/1651/665 666/1652/666 667/1653/667
f 668/1654/668 669/1655/669 670/1656/670
f 671/1657/671 672/1658/672 673/1659/673
f 674/1660/674 675/1661/675 676/1662/676
f 677/1663/677 678/1664/678 679/1665/679
f 680/1666/680 681/1667/681 682/1668/682
f 683/1669/683 684/1670/684 685/1671/685
f 686/1672/686 687/1673/687 688/1674/688
f 689/1675/689 690/1676/690 691/1677/691
f 692/1678/692 693/1679/693 694/1680/694
f 695/1681/695 696/1682/696 697/1683/697
f 698/1684/698 699/1685/699 700/1686/700
f 701/1687/701 702/1688/702 703/1689/703
f 704/1690/704 705/1691/705 706/1692/706
f 707/1693/707 708/1694/708 709/1695/709
f 710/1696/710 711/1697/711 712/1698/712
f 713/1699/713 714/1700/714 715/1701/715
f 716/1702/716 717/1703/717 718/1704/718
f 719/1705/719 720/1706/720 721/1707/721
f 722/1708/722 723/1709/723 724/1710/724
f 725/1711/725 726/1712/726 727/1713/727
f 728/1714/728 729/1715/729 730/1716/730
f 731/1717/731 732/1718/732 733/1719/733
f 734/1720/734 735/1721/735 736/1722/736
f 737/1723/737 738/1724/738 739/1725/739
f 740/1726/740 741/1727/741 742/1728/742
f 743/1729/743 744/1730/744 745/1731/745
f 746/1732/746 747/1733/747 748/1734/748
f 749/1735/749 750/1736/750 751/1737/751
f 752/1738/752 753/1739/753 754/1740/754
f 755/1741/755 756/1742/756 757/1743/757
f 758/1744/758 759/1745/759 760/1746/760
f 761/1747/761 762/1748/762 763/1749/763
f 764/1750/764 765/1751/765 766/1752/766
f 767/1753/767 768/1754/768 769/1755/769
f 770/1756/770 771/1757/771 772/1758/772
f 773/1759/773 774/1760/774 775/1761/775
f 776/1762/776 777/1763/777 778/1764/778
f 779/1765/779 780/1766/780 781/1767/781
f 782/1768/782 783/1769/783 784/1770/784
f 785/1771/785 786/1772/786 787/1773/787
f 788/1774/788 789/1775/789 790/1776/790
f 791/1777/791 792/1778/792 793/1779/793
f 794/1780/794 795/1781/795 796/1782/796
f 797/1783/797 798/1784/798 799/1785/799
f 800/1786/800 801/1787/801 802/1788/802
f 803/1789/803 804/1790/804 805/1791/805
f 806/1792/806 807/1793/807 808/1794/808
f 809/1795/809 810/1796/810 811/1797/811
f 812/1798/812 813/1799/813 814/1800/814
f 815/1801/815 816/1802/816 817/1803/817
f 818/1804/818 819/1805/819 820/1806/820
f 821/1807/821 822/1808/822 823/1809/823
f 824/1810/824 825/1811/825 826/1812/826
f 827/1813/827 828/1814/828 829/1815/829
f 830/1816/830 831/1817/831 832/1818/832
f 833/1819/833 834/1820/834 835/1821/835
f 836/1822/836 837/1823/837 838/1824/838
f 839/1825/839 840/1826/840 841/1827/841
f 842/1828/842 843/1829/843 844/1830/844
f 845/1831/845 846/1832/846 847/1833/847
f 848/1834/848 849/1835/849 850/1836/850
f 851/1837/851 852/1838/852 853/1839/853
f 854/1840/854 855/1841/855 856/1842/856
f 857/1843/857 858/1844/858 859/1845/859
f 860/1846/860 861/1847/861 862/1848/862
f 863/1849/863 864/1850/864 865/1851/865
f 866/1852/866 867/1853/867 868/1854/868
f 869/1855/869 870/1856/870 871/1857/871
f 872/1858/872 873/1859/873 874/1860/874
f 875/1861/875 876/1862/876 877/1863/877
f 878/1864/878 879/1865/879 880/1866/880
f 881/1867/881 882/1868/882 883/1869/883
f 884/1870/884 885/1871/885 886/1872/886
f 887/1873/887 888/1874/888 889/1875/889
f 890/1876/890 891/1877/891 892/1878/892
f 893/1879/893 894/1880/894 895/1881/895
f 896/1882/896 897/1883/897 898/1884/898
f 899/1885/899 900/1886/900 901/1887/901
f 902/1888/902 903/1889/903 904/1890/904
f 905/1891/905 906/1892/906 907/1893/907
f 908/1894/908 909/1895/909 910/1896/910
f 911/1897/911 912/1898/912 913/1899/913
f 914/1900/914 915/1901/915 916/1902/916
f 917/1903/917 918/1904/918 919/1905/919
f 920/1906/920 921/1907/921 922/1908/922
f 923/1909/923 924/1910/924 925/1911/925
f 926/1912/926 927/1913/927 928/1914/928
f 929/1915/929 930/1916/930 931/1917/931
f 932/1918/932 933/1919/933 934/1920/934
f 935/1921/935 936/1922/936 937/1923/937
f 938/1924/938 939/1925/939 940/1926/940
f 941/1927/941 942/1928/942 943/1929/943
f 944/1930/944 945/1931/945 946/1932/946
f 947/1933/947 948/1934/948 949/1935/949
f 950/1936/950 951/1937/951 952/1938/952
f 953/1939/953 954/1940/954 955/1941/955
f 956/1942/956 957/1943/957 958/1944/958
f 959/1945/959 960/1946/960 961/1947/961
f 962/1948/962 963/1949/963 964/1950/964
f 965/1951/965 966/1952/966 967/1953/967
f 968/1954/968 969/1955/969 970/1956/970
f 971/1957/971 972/1958/972 973/1959/973
f 974/1960/974 975/1961/975 976/1962/976
f 977/1963/977 978/1964/978 979/1965/979
f 980/1966/980 981/1967/981 982/1968/982
f 983/1969/983 984/1970/984 985/1971/985
f 986/1972/986 987/1973/987 988/1974/988
f 989/1975/989 990/1976/990 991/1977/991
f 992/1978/992 993/1979/993 994/1980/994
f 995/1981/995 996/1982/996 997/1983/997
f 998/1984/998 999/1985/999 1000/1986/1000
f 1001/1987/1001 1002/1988/1002 1003/1989/1003
f 1004/1990/1004 1005/1991/1005 1006/1992/1006
f 1007/1993/1007 1008/1994/1008 1009/1995/1009
f 1010/1996/1010 1011/1997/1011 1012/1998/1012
f 1013/1999/1013 1014/2000/1014 1015/2001/1015
f 1016/2002/1016 1017/2003/1017 1018/2004/1018
f 1019/2005/1019 1020/2006/1020 1021/2007/1021
f 1022/2008/1022 1023/2009/1023 1024/2010/1024
f 1025/2011/1025 1026/2012/1026 1027/2013/1027
f 1028/2014/1028 1029/2015/1029 1030/2016/1030
f 1031/2017/1031 1032/2018/1032 1033/2019/1033
f 1034/2020/1034 1035/2021/1035 1036/2022/1036
f 1037/2023/1037 1038/2024/1038 1039/2025/1039
f 1040/2026/1040 1041/2027/1041 1042/2028/1042
f 1043/2029/1043 1044/2030/1044 1045/2031/1045
f 1046/2032/1046 1047/2033/1047 1048/2034/1048
f 1049/2035/1049 1050/2036/1050 1051/2037/1051
f 1052/2038/1052 1053/2039/1053 1054/2040/1054
f 1055/2041/1055 1056/2042/1056 1057/2043/1057
f 1058/2044/1058 1059/2045/1059 1060/2046/1060
f 1061/2047/1061 1062/2048/1062 1063/2049/1063
f 1064/2050/1064 1065/2051/1065 1066/2052/1066
f 1067/2053/1067 1068/2054/1068 1069/2055/1069
f 1070/2056/1070 1071/2057/1071 1072/2058/1072
f 1073/2059/1073 1074/2060/1074 1075/2061/1075
f 1076/2062/1076 1077/2063/1077 1078/2064/1078
f 1079/2065/1079 1080/2066/1080 1081/2067/1081
f 1082/2068/1082 1083/2069/1083 1084/2070/1084
f 1085/2071/1085 1086/2072/1086 1087/2073/1087
f 1088/2074/1088 1089/2075/1089 1090/2076/1090
f 1091/2077/1091 1092/2078/1092 1093/2079/1093
f 1094/2080/1094 1095/2081/1095 1096/2082/1096
f 1097/2083/1097 1098/2084/1098 1099/2085/1099
f 1100/2086/1100 1101/2087/1101 1102/2088/1102
f 1103/2089/1103 1104/2090/1104 1105/2091/1105
f 1106/2092/1106 1107/2093/1107 1108/2094/1108
f 1109/2095/1109 1110/2096/1110 1111/2097/1111
f 1112/2098/1112 1113/2099/1113 1114/2100/1114
f 1115/2101/1115 1116/2102/1116 1117/2103/1117
f 1118/2104/1118 1119/2105/1119 1120/2106/1120
f 1121/2107/1121 1122/2108/1122 1123/2109/1123
f 1124/2110/1124 1125/2111/1125 1126/2112/1126
f 1127/2113/1127 1128/2114/1128 1129/2115/1129
f 1130/2116/1130 1131/2117/1131 1132/2118/1132
f 1133/2119/1133 1134/2120/1134 1135/2121/1135
f 1136/2122/1136 1137/2123/1137 1138/2124/1138
f 1139/2125/1139 1140/2126/1140 1141/2127/1141
f 1142/2128/1142 1143/2129/1143 1144/2130/1144
f 1145/2131/1145 1146/2132/1146 1147/2133/1147
f 1148/2134/1148 1149/2135/1149 1150/2136/1150
f 1151/2137/1151 1152/2138/1152 1153/2139/1153
f 1154/2140/1154 1155/2141/1155 1156/2142/1156
f 1157/2143/1157 1158/2144/1158 1159/2145/1159
f 1160/2146/1160 1161/2147/1161 1162/2148/1162
f 1163/2149/1163 1164/2150/1164 1165/2151/1165
f 1166/2152/1166 1167/2153/1167 1168/2154/1168
f 1169/2155/1169 1170/2156/1170 1171/2157/1171
f 1172/2158/1172 1173/2159/1173 1174/2160/1174
f 1175/2161/1175 1176/2162/1176 1177/2163/1177
f 1178/2164/1178 1179/2165/1179 1180/2166/1180
f 1181/2167/1181 1182/2168/1182 1183/2169/1183
f 1184/2170/1184 1185/2171/1185 1186/2172/1186
f 1187/2173/1187 1188/2174/1188 1189/2175/1189
f 1190/2176/1190 1191/2177/1191 1192/2178/1192
f 1193/2179/1193 1194/2180/1194 1195/2181/1195
f 1196/2182/1196 1197/2183/1197 1198/2184/1198
f 1199/2185/1199 1200/2186/1200 1201/2187/1201
f 1202/2188/1202 1203/2189/1203 1204/2190/1204
f 1205/2191/1205 1206/2192/1206 1207/2193/1207
f 1208/2194/1208 1209/2195/1209 1210/2196/1210
f 1211/2197/1211 1212/2198/1212 1213/2199/1213
f 1214/2200/1214 1215/2201/1215 1216/2202/1216
f 1217/2203/1217 1218/2204/1218 1219/2205/1219
f 1220/2206/1220 1221/2207/1221 1222/2208/1222
f 1223/2209/1223 1224/2210/1224 1225/2211/1225
f 1226/2212/1226 1227/2213/1227 1228/2214/1228
f 1229/2215/1229 1230/2216/1230 1231/2217/1231
f 1232/2218/1232 1233/2219/1233 1234/2220/1234
f 1235/2221/1235 1236/2222/1236 1237/2223/1237
f 1238/2224/1238 1239/2225/1239 1240/2226/1240
f 1241/2227/1241 1242/2228/1242 1243/2229/1243
f 1244/2230/1244 1245/2231/1245 1246/2232/1246
f 1247/2233/1247 1248/2234/1248 1249/2235/1249
f 1250/2236/1250 1251/2237/1251 1252/2238/1252
f 1253/2239/1253 1254/2240/1254 1255/2241/1255
f 1256/2242/1256 1257/2243/1257 1258/2244/1258
f 1259/2245/1259 1260/2246/1260 1261/2247/1261
f 1262/2248/1262 1263/2249/1263 1264/2250/1264
f 1265/2251/1265 1266/2252/1266 1267/2253/1267
f 1268/2254/1268 1269/2255/1269 1270/2256/1270
f 1271/2257/1271 1272/2258/1272 1273/2259/1273
f 1274/2260/1274 1275/2261/1275 1276/2262/1276
f 1277/2263/1277 1278/2264/1278 1279/2265/1279
f 1280/2266/1280 1281/2267/1281 1282/2268/1282
f 1283/2269/1283 1284/2270/1284 1285/2271/1285
f 1286/2272/1286 1287/2273/1287 1288/2274/1288
f 1289/2275/1289 1290/2276/1290 1291/2277/1291
f 1292/2278/1292 1293/2279/1293 1294/2280/1294
f 1295/2281/1295 1296/2282/1296 1297/2283/1297
f 1298/2284/1298 1299/2285/1299 1300/2286/1300
f 1301/2287/1301 1302/2288/1302 1303/2289/1303
f 1304/2290/1304 1305/2291/1305 1306/2292/1306
f 1307/2293/1307 1308/2294/1308 1309/2295/1309
f 1310/2296/1310 1311/2297/1311 1312/2298/1312
f 1313/2299/1313 1314/2300/1314 1315/2301/1315
f 1316/2302/1316 1317/2303/1317 1318/2304/1318
f 1319/2305/1319 1320/2306/1320 1321/2307/1321
f 1322/2308/1322 1323/2309/1323 1324/2310/1324
f 1325/2311/1325 1326/2312/1326 1327/2313/1327
f 1328/2314/1328 1329/2315/1329 1330/2316/1330
f 1331/2317/1331 1332/2318/1332 1333/2319/1333
f 1334/2320/1334 1335/2321/1335 1336/2322/1336
f 1337/2323/1337 1338/2324/1338 1339/2325/1339
f 1340/2326/1340 1341/2327/1341 1342/2328/1342
f 1343/2329/1343 1344/2330/1344 1345/2331/1345
f 1346/2332/1346 1347/2333/1347 1348/2334/1348
f 1349/2335/1349 1350/2336/1350 1351/2337/1351
f 1352/2338/1352 1353/2339/1353 1354/2340/1354
f 1355/2341/1355 1356/2342/1356 1357/2343/1357
f 1358/2344/1358 1359/2345/1359 1360/2346/1360
f 1361/2347/1361 1362/2348/1362 1363/2349/1363
f 1364/2350/1364 1365/2351/1365 1366/2352/1366
f 1367/2353/1367 1368/2354/1368 1369/2355/1369
f 1370/2356/1370 1371/2357/1371 1372/2358/1372
f 1373/2359/1373 1374/2360/1374 1375/2361/1375
f 1376/2362/1376 1377/2363/1377 1378/2364/1378
f 1379/2365/1379 1380/2366/1380 1381/2367/1381
f 1382/2368/1382 1383/2369/1383 1384/2370/1384
f 1385/2371/1385 1386/2372/1386 1387/2373/1387
f 1388/2374/1388 1389/2375/1389 1390/2376/1390
f 1391/2377/1391 1392/2378/1392 1393/2379/1393
f 1394/2380/1394 1395/2381/1395 1396/2382/1396
f 1397/2383/1397 1398/2384/1398 1399/2385/1399
f 1400/2386/1400 1401/2387/1401 1402/2388/1402
f 1403/2389/1403 1404/2390/1404 1405/2391/1405
f 1406/2392/1406 1407/2393/1407 1408/2394/1408
f 1409/2395/1409 1410/2396/1410 1411/2397/1411
f 1412/2398/1412 1413/2399/1413 1414/2400/1414
f 1415/2401/1415 1416/2402/1416 1417/2403/1417
f 1418/2404/1418 1419/2405/1419 1420/2406/1420
f 1421/2407/1421 1422/2408/1422 1423/2409/1423
f 1424/2410/1424 1425/2411/1425 1426/2412/1426
f 1427/2413/1427 1428/2414/1428 1429/2415/1429
f 1430/2416/1430 1431/2417/1431 1432/2418/1432
f 1433/2419/1433 1434/2420/1434 1435/2421/1435
f 1436/2422/1436 1437/2423/1437 1438/2424/1438
f 1439/2425/1439 1440/2426/1440 1441/2427/1441
f 1442/2428/1442 1443/2429/1443 1444/2430/1444
f 1445/2431/1445 1446/2432/1446 1447/2433/1447
f 1448/2434/1448 1449/2435/1449 1450/2436/1450
f 1451/2437/1451 1452/2438/1452 1453/2439/1453
f 1454/2440/1454 1455/2441/1455 1456/2442/1456
f 1457/2443/1457 1458/2444/1458 1459/2445/1459
f 1460/2446/1460 1461/2447/1461 1462/2448/1462
f 1463/2449/1463 1464/2450/1464 1465/2451/1465
f 1466/2452/1466 1467/2453/1467 1468/2454/1468
f 1469/2455/1469 1470/2456/1470 1471/2457/1471
f 1472/2458/1472 1473/2459/1473 1474/2460/1474
f 1475/2461/1475 1476/2462/1476 1477/2463/1477
f 1478/2464/1478 1479/2465/1479 1480/2466/1480
f 1481/2467/1481 1482/2468/1482 1483/2469/1483
f 1484/2470/1484 1485/2471/1485 1486/2472/1486
f 1487/2473/1487 1488/2474/1488 1489/2475/1489
f 1490/2476/1490 1491/2477/1491 1492/2478/1492
f 1493/2479/1493 1494/2480/1494 1495/2481/1495
f 1496/2482/1496 1497/2483/1497 1498/2484/1498
f 1499/2485/1499 1500/2486/1500 1501/2487/1501
f 1502/2488/1502 1503/2489/1503 1504/2490/1504
f 1505/2491/1505 1506/2492/1506 1507/2493/1507
f 1508/2494/1508 1509/2495/1509 1510/2496/1510
f 1511/2497/1511 1512/2498/1512 1513/2499/1513
f 1514/2500/1514 1515/2501/1515 1516/2502/1516
f 1517/2503/1517 1518/2504/1518 1519/2505/1519
f 1520/2506/1520 1521/2507/1521 1522/2508/1522
f 1523/2509/1523 1524/2510/1524 1525/2511/1525
f 1526/2512/1526 1527/2513/1527 1528/2514/1528
f 1529/2515/1529 1530/2516/1530 1531/2517/1531
f 1532/2518/1532 1533/2519/1533 1534/2520/1534
f 1535/2521/1535 1536/2522/1536 1537/2523/1537
f 1538/2524/1538 1539/2525/1539 1540/2526/1540
f 1541/2527/1541 1542/2528/1542 1543/2529/1543
f 1544/2530/1544 1545/2531/1545 1546/2532/1546
f 1547/2533/1547 1548/2534/1548 1549/2535/1549
f 1550/2536/1550 1551/2537/1551 1552/2538/1552
f 1553/2539/1553 1554/2540/1554 1555/2541/1555
f 1556/2542/1556 1557/2543/1557 1558/2544/1558
f 1559/2545/1559 1560/2546/1560 1561/2547/1561
f 1562/2548/1562 1563/2549/1563 1564/2550/1564
f 1565/2551/1565 1566/2552/1566 1567/2553/1567
f 1568/2554/1568 1569/2555/1569 1570/2556/1570
f 1571/2557/1571 1572/2558/1572 1573/2559/1573
f 1574/2560/1574 1575/2561/1575 1576/2562/1576
f 1577/2563/1577 1578/2564/1578 1579/2565/1579
f 1580/2566/1580 1581/2567/1581 1582/2568/1582
f 1583/2569/1583 1584/2570/1584 1585/2571/1585
f 1586/2572/1586 1587/2573/1587 1588/2574/1588
f 1589/2575/1589 1590/2576/1590 1591/2577/1591
f 1592/2578/1592 1593/2579/1593 1594/2580/1594
f 1595/2581/1595 1596/2582/1596 1597/2583/1597
f 1598/2584/1598 1599/2585/1599 1600/2586/1600
f 1601/2587/1601 1602/2588/1602 1603/2589/1603
f 1604/2590/1604 1605/2591/1605 1606/2592/1606
f 1607/2593/1607 1608/2594/1608 1609/2595/1609
f 1610/2596/1610 1611/2597/1611 1612/2598/1612
f 1613/2599/1613 1614/2600/1614 1615/2601/1615
f 1616/2602/1616 1617/2603/1617 1618/2604/1618
f 1619/2605/1619 1620/2606/1620 1621/2607/1621
f 1622/2608/1622 1623/2609/1623 1624/2610/1624
f 1625/2611/1625 1626/2612/1626 1627/2613/1627
f 1628/2614/1628 1629/2615/1629 1630/2616/1630
f 1631/2617/1631 1632/2618/1632 1633/2619/1633
f 1634/2620/1634 1635/2621/1635 1636/2622/1636
f 1637/2623/1637 1638/2624/1638 1639/2625/1639
f 1640/2626/1640 1641/2627/1641 1642/2628/1642
f 1643/2629/1643 1644/2630/1644 1645/2631/1645
f 1646/2632/1646 1647/2633/1647 1648/2634/1648
f 1649/2635/1649 1650/2636/1650 1651/2637/1651
f 1652/2638/1652 1653/2639/1653 1654/2640/1654
f 1655/2641/1655 1656/2642/1656 1657/2643/1657
f 1658/2644/1658 1659/2645/1659 1660/2646/1660
f 1661/2647/1661 1662/2648/1662 1663/2649/1663
f 1664/2650/1664 1665/2651/1665 1666/2652/1666
f 1667/2653/1667 1668/2654/1668 1669/2655/1669
f 1670/2656/1670 1671/2657/1671 1672/2658/1672
f 1673/2659/1673 1674/2660/1674 1675/2661/1675
f 1676/2662/1676 1677/2663/1677 1678/2664/1678
f 1679/2665/1679 1680/2666/1680 1681/2667/1681
f 1682/2668/1682 1683/2669/1683 1684/2670/1684
f 1685/2671/1685 1686/2672/1686 1687/2673/1687
f 1688/2674/1688 1689/2675/1689 1690/2676/1690
f 1691/2677/1691 1692/2678/1692 1693/2679/1693
f 1694/2680/1694 1695/2681/1695 1696/2682/1696
f 1697/2683/1697 1698/2684/1698 1699/2685/1699
f 1700/2686/1700 1701/2687/1701 1702/2688/1702
f 1703/2689/1703 1704/2690/1704 1705/2691/1705
f 1706/2692/1706 1707/2693/1707 1708/2694/1708
f 1709/2695/1709 1710/2696/1710 1711/2697/1711
f 1712/2698/1712 1713/2699/1713 1714/2700/1714
f 1715/2701/1715 1716/2702/1716 1717/2703/1717
f 1718/2704/1718 1719/2705/1719 1720/2706/1720
f 1721/2707/1721 1722/2708/1722 1723/2709/1723
f 1724/2710/1724 1725/2711/1725 1726/2712/1726
f 1727/2713/1727 1728/2714/1728 1729/2715/1729
f 1730/2716/1730 1731/2717/1731 1732/2718/1732
f 1733/2719/1733 1734/2720/1734 1735/2721/1735
f 1736/2722/1736 1737/2723/1737 1738/2724/1738
f 1739/2725/1739 1740/2726/1740 1741/2727/1741
f 1742/2728/1742 1743/2729/1743 1744/2730/1744
f 1745/2731/1745 1746/2732/1746 1747/2733/1747
f 1748/2734/1748 1749/2735/1749 1750/2736/1750
f 1751/2737/1751 1752/2738/1752 1753/2739/1753
f 1754/2740/1754 1755/2741/1755 1756/2742/1756
f 1757/2743/1757 1758/2744/1758 1759/2745/1759
f 1760/2746/1760 1761/2747/1761 1762/2748/1762
f 1763/2749/1763 1764/2750/1764 1765/2751/1765
f 1766/2752/1766 1767/2753/1767 1768/2754/1768
f 1769/2755/1769 1770/2756/1770 1771/2757/1771
f 1772/2758/1772 1773/2759/1773 1774/2760/1774
f 1775/2761/1775 1776/2762/1776 1777/2763/1777
f 1778/2764/1778 1779/2765/1779 1780/2766/1780
f 1781/2767/1781 1782/2768/1782 1783/2769/1783
f 1784/2770/1784 1785/2771/1785 1786/2772/1786
f 1787/2773/1787 1788/2774/1788 1789/2775/1789
f 1790/2776/1790 1791/2777/1791 1792/2778/1792
f 1793/2779/1793 1794/2780/1794 1795/2781/1795
f 1796/2782/1796 1797/2783/1797 1798/2784/1798
f 1799/2785/1799 1800/2786/1800 1801/2787/1801
f 1802/2788/1802 1803/2789/1803 1804/2790/1804
f 1805/2791/1805 1806/2792/1806 1807/2793/1807
f 1808/2794/1808 1809/2795/1809 1810/2796/1810
f 1811/2797/1811 1812/2798/1812 1813/2799/1813
f 1814/2800/1814 1815/2801/1815 1816/2802/1816
f 1817/2803/1817 1818/2804/1818 1819/2805/1819
f 1820/2806/1820 1821/2807/1821 1822/2808/1822
f 1823/2809/1823 1824/2810/1824 1825/2811/1825
f 1826/2812/1826 1827/2813/1827 1828/2814/1828
f 1829/2815/1829 1830/2816/1830 1831/2817/1831
f 1832/2818/1832 1833/2819/1833 1834/2820/1834
f 1835/2821/1835 1836/2822/1836 1837/2823/1837
f 1838/2824/1838 1839/2825/1839 1840/2826/1840
f 1841/2827/1841 1842/2828/1842 1843/2829/1843
f 1844/2830/1844 1845/2831/1845 1846/2832/1846
f 1847/2833/1847 1848/2834/1848 1849/2835/1849
f 1850/2836/1850 1851/2837/1851 1852/2838/1852
f 1853/2839/1853 1854/2840/1854 1855/2841/1855
f 1856/2842/1856 1857/2843/1857 1858/2844/1858
f 1859/2845/1859 1860/2846/1860 1861/2847/1861
f 1862/2848/1862 1863/2849/1863 1864/2850/1864
f 1865/2851/1865 1866/2852/1866 1867/2853/1867
f 1868/2854/1868 1869/2855/1869 1870/2856/1870
f 1871/2857/1871 1872/2858/1872 1873/2859/1873
f 1874/2860/1874 1875/2861/1875 1876/2862/1876
f 1877/2863/1877 1878/2864/1878 1879/2865/1879
f 1880/2866/1880 1881/2867/1881 1882/2868/1882
f 1883/2869/1883 1884/2870/1884 1885/2871/1885
f 1886/2872/1886 1887/2873/1887 1888/2874/1888
f 1889/2875/1889 1890/2876/1890 1891/2877/1891
f 1892/2878/1892 1893/2879/1893 1894/2880/1894
f 1895/2881/1895 1896/2882/1896 1897/2883/1897
f 1898/2884/1898 1899/2885/1899 1900/2886/1900
f 1901/2887/1901 1902/2888/1902 1903/2889/1903
f 1904/2890/1904 1905/2891/1905 1906/2892/1906
f 1907/2893/1907 1908/2894/1908 1909/2895/1909
f 1910/2896/1910 1911/2897/1911 1912/2898/1912
f 1913/2899/1913 1914/2900/1914 1915/2901/1915
f 1916/2902/1916 1917/2903/1917 1918/2904/1918
f 1919/2905/1919 1920/2906/1920 1921/2907/1921
f 1922/2908/1922 1923/2909/1923 1924/2910/1924
f 1925/2911/1925 1926/2912/1926 1927/2913/1927
f 1928/2914/1928 1929/2915/1929 1930/2916/1930
f 1931/2917/1931 1932/2918/1932 1933/2919/1933
f 1934/2920/1934 1935/2921/1935 1936/2922/1936
f 1937/2923/1937 1938/2924/1938 1939/2925/1939
f 1940/2926/1940 1941/2927/1941 1942/2928/1942
f 1943/2929/1943 1944/2930/1944 1945/2931/1945
f 1946/2932/1946 1947/2933/1947 1948/2934/1948
f 1949/2935/1949 1950/2936/1950 1951/2937/1951
f 1952/2938/1952 1953/2939/1953 1954/2940/1954
f 1955/2941/1955 1956/2942/1956 1957/2943/1957
f 1958/2944/1958 1959/2945/1959 1960/2946/1960
f 1961/2947/1961 1962/2948/1962 1963/2949/1963
f 1964/2950/1964 1965/2951/1965 1966/2952/1966
f 1967/2953/1967 1968/2954/1968 1969/2955/1969
f 1970/2956/1970 1971/2957/1971 1972/2958/1972
f 1973/2959/1973 1974/2960/1974 1975/2961/1975
f 1976/2962/1976 1977/2963/1977 1978/2964/1978
f 1979/2965/1979 1980/2966/1980 1981/2967/1981
f 1982/2968/1982 1983/2969/1983 1984/2970/1984
f 1985/2971/1985 1986/2972/1986 1987/2973/1987
f 1988/2974/1988 1989/2975/1989 1990/2976/1990
f 1991/2977/1991 1992/2978/1992 1993/2979/1993
f 1994/2980/1994 1995/2981/1995 1996/2982/1996
f 1997/2983/1997 1998/2984/1998 1999/2985/1999
f 2000/2986/2000 2001/2987/2001 2002/2988/2002
f 2003/2989/2003 2004/2990/2004 2005/2991/2005
f 2006/2992/2006 2007/2993/2007 2008/2994/2008
f 2009/2995/2009 2010/2996/2010 2011/2997/2011
f 2012/2998/2012 2013/2999/2013 2014/3000/2014
f 2015/3001/2015 2016/3002/2016 2017/3003/2017
f 2018/3004/2018 2019/3005/2019 2020/3006/2020
f 2021/3007/2021 2022/3008/2022 2023/3009/2023
f 2024/3010/2024 2025/3011/2025 2026/3012/2026
f 2027/3013/2027 2028/3014/2028 2029/3015/2029
f 2030/3016/2030 2031/3017/2031 2032/3018/2032
f 2033/3019/2033 2034/3020/2034 2035/3021/2035
f 2036/3022/2036 2037/3023/2037 2038/3024/2038
f 2039/3025/2039 2040/3026/2040 2041/3027/2041
f 2042/3028/2042 2043/3029/2043 2044/3030/2044
f 2045/3031/2045 2046/3032/2046 2047/3033/2047
f 2048/3034/2048 2049/3035/2049 2050/3036/2050
f 2051/3037/2051 2052/3038/2052 2053/3039/2053
f 2054/3040/2054 2055/3041/2055 2056/3042/2056
f 2057/3043/2057 2058/3044/2058 2059/3045/2059
f 2060/3046/2060 2061/3047/2061 2062/3048/2062
f 2063/3049/2063 2064/3050/2064 2065/3051/2065
f 2066/3052/2066 2067/3053/2067 2068/3054/2068
f 2069/3055/2069 2070/3056/2070 2071/3057/2071
f 2072/3058/2072 2073/3059/2073 2074/3060/2074
f 2075/3061/2075 2076/3062/2076 2077/3063/2077
f 2078/3064/2078 2079/3065/2079 2080/3066/2080
f 2081/3067/2081 2082/3068/2082 2083/3069/2083
f 2084/3070/2084 2085/3071/2085 2086/3072/2086
f 2087/3073/2087 2088/3074/2088 2089/3075/2089
f 2090/3076/2090 2091/3077/2091 2092/3078/2092
f 2093/3079/2093 2094/3080/2094 2095/3081/2095
f 2096/3082/2096 2097/3083/2097 2098/3084/2098
f 2099/3085/2099 2100/3086/2100 2101/3087/2101
f 2102/3088/2102 2103/3089/2103 2104/3090/2104
f 2105/3091/2105 2106/3092/2106 2107/3093/2107
f 2108/3094/2108 2109/3095/2109 2110/3096/2110
f 2111/3097/2111 2112/3098/2112 2113/3099/2113
f 2114/3100/2114 2115/3101/2115 2116/3102/2116
f 2117/3103/2117 2118/3104/2118 2119/3105/2119
f 2120/3106/2120 2121/3107/2121 2122/3108/2122
f 2123/3109/2123 2124/3110/2124 2125/3111/2125
f 2126/3112/2126 2127/3113/2127 2128/3114/2128
f 2129/3115/2129 2130/3116/2130 2131/3117/2131
f 2132/3118/2132 2133/3119/2133 2134/3120/2134
f 2135/3121/2135 2136/3122/2136 2137/3123/2137
f 2138/3124/2138 2139/3125/2139 2140/3126/2140
f 2141/3127/2141 2142/3128/2142 2143/3129/2143
f 2144/3130/2144 2145/3131/2145 2146/3132/2146
f 2147/3133/2147 2148/3134/2148 2149/3135/2149
f 2150/3136/2150 2151/3137/2151 2152/3138/2152
f 2153/3139/2153 2154/3140/2154 2155/3141/2155
f 2156/3142/2156 2157/3143/2157 2158/3144/2158
f 2159/3145/2159 2160/3146/2160 2161/3147/2161
f 2162/3148/2162 2163/3149/2163 2164/3150/2164
f 2165/3151/2165 2166/3152/2166 2167/3153/2167
f 2168/3154/2168 2169/3155/2169 2170/3156/2170
f 2171/3157/2171 2172/3158/2172 2173/3159/2173
f 2174/3160/2174 2175/3161/2175 2176/3162/2176
f 2177/3163/2177 2178/3164/2178 2179/3165/2179
f 2180/3166/2180 2181/3167/2181 2182/3168/2182
f 2183/3169/2183 2184/3170/2184 2185/3171/2185
f 2186/3172/2186 2187/3173/2187 2188/3174/2188
f 2189/3175/2189 2190/3176/2190 2191/3177/2191
f 2192/3178/2192 2193/3179/2193 2194/3180/2194
f 2195/3181/2195 2196/3182/2196 2197/3183/2197
f 2198/3184/2198 2199/3185/2199 2200/3186/2200
f 2201/3187/2201 2202/3188/2202 2203/3189/2203
f 2204/3190/2204 2205/3191/2205 2206/3192/2206
f 2207/3193/2207 2208/3194/2208 2209/3195/2209
f 2210/3196/2210 2211/3197/2211 2212/3198/2212
f 2213/3199/2213 2214/3200/2214 2215/3201/2215
f 2216/3202/2216 2217/3203/2217 2218/3204/2218
f 2219/3205/2219 2220/3206/2220 2221/3207/2221
f 2222/3208/2222 2223/3209/2223 2224/3210/2224
f 2225/3211/2225 2226/3212/2226 2227/3213/2227
f 2228/3214/2228 2229/3215/2229 2230/3216/2230
f 2231/3217/2231 2232/3218/2232 2233/3219/2233
f 2234/3220/2234 2235/3221/2235 2236/3222/2236
f 2237/3223/2237 2238/3224/2238 2239/3225/2239
f 2240/3226/2240 2241/3227/2241 2242/3228/2242
f 2243/3229/2243 2244/3230/2244 2245/3231/2245
f 2246/3232/2246 2247/3233/2247 2248/3234/2248
f 2249/3235/2249 2250/3236/2250 2251/3237/2251
f 2252/3238/2252 2253/3239/2253 2254/3240/2254
f 2255/3241/2255 2256/3242/2256 2257/3243/2257
f 2258/3244/2258 2259/3245/2259 2260/3246/2260
f 2261/3247/2261 2262/3248/2262 2263/3249/2263
f 2264/3250/2264 2265/3251/2265 2266/3252/2266
f 2267/3253/2267 2268/3254/2268 2269/3255/2269
f 2270/3256/2270 2271/3257/2271 2272/3258/2272
f 2273/3259/2273 2274/3260/2274 2275/3261/2275
f 2276/3262/2276 2277/3263/2277 2278/3264/2278
f 2279/3265/2279 2280/3266/2280 2281/3267/2281
f 2282/3268/2282 2283/3269/2283 2284/3270/2284
f 2285/3271/2285 2286/3272/2286 2287/3273/2287
f 2288/3274/2288 2289/3275/2289 2290/3276/2290
f 2291/3277/2291 2292/3278/2292 2293/3279/2293
f 2294/3280/2294 2295/3281/2295 2296/3282/2296
f 2297/3283/2297 2298/3284/2298 2299/3285/2299
f 2300/3286/2300 2301/3287/2301 2302/3288/2302
f 2303/3289/2303 2304/3290/2304 2305/3291/2305
f 2306/3292/2306 2307/3293/2307 2308/3294/2308
f 2309/3295/2309 2310/3296/2310 2311/3297/2311
f 2312/3298/2312 2313/3299/2313 2314/3300/2314
f 2315/3301/2315 2316/3302/2316 2317/3303/2317
f 2318/3304/2318 2319/3305/2319 2320/3306/2320
f 2321/3307/2321 2322/3308/2322 2323/3309/2323
f 2324/3310/2324 2325/3311/2325 2326/3312/2326
f 2327/3313/2327 2328/3314/2328 2329/3315/2329
f 2330/3316/2330 2331/3317/2331 2332/3318/2332
f 2333/3319/2333 2334/3320/2334 2335/3321/2335
f 2336/3322/2336 2337/3323/2337 2338/3324/2338
f 2339/3325/2339 2340/3326/2340 2341/3327/2341
f 2342/3328/2342 2343/3329/2343 2344/3330/2344
f 2345/3331/2345 2346/3332/2346 2347/3333/2347
f 2348/3334/2348 2349/3335/2349 2350/3336/2350
f 2351/3337/2351 2352/3338/2352 2353/3339/2353
f 2354/3340/2354 2355/3341/2355 2356/3342/2356
f 2357/3343/2357 2358/3344/2358 2359/3345/2359
f 2360/3346/2360 2361/3347/2361 2362/3348/2362
f 2363/3349/2363 2364/3350/2364 2365/3351/2365
f 2366/3352/2366 2367/3353/2367 2368/3354/2368
f 2369/3355/2369 2370/3356/2370 2371/3357/2371
f 2372/3358/2372 2373/3359/2373 2374/3360/2374
f 2375/3361/2375 2376/3362/2376 2377/3363/2377
f 2378/3364/2378 2379/3365/2379 2380/3366/2380
f 2381/3367/2381 2382/3368/2382 2383/3369/2383
f 2384/3370/2384 2385/3371/2385 2386/3372/2386
f 2387/3373/2387 2388/3374/2388 2389/3375/2389
f 2390/3376/2390 2391/3377/2391 2392/3378/2392
f 2393/3379/2393 2394/3380/2394 2395/3381/2395
f 2396/3382/2396 2397/3383/2397 2398/3384/2398
f 2399/3385/2399 2400/3386/2400 2401/3387/2401
f 2402/3388/2402 2403/3389/2403 2404/3390/2404
f 2405/3391/2405 2406/3392/2406 2407/3393/2407
f 2408/3394/2408 2409/3395/2409 2410/3396/2410
f 2411/3397/2411 2412/3398/2412 2413/3399/2413
f 2414/3400/2414 2415/3401/2415 2416/3402/2416
f 2417/3403/2417 2418/3404/2418 2419/3405/2419
f 2420/3406/2420 2421/3407/2421 2422/3408/2422
f 2423/3409/2423 2424/3410/2424 2425/3411/2425
f 2426/3412/2426 2427/3413/2427 2428/3414/2428
f 2429/3415/2429 2430/3416/2430 2431/3417/2431
f 2432/3418/2432 2433/3419/2433 2434/3420/2434
f 2435/3421/2435 2436/3422/2436 2437/3423/2437
f 2438/3424/2438 2439/3425/2439 2440/3426/2440
f 2441/3427/2441 2442/3428/2442 2443/3429/2443
f 2444/3430/2444 2445/3431/2445 2446/3432/2446
f 2447/3433/2447 2448/3434/2448 2449/3435/2449
f 2450/3436/2450 2451/3437/2451 2452/3438/2452
f 2453/3439/2453 2454/3440/2454 2455/3441/2455
f 2456/3442/2456 2457/3443/2457 2458/3444/2458
f 2459/3445/2459 2460/3446/2460 2461/3447/2461
f 2462/3448/2462 2463/3449/2463 2464/3450/2464
f 2465/3451/2465 2466/3452/2466 2467/3453/2467
f 2468/3454/2468 2469/3455/2469 2470/3456/2470
f 2471/3457/2471 2472/3458/2472 2473/3459/2473
f 2474/3460/2474 2475/3461/2475 2476/3462/2476
f 2477/3463/2477 2478/3464/2478 2479/3465/2479
f 2480/3466/2480 2481/3467/2481 2482/3468/2482
f 2483/3469/2483 2484/3470/2484 2485/3471/2485
f 2486/3472/2486 2487/3473/2487 2488/3474/2488
f 2489/3475/2489 2490/3476/2490 2491/3477/2491
f 2492/3478/2492 2493/3479/2493 2494/3480/2494
f 2497/3483/2497 2496/3482/2496 2495/3481/2495
f 2500/3486/2500 2499/3485/2499 2498/3484/2498
f 2503/3489/2503 2502/3488/2502 2501/3487/2501
f 2506/3492/2506 2505/3491/2505 2504/3490/2504
f 2509/3495/2509 2508/3494/2508 2507/3493/2507
f 2512/3498/2512 2511/3497/2511 2510/3496/2510
f 2515/3501/2515 2514/3500/2514 2513/3499/2513
f 2518/3504/2518 2517/3503/2517 2516/3502/2516
f 2521/3507/2521 2520/3506/2520 2519/3505/2519
f 2524/3510/2524 2523/3509/2523 2522/3508/2522
f 2527/3513/2527 2526/3512/2526 2525/3511/2525
f 2530/3516/2530 2529/3515/2529 2528/3514/2528
f 2533/3519/2533 2532/3518/2532 2531/3517/2531
f 2536/3522/2536 2535/3521/2535 2534/3520/2534
f 2539/3525/2539 2538/3524/2538 2537/3523/2537
f 2542/3528/2542 2541/3527/2541 2540/3526/2540
f 2545/3531/2545 2544/3530/2544 2543/3529/2543
f 2548/3534/2548 2547/3533/2547 2546/3532/2546
f 2551/3537/2551 2550/3536/2550 2549/3535/2549
f 2554/3540/2554 2553/3539/2553 2552/3538/2552
f 2557/3543/2557 2556/3542/2556 2555/3541/2555
f 2560/3546/2560 2559/3545/2559 2558/3544/2558
f 2563/3549/2563 2562/3548/2562 2561/3547/2561
f 2566/3552/2566 2565/3551/2565 2564/3550/2564
f 2569/3555/2569 2568/3554/2568 2567/3553/2567
f 2572/3558/2572 2571/3557/2571 2570/3556/2570
f 2575/3561/2575 2574/3560/2574 2573/3559/2573
f 2578/3564/2578 2577/3563/2577 2576/3562/2576
f 2581/3567/2581 2580/3566/2580 2579/3565/2579
f 2584/3570/2584 2583/3569/2583 2582/3568/2582
f 2587/3573/2587 2586/3572/2586 2585/3571/2585
f 2590/3576/2590 2589/3575/2589 2588/3574/2588
f 2593/3579/2593 2592/3578/2592 2591/3577/2591
f 2596/3582/2596 2595/3581/2595 2594/3580/2594
f 2599/3585/2599 2598/3584/2598 2597/3583/2597
f 2602/3588/2602 2601/3587/2601 2600/3586/2600
f 2605/3591/2605 2604/3590/2604 2603/3589/2603
f 2608/3594/2608 2607/3593/2607 2606/3592/2606
f 2611/3597/2611 2610/3596/2610 2609/3595/2609
f 2614/3600/2614 2613/3599/2613 2612/3598/2612
f 2617/3603/2617 2616/3602/2616 2615/3601/2615
f 2620/3606/2620 2619/3605/2619 2618/3604/2618
f 2623/3609/2623 2622/3608/2622 2621/3607/2621
f 2626/3612/2626 2625/3611/2625 2624/3610/2624
f 2629/3615/2629 2628/3614/2628 2627/3613/2627
f 2632/3618/2632 2631/3617/2631 2630/3616/2630
f 2635/3621/2635 2634/3620/2634 2633/3619/2633
f 2638/3624/2638 2637/3623/2637 2636/3622/2636
f 2641/3627/2641 2640/3626/2640 2639/3625/2639
f 2644/3630/2644 2643/3629/2643 2642/3628/2642
f 2647/3633/2647 2646/3632/2646 2645/3631/2645
f 2650/3636/2650 2649/3635/2649 2648/3634/2648
f 2653/3639/2653 2652/3638/2652 2651/3637/2651
f 2656/3642/2656 2655/3641/2655 2654/3640/2654
f 2659/3645/2659 2658/3644/2658 2657/3643/2657
f 2662/3648/2662 2661/3647/2661 2660/3646/2660
f 2665/3651/2665 2664/3650/2664 2663/3649/2663
f 2668/3654/2668 2667/3653/2667 2666/3652/2666
f 2671/3657/2671 2670/3656/2670 2669/3655/2669
f 2674/3660/2674 2673/3659/2673 2672/3658/2672
f 2677/3663/2677 2676/3662/2676 2675/3661/2675
f 2680/3666/2680 2679/3665/2679 2678/3664/2678
f 2683/3669/2683 2682/3668/2682 2681/3667/2681
f 2686/3672/2686 2685/3671/2685 2684/3670/2684
f 2689/3675/2689 2688/3674/2688 2687/3673/2687
f 2692/3678/2692 2691/3677/2691 2690/3676/2690
f 2695/3681/2695 2694/3680/2694 2693/3679/2693
f 2698/3684/2698 2697/3683/2697 2696/3682/2696
f 2701/3687/2701 2700/3686/2700 2699/3685/2699
f 2704/3690/2704 2703/3689/2703 2702/3688/2702
f 2707/3693/2707 2706/3692/2706 2705/3691/2705
f 2710/3696/2710 2709/3695/2709 2708/3694/2708
f 2713/3699/2713 2712/3698/2712 2711/3697/2711
f 2716/3702/2716 2715/3701/2715 2714/3700/2714
f 2719/3705/2719 2718/3704/2718 2717/3703/2717
f 2722/3708/2722 2721/3707/2721 2720/3706/2720
f 2725/3711/2725 2724/3710/2724 2723/3709/2723
f 2728/3714/2728 2727/3713/2727 2726/3712/2726
f 2731/3717/2731 2730/3716/2730 2729/3715/2729
f 2734/3720/2734 2733/3719/2733 2732/3718/2732
f 2737/3723/2737 2736/3722/2736 2735/3721/2735
f 2740/3726/2740 2739/3725/2739 2738/3724/2738
f 2743/3729/2743 2742/3728/2742 2741/3727/2741
f 2746/3732/2746 2745/3731/2745 2744/3730/2744
f 2749/3735/2749 2748/3734/2748 2747/3733/2747
f 2752/3738/2752 2751/3737/2751 2750/3736/2750
f 2755/3741/2755 2754/3740/2754 2753/3739/2753
f 2758/3744/2758 2757/3743/2757 2756/3742/2756
f 2761/3747/2761 2760/3746/2760 2759/3745/2759
f 2764/3750/2764 2763/3749/2763 2762/3748/2762
f 2767/3753/2767 2766/3752/2766 2765/3751/2765
f 2770/3756/2770 2769/3755/2769 2768/3754/2768
f 2773/3759/2773 2772/3758/2772 2771/3757/2771
f 2776/3762/2776 2775/3761/2775 2774/3760/2774
f 2779/3765/2779 2778/3764/2778 2777/3763/2777
f 2782/3768/2782 2781/3767/2781 2780/3766/2780
f 2785/3771/2785 2784/3770/2784 2783/3769/2783
f 2788/3774/2788 2787/3773/2787 2786/3772/2786
f 2791/3777/2791 2790/3776/2790 2789/3775/2789
f 2794/3780/2794 2793/3779/2793 2792/3778/2792
f 2797/3783/2797 2796/3782/2796 2795/3781/2795
f 2800/3786/2800 2799/3785/2799 2798/3784/2798
f 2803/3789/2803 2802/3788/2802 2801/3787/2801
f 2806/3792/2806 2805/3791/2805 2804/3790/2804
f 2809/3795/2809 2808/3794/2808 2807/3793/2807
f 2812/3798/2812 2811/3797/2811 2810/3796/2810
f 2815/3801/2815 2814/3800/2814 2813/3799/2813
f 2818/3804/2818 2817/3803/2817 2816/3802/2816
f 2821/3807/2821 2820/3806/2820 2819/3805/2819
f 2824/3810/2824 2823/3809/2823 2822/3808/2822
f 2827/3813/2827 2826/3812/2826 2825/3811/2825
f 2830/3816/2830 2829/3815/2829 2828/3814/2828
f 2833/3819/2833 2832/3818/2832 2831/3817/2831
f 2836/3822/2836 2835/3821/2835 2834/3820/2834
f 2839/3825/2839 2838/3824/2838 2837/3823/2837
f 2842/3828/2842 2841/3827/2841 2840/3826/2840
f 2845/3831/2845 2844/3830/2844 2843/3829/2843
f 2848/3834/2848 2847/3833/2847 2846/3832/2846
f 2851/3837/2851 2850/3836/2850 2849/3835/2849
f 2854/3840/2854 2853/3839/2853 2852/3838/2852
f 2857/3843/2857 2856/3842/2856 2855/3841/2855
f 2860/3846/2860 2859/3845/2859 2858/3844/2858
f 2863/3849/2863 2862/3848/2862 2861/3847/2861
f 2866/3852/2866 2865/3851/2865 2864/3850/2864
f 2869/3855/2869 2868/3854/2868 2867/3853/2867
f 2872/3858/2872 2871/3857/2871 2870/3856/2870
f 2875/3861/2875 2874/3860/2874 2873/3859/2873
f 2878/3864/2878 2877/3863/2877 2876/3862/2876
f 2881/3867/2881 2880/3866/2880 2879/3865/2879
f 2884/3870/2884 2883/3869/2883 2882/3868/2882
f 2887/3873/2887 2886/3872/2886 2885/3871/2885
f 2890/3876/2890 2889/3875/2889 2888/3874/2888
f 2893/3879/2893 2892/3878/2892 2891/3877/2891
f 2896/3882/2896 2895/3881/2895 2894/3880/2894
f 2899/3885/2899 2898/3884/2898 2897/3883/2897
f 2902/3888/2902 2901/3887/2901 2900/3886/2900
f 2905/3891/2905 2904/3890/2904 2903/3889/2903
f 2908/3894/2908 2907/3893/2907 2906/3892/2906
f 2911/3897/2911 2910/3896/2910 2909/3895/2909
f 2914/3900/2914 2913/3899/2913 2912/3898/2912
f 2917/3903/2917 2916/3902/2916 2915/3901/2915
f 2920/3906/2920 2919/3905/2919 2918/3904/2918
f 2923/3909/2923 2922/3908/2922 2921/3907/2921
f 2926/3912/2926 2925/3911/2925 2924/3910/2924
f 2929/3915/2929 2928/3914/2928 2927/3913/2927
f 2932/3918/2932 2931/3917/2931 2930/3916/2930
f 2935/3921/2935 2934/3920/2934 2933/3919/2933
f 2938/3924/2938 2937/3923/2937 2936/3922/2936
f 2941/3927/2941 2940/3926/2940 2939/3925/2939
f 2944/3930/2944 2943/3929/2943 2942/3928/2942
f 2947/3933/2947 2946/3932/2946 2945/3931/2945
f 2950/3936/2950 2949/3935/2949 2948/3934/2948
f 2953/3939/2953 2952/3938/2952 2951/3937/2951
f 2956/3942/2956 2955/3941/2955 2954/3940/2954
f 2959/3945/2959 2958/3944/2958 2957/3943/2957
f 2962/3948/2962 2961/3947/2961 2960/3946/2960
f 2965/3951/2965 2964/3950/2964 2963/3949/2963
f 2968/3954/2968 2967/3953/2967 2966/3952/2966
f 2971/3957/2971 2970/3956/2970 2969/3955/2969
f 2974/3960/2974 2973/3959/2973 2972/3958/2972
f 2977/3963/2977 2976/3962/2976 2975/3961/2975
f 2980/3966/2980 2979/3965/2979 2978/3964/2978
f 2983/3969/2983 2982/3968/2982 2981/3967/2981
f 2986/3972/2986 2985/3971/2985 2984/3970/2984
f 2989/3975/2989 2988/3974/2988 2987/3973/2987
f 2992/3978/2992 2991/3977/2991 2990/3976/2990
f 2995/3981/2995 2994/3980/2994 2993/3979/2993
f 2998/3984/2998 2997/3983/2997 2996/3982/2996
f 3001/3987/3001 3000/3986/3000 2999/3985/2999
f 3004/3990/3004 3003/3989/3003 3002/3988/3002
f 3007/3993/3007 3006/3992/3006 3005/3991/3005
f 3010/3996/3010 3009/3995/3009 3008/3994/3008
f 3013/3999/3013 3012/3998/3012 3011/3997/3011
f 3016/4002/3016 3015/4001/3015 3014/4000/3014
f 3019/4005/3019 3018/4004/3018 3017/4003/3017
f 3022/4008/3022 3021/4007/3021 3020/4006/3020
f 3025/4011/3025 3024/4010/3024 3023/4009/3023
f 3028/4014/3028 3027/4013/3027 3026/4012/3026
f 3031/4017/3031 3030/4016/3030 3029/4015/3029
f 3034/4020/3034 3033/4019/3033 3032/4018/3032
f 3037/4023/3037 3036/4022/3036 3035/4021/3035
f 3040/4026/3040 3039/4025/3039 3038/4024/3038
f 3043/4029/3043 3042/4028/3042 3041/4027/3041
f 3046/4032/3046 3045/4031/3045 3044/4030/3044
f 3049/4035/3049 3048/4034/3048 3047/4033/3047
f 3052/4038/3052 3051/4037/3051 3050/4036/3050
f 3055/4041/3055 3054/4040/3054 3053/4039/3053
f 3058/4044/3058 3057/4043/3057 3056/4042/3056
f 3061/4047/3061 3060/4046/3060 3059/4045/3059
f 3064/4050/3064 3063/4049/3063 3062/4048/3062
f 3067/4053/3067 3066/4052/3066 3065/4051/3065
f 3070/4056/3070 3069/4055/3069 3068/4054/3068
f 3073/4059/3073 3072/4058/3072 3071/4057/3071
f 3076/4062/3076 3075/4061/3075 3074/4060/3074
f 3079/4065/3079 3078/4064/3078 3077/4063/3077
f 3082/4068/3082 3081/4067/3081 3080/4066/3080
f 3085/4071/3085 3084/4070/3084 3083/4069/3083
f 3088/4074/3088 3087/4073/3087 3086/4072/3086
f 3091/4077/3091 3090/4076/3090 3089/4075/3089
f 3094/4080/3094 3093/4079/3093 3092/4078/3092
f 3097/4083/3097 3096/4082/3096 3095/4081/3095
f 3100/4086/3100 3099/4085/3099 3098/4084/3098
f 3103/4089/3103 3102/4088/3102 3101/4087/3101
f 3106/4092/3106 3105/4091/3105 3104/4090/3104
f 3109/4095/3109 3108/4094/3108 3107/4093/3107
f 3112/4098/3112 3111/4097/3111 3110/4096/3110
f 3115/4101/3115 3114/4100/3114 3113/4099/3113
f 3118/4104/3118 3117/4103/3117 3116/4102/3116
f 3121/4107/3121 3120/4106/3120 3119/4105/3119
f 3124/4110/3124 3123/4109/3123 3122/4108/3122
f 3127/4113/3127 3126/4112/3126 3125/4111/3125
f 3130/4116/3130 3129/4115/3129 3128/4114/3128
f 3133/4119/3133 3132/4118/3132 3131/4117/3131
f 3136/4122/3136 3135/4121/3135 3134/4120/3134
f 3139/4125/3139 3138/4124/3138 3137/4123/3137
f 3142/4128/3142 3141/4127/3141 3140/4126/3140
f 3145/4131/3145 3144/4130/3144 3143/4129/3143
f 3148/4134/3148 3147/4133/3147 3146/4132/3146
f 3151/4137/3151 3150/4136/3150 3149/4135/3149
f 3154/4140/3154 3153/4139/3153 3152/4138/3152
f 3157/4143/3157 3156/4142/3156 3155/4141/3155
f 3160/4146/3160 3159/4145/3159 3158/4144/3158
f 3163/4149/3163 3162/4148/3162 3161/4147/3161
f 3166/4152/3166 3165/4151/3165 3164/4150/3164
f 3169/4155/3169 3168/4154/3168 3167/4153/3167
f 3172/4158/3172 3171/4157/3171 3170/4156/3170
f 3175/4161/3175 3174/4160/3174 3173/4159/3173
f 3178/4164/3178 3177/4163/3177 3176/4162/3176
f 3181/4167/3181 3180/4166/3180 3179/4165/3179
f 3184/4170/3184 3183/4169/3183 3182/4168/3182
f 3187/4173/3187 3186/4172/3186 3185/4171/3185
f 3190/4176/3190 3189/4175/3189 3188/4174/3188
f 3193/4179/3193 3192/4178/3192 3191/4177/3191
f 3196/4182/3196 3195/4181/3195 3194/4180/3194
f 3199/4185/3199 3198/4184/3198 3197/4183/3197
f 3202/4188/3202 3201/4187/3201 3200/4186/3200
f 3205/4191/3205 3204/4190/3204 3203/4189/3203
f 3208/4194/3208 3207/4193/3207 3206/4192/3206
f 3211/4197/3211 3210/4196/3210 3209/4195/3209
f 3214/4200/3214 3213/4199/3213 3212/4198/3212
f 3217/4203/3217 3216/4202/3216 3215/4201/3215
f 3220/4206/3220 3219/4205/3219 3218/4204/3218
f 3223/4209/3223 3222/4208/3222 3221/4207/3221
f 3226/4212/3226 3225/4211/3225 3224/4210/3224
f 3229/4215/3229 3228/4214/3228 3227/4213/3227
f 3232/4218/3232 3231/4217/3231 3230/4216/3230
f 3235/4221/3235 3234/4220/3234 3233/4219/3233
f 3238/4224/3238 3237/4223/3237 3236/4222/3236
f 3241/4227/3241 3240/4226/3240 3239/4225/3239
f 3244/4230/3244 3243/4229/3243 3242/4228/3242
f 3247/4233/3247 3246/4232/3246 3245/4231/3245
f 3250/4236/3250 3249/4235/3249 3248/4234/3248
f 3253/4239/3253 3252/4238/3252 3251/4237/3251
f 3256/4242/3256 3255/4241/3255 3254/4240/3254
f 3259/4245/3259 3258/4244/3258 3257/4243/3257
f 3262/4248/3262 3261/4247/3261 3260/4246/3260
f 3265/4251/3265 3264/4250/3264 3263/4249/3263
f 3268/4254/3268 3267/4253/3267 3266/4252/3266
f 3271/4257/3271 3270/4256/3270 3269/4255/3269
f 3274/4260/3274 3273/4259/3273 3272/4258/3272
f 3277/4263/3277 3276/4262/3276 3275/4261/3275
f 3280/4266/3280 3279/4265/3279 3278/4264/3278
f 3283/4269/3283 3282/4268/3282 3281/4267/3281
f 3286/4272/3286 3285/4271/3285 3284/4270/3284
f 3289/4275/3289 3288/4274/3288 3287/4273/3287
f 3292/4278/3292 3291/4277/3291 3290/4276/3290
f 3295/4281/3295 3294/4280/3294 3293/4279/3293
f 3298/4284/3298 3297/4283/3297 3296/4282/3296
f 3301/4287/3301 3300/4286/3300 3299/4285/3299
f 3304/4290/3304 3303/4289/3303 3302/4288/3302
f 3307/4293/3307 3306/4292/3306 3305/4291/3305
f 3310/4296/3310 3309/4295/3309 3308/4294/3308
f 3313/4299/3313 3312/4298/3312 3311/4297/3311
f 3316/4302/3316 3315/4301/3315 3314/4300/3314
f 3319/4305/3319 3318/4304/3318 3317/4303/3317
f 3322/4308/3322 3321/4307/3321 3320/4306/3320
f 3325/4311/3325 3324/4310/3324 3323/4309/3323
f 3328/4314/3328 3327/4313/3327 3326/4312/3326
f 3331/4317/3331 3330/4316/3330 3329/4315/3329
f 3334/4320/3334 3333/4319/3333 3332/4318/3332
f 3337/4323/3337 3336/4322/3336 3335/4321/3335
f 3340/4326/3340 3339/4325/3339 3338/4324/3338
f 3343/4329/3343 3342/4328/3342 3341/4327/3341
f 3346/4332/3346 3345/4331/3345 3344/4330/3344
f 3349/4335/3349 3348/4334/3348 3347/4333/3347
f 3352/4338/3352 3351/4337/3351 3350/4336/3350
f 3355/4341/3355 3354/4340/3354 3353/4339/3353
f 3358/4344/3358 3357/4343/3357 3356/4342/3356
f 3361/4347/3361 3360/4346/3360 3359/4345/3359
f 3364/4350/3364 3363/4349/3363 3362/4348/3362
f 3367/4353/3367 3366/4352/3366 3365/4351/3365
f 3370/4356/3370 3369/4355/3369 3368/4354/3368
f 3373/4359/3373 3372/4358/3372 3371/4357/3371
f 3376/4362/3376 3375/4361/3375 3374/4360/3374
f 3379/4365/3379 3378/4364/3378 3377/4363/3377
f 3382/4368/3382 3381/4367/3381 3380/4366/3380
f 3385/4371/3385 3384/4370/3384 3383/4369/3383
f 3388/4374/3388 3387/4373/3387 3386/4372/3386
f 3391/4377/3391 3390/4376/3390 3389/4375/3389
f 3394/4380/3394 3393/4379/3393 3392/4378/3392
f 3397/4383/3397 3396/4382/3396 3395/4381/3395
f 3400/4386/3400 3399/4385/3399 3398/4384/3398
f 3403/4389/3403 3402/4388/3402 3401/4387/3401
f 3406/4392/3406 3405/4391/3405 3404/4390/3404
f 3409/4395/3409 3408/4394/3408 3407/4393/3407
f 3412/4398/3412 3411/4397/3411 3410/4396/3410
f 3415/4401/3415 3414/4400/3414 3413/4399/3413
f 3418/4404/3418 3417/4403/3417 3416/4402/3416
f 3421/4407/3421 3420/4406/3420 3419/4405/3419
f 3424/4410/3424 3423/4409/3423 3422/4408/3422
f 3427/4413/3427 3426/4412/3426 3425/4411/3425
f 3430/4416/3430 3429/4415/3429 3428/4414/3428
f 3433/4419/3433 3432/4418/3432 3431/4417/3431
f 3436/4422/3436 3435/4421/3435 3434/4420/3434
f 3439/4425/3439 3438/4424/3438 3437/4423/3437
f 3442/4428/3442 3441/4427/3441 3440/4426/3440
f 3445/4431/3445 3444/4430/3444 3443/4429/3443
f 3448/4434/3448 3447/4433/3447 3446/4432/3446
f 3451/4437/3451 3450/4436/3450 3449/4435/3449
f 3454/4440/3454 3453/4439/3453 3452/4438/3452
f 3457/4443/3457 3456/4442/3456 3455/4441/3455
f 3460/4446/3460 3459/4445/3459 3458/4444/3458
f 3463/4449/3463 3462/4448/3462 3461/4447/3461
f 3466/4452/3466 3465/4451/3465 3464/4450/3464
f 3469/4455/3469 3468/4454/3468 3467/4453/3467
f 3472/4458/3472 3471/4457/3471 3470/4456/3470
f 3475/4461/3475 3474/4460/3474 3473/4459/3473
f 3478/4464/3478 3477/4463/3477 3476/4462/3476
f 3481/4467/3481 3480/4466/3480 3479/4465/3479
f 3484/4470/3484 3483/4469/3483 3482/4468/3482
f 3487/4473/3487 3486/4472/3486 3485/4471/3485
f 3490/4476/3490 3489/4475/3489 3488/4474/3488
f 3493/4479/3493 3492/4478/3492 3491/4477/3491
f 3496/4482/3496 3495/4481/3495 3494/4480/3494
f 3499/4485/3499 3498/4484/3498 3497/4483/3497
f 3502/4488/3502 3501/4487/3501 3500/4486/3500
f 3505/4491/3505 3504/4490/3504 3503/4489/3503
f 3508/4494/3508 3507/4493/3507 3506/4492/3506
f 3511/4497/3511 3510/4496/3510 3509/4495/3509
f 3514/4500/3514 3513/4499/3513 3512/4498/3512
f 3517/4503/3517 3516/4502/3516 3515/4501/3515
f 3520/4506/3520 3519/4505/3519 3518/4504/3518
f 3523/4509/3523 3522/4508/3522 3521/4507/3521
f 3526/4512/3526 3525/4511/3525 3524/4510/3524
f 3529/4515/3529 3528/4514/3528 3527/4513/3527
f 3532/4518/3532 3531/4517/3531 3530/4516/3530
f 3535/4521/3535 3534/4520/3534 3533/4519/3533
f 3538/4524/3538 3537/4523/3537 3536/4522/3536
f 3541/4527/3541 3540/4526/3540 3539/4525/3539
f 3544/4530/3544 3543/4529/3543 3542/4528/3542
f 3547/4533/3547 3546/4532/3546 3545/4531/3545
f 3550/4536/3550 3549/4535/3549 3548/4534/3548
f 3553/4539/3553 3552/4538/3552 3551/4537/3551
f 3556/4542/3556 3555/4541/3555 3554/4540/3554
f 3559/4545/3559 3558/4544/3558 3557/4543/3557
f 3562/4548/3562 3561/4547/3561 3560/4546/3560
f 3565/4551/3565 3564/4550/3564 3563/4549/3563
f 3568/4554/3568 3567/4553/3567 3566/4552/3566
f 3571/4557/3571 3570/4556/3570 3569/4555/3569
f 3574/4560/3574 3573/4559/3573 3572/4558/3572
f 3577/4563/3577 3576/4562/3576 3575/4561/3575
f 3580/4566/3580 3579/4565/3579 3578/4564/3578
f 3583/4569/3583 3582/4568/3582 3581/4567/3581
f 3586/4572/3586 3585/4571/3585 3584/4570/3584
f 3589/4575/3589 3588/4574/3588 3587/4573/3587
f 3592/4578/3592 3591/4577/3591 3590/4576/3590
f 3595/4581/3595 3594/4580/3594 3593/4579/3593
f 3598/4584/3598 3597/4583/3597 3596/4582/3596
f 3601/4587/3601 3600/4586/3600 3599/4585/3599
f 3604/4590/3604 3603/4589/3603 3602/4588/3602
f 3607/4593/3607 3606/4592/3606 3605/4591/3605
f 3610/4596/3610 3609/4595/3609 3608/4594/3608
f 3613/4599/3613 3612/4598/3612 3611/4597/3611
f 3616/4602/3616 3615/4601/3615 3614/4600/3614
f 3619/4605/3619 3618/4604/3618 3617/4603/3617
f 3622/4608/3622 3621/4607/3621 3620/4606/3620
f 3625/4611/3625 3624/4610/3624 3623/4609/3623
f 3628/4614/3628 3627/4613/3627 3626/4612/3626
f 3631/4617/3631 3630/4616/3630 3629/4615/3629
f 3634/4620/3634 3633/4619/3633 3632/4618/3632
f 3637/4623/3637 3636/4622/3636 3635/4621/3635
f 3640/4626/3640 3639/4625/3639 3638/4624/3638
f 3643/4629/3643 3642/4628/3642 3641/4627/3641
f 3646/4632/3646 3645/4631/3645 3644/4630/3644
f 3649/4635/3649 3648/4634/3648 3647/4633/3647
f 3652/4638/3652 3651/4637/3651 3650/4636/3650
f 3655/4641/3655 3654/4640/3654 3653/4639/3653
f 3658/4644/3658 3657/4643/3657 3656/4642/3656
f 3661/4647/3661 3660/4646/3660 3659/4645/3659
f 3664/4650/3664 3663/4649/3663 3662/4648/3662
f 3667/4653/3667 3666/4652/3666 3665/4651/3665
f 3670/4656/3670 3669/4655/3669 3668/4654/3668
f 3673/4659/3673 3672/4658/3672 3671/4657/3671
f 3676/4662/3676 3675/4661/3675 3674/4660/3674
f 3679/4665/3679 3678/4664/3678 3677/4663/3677
f 3682/4668/3682 3681/4667/3681 3680/4666/3680
f 3685/4671/3685 3684/4670/3684 3683/4669/3683
f 3688/4674/3688 3687/4673/3687 3686/4672/3686
f 3691/4677/3691 3690/4676/3690 3689/4675/3689
f 3694/4680/3694 3693/4679/3693 3692/4678/3692
f 3697/4683/3697 3696/4682/3696 3695/4681/3695
f 3700/4686/3700 3699/4685/3699 3698/4684/3698
f 3703/4689/3703 3702/4688/3702 3701/4687/3701
f 3706/4692/3706 3705/4691/3705 3704/4690/3704
f 3709/4695/3709 3708/4694/3708 3707/4693/3707
f 3712/4698/3712 3711/4697/3711 3710/4696/3710
f 3715/4701/3715 3714/4700/3714 3713/4699/3713
f 3718/4704/3718 3717/4703/3717 3716/4702/3716
f 3721/4707/3721 3720/4706/3720 3719/4705/3719
f 3724/4710/3724 3723/4709/3723 3722/4708/3722
f 3727/4713/3727 3726/4712/3726 3725/4711/3725
f 3730/4716/3730 3729/4715/3729 3728/4714/3728
f 3733/4719/3733 3732/4718/3732 3731/4717/3731
f 3736/4722/3736 3735/4721/3735 3734/4720/3734
f 3739/4725/3739 3738/4724/3738 3737/4723/3737
f 3742/4728/3742 3741/4727/3741 3740/4726/3740
f 3745/4731/3745 3744/4730/3744 3743/4729/3743
f 3748/4734/3748 3747/4733/3747 3746/4732/3746
f 3751/4737/3751 3750/4736/3750 3749/4735/3749
f 3754/4740/3754 3753/4739/3753 3752/4738/3752
f 3757/4743/3757 3756/4742/3756 3755/4741/3755
f 3760/4746/3760 3759/4745/3759 3758/4744/3758
f 3763/4749/3763 3762/4748/3762 3761/4747/3761
f 3766/4752/3766 3765/4751/3765 3764/4750/3764
f 3769/4755/3769 3768/4754/3768 3767/4753/3767
f 3772/4758/3772 3771/4757/3771 3770/4756/3770
f 3775/4761/3775 3774/4760/3774 3773/4759/3773
f 3778/4764/3778 3777/4763/3777 3776/4762/3776
f 3781/4767/3781 3780/4766/3780 3779/4765/3779
f 3784/4770/3784 3783/4769/3783 3782/4768/3782
f 3787/4773/3787 3786/4772/3786 3785/4771/3785
f 3790/4776/3790 3789/4775/3789 3788/4774/3788
f 3793/4779/3793 3792/4778/3792 3791/4777/3791
f 3796/4782/3796 3795/4781/3795 3794/4780/3794
f 3799/4785/3799 3798/4784/3798 3797/4783/3797
f 3802/4788/3802 3801/4787/3801 3800/4786/3800
f 3805/4791/3805 3804/4790/3804 3803/4789/3803
f 3808/4794/3808 3807/4793/3807 3806/4792/3806
f 3811/4797/3811 3810/4796/3810 3809/4795/3809
f 3814/4800/3814 3813/4799/3813 3812/4798/3812
f 3817/4803/3817 3816/4802/3816 3815/4801/3815
f 3820/4806/3820 3819/4805/3819 3818/4804/3818
f 3823/4809/3823 3822/4808/3822 3821/4807/3821
f 3826/4812/3826 3825/4811/3825 3824/4810/3824
f 3829/4815/3829 3828/4814/3828 3827/4813/3827
f 3832/4818/3832 3831/4817/3831 3830/4816/3830
f 3835/4821/3835 3834/4820/3834 3833/4819/3833
f 3838/4824/3838 3837/4823/3837 3836/4822/3836
f 3841/4827/3841 3840/4826/3840 3839/4825/3839
f 3844/4830/3844 3843/4829/3843 3842/4828/3842
f 3847/4833/3847 3846/4832/3846 3845/4831/3845
f 3850/4836/3850 3849/4835/3849 3848/4834/3848
f 3853/4839/3853 3852/4838/3852 3851/4837/3851
f 3856/4842/3856 3855/4841/3855 3854/4840/3854
f 3859/4845/3859 3858/4844/3858 3857/4843/3857
f 3862/4848/3862 3861/4847/3861 3860/4846/3860
f 3865/4851/3865 3864/4850/3864 3863/4849/3863
f 3868/4854/3868 3867/4853/3867 3866/4852/3866
f 3871/4857/3871 3870/4856/3870 3869/4855/3869
f 3874/4860/3874 3873/4859/3873 3872/4858/3872
f 3877/4863/3877 3876/4862/3876 3875/4861/3875
f 3880/4866/3880 3879/4865/3879 3878/4864/3878
f 3883/4869/3883 3882/4868/3882 3881/4867/3881
f 3886/4872/3886 3885/4871/3885 3884/4870/3884
f 3889/4875/3889 3888/4874/3888 3887/4873/3887
f 3892/4878/3892 3891/4877/3891 3890/4876/3890
f 3895/4881/3895 3894/4880/3894 3893/4879/3893
f 3898/4884/3898 3897/4883/3897 3896/4882/3896
f 3901/4887/3901 3900/4886/3900 3899/4885/3899
f 3904/4890/3904 3903/4889/3903 3902/4888/3902
f 3907/4893/3907 3906/4892/3906 3905/4891/3905
f 3910/4896/3910 3909/4895/3909 3908/4894/3908
f 3913/4899/3913 3912/4898/3912 3911/4897/3911
f 3916/4902/3916 3915/4901/3915 3914/4900/3914
f 3919/4905/3919 3918/4904/3918 3917/4903/3917
f 3922/4908/3922 3921/4907/3921 3920/4906/3920
f 3925/4911/3925 3924/4910/3924 3923/4909/3923
f 3928/4914/3928 3927/4913/3927 3926/4912/3926
f 3931/4917/3931 3930/4916/3930 3929/4915/3929
f 3934/4920/3934 3933/4919/3933 3932/4918/3932
f 3937/4923/3937 3936/4922/3936 3935/4921/3935
f 3940/4926/3940 3939/4925/3939 3938/4924/3938
f 3943/4929/3943 3942/4928/3942 3941/4927/3941
f 3946/4932/3946 3945/4931/3945 3944/4930/3944
f 3949/4935/3949 3948/4934/3948 3947/4933/3947
f 3952/4938/3952 3951/4937/3951 3950/4936/3950
f 3955/4941/3955 3954/4940/3954 3953/4939/3953
f 3958/4944/3958 3957/4943/3957 3956/4942/3956
f 3961/4947/3961 3960/4946/3960 3959/4945/3959
f 3964/4950/3964 3963/4949/3963 3962/4948/3962
f 3967/4953/3967 3966/4952/3966 3965/4951/3965
f 3970/4956/3970 3969/4955/3969 3968/4954/3968
f 3973/4959/3973 3972/4958/3972 3971/4957/3971
f 3976/4962/3976 3975/4961/3975 3974/4960/3974
f 3979/4965/3979 3978/4964/3978 3977/4963/3977
f 3982/4968/3982 3981/4967/3981 3980/4966/3980
f 3985/4971/3985 3984/4970/3984 3983/4969/3983
f 3988/4974/3988 3987/4973/3987 3986/4972/3986
f 3991/4977/3991 3990/4976/3990 3989/4975/3989
f 3994/4980/3994 3993/4979/3993 3992/4978/3992
f 3997/4983/3997 3996/4982/3996 3995/4981/3995
f 4000/4986/4000 3999/4985/3999 3998/4984/3998
f 4003/4989/4003 4002/4988/4002 4001/4987/4001
f 4006/4992/4006 4005/4991/4005 4004/4990/4004
f 4009/4995/4009 4008/4994/4008 4007/4993/4007
f 4012/4998/4012 4011/4997/4011 4010/4996/4010
f 4015/5001/4015 4014/5000/4014 4013/4999/4013
f 4018/5004/4018 4017/5003/4017 4016/5002/4016
f 4021/5007/4021 4020/5006/4020 4019/5005/4019
f 4024/5010/4024 4023/5009/4023 4022/5008/4022
f 4027/5013/4027 4026/5012/4026 4025/5011/4025
f 4030/5016/4030 4029/5015/4029 4028/5014/4028
f 4033/5019/4033 4032/5018/4032 4031/5017/4031
f 4036/5022/4036 4035/5021/4035 4034/5020/4034
f 4039/5025/4039 4038/5024/4038 4037/5023/4037
f 4042/5028/4042 4041/5027/4041 4040/5026/4040
f 4045/5031/4045 4044/5030/4044 4043/5029/4043
f 4048/5034/4048 4047/5033/4047 4046/5032/4046
f 4051/5037/4051 4050/5036/4050 4049/5035/4049
f 4054/5040/4054 4053/5039/4053 4052/5038/4052
f 4057/5043/4057 4056/5042/4056 4055/5041/4055
f 4060/5046/4060 4059/5045/4059 4058/5044/4058
f 4063/5049/4063 4062/5048/4062 4061/5047/4061
f 4066/5052/4066 4065/5051/4065 4064/5050/4064
f 4069/5055/4069 4068/5054/4068 4067/5053/4067
f 4072/5058/4072 4071/5057/4071 4070/5056/4070
f 4075/5061/4075 4074/5060/4074 4073/5059/4073
f 4078/5064/4078 4077/5063/4077 4076/5062/4076
f 4081/5067/4081 4080/5066/4080 4079/5065/4079
f 4084/5070/4084 4083/5069/4083 4082/5068/4082
f 4087/5073/4087 4086/5072/4086 4085/5071/4085
f 4090/5076/4090 4089/5075/4089 4088/5074/4088
f 4093/5079/4093 4092/5078/4092 4091/5077/4091
f 4096/5082/4096 4095/5081/4095 4094/5080/4094
f 4099/5085/4099 4098/5084/4098 4097/5083/4097
f 4102/5088/4102 4101/5087/4101 4100/5086/4100
f 4105/5091/4105 4104/5090/4104 4103/5089/4103
f 4108/5094/4108 4107/5093/4107 4106/5092/4106
f 4111/5097/4111 4110/5096/4110 4109/5095/4109
f 4114/5100/4114 4113/5099/4113 4112/5098/4112
f 4117/5103/4117 4116/5102/4116 4115/5101/4115
f 4120/5106/4120 4119/5105/4119 4118/5104/4118
f 4123/5109/4123 4122/5108/4122 4121/5107/4121
f 4126/5112/4126 4125/5111/4125 4124/5110/4124
f 4129/5115/4129 4128/5114/4128 4127/5113/4127
f 4132/5118/4132 4131/5117/4131 4130/5116/4130
f 4135/5121/4135 4134/5120/4134 4133/5119/4133
f 4138/5124/4138 4137/5123/4137 4136/5122/4136
f 4141/5127/4141 4140/5126/4140 4139/5125/4139
f 4144/5130/4144 4143/5129/4143 4142/5128/4142
f 4147/5133/4147 4146/5132/4146 4145/5131/4145
f 4150/5136/4150 4149/5135/4149 4148/5134/4148
f 4153/5139/4153 4152/5138/4152 4151/5137/4151
f 4156/5142/4156 4155/5141/4155 4154/5140/4154
f 4159/5145/4159 4158/5144/4158 4157/5143/4157
f 4162/5148/4162 4161/5147/4161 4160/5146/4160
f 4165/5151/4165 4164/5150/4164 4163/5149/4163
f 4168/5154/4168 4167/5153/4167 4166/5152/4166
f 4171/5157/4171 4170/5156/4170 4169/5155/4169
f 4174/5160/4174 4173/5159/4173 4172/5158/4172
f 4177/5163/4177 4176/5162/4176 4175/5161/4175
f 4180/5166/4180 4179/5165/4179 4178/5164/4178
f 4183/5169/4183 4182/5168/4182 4181/5167/4181
f 4186/5172/4186 4185/5171/4185 4184/5170/4184
f 4189/5175/4189 4188/5174/4188 4187/5173/4187
f 4192/5178/4192 4191/5177/4191 4190/5176/4190
f 4195/5181/4195 4194/5180/4194 4193/5179/4193
f 4198/5184/4198 4197/5183/4197 4196/5182/4196
f 4201/5187/4201 4200/5186/4200 4199/5185/4199
f 4204/5190/4204 4203/5189/4203 4202/5188/4202
f 4207/5193/4207 4206/5192/4206 4205/5191/4205
f 4210/5196/4210 4209/5195/4209 4208/5194/4208
f 4213/5199/4213 4212/5198/4212 4211/5197/4211
f 4216/5202/4216 4215/5201/4215 4214/5200/4214
f 4219/5205/4219 4218/5204/4218 4217/5203/4217
f 4222/5208/4222 4221/5207/4221 4220/5206/4220
f 4225/5211/4225 4224/5210/4224 4223/5209/4223
f 4228/5214/4228 4227/5213/4227 4226/5212/4226
f 4231/5217/4231 4230/5216/4230 4229/5215/4229
f 4234/5220/4234 4233/5219/4233 4232/5218/4232
f 4237/5223/4237 4236/5222/4236 4235/5221/4235
f 4240/5226/4240 4239/5225/4239 4238/5224/4238
f 4243/5229/4243 4242/5228/4242 4241/5227/4241
f 4246/5232/4246 4245/5231/4245 4244/5230/4244
f 4249/5235/4249 4248/5234/4248 4247/5233/4247
f 4252/5238/4252 4251/5237/4251 4250/5236/4250
f 4255/5241/4255 4254/5240/4254 4253/5239/4253
f 4258/5244/4258 4257/5243/4257 4256/5242/4256
f 4261/5247/4261 4260/5246/4260 4259/5245/4259
f 4264/5250/4264 4263/5249/4263 4262/5248/4262
f 4267/5253/4267 4266/5252/4266 4265/5251/4265
f 4270/5256/4270 4269/5255/4269 4268/5254/4268
f 4273/5259/4273 4272/5258/4272 4271/5257/4271
f 4276/5262/4276 4275/5261/4275 4274/5260/4274
f 4279/5265/4279 4278/5264/4278 4277/5263/4277
f 4282/5268/4282 4281/5267/4281 4280/5266/4280
f 4285/5271/4285 4284/5270/4284 4283/5269/4283
f 4288/5274/4288 4287/5273/4287 4286/5272/4286
f 4291/5277/4291 4290/5276/4290 4289/5275/4289
f 4294/5280/4294 4293/5279/4293 4292/5278/4292
f 4297/5283/4297 4296/5282/4296 4295/5281/4295
f 4300/5286/4300 4299/5285/4299 4298/5284/4298
f 4303/5289/4303 4302/5288/4302 4301/5287/4301
f 4306/5292/4306 4305/5291/4305 4304/5290/4304
f 4309/5295/4309 4308/5294/4308 4307/5293/4307
f 4312/5298/4312 4311/5297/4311 4310/5296/4310
f 4315/5301/4315 4314/5300/4314 4313/5299/4313
f 4318/5304/4318 4317/5303/4317 4316/5302/4316
f 4321/5307/4321 4320/5306/4320 4319/5305/4319
f 4324/5310/4324 4323/5309/4323 4322/5308/4322
f 4327/5313/4327 4326/5312/4326 4325/5311/4325
f 4330/5316/4330 4329/5315/4329 4328/5314/4328
f 4333/5319/4333 4332/5318/4332 4331/5317/4331
f 4336/5322/4336 4335/5321/4335 4334/5320/4334
f 4339/5325/4339 4338/5324/4338 4337/5323/4337
f 4342/5328/4342 4341/5327/4341 4340/5326/4340
f 4345/5331/4345 4344/5330/4344 4343/5329/4343
f 4348/5334/4348 4347/5333/4347 4346/5332/4346
f 4351/5337/4351 4350/5336/4350 4349/5335/4349
f 4354/5340/4354 4353/5339/4353 4352/5338/4352
f 4357/5343/4357 4356/5342/4356 4355/5341/4355
f 4360/5346/4360 4359/5345/4359 4358/5344/4358
f 4363/5349/4363 4362/5348/4362 4361/5347/4361
f 4366/5352/4366 4365/5351/4365 4364/5350/4364
f 4369/5355/4369 4368/5354/4368 4367/5353/4367
f 4372/5358/4372 4371/5357/4371 4370/5356/4370
f 4375/5361/4375 4374/5360/4374 4373/5359/4373
f 4378/5364/4378 4377/5363/4377 4376/5362/4376
f 4381/5367/4381 4380/5366/4380 4379/5365/4379
f 4384/5370/4384 4383/5369/4383 4382/5368/4382
f 4387/5373/4387 4386/5372/4386 4385/5371/4385
f 4390/5376/4390 4389/5375/4389 4388/5374/4388
f 4393/5379/4393 4392/5378/4392 4391/5377/4391
f 4396/5382/4396 4395/5381/4395 4394/5380/4394
f 4399/5385/4399 4398/5384/4398 4397/5383/4397
f 4402/5388/4402 4401/5387/4401 4400/5386/4400
f 4405/5391/4405 4404/5390/4404 4403/5389/4403
f 4408/5394/4408 4407/5393/4407 4406/5392/4406
f 4411/5397/4411 4410/5396/4410 4409/5395/4409
f 4414/5400/4414 4413/5399/4413 4412/5398/4412
f 4417/5403/4417 4416/5402/4416 4415/5401/4415
f 4420/5406/4420 4419/5405/4419 4418/5404/4418
f 4423/5409/4423 4422/5408/4422 4421/5407/4421
f 4426/5412/4426 4425/5411/4425 4424/5410/4424
f 4429/5415/4429 4428/5414/4428 4427/5413/4427
f 4432/5418/4432 4431/5417/4431 4430/5416/4430
f 4435/5421/4435 4434/5420/4434 4433/5419/4433
f 4438/5424/4438 4437/5423/4437 4436/5422/4436
f 4441/5427/4441 4440/5426/4440 4439/5425/4439
f 4444/5430/4444 4443/5429/4443 4442/5428/4442
f 4447/5433/4447 4446/5432/4446 4445/5431/4445
f 4450/5436/4450 4449/5435/4449 4448/5434/4448
f 4453/5439/4453 4452/5438/4452 4451/5437/4451
f 4456/5442/4456 4455/5441/4455 4454/5440/4454
f 4459/5445/4459 4458/5444/4458 4457/5443/4457
f 4462/5448/4462 4461/5447/4461 4460/5446/4460
f 4465/5451/4465 4464/5450/4464 4463/5449/4463
f 4468/5454/4468 4467/5453/4467 4466/5452/4466
f 4471/5457/4471 4470/5456/4470 4469/5455/4469
f 4474/5460/4474 4473/5459/4473 4472/5458/4472
f 4477/5463/4477 4476/5462/4476 4475/5461/4475
f 4480/5466/4480 4479/5465/4479 4478/5464/4478
f 4483/5469/4483 4482/5468/4482 4481/5467/4481
f 4486/5472/4486 4485/5471/4485 4484/5470/4484
f 4489/5475/4489 4488/5474/4488 4487/5473/4487
f 4492/5478/4492 4491/5477/4491 4490/5476/4490
f 4495/5481/4495 4494/5480/4494 4493/5479/4493
f 4498/5484/4498 4497/5483/4497 4496/5482/4496
f 4501/5487/4501 4500/5486/4500 4499/5485/4499
f 4504/5490/4504 4503/5489/4503 4502/5488/4502
f 4507/5493/4507 4506/5492/4506 4505/5491/4505
f 4510/5496/4510 4509/5495/4509 4508/5494/4508
f 4513/5499/4513 4512/5498/4512 4511/5497/4511
f 4516/5502/4516 4515/5501/4515 4514/5500/4514
f 4519/5505/4519 4518/5504/4518 4517/5503/4517
f 4522/5508/4522 4521/5507/4521 4520/5506/4520
f 4525/5511/4525 4524/5510/4524 4523/5509/4523
f 4528/5514/4528 4527/5513/4527 4526/5512/4526
f 4531/5517/4531 4530/5516/4530 4529/5515/4529
f 4534/5520/4534 4533/5519/4533 4532/5518/4532
f 4537/5523/4537 4536/5522/4536 4535/5521/4535
f 4540/5526/4540 4539/5525/4539 4538/5524/4538
f 4543/5529/4543 4542/5528/4542 4541/5527/4541
f 4546/5532/4546 4545/5531/4545 4544/5530/4544
f 4549/5535/4549 4548/5534/4548 4547/5533/4547
f 4552/5538/4552 4551/5537/4551 4550/5536/4550
f 4555/5541/4555 4554/5540/4554 4553/5539/4553
f 4558/5544/4558 4557/5543/4557 4556/5542/4556
f 4561/5547/4561 4560/5546/4560 4559/5545/4559
f 4564/5550/4564 4563/5549/4563 4562/5548/4562
f 4567/5553/4567 4566/5552/4566 4565/5551/4565
f 4570/5556/4570 4569/5555/4569 4568/5554/4568
f 4573/5559/4573 4572/5558/4572 4571/5557/4571
f 4576/5562/4576 4575/5561/4575 4574/5560/4574
f 4579/5565/4579 4578/5564/4578 4577/5563/4577
f 4582/5568/4582 4581/5567/4581 4580/5566/4580
f 4585/5571/4585 4584/5570/4584 4583/5569/4583
f 4588/5574/4588 4587/5573/4587 4586/5572/4586
f 4591/5577/4591 4590/5576/4590 4589/5575/4589
f 4594/5580/4594 4593/5579/4593 4592/5578/4592
f 4597/5583/4597 4596/5582/4596 4595/5581/4595
f 4600/5586/4600 4599/5585/4599 4598/5584/4598
f 4603/5589/4603 4602/5588/4602 4601/5587/4601
f 4606/5592/4606 4605/5591/4605 4604/5590/4604
f 4609/5595/4609 4608/5594/4608 4607/5593/4607
f 4612/5598/4612 4611/5597/4611 4610/5596/4610
f 4615/5601/4615 4614/5600/4614 4613/5599/4613
f 4618/5604/4618 4617/5603/4617 4616/5602/4616
f 4621/5607/4621 4620/5606/4620 4619/5605/4619
f 4624/5610/4624 4623/5609/4623 4622/5608/4622
f 4627/5613/4627 4626/5612/4626 4625/5611/4625
f 4630/5616/4630 4629/5615/4629 4628/5614/4628
f 4633/5619/4633 4632/5618/4632 4631/5617/4631
f 4636/5622/4636 4635/5621/4635 4634/5620/4634
f 4639/5625/4639 4638/5624/4638 4637/5623/4637
f 4642/5628/4642 4641/5627/4641 4640/5626/4640
f 4645/5631/4645 4644/5630/4644 4643/5629/4643
f 4648/5634/4648 4647/5633/4647 4646/5632/4646
f 4651/5637/4651 4650/5636/4650 4649/5635/4649
f 4654/5640/4654 4653/5639/4653 4652/5638/4652
f 4657/5643/4657 4656/5642/4656 4655/5641/4655
f 4660/5646/4660 4659/5645/4659 4658/5644/4658
f 4663/5649/4663 4662/5648/4662 4661/5647/4661
f 4666/5652/4666 4665/5651/4665 4664/5650/4664
f 4669/5655/4669 4668/5654/4668 4667/5653/4667
f 4672/5658/4672 4671/5657/4671 4670/5656/4670
f 4675/5661/4675 4674/5660/4674 4673/5659/4673
f 4678/5664/4678 4677/5663/4677 4676/5662/4676
f 4681/5667/4681 4680/5666/4680 4679/5665/4679
f 4684/5670/4684 4683/5669/4683 4682/5668/4682
f 4687/5673/4687 4686/5672/4686 4685/5671/4685
f 4690/5676/4690 4689/5675/4689 4688/5674/4688
f 4693/5679/4693 4692/5678/4692 4691/5677/4691
f 4696/5682/4696 4695/5681/4695 4694/5680/4694
f 4699/5685/4699 4698/5684/4698 4697/5683/4697
f 4702/5688/4702 4701/5687/4701 4700/5686/4700
f 4705/5691/4705 4704/5690/4704 4703/5689/4703
f 4708/5694/4708 4707/5693/4707 4706/5692/4706
f 4711/5697/4711 4710/5696/4710 4709/5695/4709
f 4714/5700/4714 4713/5699/4713 4712/5698/4712
