# Duck Pond sugar maple -- units: studs (1 stud = 0.28 m), Y up, pivot at trunk base
mtllib sugar_maple_1.mtl
o Trunk
v 0.0000 0.0028 -0.3628
v -0.3141 -0.0075 -0.1815
v -0.3141 -0.0103 0.1814
v -0.0000 -0.0028 0.3628
v 0.3141 0.0075 0.1815
v 0.3141 0.0103 -0.1814
v -0.0491 1.7378 -0.3496
v -0.3632 1.7283 -0.1682
v -0.3633 1.7267 0.1947
v -0.0492 1.7346 0.3761
v 0.2650 1.7441 0.1948
v 0.2650 1.7457 -0.1681
v -0.0958 3.4692 -0.3474
v -0.4100 3.4610 -0.1661
v -0.4102 3.4643 0.1968
v -0.0962 3.4757 0.3782
v 0.2180 3.4838 0.1969
v 0.2182 3.4806 -0.1659
v -0.1569 5.2036 -0.3804
v -0.4711 5.1952 -0.1991
v -0.4713 5.1995 0.1637
v -0.1573 5.2123 0.3452
v 0.1568 5.2206 0.1639
v 0.1571 5.2163 -0.1990
v -0.2318 7.5549 -0.3290
v -0.4913 7.5532 -0.1794
v -0.4915 7.5530 0.1203
v -0.2321 7.5546 0.2702
v 0.0275 7.5564 0.1206
v 0.0277 7.5565 -0.1791
v -0.2235 7.9873 -0.2862
v -0.4481 7.9919 -0.1567
v -0.4482 7.9934 0.1026
v -0.2237 7.9903 0.2324
v 0.0009 7.9857 0.1029
v 0.0010 7.9842 -0.1565
v -0.2016 9.4339 -0.2671
v -0.3877 9.4345 -0.1598
v -0.3879 9.4413 0.0549
v -0.2020 9.4474 0.1624
v -0.0159 9.4468 0.0551
v -0.0157 9.4400 -0.1597
v -0.2663 10.8810 -0.3278
v -0.4480 10.8763 -0.2228
v -0.4483 10.8854 -0.0130
v -0.2669 10.8992 0.0917
v -0.0852 10.9038 -0.0133
v -0.0849 10.8947 -0.2230
v -0.2899 11.2978 -0.3309
v -0.4592 11.2914 -0.2329
v -0.4593 11.2972 -0.0373
v -0.2902 11.3093 0.0604
v -0.1209 11.3157 -0.0376
v -0.1208 11.3099 -0.2332
v -0.3758 12.9329 -0.3370
v -0.5485 12.9228 -0.1635
v -0.3761 12.9439 0.0094
v -0.2034 12.9540 -0.1642
v -0.5834 14.5505 -0.3860
v -0.7297 14.5384 -0.2387
v -0.5851 14.5694 -0.0925
v -0.4388 14.5815 -0.2398
v -0.8525 16.1546 -0.4941
v -0.9729 16.1474 -0.3735
v -0.8532 16.1632 -0.2531
v -0.7329 16.1704 -0.3736
v -0.8933 17.8000 -0.4516
v -0.9899 17.7949 -0.3556
v -0.8938 17.7904 -0.2590
v -0.7972 17.7955 -0.3550
v -0.8649 19.4132 -0.2988
v -0.9530 19.4070 -0.2115
v -0.8655 19.3976 -0.1239
v -0.7774 19.4039 -0.2112
vt 0.00000 0.00000
vt 0.16667 0.00000
vt 0.00000 0.48634
vt 0.16667 0.00000
vt 0.16667 0.48634
vt 0.00000 0.48634
vt 0.16667 0.00000
vt 0.33333 0.00000
vt 0.16667 0.48634
vt 0.33333 0.00000
vt 0.33333 0.48634
vt 0.16667 0.48634
vt 0.33333 0.00000
vt 0.50000 0.00000
vt 0.33333 0.48634
vt 0.50000 0.00000
vt 0.50000 0.48634
vt 0.33333 0.48634
vt 0.50000 0.00000
vt 0.66667 0.00000
vt 0.50000 0.48634
vt 0.66667 0.00000
vt 0.66667 0.48634
vt 0.50000 0.48634
vt 0.66667 0.00000
vt 0.83333 0.00000
vt 0.66667 0.48634
vt 0.83333 0.00000
vt 0.83333 0.48634
vt 0.66667 0.48634
vt 0.83333 0.00000
vt 1.00000 0.00000
vt 0.83333 0.48634
vt 1.00000 0.00000
vt 1.00000 0.48634
vt 0.83333 0.48634
vt 0.00000 0.48634
vt 0.16667 0.48634
vt 0.00000 0.97267
vt 0.16667 0.48634
vt 0.16667 0.97267
vt 0.00000 0.97267
vt 0.16667 0.48634
vt 0.33333 0.48634
vt 0.16667 0.97267
vt 0.33333 0.48634
vt 0.33333 0.97267
vt 0.16667 0.97267
vt 0.33333 0.48634
vt 0.50000 0.48634
vt 0.33333 0.97267
vt 0.50000 0.48634
vt 0.50000 0.97267
vt 0.33333 0.97267
vt 0.50000 0.48634
vt 0.66667 0.48634
vt 0.50000 0.97267
vt 0.66667 0.48634
vt 0.66667 0.97267
vt 0.50000 0.97267
vt 0.66667 0.48634
vt 0.83333 0.48634
vt 0.66667 0.97267
vt 0.83333 0.48634
vt 0.83333 0.97267
vt 0.66667 0.97267
vt 0.83333 0.48634
vt 1.00000 0.48634
vt 0.83333 0.97267
vt 1.00000 0.48634
vt 1.00000 0.97267
vt 0.83333 0.97267
vt 0.00000 0.97267
vt 0.16667 0.97267
vt 0.00000 1.45899
vt 0.16667 0.97267
vt 0.16667 1.45899
vt 0.00000 1.45899
vt 0.16667 0.97267
vt 0.33333 0.97267
vt 0.16667 1.45899
vt 0.33333 0.97267
vt 0.33333 1.45899
vt 0.16667 1.45899
vt 0.33333 0.97267
vt 0.50000 0.97267
vt 0.33333 1.45899
vt 0.50000 0.97267
vt 0.50000 1.45899
vt 0.33333 1.45899
vt 0.50000 0.97267
vt 0.66667 0.97267
vt 0.50000 1.45899
vt 0.66667 0.97267
vt 0.66667 1.45899
vt 0.50000 1.45899
vt 0.66667 0.97267
vt 0.83333 0.97267
vt 0.66667 1.45899
vt 0.83333 0.97267
vt 0.83333 1.45899
vt 0.66667 1.45899
vt 0.83333 0.97267
vt 1.00000 0.97267
vt 0.83333 1.45899
vt 1.00000 0.97267
vt 1.00000 1.45899
vt 0.83333 1.45899
vt 0.00000 1.45899
vt 0.16667 1.45899
vt 0.00000 2.11645
vt 0.16667 1.45899
vt 0.16667 2.11645
vt 0.00000 2.11645
vt 0.16667 1.45899
vt 0.33333 1.45899
vt 0.16667 2.11645
vt 0.33333 1.45899
vt 0.33333 2.11645
vt 0.16667 2.11645
vt 0.33333 1.45899
vt 0.50000 1.45899
vt 0.33333 2.11645
vt 0.50000 1.45899
vt 0.50000 2.11645
vt 0.33333 2.11645
vt 0.50000 1.45899
vt 0.66667 1.45899
vt 0.50000 2.11645
vt 0.66667 1.45899
vt 0.66667 2.11645
vt 0.50000 2.11645
vt 0.66667 1.45899
vt 0.83333 1.45899
vt 0.66667 2.11645
vt 0.83333 1.45899
vt 0.83333 2.11645
vt 0.66667 2.11645
vt 0.83333 1.45899
vt 1.00000 1.45899
vt 0.83333 2.11645
vt 1.00000 1.45899
vt 1.00000 2.11645
vt 0.83333 2.11645
vt 0.00000 2.11645
vt 0.16667 2.11645
vt 0.00000 2.23800
vt 0.16667 2.11645
vt 0.16667 2.23800
vt 0.00000 2.23800
vt 0.16667 2.11645
vt 0.33333 2.11645
vt 0.16667 2.23800
vt 0.33333 2.11645
vt 0.33333 2.23800
vt 0.16667 2.23800
vt 0.33333 2.11645
vt 0.50000 2.11645
vt 0.33333 2.23800
vt 0.50000 2.11645
vt 0.50000 2.23800
vt 0.33333 2.23800
vt 0.50000 2.11645
vt 0.66667 2.11645
vt 0.50000 2.23800
vt 0.66667 2.11645
vt 0.66667 2.23800
vt 0.50000 2.23800
vt 0.66667 2.11645
vt 0.83333 2.11645
vt 0.66667 2.23800
vt 0.83333 2.11645
vt 0.83333 2.23800
vt 0.66667 2.23800
vt 0.83333 2.11645
vt 1.00000 2.11645
vt 0.83333 2.23800
vt 1.00000 2.11645
vt 1.00000 2.23800
vt 0.83333 2.23800
vt 0.00000 2.23800
vt 0.16667 2.23800
vt 0.00000 2.64463
vt 0.16667 2.23800
vt 0.16667 2.64463
vt 0.00000 2.64463
vt 0.16667 2.23800
vt 0.33333 2.23800
vt 0.16667 2.64463
vt 0.33333 2.23800
vt 0.33333 2.64463
vt 0.16667 2.64463
vt 0.33333 2.23800
vt 0.50000 2.23800
vt 0.33333 2.64463
vt 0.50000 2.23800
vt 0.50000 2.64463
vt 0.33333 2.64463
vt 0.50000 2.23800
vt 0.66667 2.23800
vt 0.50000 2.64463
vt 0.66667 2.23800
vt 0.66667 2.64463
vt 0.50000 2.64463
vt 0.66667 2.23800
vt 0.83333 2.23800
vt 0.66667 2.64463
vt 0.83333 2.23800
vt 0.83333 2.64463
vt 0.66667 2.64463
vt 0.83333 2.23800
vt 1.00000 2.23800
vt 0.83333 2.64463
vt 1.00000 2.23800
vt 1.00000 2.64463
vt 0.83333 2.64463
vt 0.00000 2.64463
vt 0.16667 2.64463
vt 0.00000 3.05129
vt 0.16667 2.64463
vt 0.16667 3.05129
vt 0.00000 3.05129
vt 0.16667 2.64463
vt 0.33333 2.64463
vt 0.16667 3.05129
vt 0.33333 2.64463
vt 0.33333 3.05129
vt 0.16667 3.05129
vt 0.33333 2.64463
vt 0.50000 2.64463
vt 0.33333 3.05129
vt 0.50000 2.64463
vt 0.50000 3.05129
vt 0.33333 3.05129
vt 0.50000 2.64463
vt 0.66667 2.64463
vt 0.50000 3.05129
vt 0.66667 2.64463
vt 0.66667 3.05129
vt 0.50000 3.05129
vt 0.66667 2.64463
vt 0.83333 2.64463
vt 0.66667 3.05129
vt 0.83333 2.64463
vt 0.83333 3.05129
vt 0.66667 3.05129
vt 0.83333 2.64463
vt 1.00000 2.64463
vt 0.83333 3.05129
vt 1.00000 2.64463
vt 1.00000 3.05129
vt 0.83333 3.05129
vt 0.00000 3.05129
vt 0.16667 3.05129
vt 0.00000 3.16735
vt 0.16667 3.05129
vt 0.16667 3.16735
vt 0.00000 3.16735
vt 0.16667 3.05129
vt 0.33333 3.05129
vt 0.16667 3.16735
vt 0.33333 3.05129
vt 0.33333 3.16735
vt 0.16667 3.16735
vt 0.33333 3.05129
vt 0.50000 3.05129
vt 0.33333 3.16735
vt 0.50000 3.05129
vt 0.50000 3.16735
vt 0.33333 3.16735
vt 0.50000 3.05129
vt 0.66667 3.05129
vt 0.50000 3.16735
vt 0.66667 3.05129
vt 0.66667 3.16735
vt 0.50000 3.16735
vt 0.66667 3.05129
vt 0.83333 3.05129
vt 0.66667 3.16735
vt 0.83333 3.05129
vt 0.83333 3.16735
vt 0.66667 3.16735
vt 0.83333 3.05129
vt 1.00000 3.05129
vt 0.83333 3.16735
vt 1.00000 3.05129
vt 1.00000 3.16735
vt 0.83333 3.16735
vt 0.00000 3.16735
vt 0.16667 3.16735
vt 0.00000 3.62580
vt 0.16667 3.16735
vt 0.25000 3.62580
vt 0.00000 3.62580
vt 0.16667 3.16735
vt 0.33333 3.16735
vt 0.25000 3.62580
vt 0.33333 3.16735
vt 0.50000 3.16735
vt 0.25000 3.62580
vt 0.50000 3.16735
vt 0.50000 3.62580
vt 0.25000 3.62580
vt 0.50000 3.16735
vt 0.66667 3.16735
vt 0.50000 3.62580
vt 0.66667 3.16735
vt 0.75000 3.62580
vt 0.50000 3.62580
vt 0.66667 3.16735
vt 0.83333 3.16735
vt 0.75000 3.62580
vt 0.83333 3.16735
vt 1.00000 3.16735
vt 0.75000 3.62580
vt 1.00000 3.16735
vt 1.00000 3.62580
vt 0.75000 3.62580
vt 0.00000 3.62580
vt 0.25000 3.62580
vt 0.00000 4.08407
vt 0.25000 3.62580
vt 0.25000 4.08407
vt 0.00000 4.08407
vt 0.25000 3.62580
vt 0.50000 3.62580
vt 0.25000 4.08407
vt 0.50000 3.62580
vt 0.50000 4.08407
vt 0.25000 4.08407
vt 0.50000 3.62580
vt 0.75000 3.62580
vt 0.50000 4.08407
vt 0.75000 3.62580
vt 0.75000 4.08407
vt 0.50000 4.08407
vt 0.75000 3.62580
vt 1.00000 3.62580
vt 0.75000 4.08407
vt 1.00000 3.62580
vt 1.00000 4.08407
vt 0.75000 4.08407
vt 0.00000 4.08407
vt 0.25000 4.08407
vt 0.00000 4.53958
vt 0.25000 4.08407
vt 0.25000 4.53958
vt 0.00000 4.53958
vt 0.25000 4.08407
vt 0.50000 4.08407
vt 0.25000 4.53958
vt 0.50000 4.08407
vt 0.50000 4.53958
vt 0.25000 4.53958
vt 0.50000 4.08407
vt 0.75000 4.08407
vt 0.50000 4.53958
vt 0.75000 4.08407
vt 0.75000 4.53958
vt 0.50000 4.53958
vt 0.75000 4.08407
vt 1.00000 4.08407
vt 0.75000 4.53958
vt 1.00000 4.08407
vt 1.00000 4.53958
vt 0.75000 4.53958
vt 0.00000 4.53958
vt 0.25000 4.53958
vt 0.00000 4.99793
vt 0.25000 4.53958
vt 0.25000 4.99793
vt 0.00000 4.99793
vt 0.25000 4.53958
vt 0.50000 4.53958
vt 0.25000 4.99793
vt 0.50000 4.53958
vt 0.50000 4.99793
vt 0.25000 4.99793
vt 0.50000 4.53958
vt 0.75000 4.53958
vt 0.50000 4.99793
vt 0.75000 4.53958
vt 0.75000 4.99793
vt 0.50000 4.99793
vt 0.75000 4.53958
vt 1.00000 4.53958
vt 0.75000 4.99793
vt 1.00000 4.53958
vt 1.00000 4.99793
vt 0.75000 4.99793
vt 0.00000 4.99793
vt 0.25000 4.99793
vt 0.00000 5.45066
vt 0.25000 4.99793
vt 0.25000 5.45066
vt 0.00000 5.45066
vt 0.25000 4.99793
vt 0.50000 4.99793
vt 0.25000 5.45066
vt 0.50000 4.99793
vt 0.50000 5.45066
vt 0.25000 5.45066
vt 0.50000 4.99793
vt 0.75000 4.99793
vt 0.50000 5.45066
vt 0.75000 4.99793
vt 0.75000 5.45066
vt 0.50000 5.45066
vt 0.75000 4.99793
vt 1.00000 4.99793
vt 0.75000 5.45066
vt 1.00000 4.99793
vt 1.00000 5.45066
vt 0.75000 5.45066
vn 0.1889 0.0129 -0.9819
vn -0.7557 -0.0164 -0.6548
vn -0.9445 -0.0292 0.3272
vn -0.1889 -0.0129 0.9819
vn 0.7556 0.0164 0.6548
vn 0.9446 0.0292 -0.3270
vn 0.0000 0.0043 -1.0000
vn -0.8658 -0.0223 -0.4999
vn -0.8656 -0.0266 0.5000
vn -0.0001 -0.0043 1.0000
vn 0.8655 0.0223 0.5005
vn 0.8659 0.0266 -0.4996
vn 0.0007 -0.0081 -1.0000
vn -0.8654 -0.0327 -0.5000
vn -0.8656 -0.0246 0.5001
vn -0.0003 0.0081 1.0000
vn 0.8653 0.0327 0.5003
vn 0.8660 0.0246 -0.4995
vn 0.0099 0.0039 -0.9999
vn -0.8606 -0.0184 -0.5089
vn -0.8713 -0.0073 0.4907
vn -0.0110 0.0262 0.9996
vn 0.8598 0.0486 0.5083
vn 0.8701 0.0374 -0.4915
vn -0.1607 0.0259 -0.9867
vn -0.9346 0.0106 -0.3554
vn -0.7757 0.0205 0.6308
vn 0.1582 0.0456 0.9864
vn 0.9330 0.0609 0.3546
vn 0.7731 0.0511 -0.6322
vn 0.0743 0.0336 -0.9967
vn -0.8258 0.0515 -0.5616
vn -0.8986 0.0640 0.4342
vn -0.0738 0.0586 0.9956
vn 0.8254 0.0407 0.5630
vn 0.9009 0.0281 -0.4332
vn -0.0199 -0.0075 -0.9998
vn -0.8763 -0.0087 -0.4818
vn -0.8548 0.0164 0.5186
vn 0.0216 0.0425 0.9989
vn 0.8757 0.0437 0.4808
vn 0.8554 0.0187 -0.5176
vn -0.1107 -0.0387 -0.9931
vn -0.9155 -0.0505 -0.3992
vn -0.8044 -0.0017 0.5941
vn 0.1115 0.0587 0.9920
vn 0.9149 0.0703 0.3975
vn 0.8040 0.0218 -0.5943
vn 0.2202 0.0184 -0.9753
vn -0.8385 -0.0326 -0.5440
vn -0.8369 -0.0009 0.5474
vn -0.2236 0.0393 0.9739
vn 0.8364 0.0787 0.5424
vn 0.8334 0.0601 -0.5493
vn 0.0481 0.0044 -0.9988
vn -0.9978 -0.0622 0.0215
vn -0.0491 0.0404 0.9980
vn 0.9932 0.1145 -0.0221
vn -0.0577 -0.0496 -0.9971
vn -0.9893 -0.1310 0.0641
vn 0.0541 0.0815 0.9952
vn 0.9845 0.1629 -0.0653
vn -0.0652 -0.0534 -0.9964
vn -0.9956 -0.0662 0.0670
vn 0.0592 0.0843 0.9947
vn 0.9927 0.0973 -0.0710
vn -0.0566 0.0501 -0.9971
vn -0.9984 0.0162 0.0537
vn 0.0538 -0.0299 0.9981
vn 0.9984 0.0043 -0.0561
vn -0.3306 0.0947 -0.9390
vn -0.9436 -0.0079 0.3309
vn 0.3312 -0.0848 0.9397
vn 0.9433 0.0180 -0.3315
usemtl bark
s off
f 1/1/1 2/2/2 7/3/7
f 2/4/2 8/5/8 7/6/7
f 2/7/2 3/8/3 8/9/8
f 3/10/3 9/11/9 8/12/8
f 3/13/3 4/14/4 9/15/9
f 4/16/4 10/17/10 9/18/9
f 4/19/4 5/20/5 10/21/10
f 5/22/5 11/23/11 10/24/10
f 5/25/5 6/26/6 11/27/11
f 6/28/6 12/29/12 11/30/11
f 6/31/6 1/32/1 12/33/12
f 1/34/1 7/35/7 12/36/12
f 7/37/7 8/38/8 13/39/13
f 8/40/8 14/41/14 13/42/13
f 8/43/8 9/44/9 14/45/14
f 9/46/9 15/47/15 14/48/14
f 9/49/9 10/50/10 15/51/15
f 10/52/10 16/53/16 15/54/15
f 10/55/10 11/56/11 16/57/16
f 11/58/11 17/59/17 16/60/16
f 11/61/11 12/62/12 17/63/17
f 12/64/12 18/65/18 17/66/17
f 12/67/12 7/68/7 18/69/18
f 7/70/7 13/71/13 18/72/18
f 13/73/13 14/74/14 19/75/19
f 14/76/14 20/77/20 19/78/19
f 14/79/14 15/80/15 20/81/20
f 15/82/15 21/83/21 20/84/20
f 15/85/15 16/86/16 21/87/21
f 16/88/16 22/89/22 21/90/21
f 16/91/16 17/92/17 22/93/22
f 17/94/17 23/95/23 22/96/22
f 17/97/17 18/98/18 23/99/23
f 18/100/18 24/101/24 23/102/23
f 18/103/18 13/104/13 24/105/24
f 13/106/13 19/107/19 24/108/24
f 19/109/19 20/110/20 25/111/25
f 20/112/20 26/113/26 25/114/25
f 20/115/20 21/116/21 26/117/26
f 21/118/21 27/119/27 26/120/26
f 21/121/21 22/122/22 27/123/27
f 22/124/22 28/125/28 27/126/27
f 22/127/22 23/128/23 28/129/28
f 23/130/23 29/131/29 28/132/28
f 23/133/23 24/134/24 29/135/29
f 24/136/24 30/137/30 29/138/29
f 24/139/24 19/140/19 30/141/30
f 19/142/19 25/143/25 30/144/30
f 25/145/25 26/146/26 31/147/31
f 26/148/26 32/149/32 31/150/31
f 26/151/26 27/152/27 32/153/32
f 27/154/27 33/155/33 32/156/32
f 27/157/27 28/158/28 33/159/33
f 28/160/28 34/161/34 33/162/33
f 28/163/28 29/164/29 34/165/34
f 29/166/29 35/167/35 34/168/34
f 29/169/29 30/170/30 35/171/35
f 30/172/30 36/173/36 35/174/35
f 30/175/30 25/176/25 36/177/36
f 25/178/25 31/179/31 36/180/36
f 31/181/31 32/182/32 37/183/37
f 32/184/32 38/185/38 37/186/37
f 32/187/32 33/188/33 38/189/38
f 33/190/33 39/191/39 38/192/38
f 33/193/33 34/194/34 39/195/39
f 34/196/34 40/197/40 39/198/39
f 34/199/34 35/200/35 40/201/40
f 35/202/35 41/203/41 40/204/40
f 35/205/35 36/206/36 41/207/41
f 36/208/36 42/209/42 41/210/41
f 36/211/36 31/212/31 42/213/42
f 31/214/31 37/215/37 42/216/42
f 37/217/37 38/218/38 43/219/43
f 38/220/38 44/221/44 43/222/43
f 38/223/38 39/224/39 44/225/44
f 39/226/39 45/227/45 44/228/44
f 39/229/39 40/230/40 45/231/45
f 40/232/40 46/233/46 45/234/45
f 40/235/40 41/236/41 46/237/46
f 41/238/41 47/239/47 46/240/46
f 41/241/41 42/242/42 47/243/47
f 42/244/42 48/245/48 47/246/47
f 42/247/42 37/248/37 48/249/48
f 37/250/37 43/251/43 48/252/48
f 43/253/43 44/254/44 49/255/49
f 44/256/44 50/257/50 49/258/49
f 44/259/44 45/260/45 50/261/50
f 45/262/45 51/263/51 50/264/50
f 45/265/45 46/266/46 51/267/51
f 46/268/46 52/269/52 51/270/51
f 46/271/46 47/272/47 52/273/52
f 47/274/47 53/275/53 52/276/52
f 47/277/47 48/278/48 53/279/53
f 48/280/48 54/281/54 53/282/53
f 48/283/48 43/284/43 54/285/54
f 43/286/43 49/287/49 54/288/54
f 49/289/49 50/290/50 55/291/55
f 50/292/50 56/293/56 55/294/55
f 50/295/50 51/296/51 56/297/56
f 51/298/51 52/299/52 56/300/56
f 52/301/52 57/302/57 56/303/56
f 52/304/52 53/305/53 57/306/57
f 53/307/53 58/308/58 57/309/57
f 53/310/53 54/311/54 58/312/58
f 54/313/54 49/314/49 58/315/58
f 49/316/49 55/317/55 58/318/58
f 55/319/55 56/320/56 59/321/59
f 56/322/56 60/323/60 59/324/59
f 56/325/56 57/326/57 60/327/60
f 57/328/57 61/329/61 60/330/60
f 57/331/57 58/332/58 61/333/61
f 58/334/58 62/335/62 61/336/61
f 58/337/58 55/338/55 62/339/62
f 55/340/55 59/341/59 62/342/62
f 59/343/59 60/344/60 63/345/63
f 60/346/60 64/347/64 63/348/63
f 60/349/60 61/350/61 64/351/64
f 61/352/61 65/353/65 64/354/64
f 61/355/61 62/356/62 65/357/65
f 62/358/62 66/359/66 65/360/65
f 62/361/62 59/362/59 66/363/66
f 59/364/59 63/365/63 66/366/66
f 63/367/63 64/368/64 67/369/67
f 64/370/64 68/371/68 67/372/67
f 64/373/64 65/374/65 68/375/68
f 65/376/65 69/377/69 68/378/68
f 65/379/65 66/380/66 69/381/69
f 66/382/66 70/383/70 69/384/69
f 66/385/66 63/386/63 70/387/70
f 63/388/63 67/389/67 70/390/70
f 67/391/67 68/392/68 71/393/71
f 68/394/68 72/395/72 71/396/71
f 68/397/68 69/398/69 72/399/72
f 69/400/69 73/401/73 72/402/72
f 69/403/69 70/404/70 73/405/73
f 70/406/70 74/407/74 73/408/73
f 70/409/70 67/410/67 74/411/74
f 67/412/67 71/413/71 74/414/74
o Branches
v -0.1613 5.2126 -0.2294
v -0.3168 5.1162 -0.1225
v -0.3126 5.1115 0.0893
v -0.1529 5.2032 0.1942
v 0.0025 5.2996 0.0873
v -0.0016 5.3043 -0.1245
v -0.9297 6.4981 -0.1851
v -1.0946 6.4193 -0.0780
v -1.0984 6.4300 0.1336
v -0.9372 6.5196 0.2381
v -0.7723 6.5984 0.1309
v -0.7686 6.5877 -0.0807
v -1.5290 7.8586 -0.3877
v -1.6992 7.7900 -0.2817
v -1.7128 7.8200 -0.0724
v -1.5563 7.9186 0.0309
v -1.3861 7.9872 -0.0751
v -1.3724 7.9572 -0.2844
v -0.1383 5.2368 -0.1689
v -0.2896 5.2887 -0.0187
v -0.1759 5.1790 0.1337
v -0.0246 5.1271 -0.0166
v 0.6580 6.5468 0.1807
v 0.5089 6.6026 0.3319
v 0.6276 6.5015 0.4864
v 0.7767 6.4456 0.3352
v 1.4438 7.9483 0.3884
v 1.2882 7.9917 0.5370
v 1.4090 7.8942 0.6921
v 1.5647 7.8507 0.5436
v 2.2162 9.6692 0.9867
v 2.0963 9.6941 1.0929
v 2.1710 9.5979 1.1998
v 2.2909 9.5730 1.0936
v 3.3028 10.9595 1.8420
v 3.2202 11.0046 1.9466
v 3.2682 10.9013 2.0292
v 3.3508 10.8561 1.9246
v 4.8738 11.8403 2.1930
v 4.8247 11.8911 2.2884
v 4.8614 11.8004 2.3556
v 4.9104 11.7495 2.2602
v 1.3993 7.9152 0.4610
v 1.3858 7.9942 0.5486
v 1.4535 7.9273 0.6195
v 1.4671 7.8482 0.5319
v 2.7276 8.7144 -0.0545
v 2.7140 8.7935 0.0331
v 2.7818 8.7265 0.1040
v 2.7954 8.6475 0.0164
v -1.6614 8.0755 -0.4142
v -1.8296 8.0387 -0.3222
v -1.8532 8.0934 -0.1364
v -1.7087 8.1850 -0.0425
v -1.5406 8.2218 -0.1344
v -1.5169 8.1671 -0.3202
v -1.5572 7.8779 -0.2643
v -1.5496 7.8019 -0.1665
v -1.5281 7.8993 -0.0925
v -1.5356 7.9753 -0.1904
v -4.1184 8.1395 0.1368
v -4.1108 8.0635 0.2347
v -4.0893 8.1609 0.3087
v -4.0968 8.2369 0.2108
v -2.1855 10.3530 -1.4754
v -2.3856 10.3865 -1.3467
v -2.2748 10.5570 -1.2187
v -2.0747 10.5236 -1.3475
v -1.7305 8.1389 -0.3051
v -1.7284 8.0537 -0.2113
v -1.6397 8.1216 -0.1516
v -1.6417 8.2068 -0.2454
v -2.6592 8.8041 0.3194
v -2.6572 8.7189 0.4132
v -2.5684 8.7867 0.4729
v -2.5705 8.8719 0.3791
v -2.2187 10.4430 -1.3911
v -2.2752 10.4543 -1.3334
v -2.1965 10.4677 -1.3167
v -2.3777 11.9389 -1.8408
v -2.4337 11.9471 -1.7822
v -2.3555 11.9643 -1.7666
v -2.6955 13.4113 -2.3392
v -2.8173 13.3387 -2.2237
v -2.7136 13.3899 -2.0821
v -2.5919 13.4626 -2.1976
v -2.7959 11.0766 -2.7016
v -2.9038 11.1005 -2.6513
v -2.8640 11.2102 -2.6178
v -2.7560 11.1864 -2.6681
v -3.2193 11.6061 -4.1638
v -3.3300 11.6334 -4.1218
v -3.2914 11.7448 -4.0926
v -3.1807 11.7175 -4.1346
v -4.0720 14.7278 -1.6222
v -4.1234 14.6342 -1.5452
v -4.0415 14.6690 -1.4482
v -3.9901 14.7626 -1.5252
v -2.7333 13.3646 -2.2808
v -2.7700 13.4532 -2.2109
v -2.6758 13.4367 -2.1405
v -2.6391 13.3480 -2.2104
v -2.3595 13.8280 -2.6721
v -2.3962 13.9167 -2.6022
v -2.3020 13.9002 -2.5318
v -2.2653 13.8115 -2.6017
v -0.2206 7.5982 -0.2022
v -0.4047 7.5994 -0.0295
v -0.2432 7.5113 0.1434
v -0.0591 7.5101 -0.0293
v 0.3379 9.7574 0.3773
v 0.1493 9.7340 0.5434
v 0.3160 9.6801 0.7251
v 0.5046 9.7035 0.5589
v 0.1898 11.2794 0.7008
v 0.0373 11.2512 0.8298
v 0.1666 11.1788 0.9668
v 0.3191 11.2070 0.8377
v 0.3046 9.7142 0.4543
v 0.2603 9.7917 0.5632
v 0.3494 9.7233 0.6480
v 0.3936 9.6458 0.5392
v 1.3563 10.7234 0.1638
v 1.3120 10.8009 0.2727
v 1.4011 10.7325 0.3575
v 1.4453 10.6550 0.2487
v 0.7716 12.5677 1.5786
v 0.6619 12.5467 1.6677
v 0.7449 12.4652 1.7507
v 0.8546 12.4862 1.6616
v 1.0729 13.9157 2.4589
v 0.9660 13.8878 2.5388
v 1.0469 13.8159 2.6218
v 1.1537 13.8438 2.5419
v 0.1729 11.2365 0.7347
v 0.0882 11.2709 0.8418
v 0.1835 11.2217 0.9329
v 0.2681 11.1873 0.8258
v 0.9824 12.9620 0.8230
v 0.8887 12.9770 0.9270
v 0.9761 12.9107 1.0152
v 1.0698 12.8958 0.9112
v 1.7277 14.5203 1.6753
v 1.6338 14.5171 1.7640
v 1.7072 14.4415 1.8388
v 1.8011 14.4447 1.7501
v -0.2410 8.0565 -0.1177
v -0.3347 7.9605 -0.0268
v -0.2063 7.9211 0.0639
v -0.1126 8.0171 -0.0270
v -0.5686 9.3380 0.9017
v -0.6532 9.2191 0.9721
v -0.5232 9.1784 1.0598
v -0.4385 9.2973 0.9894
v -1.1602 10.0762 2.2035
v -1.2066 9.9518 2.2214
v -1.0940 9.9191 2.2862
v -1.0476 10.0435 2.2683
v -1.8939 10.1987 3.6769
v -1.9236 10.0838 3.6722
v -1.8216 10.0552 3.7259
v -1.7919 10.1700 3.7306
v -0.2768 7.9340 -0.1202
v -0.3097 8.0732 -0.0274
v -0.1704 8.0436 0.0664
v -0.1376 7.9043 -0.0264
v 0.7143 8.9357 -1.2741
v 0.6804 9.0741 -1.1805
v 0.8270 9.0528 -1.0959
v 0.8609 8.9144 -1.1896
v 1.4256 9.9905 -2.4965
v 1.4140 10.1054 -2.4509
v 1.5297 10.0994 -2.4062
v 1.5413 9.9845 -2.4519
v 1.9375 10.2447 -4.2142
v 1.9374 10.3622 -4.1969
v 2.0513 10.3574 -4.1638
v 2.0514 10.2400 -4.1811
v -0.2895 10.8668 -0.1954
v -0.3216 10.9535 -0.1209
v -0.2437 10.9134 -0.0407
v -0.2116 10.8267 -0.1152
v 1.0904 12.0295 -0.9541
v 1.0636 12.1210 -0.8833
v 1.1504 12.0888 -0.8089
v 1.1772 11.9974 -0.8797
v 2.2191 13.1150 -2.1512
v 2.1969 13.2110 -2.0849
v 2.2917 13.1866 -2.0177
v 2.3139 13.0905 -2.0839
v -0.2848 11.2140 -0.1877
v -0.3938 11.2974 -0.1351
v -0.2953 11.3931 -0.0828
v -0.1863 11.3097 -0.1354
v -0.3347 12.0306 -1.5869
v -0.4434 12.1098 -1.5273
v -0.3446 12.2028 -1.4707
v -0.2359 12.1237 -1.5303
v -0.4452 13.0164 -2.8600
v -0.5478 13.0951 -2.8101
v -0.4546 13.1829 -2.7571
v -0.3521 13.1043 -2.8071
v -0.3712 13.7484 -4.3384
v -0.4586 13.8223 -4.3070
v -0.3784 13.8995 -4.2655
v -0.2910 13.8255 -4.2970
v -0.3836 12.8918 -0.2400
v -0.4642 12.9537 -0.1644
v -0.3684 12.9849 -0.0876
v -0.2877 12.9230 -0.1633
v -0.1376 14.2763 -1.1105
v -0.2183 14.3381 -1.0349
v -0.1224 14.3694 -0.9581
v -0.0417 14.3075 -1.0337
vt 0.00000 0.00000
vt 0.06213 0.00000
vt 0.00000 0.42438
vt 0.06213 0.00000
vt 0.06213 0.42438
vt 0.00000 0.42438
vt 0.06213 0.00000
vt 0.12426 0.00000
vt 0.06213 0.42438
vt 0.12426 0.00000
vt 0.12426 0.42438
vt 0.06213 0.42438
vt 0.12426 0.00000
vt 0.18640 0.00000
vt 0.12426 0.42438
vt 0.18640 0.00000
vt 0.18640 0.42438
vt 0.12426 0.42438
vt 0.18640 0.00000
vt 0.24853 0.00000
vt 0.18640 0.42438
vt 0.24853 0.00000
vt 0.24853 0.42438
vt 0.18640 0.42438
vt 0.24853 0.00000
vt 0.31066 0.00000
vt 0.24853 0.42438
vt 0.31066 0.00000
vt 0.31066 0.42438
vt 0.24853 0.42438
vt 0.31066 0.00000
vt 0.37279 0.00000
vt 0.31066 0.42438
vt 0.37279 0.00000
vt 0.37279 0.42438
vt 0.31066 0.42438
vt 0.00000 0.42438
vt 0.06213 0.42438
vt 0.00000 0.85056
vt 0.06213 0.42438
vt 0.06213 0.85056
vt 0.00000 0.85056
vt 0.06213 0.42438
vt 0.12426 0.42438
vt 0.06213 0.85056
vt 0.12426 0.42438
vt 0.12426 0.85056
vt 0.06213 0.85056
vt 0.12426 0.42438
vt 0.18640 0.42438
vt 0.12426 0.85056
vt 0.18640 0.42438
vt 0.18640 0.85056
vt 0.12426 0.85056
vt 0.18640 0.42438
vt 0.24853 0.42438
vt 0.18640 0.85056
vt 0.24853 0.42438
vt 0.24853 0.85056
vt 0.18640 0.85056
vt 0.24853 0.42438
vt 0.31066 0.42438
vt 0.24853 0.85056
vt 0.31066 0.42438
vt 0.31066 0.85056
vt 0.24853 0.85056
vt 0.31066 0.42438
vt 0.37279 0.42438
vt 0.31066 0.85056
vt 0.37279 0.42438
vt 0.37279 0.85056
vt 0.31066 0.85056
vt 0.00000 0.00000
vt 0.06827 0.00000
vt 0.00000 0.44232
vt 0.06827 0.00000
vt 0.06827 0.44232
vt 0.00000 0.44232
vt 0.06827 0.00000
vt 0.13655 0.00000
vt 0.06827 0.44232
vt 0.13655 0.00000
vt 0.13655 0.44232
vt 0.06827 0.44232
vt 0.13655 0.00000
vt 0.20482 0.00000
vt 0.13655 0.44232
vt 0.20482 0.00000
vt 0.20482 0.44232
vt 0.13655 0.44232
vt 0.20482 0.00000
vt 0.27309 0.00000
vt 0.20482 0.44232
vt 0.27309 0.00000
vt 0.27309 0.44232
vt 0.20482 0.44232
vt 0.00000 0.44232
vt 0.06827 0.44232
vt 0.00000 0.89457
vt 0.06827 0.44232
vt 0.06827 0.89457
vt 0.00000 0.89457
vt 0.06827 0.44232
vt 0.13655 0.44232
vt 0.06827 0.89457
vt 0.13655 0.44232
vt 0.13655 0.89457
vt 0.06827 0.89457
vt 0.13655 0.44232
vt 0.20482 0.44232
vt 0.13655 0.89457
vt 0.20482 0.44232
vt 0.20482 0.89457
vt 0.13655 0.89457
vt 0.20482 0.44232
vt 0.27309 0.44232
vt 0.20482 0.89457
vt 0.27309 0.44232
vt 0.27309 0.89457
vt 0.20482 0.89457
vt 0.00000 0.89457
vt 0.06827 0.89457
vt 0.00000 1.44228
vt 0.06827 0.89457
vt 0.06827 1.44228
vt 0.00000 1.44228
vt 0.06827 0.89457
vt 0.13655 0.89457
vt 0.06827 1.44228
vt 0.13655 0.89457
vt 0.13655 1.44228
vt 0.06827 1.44228
vt 0.13655 0.89457
vt 0.20482 0.89457
vt 0.13655 1.44228
vt 0.20482 0.89457
vt 0.20482 1.44228
vt 0.13655 1.44228
vt 0.20482 0.89457
vt 0.27309 0.89457
vt 0.20482 1.44228
vt 0.27309 0.89457
vt 0.27309 1.44228
vt 0.20482 1.44228
vt 0.00000 1.44228
vt 0.06827 1.44228
vt 0.00000 1.97232
vt 0.06827 1.44228
vt 0.06827 1.97232
vt 0.00000 1.97232
vt 0.06827 1.44228
vt 0.13655 1.44228
vt 0.06827 1.97232
vt 0.13655 1.44228
vt 0.13655 1.97232
vt 0.06827 1.97232
vt 0.13655 1.44228
vt 0.20482 1.44228
vt 0.13655 1.97232
vt 0.20482 1.44228
vt 0.20482 1.97232
vt 0.13655 1.97232
vt 0.20482 1.44228
vt 0.27309 1.44228
vt 0.20482 1.97232
vt 0.27309 1.44228
vt 0.27309 1.97232
vt 0.20482 1.97232
vt 0.00000 1.97232
vt 0.06827 1.97232
vt 0.00000 2.48936
vt 0.06827 1.97232
vt 0.06827 2.48936
vt 0.00000 2.48936
vt 0.06827 1.97232
vt 0.13655 1.97232
vt 0.06827 2.48936
vt 0.13655 1.97232
vt 0.13655 2.48936
vt 0.06827 2.48936
vt 0.13655 1.97232
vt 0.20482 1.97232
vt 0.13655 2.48936
vt 0.20482 1.97232
vt 0.20482 2.48936
vt 0.13655 2.48936
vt 0.20482 1.97232
vt 0.27309 1.97232
vt 0.20482 2.48936
vt 0.27309 1.97232
vt 0.27309 2.48936
vt 0.20482 2.48936
vt 0.00000 0.00000
vt 0.03693 0.00000
vt 0.00000 0.45743
vt 0.03693 0.00000
vt 0.03693 0.45743
vt 0.00000 0.45743
vt 0.03693 0.00000
vt 0.07386 0.00000
vt 0.03693 0.45743
vt 0.07386 0.00000
vt 0.07386 0.45743
vt 0.03693 0.45743
vt 0.07386 0.00000
vt 0.11079 0.00000
vt 0.07386 0.45743
vt 0.11079 0.00000
vt 0.11079 0.45743
vt 0.07386 0.45743
vt 0.11079 0.00000
vt 0.14772 0.00000
vt 0.11079 0.45743
vt 0.14772 0.00000
vt 0.14772 0.45743
vt 0.11079 0.45743
vt 0.00000 0.85056
vt 0.06213 0.85056
vt 0.00000 0.93034
vt 0.06213 0.85056
vt 0.06213 0.93034
vt 0.00000 0.93034
vt 0.06213 0.85056
vt 0.12426 0.85056
vt 0.06213 0.93034
vt 0.12426 0.85056
vt 0.12426 0.93034
vt 0.06213 0.93034
vt 0.12426 0.85056
vt 0.18640 0.85056
vt 0.12426 0.93034
vt 0.18640 0.85056
vt 0.18640 0.93034
vt 0.12426 0.93034
vt 0.18640 0.85056
vt 0.24853 0.85056
vt 0.18640 0.93034
vt 0.24853 0.85056
vt 0.24853 0.93034
vt 0.18640 0.93034
vt 0.24853 0.85056
vt 0.31066 0.85056
vt 0.24853 0.93034
vt 0.31066 0.85056
vt 0.31066 0.93034
vt 0.24853 0.93034
vt 0.31066 0.85056
vt 0.37279 0.85056
vt 0.31066 0.93034
vt 0.37279 0.85056
vt 0.37279 0.93034
vt 0.31066 0.93034
vt 0.00000 0.00000
vt 0.03861 0.00000
vt 0.00000 0.72957
vt 0.03861 0.00000
vt 0.03861 0.72957
vt 0.00000 0.72957
vt 0.03861 0.00000
vt 0.07722 0.00000
vt 0.03861 0.72957
vt 0.07722 0.00000
vt 0.07722 0.72957
vt 0.03861 0.72957
vt 0.07722 0.00000
vt 0.11583 0.00000
vt 0.07722 0.72957
vt 0.11583 0.00000
vt 0.11583 0.72957
vt 0.07722 0.72957
vt 0.11583 0.00000
vt 0.15444 0.00000
vt 0.11583 0.72957
vt 0.15444 0.00000
vt 0.15444 0.72957
vt 0.11583 0.72957
vt 0.00000 0.93034
vt 0.06213 0.93034
vt 0.00000 1.66867
vt 0.06213 0.93034
vt 0.09320 1.66867
vt 0.00000 1.66867
vt 0.06213 0.93034
vt 0.12426 0.93034
vt 0.09320 1.66867
vt 0.12426 0.93034
vt 0.18640 0.93034
vt 0.09320 1.66867
vt 0.18640 0.93034
vt 0.18640 1.66867
vt 0.09320 1.66867
vt 0.18640 0.93034
vt 0.24853 0.93034
vt 0.18640 1.66867
vt 0.24853 0.93034
vt 0.27959 1.66867
vt 0.18640 1.66867
vt 0.24853 0.93034
vt 0.31066 0.93034
vt 0.27959 1.66867
vt 0.31066 0.93034
vt 0.37279 0.93034
vt 0.27959 1.66867
vt 0.37279 0.93034
vt 0.37279 1.66867
vt 0.27959 1.66867
vt 0.00000 0.00000
vt 0.03941 0.00000
vt 0.00000 0.36453
vt 0.03941 0.00000
vt 0.03941 0.36453
vt 0.00000 0.36453
vt 0.03941 0.00000
vt 0.07882 0.00000
vt 0.03941 0.36453
vt 0.07882 0.00000
vt 0.07882 0.36453
vt 0.03941 0.36453
vt 0.07882 0.00000
vt 0.11823 0.00000
vt 0.07882 0.36453
vt 0.11823 0.00000
vt 0.11823 0.36453
vt 0.07882 0.36453
vt 0.11823 0.00000
vt 0.15764 0.00000
vt 0.11823 0.36453
vt 0.15764 0.00000
vt 0.15764 0.36453
vt 0.11823 0.36453
vt 0.00000 0.00000
vt 0.02760 0.00000
vt 0.00000 0.43939
vt 0.02760 0.00000
vt 0.02760 0.43939
vt 0.00000 0.43939
vt 0.02760 0.00000
vt 0.05521 0.00000
vt 0.02760 0.43939
vt 0.05521 0.00000
vt 0.05521 0.43939
vt 0.02760 0.43939
vt 0.05521 0.00000
vt 0.08281 0.00000
vt 0.05521 0.43939
vt 0.08281 0.00000
vt 0.08281 0.43939
vt 0.05521 0.43939
vt 0.00000 0.43939
vt 0.02070 0.87091
vt 0.00000 0.87091
vt 0.00000 0.43939
vt 0.02760 0.43939
vt 0.02070 0.87091
vt 0.02760 0.43939
vt 0.04140 0.87091
vt 0.02070 0.87091
vt 0.02760 0.43939
vt 0.05521 0.43939
vt 0.04140 0.87091
vt 0.05521 0.43939
vt 0.06211 0.87091
vt 0.04140 0.87091
vt 0.05521 0.43939
vt 0.08281 0.43939
vt 0.06211 0.87091
vt 0.08281 0.43939
vt 0.08281 0.87091
vt 0.06211 0.87091
vt 0.00000 1.66867
vt 0.09320 1.66867
vt 0.00000 2.11637
vt 0.09320 1.66867
vt 0.09320 2.11637
vt 0.00000 2.11637
vt 0.09320 1.66867
vt 0.18640 1.66867
vt 0.09320 2.11637
vt 0.18640 1.66867
vt 0.18640 2.11637
vt 0.09320 2.11637
vt 0.18640 1.66867
vt 0.27959 1.66867
vt 0.18640 2.11637
vt 0.27959 1.66867
vt 0.27959 2.11637
vt 0.18640 2.11637
vt 0.27959 1.66867
vt 0.37279 1.66867
vt 0.27959 2.11637
vt 0.37279 1.66867
vt 0.37279 2.11637
vt 0.27959 2.11637
vt 0.00000 2.11637
vt 0.09320 2.11637
vt 0.00000 2.56964
vt 0.09320 2.11637
vt 0.09320 2.56964
vt 0.00000 2.56964
vt 0.09320 2.11637
vt 0.18640 2.11637
vt 0.09320 2.56964
vt 0.18640 2.11637
vt 0.18640 2.56964
vt 0.09320 2.56964
vt 0.18640 2.11637
vt 0.27959 2.11637
vt 0.18640 2.56964
vt 0.27959 2.11637
vt 0.27959 2.56964
vt 0.18640 2.56964
vt 0.27959 2.11637
vt 0.37279 2.11637
vt 0.27959 2.56964
vt 0.37279 2.11637
vt 0.37279 2.56964
vt 0.27959 2.56964
vt 0.00000 0.87091
vt 0.02070 0.87091
vt 0.00000 1.42873
vt 0.02070 0.87091
vt 0.02070 1.42873
vt 0.00000 1.42873
vt 0.02070 0.87091
vt 0.04140 0.87091
vt 0.02070 1.42873
vt 0.04140 0.87091
vt 0.04140 1.42873
vt 0.02070 1.42873
vt 0.04140 0.87091
vt 0.06211 0.87091
vt 0.04140 1.42873
vt 0.06211 0.87091
vt 0.06211 1.42873
vt 0.04140 1.42873
vt 0.06211 0.87091
vt 0.08281 0.87091
vt 0.06211 1.42873
vt 0.08281 0.87091
vt 0.08281 1.42873
vt 0.06211 1.42873
vt 0.00000 0.00000
vt 0.03693 0.00000
vt 0.00000 0.19951
vt 0.03693 0.00000
vt 0.03693 0.19951
vt 0.00000 0.19951
vt 0.03693 0.00000
vt 0.07386 0.00000
vt 0.03693 0.19951
vt 0.07386 0.00000
vt 0.07386 0.19951
vt 0.03693 0.19951
vt 0.07386 0.00000
vt 0.11079 0.00000
vt 0.07386 0.19951
vt 0.11079 0.00000
vt 0.11079 0.19951
vt 0.07386 0.19951
vt 0.11079 0.00000
vt 0.14772 0.00000
vt 0.11079 0.19951
vt 0.14772 0.00000
vt 0.14772 0.19951
vt 0.11079 0.19951
vt 0.00000 0.00000
vt 0.07850 0.00000
vt 0.00000 0.64657
vt 0.07850 0.00000
vt 0.07850 0.64657
vt 0.00000 0.64657
vt 0.07850 0.00000
vt 0.15700 0.00000
vt 0.07850 0.64657
vt 0.15700 0.00000
vt 0.15700 0.64657
vt 0.07850 0.64657
vt 0.15700 0.00000
vt 0.23551 0.00000
vt 0.15700 0.64657
vt 0.23551 0.00000
vt 0.23551 0.64657
vt 0.15700 0.64657
vt 0.23551 0.00000
vt 0.31401 0.00000
vt 0.23551 0.64657
vt 0.31401 0.00000
vt 0.31401 0.64657
vt 0.23551 0.64657
vt 0.00000 0.64657
vt 0.07850 0.64657
vt 0.00000 1.07882
vt 0.07850 0.64657
vt 0.07850 1.07882
vt 0.00000 1.07882
vt 0.07850 0.64657
vt 0.15700 0.64657
vt 0.07850 1.07882
vt 0.15700 0.64657
vt 0.15700 1.07882
vt 0.07850 1.07882
vt 0.15700 0.64657
vt 0.23551 0.64657
vt 0.15700 1.07882
vt 0.23551 0.64657
vt 0.23551 1.07882
vt 0.15700 1.07882
vt 0.23551 0.64657
vt 0.31401 0.64657
vt 0.23551 1.07882
vt 0.31401 0.64657
vt 0.31401 1.07882
vt 0.23551 1.07882
vt 0.00000 0.00000
vt 0.04377 0.00000
vt 0.00000 0.41616
vt 0.04377 0.00000
vt 0.04377 0.41616
vt 0.00000 0.41616
vt 0.04377 0.00000
vt 0.08754 0.00000
vt 0.04377 0.41616
vt 0.08754 0.00000
vt 0.08754 0.41616
vt 0.04377 0.41616
vt 0.08754 0.00000
vt 0.13131 0.00000
vt 0.08754 0.41616
vt 0.13131 0.00000
vt 0.13131 0.41616
vt 0.08754 0.41616
vt 0.13131 0.00000
vt 0.17508 0.00000
vt 0.13131 0.41616
vt 0.17508 0.00000
vt 0.17508 0.41616
vt 0.13131 0.41616
vt 0.00000 1.07882
vt 0.07850 1.07882
vt 0.00000 1.53755
vt 0.07850 1.07882
vt 0.07850 1.53755
vt 0.00000 1.53755
vt 0.07850 1.07882
vt 0.15700 1.07882
vt 0.07850 1.53755
vt 0.15700 1.07882
vt 0.15700 1.53755
vt 0.07850 1.53755
vt 0.15700 1.07882
vt 0.23551 1.07882
vt 0.15700 1.53755
vt 0.23551 1.07882
vt 0.23551 1.53755
vt 0.15700 1.53755
vt 0.23551 1.07882
vt 0.31401 1.07882
vt 0.23551 1.53755
vt 0.31401 1.07882
vt 0.31401 1.53755
vt 0.23551 1.53755
vt 0.00000 1.53755
vt 0.07850 1.53755
vt 0.00000 1.99580
vt 0.07850 1.53755
vt 0.07850 1.99580
vt 0.00000 1.99580
vt 0.07850 1.53755
vt 0.15700 1.53755
vt 0.07850 1.99580
vt 0.15700 1.53755
vt 0.15700 1.99580
vt 0.07850 1.99580
vt 0.15700 1.53755
vt 0.23551 1.53755
vt 0.15700 1.99580
vt 0.23551 1.53755
vt 0.23551 1.99580
vt 0.15700 1.99580
vt 0.23551 1.53755
vt 0.31401 1.53755
vt 0.23551 1.99580
vt 0.31401 1.53755
vt 0.31401 1.99580
vt 0.23551 1.99580
vt 0.00000 0.00000
vt 0.04377 0.00000
vt 0.00000 0.52858
vt 0.04377 0.00000
vt 0.04377 0.52858
vt 0.00000 0.52858
vt 0.04377 0.00000
vt 0.08754 0.00000
vt 0.04377 0.52858
vt 0.08754 0.00000
vt 0.08754 0.52858
vt 0.04377 0.52858
vt 0.08754 0.00000
vt 0.13131 0.00000
vt 0.08754 0.52858
vt 0.13131 0.00000
vt 0.13131 0.52858
vt 0.08754 0.52858
vt 0.13131 0.00000
vt 0.17508 0.00000
vt 0.13131 0.52858
vt 0.17508 0.00000
vt 0.17508 0.52858
vt 0.13131 0.52858
vt 0.00000 0.52858
vt 0.04377 0.52858
vt 0.00000 1.06225
vt 0.04377 0.52858
vt 0.04377 1.06225
vt 0.00000 1.06225
vt 0.04377 0.52858
vt 0.08754 0.52858
vt 0.04377 1.06225
vt 0.08754 0.52858
vt 0.08754 1.06225
vt 0.04377 1.06225
vt 0.08754 0.52858
vt 0.13131 0.52858
vt 0.08754 1.06225
vt 0.13131 0.52858
vt 0.13131 1.06225
vt 0.08754 1.06225
vt 0.13131 0.52858
vt 0.17508 0.52858
vt 0.13131 1.06225
vt 0.17508 0.52858
vt 0.17508 1.06225
vt 0.13131 1.06225
vt 0.00000 0.00000
vt 0.05041 0.00000
vt 0.00000 0.46269
vt 0.05041 0.00000
vt 0.05041 0.46269
vt 0.00000 0.46269
vt 0.05041 0.00000
vt 0.10081 0.00000
vt 0.05041 0.46269
vt 0.10081 0.00000
vt 0.10081 0.46269
vt 0.05041 0.46269
vt 0.10081 0.00000
vt 0.15122 0.00000
vt 0.10081 0.46269
vt 0.15122 0.00000
vt 0.15122 0.46269
vt 0.10081 0.46269
vt 0.15122 0.00000
vt 0.20162 0.00000
vt 0.15122 0.46269
vt 0.20162 0.00000
vt 0.20162 0.46269
vt 0.15122 0.46269
vt 0.00000 0.46269
vt 0.05041 0.46269
vt 0.00000 0.90387
vt 0.05041 0.46269
vt 0.05041 0.90387
vt 0.00000 0.90387
vt 0.05041 0.46269
vt 0.10081 0.46269
vt 0.05041 0.90387
vt 0.10081 0.46269
vt 0.10081 0.90387
vt 0.05041 0.90387
vt 0.10081 0.46269
vt 0.15122 0.46269
vt 0.10081 0.90387
vt 0.15122 0.46269
vt 0.15122 0.90387
vt 0.10081 0.90387
vt 0.15122 0.46269
vt 0.20162 0.46269
vt 0.15122 0.90387
vt 0.20162 0.46269
vt 0.20162 0.90387
vt 0.15122 0.90387
vt 0.00000 0.90387
vt 0.05041 0.90387
vt 0.00000 1.36156
vt 0.05041 0.90387
vt 0.05041 1.36156
vt 0.00000 1.36156
vt 0.05041 0.90387
vt 0.10081 0.90387
vt 0.05041 1.36156
vt 0.10081 0.90387
vt 0.10081 1.36156
vt 0.05041 1.36156
vt 0.10081 0.90387
vt 0.15122 0.90387
vt 0.10081 1.36156
vt 0.15122 0.90387
vt 0.15122 1.36156
vt 0.10081 1.36156
vt 0.15122 0.90387
vt 0.20162 0.90387
vt 0.15122 1.36156
vt 0.20162 0.90387
vt 0.20162 1.36156
vt 0.15122 1.36156
vt 0.00000 0.00000
vt 0.05303 0.00000
vt 0.00000 0.51178
vt 0.05303 0.00000
vt 0.05303 0.51178
vt 0.00000 0.51178
vt 0.05303 0.00000
vt 0.10605 0.00000
vt 0.05303 0.51178
vt 0.10605 0.00000
vt 0.10605 0.51178
vt 0.05303 0.51178
vt 0.10605 0.00000
vt 0.15908 0.00000
vt 0.10605 0.51178
vt 0.15908 0.00000
vt 0.15908 0.51178
vt 0.10605 0.51178
vt 0.15908 0.00000
vt 0.21211 0.00000
vt 0.15908 0.51178
vt 0.21211 0.00000
vt 0.21211 0.51178
vt 0.15908 0.51178
vt 0.00000 0.51178
vt 0.05303 0.51178
vt 0.00000 1.01325
vt 0.05303 0.51178
vt 0.05303 1.01325
vt 0.00000 1.01325
vt 0.05303 0.51178
vt 0.10605 0.51178
vt 0.05303 1.01325
vt 0.10605 0.51178
vt 0.10605 1.01325
vt 0.05303 1.01325
vt 0.10605 0.51178
vt 0.15908 0.51178
vt 0.10605 1.01325
vt 0.15908 0.51178
vt 0.15908 1.01325
vt 0.10605 1.01325
vt 0.15908 0.51178
vt 0.21211 0.51178
vt 0.15908 1.01325
vt 0.21211 0.51178
vt 0.21211 1.01325
vt 0.15908 1.01325
vt 0.00000 1.01325
vt 0.05303 1.01325
vt 0.00000 1.52588
vt 0.05303 1.01325
vt 0.05303 1.52588
vt 0.00000 1.52588
vt 0.05303 1.01325
vt 0.10605 1.01325
vt 0.05303 1.52588
vt 0.10605 1.01325
vt 0.10605 1.52588
vt 0.05303 1.52588
vt 0.10605 1.01325
vt 0.15908 1.01325
vt 0.10605 1.52588
vt 0.15908 1.01325
vt 0.15908 1.52588
vt 0.10605 1.52588
vt 0.15908 1.01325
vt 0.21211 1.01325
vt 0.15908 1.52588
vt 0.21211 1.01325
vt 0.21211 1.52588
vt 0.15908 1.52588
vt 0.00000 0.00000
vt 0.03693 0.00000
vt 0.00000 0.55107
vt 0.03693 0.00000
vt 0.03693 0.55107
vt 0.00000 0.55107
vt 0.03693 0.00000
vt 0.07386 0.00000
vt 0.03693 0.55107
vt 0.07386 0.00000
vt 0.07386 0.55107
vt 0.03693 0.55107
vt 0.07386 0.00000
vt 0.11079 0.00000
vt 0.07386 0.55107
vt 0.11079 0.00000
vt 0.11079 0.55107
vt 0.07386 0.55107
vt 0.11079 0.00000
vt 0.14772 0.00000
vt 0.11079 0.55107
vt 0.14772 0.00000
vt 0.14772 0.55107
vt 0.11079 0.55107
vt 0.00000 0.55107
vt 0.03693 0.55107
vt 0.00000 1.10592
vt 0.03693 0.55107
vt 0.03693 1.10592
vt 0.00000 1.10592
vt 0.03693 0.55107
vt 0.07386 0.55107
vt 0.03693 1.10592
vt 0.07386 0.55107
vt 0.07386 1.10592
vt 0.03693 1.10592
vt 0.07386 0.55107
vt 0.11079 0.55107
vt 0.07386 1.10592
vt 0.11079 0.55107
vt 0.11079 1.10592
vt 0.07386 1.10592
vt 0.11079 0.55107
vt 0.14772 0.55107
vt 0.11079 1.10592
vt 0.14772 0.55107
vt 0.14772 1.10592
vt 0.11079 1.10592
vt 0.00000 0.00000
vt 0.04573 0.00000
vt 0.00000 0.45198
vt 0.04573 0.00000
vt 0.04573 0.45198
vt 0.00000 0.45198
vt 0.04573 0.00000
vt 0.09145 0.00000
vt 0.04573 0.45198
vt 0.09145 0.00000
vt 0.09145 0.45198
vt 0.04573 0.45198
vt 0.09145 0.00000
vt 0.13718 0.00000
vt 0.09145 0.45198
vt 0.13718 0.00000
vt 0.13718 0.45198
vt 0.09145 0.45198
vt 0.13718 0.00000
vt 0.18290 0.00000
vt 0.13718 0.45198
vt 0.18290 0.00000
vt 0.18290 0.45198
vt 0.13718 0.45198
vt 0.00000 0.45198
vt 0.04573 0.45198
vt 0.00000 0.90487
vt 0.04573 0.45198
vt 0.04573 0.90487
vt 0.00000 0.90487
vt 0.04573 0.45198
vt 0.09145 0.45198
vt 0.04573 0.90487
vt 0.09145 0.45198
vt 0.09145 0.90487
vt 0.04573 0.90487
vt 0.09145 0.45198
vt 0.13718 0.45198
vt 0.09145 0.90487
vt 0.13718 0.45198
vt 0.13718 0.90487
vt 0.09145 0.90487
vt 0.13718 0.45198
vt 0.18290 0.45198
vt 0.13718 0.90487
vt 0.18290 0.45198
vt 0.18290 0.90487
vt 0.13718 0.90487
vt 0.00000 0.90487
vt 0.04573 0.90487
vt 0.00000 1.37007
vt 0.04573 0.90487
vt 0.04573 1.37007
vt 0.00000 1.37007
vt 0.04573 0.90487
vt 0.09145 0.90487
vt 0.04573 1.37007
vt 0.09145 0.90487
vt 0.09145 1.37007
vt 0.04573 1.37007
vt 0.09145 0.90487
vt 0.13718 0.90487
vt 0.09145 1.37007
vt 0.13718 0.90487
vt 0.13718 1.37007
vt 0.09145 1.37007
vt 0.13718 0.90487
vt 0.18290 0.90487
vt 0.13718 1.37007
vt 0.18290 0.90487
vt 0.18290 1.37007
vt 0.13718 1.37007
vt 0.00000 0.00000
vt 0.03941 0.00000
vt 0.00000 0.46305
vt 0.03941 0.00000
vt 0.03941 0.46305
vt 0.00000 0.46305
vt 0.03941 0.00000
vt 0.07882 0.00000
vt 0.03941 0.46305
vt 0.07882 0.00000
vt 0.07882 0.46305
vt 0.03941 0.46305
vt 0.07882 0.00000
vt 0.11823 0.00000
vt 0.07882 0.46305
vt 0.11823 0.00000
vt 0.11823 0.46305
vt 0.07882 0.46305
vt 0.11823 0.00000
vt 0.15764 0.00000
vt 0.11823 0.46305
vt 0.15764 0.00000
vt 0.15764 0.46305
vt 0.11823 0.46305
vn 0.1419 0.1185 -0.9828
vn -0.6633 -0.3739 -0.6483
vn -0.8040 -0.4907 0.3359
vn -0.1427 -0.1179 0.9827
vn 0.6615 0.3728 0.6508
vn 0.8044 0.4918 -0.3332
vn 0.0227 -0.0613 -0.9979
vn -0.7521 -0.4401 -0.4906
vn -0.7749 -0.3791 0.5059
vn -0.0244 0.0606 0.9979
vn 0.7496 0.4393 0.4951
vn 0.7765 0.3798 -0.5028
vn -0.0758 -0.1715 -0.9823
vn -0.8246 -0.4282 -0.3697
vn -0.7549 -0.2496 0.6065
vn 0.0573 0.1854 0.9810
vn 0.8130 0.4446 0.3761
vn 0.7467 0.2651 -0.6100
vn 0.3860 0.0116 -0.9224
vn -0.7716 0.5529 -0.3145
vn -0.3839 -0.0129 0.9233
vn 0.7712 -0.5528 0.3156
vn 0.1047 0.1480 -0.9834
vn -0.8702 0.4925 -0.0164
vn -0.1025 -0.1493 0.9835
vn 0.8701 -0.4926 0.0169
vn 0.1096 0.2059 -0.9724
vn -0.8769 0.4807 -0.0018
vn -0.0993 -0.1865 0.9774
vn 0.8876 -0.4606 0.0027
vn 0.1037 0.3231 -0.9407
vn -0.8456 0.5257 0.0926
vn -0.0948 -0.2954 0.9507
vn 0.8620 -0.4994 -0.0872
vn 0.0947 0.3142 -0.9446
vn -0.6955 0.7032 0.1475
vn -0.0893 -0.2973 0.9506
vn 0.7063 -0.6937 -0.1412
vn -0.1003 0.5178 -0.8496
vn -0.4988 0.7152 0.4895
vn 0.1099 -0.5051 0.8560
vn 0.5109 -0.7075 -0.4882
vn -0.1531 -0.3432 -0.9267
vn -0.5617 0.8018 -0.2042
vn 0.1531 0.3432 0.9267
vn 0.5617 -0.8018 0.2042
vn -0.4595 0.2065 -0.8638
vn -0.3575 0.8474 0.3927
vn 0.4595 -0.2065 0.8638
vn 0.3575 -0.8474 -0.3927
vn 0.4090 -0.2750 -0.8701
vn -0.6966 -0.4354 -0.5703
vn -0.8954 -0.0367 0.4437
vn -0.4187 0.3129 0.8525
vn 0.6786 0.4704 0.5641
vn 0.8875 0.0766 -0.4543
vn -0.1321 0.1969 -0.9715
vn -0.1278 -0.9753 -0.1803
vn 0.1321 -0.1969 0.9715
vn 0.1278 0.9753 0.1803
vn -0.1823 -0.4276 -0.8854
vn -0.0230 -0.8984 0.4387
vn 0.1823 0.4276 0.8854
vn 0.0230 0.8984 -0.4387
vn 0.1583 -0.5089 -0.8462
vn -0.9546 -0.2784 0.1061
vn -0.1790 0.5558 0.8118
vn 0.9331 0.3366 -0.1268
vn -0.3277 0.3618 -0.8728
vn -0.6194 -0.7798 -0.0907
vn 0.3277 -0.3618 0.8728
vn 0.6194 0.7798 0.0907
vn -0.6338 -0.1785 -0.7526
vn -0.2989 -0.8409 0.4511
vn 0.6338 0.1785 0.7526
vn 0.2989 0.8409 -0.4511
vn 0.6924 -0.1392 -0.7079
vn -0.9649 -0.1641 -0.2050
vn 0.2734 0.3035 0.9128
vn 0.1064 -0.2910 -0.9508
vn -0.8005 -0.0095 0.5993
vn 0.7864 0.2502 0.5647
vn 0.1422 0.2723 -0.9516
vn -0.8249 -0.4715 -0.3119
vn -0.1438 -0.2385 0.9604
vn 0.8769 0.4348 0.2051
vn 0.2667 -0.8286 -0.4922
vn -0.9049 -0.3875 0.1759
vn -0.2805 0.8495 0.4468
vn 0.8790 0.4263 -0.2135
vn 0.1238 -0.9210 -0.3694
vn -0.9570 -0.2084 0.2018
vn -0.1259 0.9204 0.3701
vn 0.9569 0.2094 -0.2013
vn -0.3993 0.0830 -0.9130
vn -0.6172 -0.7481 0.2436
vn 0.3898 -0.0483 0.9196
vn 0.5972 0.7664 -0.2365
vn -0.0782 -0.6055 -0.7920
vn -0.8477 0.4585 -0.2668
vn 0.0782 0.6055 0.7920
vn 0.8477 -0.4585 0.2668
vn -0.5712 -0.2093 -0.7937
vn -0.6312 0.7301 0.2617
vn 0.5712 0.2093 0.7937
vn 0.6312 -0.7301 -0.2617
vn 0.3707 0.1505 -0.9165
vn -0.8986 0.3150 -0.3055
vn -0.3650 -0.1518 0.9186
vn 0.9006 -0.3127 0.3019
vn -0.0287 0.2912 -0.9562
vn -0.9928 0.1036 0.0593
vn 0.0339 -0.2741 0.9611
vn 0.9947 -0.0860 -0.0571
vn -0.0077 0.3010 -0.9536
vn -0.9796 0.1861 0.0756
vn 0.0102 -0.2516 0.9678
vn 0.9884 -0.1359 -0.0676
vn -0.0017 -0.2749 -0.9615
vn -0.7066 0.6807 -0.1934
vn 0.0017 0.2749 0.9615
vn 0.7066 -0.6807 0.1934
vn -0.4253 0.1885 -0.8852
vn -0.5642 0.7095 0.4222
vn 0.4253 -0.1885 0.8852
vn 0.5642 -0.7095 -0.4222
vn 0.0711 0.5644 -0.8224
vn -0.9528 0.2890 0.0932
vn -0.0669 -0.5421 0.8376
vn 0.9614 -0.2619 -0.0843
vn -0.1873 0.5661 -0.8028
vn -0.9641 0.0493 0.2609
vn 0.1908 -0.5619 0.8049
vn 0.9654 -0.0462 -0.2566
vn 0.2281 -0.0577 -0.9719
vn -0.8734 0.4223 -0.2424
vn -0.2310 0.0606 0.9711
vn 0.8748 -0.4220 0.2380
vn 0.0219 0.2673 -0.9634
vn -0.8791 0.4651 0.1043
vn -0.0196 -0.2638 0.9644
vn 0.8812 -0.4598 -0.1097
vn -0.1880 0.5393 -0.8208
vn -0.8990 0.2331 0.3708
vn 0.1949 -0.5350 0.8221
vn 0.9010 -0.2248 -0.3710
vn 0.1578 0.6387 -0.7531
vn -0.9677 -0.0492 -0.2472
vn -0.1588 -0.6377 0.7537
vn 0.9689 0.0545 0.2415
vn -0.2467 0.7054 -0.6645
vn -0.9450 -0.3269 -0.0073
vn 0.2503 -0.6943 0.6748
vn 0.9401 0.3409 0.0103
vn -0.3958 0.8222 -0.4091
vn -0.8549 -0.4893 -0.1724
vn 0.3964 -0.8128 0.4270
vn 0.8443 0.5035 0.1834
vn -0.6652 0.6404 -0.3839
vn -0.5968 -0.7703 -0.2246
vn 0.6642 -0.6340 0.3961
vn 0.5909 0.7720 0.2342
vn -0.1916 -0.6536 -0.7322
vn -0.8166 0.5205 -0.2495
vn 0.1943 0.6521 0.7328
vn 0.8168 -0.5205 0.2490
vn -0.4916 -0.4306 -0.7569
vn -0.7209 0.6880 0.0832
vn 0.5007 0.4412 0.7447
vn 0.7316 -0.6756 -0.0912
vn -0.6476 -0.5778 -0.4968
vn -0.7150 0.6911 0.1060
vn 0.6512 0.5884 0.4794
vn 0.7281 -0.6752 -0.1183
vn -0.8555 -0.4099 -0.3164
vn -0.4226 0.9063 0.0065
vn 0.8533 0.4165 0.3136
vn 0.4254 -0.9050 -0.0083
vn -0.0520 -0.5018 -0.8634
vn -0.7075 0.6280 -0.3242
vn 0.0542 0.5003 0.8641
vn 0.7078 -0.6270 0.3254
vn -0.3488 -0.3492 -0.8697
vn -0.7028 0.7114 0.0008
vn 0.3494 0.3485 0.8697
vn 0.7040 -0.7102 0.0023
vn -0.6304 -0.1777 -0.7556
vn -0.5225 0.8159 0.2476
vn 0.6293 0.1787 0.7564
vn 0.5240 -0.8156 -0.2455
vn 0.3622 -0.7993 -0.4794
vn -0.9308 -0.3292 -0.1590
vn -0.3634 0.7990 0.4791
vn 0.9315 0.3276 0.1580
vn 0.0369 -0.8249 -0.5641
vn -0.9989 -0.0463 0.0009
vn -0.0375 0.8269 0.5611
vn 0.9988 0.0478 -0.0043
vn 0.0159 -0.8551 -0.5182
vn -0.9990 -0.0355 0.0254
vn -0.0178 0.8613 0.5077
vn 0.9984 0.0440 -0.0345
vn -0.3028 -0.8479 -0.4351
vn -0.9510 0.2965 0.0874
vn 0.2996 0.8559 0.4215
vn 0.9521 -0.2886 -0.1007
vn 0.2311 -0.5470 -0.8046
vn -0.9615 -0.0020 -0.2748
vn -0.2311 0.5470 0.8046
vn 0.9615 0.0020 0.2748
vn -0.3920 -0.4388 -0.8086
vn -0.9079 0.3266 0.2629
vn 0.3920 0.4388 0.8086
vn 0.9079 -0.3266 -0.2629
usemtl bark
s off
f 75/415/75 76/416/76 81/417/81
f 76/418/76 82/419/82 81/420/81
f 76/421/76 77/422/77 82/423/82
f 77/424/77 83/425/83 82/426/82
f 77/427/77 78/428/78 83/429/83
f 78/430/78 84/431/84 83/432/83
f 78/433/78 79/434/79 84/435/84
f 79/436/79 85/437/85 84/438/84
f 79/439/79 80/440/80 85/441/85
f 80/442/80 86/443/86 85/444/85
f 80/445/80 75/446/75 86/447/86
f 75/448/75 81/449/81 86/450/86
f 81/451/81 82/452/82 87/453/87
f 82/454/82 88/455/88 87/456/87
f 82/457/82 83/458/83 88/459/88
f 83/460/83 89/461/89 88/462/88
f 83/463/83 84/464/84 89/465/89
f 84/466/84 90/467/90 89/468/89
f 84/469/84 85/470/85 90/471/90
f 85/472/85 91/473/91 90/474/90
f 85/475/85 86/476/86 91/477/91
f 86/478/86 92/479/92 91/480/91
f 86/481/86 81/482/81 92/483/92
f 81/484/81 87/485/87 92/486/92
f 93/487/93 94/488/94 97/489/97
f 94/490/94 98/491/98 97/492/97
f 94/493/94 95/494/95 98/495/98
f 95/496/95 99/497/99 98/498/98
f 95/499/95 96/500/96 99/501/99
f 96/502/96 100/503/100 99/504/99
f 96/505/96 93/506/93 100/507/100
f 93/508/93 97/509/97 100/510/100
f 97/511/97 98/512/98 101/513/101
f 98/514/98 102/515/102 101/516/101
f 98/517/98 99/518/99 102/519/102
f 99/520/99 103/521/103 102/522/102
f 99/523/99 100/524/100 103/525/103
f 100/526/100 104/527/104 103/528/103
f 100/529/100 97/530/97 104/531/104
f 97/532/97 101/533/101 104/534/104
f 101/535/101 102/536/102 105/537/105
f 102/538/102 106/539/106 105/540/105
f 102/541/102 103/542/103 106/543/106
f 103/544/103 107/545/107 106/546/106
f 103/547/103 104/548/104 107/549/107
f 104/550/104 108/551/108 107/552/107
f 104/553/104 101/554/101 108/555/108
f 101/556/101 105/557/105 108/558/108
f 105/559/105 106/560/106 109/561/109
f 106/562/106 110/563/110 109/564/109
f 106/565/106 107/566/107 110/567/110
f 107/568/107 111/569/111 110/570/110
f 107/571/107 108/572/108 111/573/111
f 108/574/108 112/575/112 111/576/111
f 108/577/108 105/578/105 112/579/112
f 105/580/105 109/581/109 112/582/112
f 109/583/109 110/584/110 113/585/113
f 110/586/110 114/587/114 113/588/113
f 110/589/110 111/590/111 114/591/114
f 111/592/111 115/593/115 114/594/114
f 111/595/111 112/596/112 115/597/115
f 112/598/112 116/599/116 115/600/115
f 112/601/112 109/602/109 116/603/116
f 109/604/109 113/605/113 116/606/116
f 117/607/117 118/608/118 121/609/121
f 118/610/118 122/611/122 121/612/121
f 118/613/118 119/614/119 122/615/122
f 119/616/119 123/617/123 122/618/122
f 119/619/119 120/620/120 123/621/123
f 120/622/120 124/623/124 123/624/123
f 120/625/120 117/626/117 124/627/124
f 117/628/117 121/629/121 124/630/124
f 87/631/87 88/632/88 125/633/125
f 88/634/88 126/635/126 125/636/125
f 88/637/88 89/638/89 126/639/126
f 89/640/89 127/641/127 126/642/126
f 89/643/89 90/644/90 127/645/127
f 90/646/90 128/647/128 127/648/127
f 90/649/90 91/650/91 128/651/128
f 91/652/91 129/653/129 128/654/128
f 91/655/91 92/656/92 129/657/129
f 92/658/92 130/659/130 129/660/129
f 92/661/92 87/662/87 130/663/130
f 87/664/87 125/665/125 130/666/130
f 131/667/131 132/668/132 135/669/135
f 132/670/132 136/671/136 135/672/135
f 132/673/132 133/674/133 136/675/136
f 133/676/133 137/677/137 136/678/136
f 133/679/133 134/680/134 137/681/137
f 134/682/134 138/683/138 137/684/137
f 134/685/134 131/686/131 138/687/138
f 131/688/131 135/689/135 138/690/138
f 125/691/125 126/692/126 139/693/139
f 126/694/126 140/695/140 139/696/139
f 126/697/126 127/698/127 140/699/140
f 127/700/127 128/701/128 140/702/140
f 128/703/128 141/704/141 140/705/140
f 128/706/128 129/707/129 141/708/141
f 129/709/129 142/710/142 141/711/141
f 129/712/129 130/713/130 142/714/142
f 130/715/130 125/716/125 142/717/142
f 125/718/125 139/719/139 142/720/142
f 143/721/143 144/722/144 147/723/147
f 144/724/144 148/725/148 147/726/147
f 144/727/144 145/728/145 148/729/148
f 145/730/145 149/731/149 148/732/148
f 145/733/145 146/734/146 149/735/149
f 146/736/146 150/737/150 149/738/149
f 146/739/146 143/740/143 150/741/150
f 143/742/143 147/743/147 150/744/150
f 151/745/151 152/746/152 154/747/154
f 152/748/152 155/749/155 154/750/154
f 152/751/152 153/752/153 155/753/155
f 153/754/153 156/755/156 155/756/155
f 153/757/153 151/758/151 156/759/156
f 151/760/151 154/761/154 156/762/156
f 154/763/154 158/764/158 157/765/157
f 154/766/154 155/767/155 158/768/158
f 155/769/155 159/770/159 158/771/158
f 155/772/155 156/773/156 159/774/159
f 156/775/156 160/776/160 159/777/159
f 156/778/156 154/779/154 160/780/160
f 154/781/154 157/782/157 160/783/160
f 139/784/139 140/785/140 161/786/161
f 140/787/140 162/788/162 161/789/161
f 140/790/140 141/791/141 162/792/162
f 141/793/141 163/794/163 162/795/162
f 141/796/141 142/797/142 163/798/163
f 142/799/142 164/800/164 163/801/163
f 142/802/142 139/803/139 164/804/164
f 139/805/139 161/806/161 164/807/164
f 161/808/161 162/809/162 165/810/165
f 162/811/162 166/812/166 165/813/165
f 162/814/162 163/815/163 166/816/166
f 163/817/163 167/818/167 166/819/166
f 163/820/163 164/821/164 167/822/167
f 164/823/164 168/824/168 167/825/167
f 164/826/164 161/827/161 168/828/168
f 161/829/161 165/830/165 168/831/168
f 157/832/157 158/833/158 169/834/169
f 158/835/158 170/836/170 169/837/169
f 158/838/158 159/839/159 170/840/170
f 159/841/159 171/842/171 170/843/170
f 159/844/159 160/845/160 171/846/171
f 160/847/160 172/848/172 171/849/171
f 160/850/160 157/851/157 172/852/172
f 157/853/157 169/854/169 172/855/172
f 173/856/173 174/857/174 177/858/177
f 174/859/174 178/860/178 177/861/177
f 174/862/174 175/863/175 178/864/178
f 175/865/175 179/866/179 178/867/178
f 175/868/175 176/869/176 179/870/179
f 176/871/176 180/872/180 179/873/179
f 176/874/176 173/875/173 180/876/180
f 173/877/173 177/878/177 180/879/180
f 181/880/181 182/881/182 185/882/185
f 182/883/182 186/884/186 185/885/185
f 182/886/182 183/887/183 186/888/186
f 183/889/183 187/890/187 186/891/186
f 183/892/183 184/893/184 187/894/187
f 184/895/184 188/896/188 187/897/187
f 184/898/184 181/899/181 188/900/188
f 181/901/181 185/902/185 188/903/188
f 185/904/185 186/905/186 189/906/189
f 186/907/186 190/908/190 189/909/189
f 186/910/186 187/911/187 190/912/190
f 187/913/187 191/914/191 190/915/190
f 187/916/187 188/917/188 191/918/191
f 188/919/188 192/920/192 191/921/191
f 188/922/188 185/923/185 192/924/192
f 185/925/185 189/926/189 192/927/192
f 193/928/193 194/929/194 197/930/197
f 194/931/194 198/932/198 197/933/197
f 194/934/194 195/935/195 198/936/198
f 195/937/195 199/938/199 198/939/198
f 195/940/195 196/941/196 199/942/199
f 196/943/196 200/944/200 199/945/199
f 196/946/196 193/947/193 200/948/200
f 193/949/193 197/950/197 200/951/200
f 189/952/189 190/953/190 201/954/201
f 190/955/190 202/956/202 201/957/201
f 190/958/190 191/959/191 202/960/202
f 191/961/191 203/962/203 202/963/202
f 191/964/191 192/965/192 203/966/203
f 192/967/192 204/968/204 203/969/203
f 192/970/192 189/971/189 204/972/204
f 189/973/189 201/974/201 204/975/204
f 201/976/201 202/977/202 205/978/205
f 202/979/202 206/980/206 205/981/205
f 202/982/202 203/983/203 206/984/206
f 203/985/203 207/986/207 206/987/206
f 203/988/203 204/989/204 207/990/207
f 204/991/204 208/992/208 207/993/207
f 204/994/204 201/995/201 208/996/208
f 201/997/201 205/998/205 208/999/208
f 209/1000/209 210/1001/210 213/1002/213
f 210/1003/210 214/1004/214 213/1005/213
f 210/1006/210 211/1007/211 214/1008/214
f 211/1009/211 215/1010/215 214/1011/214
f 211/1012/211 212/1013/212 215/1014/215
f 212/1015/212 216/1016/216 215/1017/215
f 212/1018/212 209/1019/209 216/1020/216
f 209/1021/209 213/1022/213 216/1023/216
f 213/1024/213 214/1025/214 217/1026/217
f 214/1027/214 218/1028/218 217/1029/217
f 214/1030/214 215/1031/215 218/1032/218
f 215/1033/215 219/1034/219 218/1035/218
f 215/1036/215 216/1037/216 219/1038/219
f 216/1039/216 220/1040/220 219/1041/219
f 216/1042/216 213/1043/213 220/1044/220
f 213/1045/213 217/1046/217 220/1047/220
f 221/1048/221 222/1049/222 225/1050/225
f 222/1051/222 226/1052/226 225/1053/225
f 222/1054/222 223/1055/223 226/1056/226
f 223/1057/223 227/1058/227 226/1059/226
f 223/1060/223 224/1061/224 227/1062/227
f 224/1063/224 228/1064/228 227/1065/227
f 224/1066/224 221/1067/221 228/1068/228
f 221/1069/221 225/1070/225 228/1071/228
f 225/1072/225 226/1073/226 229/1074/229
f 226/1075/226 230/1076/230 229/1077/229
f 226/1078/226 227/1079/227 230/1080/230
f 227/1081/227 231/1082/231 230/1083/230
f 227/1084/227 228/1085/228 231/1086/231
f 228/1087/228 232/1088/232 231/1089/231
f 228/1090/228 225/1091/225 232/1092/232
f 225/1093/225 229/1094/229 232/1095/232
f 229/1096/229 230/1097/230 233/1098/233
f 230/1099/230 234/1100/234 233/1101/233
f 230/1102/230 231/1103/231 234/1104/234
f 231/1105/231 235/1106/235 234/1107/234
f 231/1108/231 232/1109/232 235/1110/235
f 232/1111/232 236/1112/236 235/1113/235
f 232/1114/232 229/1115/229 236/1116/236
f 229/1117/229 233/1118/233 236/1119/236
f 237/1120/237 238/1121/238 241/1122/241
f 238/1123/238 242/1124/242 241/1125/241
f 238/1126/238 239/1127/239 242/1128/242
f 239/1129/239 243/1130/243 242/1131/242
f 239/1132/239 240/1133/240 243/1134/243
f 240/1135/240 244/1136/244 243/1137/243
f 240/1138/240 237/1139/237 244/1140/244
f 237/1141/237 241/1142/241 244/1143/244
f 241/1144/241 242/1145/242 245/1146/245
f 242/1147/242 246/1148/246 245/1149/245
f 242/1150/242 243/1151/243 246/1152/246
f 243/1153/243 247/1154/247 246/1155/246
f 243/1156/243 244/1157/244 247/1158/247
f 244/1159/244 248/1160/248 247/1161/247
f 244/1162/244 241/1163/241 248/1164/248
f 241/1165/241 245/1166/245 248/1167/248
f 245/1168/245 246/1169/246 249/1170/249
f 246/1171/246 250/1172/250 249/1173/249
f 246/1174/246 247/1175/247 250/1176/250
f 247/1177/247 251/1178/251 250/1179/250
f 247/1180/247 248/1181/248 251/1182/251
f 248/1183/248 252/1184/252 251/1185/251
f 248/1186/248 245/1187/245 252/1188/252
f 245/1189/245 249/1190/249 252/1191/252
f 253/1192/253 254/1193/254 257/1194/257
f 254/1195/254 258/1196/258 257/1197/257
f 254/1198/254 255/1199/255 258/1200/258
f 255/1201/255 259/1202/259 258/1203/258
f 255/1204/255 256/1205/256 259/1206/259
f 256/1207/256 260/1208/260 259/1209/259
f 256/1210/256 253/1211/253 260/1212/260
f 253/1213/253 257/1214/257 260/1215/260
f 257/1216/257 258/1217/258 261/1218/261
f 258/1219/258 262/1220/262 261/1221/261
f 258/1222/258 259/1223/259 262/1224/262
f 259/1225/259 263/1226/263 262/1227/262
f 259/1228/259 260/1229/260 263/1230/263
f 260/1231/260 264/1232/264 263/1233/263
f 260/1234/260 257/1235/257 264/1236/264
f 257/1237/257 261/1238/261 264/1239/264
f 265/1240/265 266/1241/266 269/1242/269
f 266/1243/266 270/1244/270 269/1245/269
f 266/1246/266 267/1247/267 270/1248/270
f 267/1249/267 271/1250/271 270/1251/270
f 267/1252/267 268/1253/268 271/1254/271
f 268/1255/268 272/1256/272 271/1257/271
f 268/1258/268 265/1259/265 272/1260/272
f 265/1261/265 269/1262/269 272/1263/272
f 269/1264/269 270/1265/270 273/1266/273
f 270/1267/270 274/1268/274 273/1269/273
f 270/1270/270 271/1271/271 274/1272/274
f 271/1273/271 275/1274/275 274/1275/274
f 271/1276/271 272/1277/272 275/1278/275
f 272/1279/272 276/1280/276 275/1281/275
f 272/1282/272 269/1283/269 276/1284/276
f 269/1285/269 273/1286/273 276/1287/276
f 273/1288/273 274/1289/274 277/1290/277
f 274/1291/274 278/1292/278 277/1293/277
f 274/1294/274 275/1295/275 278/1296/278
f 275/1297/275 279/1298/279 278/1299/278
f 275/1300/275 276/1301/276 279/1302/279
f 276/1303/276 280/1304/280 279/1305/279
f 276/1306/276 273/1307/273 280/1308/280
f 273/1309/273 277/1310/277 280/1311/280
f 281/1312/281 282/1313/282 285/1314/285
f 282/1315/282 286/1316/286 285/1317/285
f 282/1318/282 283/1319/283 286/1320/286
f 283/1321/283 287/1322/287 286/1323/286
f 283/1324/283 284/1325/284 287/1326/287
f 284/1327/284 288/1328/288 287/1329/287
f 284/1330/284 281/1331/281 288/1332/288
f 281/1333/281 285/1334/285 288/1335/288
o Leaves
v -3.5915 19.9011 0.7922
v -4.9990 19.9011 -2.1045
v -7.4730 21.1130 -0.9023
v -3.5915 19.9011 0.7922
v -7.4730 21.1130 -0.9023
v -6.0655 21.1130 1.9943
v -4.4682 19.2883 -1.5497
v -7.3649 19.2883 -0.1422
v -6.5962 21.7259 1.4396
v -4.4682 19.2883 -1.5497
v -6.5962 21.7259 1.4396
v -3.6996 21.7259 0.0321
v 4.9648 13.0758 -4.5043
v 2.2968 13.0758 -3.4157
v 3.0283 15.0680 -1.6228
v 4.9648 13.0758 -4.5043
v 3.0283 15.0680 -1.6228
v 5.6963 15.0680 -2.7115
v 2.4372 13.2188 -3.9834
v 3.5258 13.2188 -1.3154
v 5.5559 14.9250 -2.1437
v 2.4372 13.2188 -3.9834
v 5.5559 14.9250 -2.1437
v 4.4673 14.9250 -4.8117
v -3.6018 8.6283 5.9185
v -2.7995 8.6283 8.7379
v -1.0780 10.9357 8.2480
v -3.6018 8.6283 5.9185
v -1.0780 10.9357 8.2480
v -1.8803 10.9357 5.4286
v -3.4410 8.8542 8.5687
v -0.6216 8.8542 7.7664
v -1.2388 10.7099 5.5978
v -3.4410 8.8542 8.5687
v -1.2388 10.7099 5.5978
v -4.0582 10.7099 6.4001
v -5.9038 16.2790 -4.7625
v -2.6269 16.2790 -3.7733
v -2.2791 18.2933 -4.9256
v -5.9038 16.2790 -4.7625
v -2.2791 18.2933 -4.9256
v -5.5560 18.2933 -5.9148
v -3.6572 16.6266 -2.9252
v -2.6679 16.6266 -6.2021
v -4.5258 17.9456 -6.7629
v -3.6572 16.6266 -2.9252
v -4.5258 17.9456 -6.7629
v -5.5150 17.9456 -3.4860
v -0.2888 15.4441 4.2118
v 2.2415 15.4441 5.4778
v 3.3238 17.0789 3.3147
v -0.2888 15.4441 4.2118
v 3.3238 17.0789 3.3147
v 0.7935 17.0789 2.0487
v 1.9960 15.4961 5.5845
v 3.2620 15.4961 3.0542
v 1.0390 17.0270 1.9419
v 1.9960 15.4961 5.5845
v 1.0390 17.0270 1.9419
v -0.2271 17.0270 4.4722
v -5.2516 7.1302 -1.6505
v -2.5289 7.1302 -3.0025
v -3.4779 8.9844 -4.9137
v -5.2516 7.1302 -1.6505
v -3.4779 8.9844 -4.9137
v -6.2007 8.9844 -3.5618
v -2.6345 7.2748 -2.4443
v -3.9865 7.2748 -5.1670
v -6.0951 8.8397 -4.1200
v -2.6345 7.2748 -2.4443
v -6.0951 8.8397 -4.1200
v -4.7431 8.8397 -1.3973
v -1.7874 20.0054 -0.1307
v -1.0784 20.0054 2.7912
v 1.1565 21.5427 2.2489
v -1.7874 20.0054 -0.1307
v 1.1565 21.5427 2.2489
v 0.4475 21.5427 -0.6730
v -1.5648 19.7219 2.2860
v 1.3572 19.7219 1.5770
v 0.9338 21.8263 -0.1678
v -1.5648 19.7219 2.2860
v 0.9338 21.8263 -0.1678
v -1.9881 21.8263 0.5412
v 9.1047 12.4980 0.8608
v 5.9025 12.4980 1.2027
v 6.1651 14.0433 3.6623
v 9.1047 12.4980 0.8608
v 6.1651 14.0433 3.6623
v 9.3673 14.0433 3.3204
v 6.3158 12.3800 0.7830
v 6.6576 12.3800 3.9852
v 8.9540 14.1613 3.7401
v 6.3158 12.3800 0.7830
v 8.9540 14.1613 3.7401
v 8.6121 14.1613 0.5379
v -1.5268 9.9907 -8.7760
v -3.5123 9.9907 -10.5017
v -5.0734 11.2823 -8.7056
v -1.5268 9.9907 -8.7760
v -5.0734 11.2823 -8.7056
v -3.0878 11.2823 -6.9798
v -3.1450 9.6600 -10.3487
v -4.8707 9.6600 -8.3631
v -3.4552 11.6130 -7.1329
v -3.1450 9.6600 -10.3487
v -3.4552 11.6130 -7.1329
v -1.7295 11.6130 -9.1184
v -2.8147 12.8612 5.7839
v -5.0885 12.8612 3.3865
v -6.8261 14.7273 5.0345
v -2.8147 12.8612 5.7839
v -6.8261 14.7273 5.0345
v -4.5524 14.7273 7.4320
v -4.5944 13.2407 3.2467
v -6.9918 13.2407 5.5205
v -5.0464 14.3477 7.5717
v -4.5944 13.2407 3.2467
v -5.0464 14.3477 7.5717
v -2.6490 14.3477 5.2980
v -1.6704 23.7838 3.6263
v -1.1582 23.7838 0.8374
v -3.1780 25.7009 0.4664
v -1.6704 23.7838 3.6263
v -3.1780 25.7009 0.4664
v -3.6902 25.7009 3.2554
v -0.8869 23.5814 1.5247
v -3.6758 23.5814 1.0125
v -3.9615 25.9033 2.5681
v -0.8869 23.5814 1.5247
v -3.9615 25.9033 2.5681
v -1.1725 25.9033 3.0803
v 2.9078 9.1851 -4.5815
v 1.4795 9.1851 -7.2449
v -0.6179 11.2509 -6.1202
v 2.9078 9.1851 -4.5815
v -0.6179 11.2509 -6.1202
v 0.8104 11.2509 -3.4568
v 1.8171 9.4864 -7.2948
v -0.8463 9.4864 -5.8666
v 0.4728 10.9497 -3.4068
v 1.8171 9.4864 -7.2948
v 0.4728 10.9497 -3.4068
v 3.1362 10.9497 -4.8351
v 2.1945 16.6130 -6.6578
v -0.8672 16.6130 -7.1024
v -1.2076 18.5855 -4.7582
v 2.1945 16.6130 -6.6578
v -1.2076 18.5855 -4.7582
v 1.8541 18.5855 -4.3136
v -0.5816 16.7889 -7.4273
v -1.0263 16.7889 -4.3656
v 1.5685 18.4096 -3.9887
v -0.5816 16.7889 -7.4273
v 1.5685 18.4096 -3.9887
v 2.0132 18.4096 -7.0505
v 6.0315 15.9102 -0.9425
v 3.3868 15.9102 -0.2273
v 4.0225 17.4219 2.1229
v 6.0315 15.9102 -0.9425
v 4.0225 17.4219 2.1229
v 6.6671 17.4219 1.4076
v 3.6288 15.7220 -0.4507
v 4.3440 15.7220 2.1940
v 6.4252 17.6100 1.6311
v 3.6288 15.7220 -0.4507
v 6.4252 17.6100 1.6311
v 5.7100 17.6100 -1.0136
v 2.7703 8.1669 -2.8458
v 4.1982 8.1669 0.3356
v 6.4629 9.6863 -0.6808
v 2.7703 8.1669 -2.8458
v 6.4629 9.6863 -0.6808
v 5.0350 9.6863 -3.8623
v 3.3985 7.7910 -0.2191
v 6.5800 7.7910 -1.6471
v 5.8347 10.0622 -3.3075
v 3.3985 7.7910 -0.2191
v 5.8347 10.0622 -3.3075
v 2.6533 10.0622 -1.8795
v 5.1196 9.7108 2.4675
v 2.3676 9.7108 3.5911
v 3.3583 11.3153 6.0176
v 5.1196 9.7108 2.4675
v 3.3583 11.3153 6.0176
v 6.1103 11.3153 4.8940
v 2.5297 9.6049 3.3350
v 3.6532 9.6049 6.0871
v 5.9483 11.4212 5.1501
v 2.5297 9.6049 3.3350
v 5.9483 11.4212 5.1501
v 4.8247 11.4212 2.3980
v -2.3037 14.5917 -2.2165
v -4.9130 14.5917 -3.2641
v -5.8059 16.4100 -1.0402
v -2.3037 14.5917 -2.2165
v -5.8059 16.4100 -1.0402
v -3.1966 16.4100 0.0074
v -4.7314 14.7333 -3.4149
v -5.7790 14.7333 -0.8056
v -3.3783 16.2684 0.1583
v -4.7314 14.7333 -3.4149
v -3.3783 16.2684 0.1583
v -2.3306 16.2684 -2.4510
v 3.2404 12.8804 -8.0194
v 2.5018 12.8804 -5.1382
v 4.2151 14.7005 -4.6990
v 3.2404 12.8804 -8.0194
v 4.2151 14.7005 -4.6990
v 4.9537 14.7005 -7.5803
v 1.9956 13.3086 -5.5914
v 4.8769 13.3086 -4.8528
v 5.4599 14.2723 -7.1271
v 1.9956 13.3086 -5.5914
v 5.4599 14.2723 -7.1271
v 2.5786 14.2723 -7.8657
v -5.7682 7.6304 -0.1038
v -3.7303 7.6304 2.0585
v -1.6382 9.1352 0.0867
v -5.7682 7.6304 -0.1038
v -1.6382 9.1352 0.0867
v -3.6760 9.1352 -2.0756
v -4.2136 6.9900 1.6159
v -2.0513 6.9900 -0.4219
v -3.1927 9.7757 -1.6330
v -4.2136 6.9900 1.6159
v -3.1927 9.7757 -1.6330
v -5.3550 9.7757 0.4048
v -1.7538 12.9532 -9.8588
v -4.1011 12.9532 -8.3197
v -2.7861 15.0456 -6.3142
v -1.7538 12.9532 -9.8588
v -2.7861 15.0456 -6.3142
v -0.4388 15.0456 -7.8533
v -3.9155 12.8014 -8.6858
v -2.3764 12.8014 -6.3385
v -0.6245 15.1974 -7.4872
v -3.9155 12.8014 -8.6858
v -0.6245 15.1974 -7.4872
v -2.1636 15.1974 -9.8345
v -2.3679 20.0220 -4.3519
v -3.5596 20.0220 -1.6580
v -1.6671 22.3212 -0.8208
v -2.3679 20.0220 -4.3519
v -1.6671 22.3212 -0.8208
v -0.4754 22.3212 -3.5147
v -3.7613 19.9759 -2.2850
v -1.0674 19.9759 -1.0933
v -0.2736 22.3673 -2.8877
v -3.7613 19.9759 -2.2850
v -0.2736 22.3673 -2.8877
v -2.9675 22.3673 -4.0794
v 1.8342 16.2852 -3.3988
v 2.3197 16.2852 -0.5011
v 4.2126 19.0246 -0.8182
v 1.8342 16.2852 -3.3988
v 4.2126 19.0246 -0.8182
v 3.7270 19.0246 -3.7160
v 1.7485 16.3553 -0.8275
v 4.6462 16.3553 -1.3131
v 4.2983 18.9545 -3.3895
v 1.7485 16.3553 -0.8275
v 4.2983 18.9545 -3.3895
v 1.4006 18.9545 -2.9040
v 1.9303 10.5135 5.6794
v 1.7642 10.5135 2.7854
v -0.8878 12.3362 2.9377
v 1.9303 10.5135 5.6794
v -0.8878 12.3362 2.9377
v -0.7217 12.3362 5.8316
v 1.8926 10.5004 2.9085
v -1.0013 10.5004 3.0746
v -0.8501 12.3492 5.7085
v 1.8926 10.5004 2.9085
v -0.8501 12.3492 5.7085
v 2.0438 12.3492 5.5424
v -3.7808 14.2449 5.1139
v -0.9346 14.2449 6.0181
v -0.3661 16.7023 4.2283
v -3.7808 14.2449 5.1139
v -0.3661 16.7023 4.2283
v -3.2123 16.7023 3.3241
v -1.5584 14.3066 6.4014
v -0.6543 14.3066 3.5552
v -2.5885 16.6406 2.9408
v -1.5584 14.3066 6.4014
v -2.5885 16.6406 2.9408
v -3.4926 16.6406 5.7870
v -2.2931 5.9004 5.4297
v -1.6069 5.9004 2.8855
v -3.0757 8.0747 2.4893
v -2.2931 5.9004 5.4297
v -3.0757 8.0747 2.4893
v -3.7619 8.0747 5.0335
v -1.2278 5.8656 3.6186
v -3.7720 5.8656 2.9324
v -4.1409 8.1095 4.3003
v -1.2278 5.8656 3.6186
v -4.1409 8.1095 4.3003
v -1.5967 8.1095 4.9865
v 4.2752 11.9627 4.6073
v 5.0757 11.9627 7.1633
v 7.6234 13.0629 6.3655
v 4.2752 11.9627 4.6073
v 7.6234 13.0629 6.3655
v 6.8229 13.0629 3.8094
v 4.9703 11.4720 6.8414
v 7.5263 11.4720 6.0410
v 6.9283 13.5537 4.1313
v 4.9703 11.4720 6.8414
v 6.9283 13.5537 4.1313
v 4.3723 13.5537 4.9318
v -7.3818 10.2107 -7.5151
v -4.4298 10.2107 -7.3960
v -4.3536 12.8994 -9.2845
v -7.3818 10.2107 -7.5151
v -4.3536 12.8994 -9.2845
v -7.3056 12.8994 -9.4035
v -4.3855 10.9898 -6.8616
v -4.2665 10.9898 -9.8136
v -7.3499 12.1203 -9.9380
v -4.3855 10.9898 -6.8616
v -7.3499 12.1203 -9.9380
v -7.4689 12.1203 -6.9860
v 0.0496 18.6821 -0.7156
v 2.6213 18.6821 1.2384
v 3.9218 20.4106 -0.4733
v 0.0496 18.6821 -0.7156
v 3.9218 20.4106 -0.4733
v 1.3500 20.4106 -2.4272
v 2.0111 18.9829 1.4530
v 3.9650 18.9829 -1.1188
v 1.9603 20.1098 -2.6419
v 2.0111 18.9829 1.4530
v 1.9603 20.1098 -2.6419
v 0.0064 20.1098 -0.0701
v -1.9717 10.6097 -0.7113
v -2.8714 10.6097 -3.6757
v -4.7027 12.6669 -3.1199
v -1.9717 10.6097 -0.7113
v -4.7027 12.6669 -3.1199
v -3.8029 12.6669 -0.1554
v -2.1343 10.6143 -3.2858
v -5.0987 10.6143 -2.3860
v -4.5400 12.6623 -0.5454
v -2.1343 10.6143 -3.2858
v -4.5400 12.6623 -0.5454
v -1.5756 12.6623 -1.4451
v -5.2457 10.5786 -2.8416
v -7.3268 10.5786 -0.1626
v -5.9389 12.7285 0.9155
v -5.2457 10.5786 -2.8416
v -5.9389 12.7285 0.9155
v -3.8578 12.7285 -1.7635
v -7.5741 10.7417 -1.1768
v -4.8951 10.7417 0.9043
v -3.6105 12.5654 -0.7493
v -7.5741 10.7417 -1.1768
v -3.6105 12.5654 -0.7493
v -6.2895 12.5654 -2.8304
v 0.0049 22.2344 1.9358
v -0.7289 22.2344 4.8253
v 2.0557 23.3484 5.5324
v 0.0049 22.2344 1.9358
v 2.0557 23.3484 5.5324
v 2.7895 23.3484 2.6429
v -0.6198 21.4962 4.1759
v 2.2697 21.4962 4.9097
v 2.6804 24.0866 3.2922
v -0.6198 21.4962 4.1759
v 2.6804 24.0866 3.2922
v -0.2091 24.0866 2.5585
v 0.5010 19.3683 -1.9868
v -2.3954 19.3683 -2.3024
v -2.6682 20.4489 0.2015
v 0.5010 19.3683 -1.9868
v -2.6682 20.4489 0.2015
v 0.2282 20.4489 0.5170
v -1.6244 18.7321 -2.4170
v -1.9399 18.7321 0.4794
v -0.5428 21.0850 0.6316
v -1.6244 18.7321 -2.4170
v -0.5428 21.0850 0.6316
v -0.2273 21.0850 -2.2648
v -3.1397 12.0071 1.8761
v -5.8654 12.0071 3.1705
v -5.1616 14.5432 4.6525
v -3.1397 12.0071 1.8761
v -5.1616 14.5432 4.6525
v -2.4359 14.5432 3.3582
v -6.0492 12.6737 2.4957
v -4.7549 12.6737 5.2214
v -2.2520 13.8765 4.0329
v -6.0492 12.6737 2.4957
v -2.2520 13.8765 4.0329
v -3.5464 13.8765 1.3072
v -3.9396 22.5022 -1.3056
v -4.7463 22.5022 1.5966
v -1.9197 24.5877 2.3824
v -3.9396 22.5022 -1.3056
v -1.9197 24.5877 2.3824
v -1.1129 24.5877 -0.5198
v -4.6319 22.0090 1.0388
v -1.7298 22.0090 1.8456
v -1.2273 25.0810 0.0380
v -4.6319 22.0090 1.0388
v -1.2273 25.0810 0.0380
v -4.1295 25.0810 -0.7688
v 6.1246 9.6334 -0.2670
v 8.4598 9.6334 -2.4388
v 6.9933 11.3056 -4.0156
v 6.1246 9.6334 -0.2670
v 6.9933 11.3056 -4.0156
v 4.6581 11.3056 -1.8438
v 8.2129 9.3485 -1.5020
v 6.0411 9.3485 -3.8372
v 4.9050 11.5904 -2.7806
v 8.2129 9.3485 -1.5020
v 4.9050 11.5904 -2.7806
v 7.0768 11.5904 -0.4454
v 1.7041 23.4465 0.3353
v -0.1487 23.4465 2.1689
v 1.7340 25.1229 4.0713
v 1.7041 23.4465 0.3353
v 1.7340 25.1229 4.0713
v 3.5868 25.1229 2.2377
v -0.1320 23.4095 2.2015
v 1.7016 23.4095 4.0543
v 3.5701 25.1598 2.2051
v -0.1320 23.4095 2.2015
v 3.5701 25.1598 2.2051
v 1.7365 25.1598 0.3524
v -6.9160 6.3274 -5.8765
v -4.1684 6.3274 -4.6658
v -3.1161 7.9469 -7.0539
v -6.9160 6.3274 -5.8765
v -3.1161 7.9469 -7.0539
v -5.8636 7.9469 -8.2647
v -4.7119 5.9664 -4.6907
v -3.5012 5.9664 -7.4382
v -5.3201 8.3079 -8.2398
v -4.7119 5.9664 -4.6907
v -5.3201 8.3079 -8.2398
v -6.5309 8.3079 -5.4923
v 3.6315 15.8081 0.9002
v 0.5857 15.8081 0.7613
v 0.4767 16.7118 3.1510
v 3.6315 15.8081 0.9002
v 0.4767 16.7118 3.1510
v 3.5226 16.7118 3.2899
v 1.4075 15.2011 0.4700
v 1.2687 15.2011 3.5159
v 2.7007 17.3187 3.5812
v 1.4075 15.2011 0.4700
v 2.7007 17.3187 3.5812
v 2.8395 17.3187 0.5353
v -4.1083 9.5801 4.6909
v -6.7947 9.5801 4.0789
v -7.1902 11.7251 5.8151
v -4.1083 9.5801 4.6909
v -7.1902 11.7251 5.8151
v -4.5038 11.7251 6.4270
v -6.3002 9.6629 3.6918
v -6.9122 9.6629 6.3782
v -4.9982 11.6424 6.8142
v -6.3002 9.6629 3.6918
v -4.9982 11.6424 6.8142
v -4.3863 11.6424 4.1278
v -1.0490 7.7077 6.9311
v 1.7173 7.7077 8.2901
v 2.6001 9.6189 6.4933
v -1.0490 7.7077 6.9311
v 2.6001 9.6189 6.4933
v -0.1662 9.6189 5.1342
v 0.7820 7.5096 8.4323
v 2.1410 7.5096 5.6661
v 0.7691 9.8170 4.9920
v 0.7820 7.5096 8.4323
v 0.7691 9.8170 4.9920
v -0.5899 9.8170 7.7583
v 3.6791 14.4954 -2.3820
v 1.7303 14.4954 -4.9706
v -0.4366 16.4387 -3.3392
v 3.6791 14.4954 -2.3820
v -0.4366 16.4387 -3.3392
v 1.5122 16.4387 -0.7506
v 2.0049 14.7664 -5.0446
v -0.5837 14.7664 -3.0958
v 1.2376 16.1676 -0.6765
v 2.0049 14.7664 -5.0446
v 1.2376 16.1676 -0.6765
v 3.8262 16.1676 -2.6254
v -3.7044 18.5671 3.1171
v -2.0318 18.5671 0.5859
v -3.8258 20.5612 -0.5995
v -3.7044 18.5671 3.1171
v -3.8258 20.5612 -0.5995
v -5.4983 20.5612 1.9317
v -1.9371 18.5109 1.2440
v -4.4683 18.5109 -0.4285
v -5.5930 20.6175 1.2736
v -1.9371 18.5109 1.2440
v -5.5930 20.6175 1.2736
v -3.0618 20.6175 2.9461
v -7.3829 17.3267 -2.7408
v -7.0776 17.3267 0.3129
v -5.3721 19.3406 0.1424
v -7.3829 17.3267 -2.7408
v -5.3721 19.3406 0.1424
v -5.6774 19.3406 -2.9112
v -7.7902 17.6759 -0.0052
v -4.7366 17.6759 -0.3104
v -4.9648 18.9914 -2.5932
v -7.7902 17.6759 -0.0052
v -4.9648 18.9914 -2.5932
v -8.0184 18.9914 -2.2879
v -4.6197 14.5244 1.9566
v -1.4789 14.5244 1.8330
v -1.5879 15.7094 -0.9380
v -4.6197 14.5244 1.9566
v -1.5879 15.7094 -0.9380
v -4.7288 15.7094 -0.8144
v -1.6298 14.5913 2.0242
v -1.7534 14.5913 -1.1167
v -4.5778 15.6424 -1.0056
v -1.6298 14.5913 2.0242
v -4.5778 15.6424 -1.0056
v -4.4542 15.6424 2.1353
v 5.7068 14.1173 -3.3353
v 6.5179 14.1173 -6.2372
v 4.8245 16.3474 -6.7105
v 5.7068 14.1173 -3.3353
v 4.8245 16.3474 -6.7105
v 4.0135 16.3474 -3.8085
v 6.9749 14.1855 -5.5412
v 4.0729 14.1855 -6.3523
v 3.5565 16.2793 -4.5045
v 6.9749 14.1855 -5.5412
v 3.5565 16.2793 -4.5045
v 6.4585 16.2793 -3.6935
v -1.5326 7.2902 -6.6764
v -4.3219 7.2902 -6.8071
v -4.4185 9.0552 -4.7454
v -1.5326 7.2902 -6.6764
v -4.4185 9.0552 -4.7454
v -1.6292 9.0552 -4.6147
v -3.7101 7.0761 -7.1430
v -3.8408 7.0761 -4.3537
v -2.2410 9.2693 -4.2788
v -3.7101 7.0761 -7.1430
v -2.2410 9.2693 -4.2788
v -2.1103 9.2693 -7.0680
v -6.0206 5.6536 3.5981
v -3.3341 5.6536 4.8465
v -2.3664 8.4787 2.7641
v -6.0206 5.6536 3.5981
v -2.3664 8.4787 2.7641
v -5.0529 8.4787 1.5157
v -3.3106 6.3235 5.2247
v -2.0622 6.3235 2.5382
v -5.0765 7.8088 1.1375
v -3.3106 6.3235 5.2247
v -5.0765 7.8088 1.1375
v -6.3249 7.8088 3.8240
v -6.0747 11.2060 -6.5301
v -4.2196 11.2060 -4.1572
v -2.2118 12.9187 -5.7269
v -6.0747 11.2060 -6.5301
v -2.2118 12.9187 -5.7269
v -4.0669 12.9187 -8.0998
v -4.4576 11.4686 -4.0855
v -2.0848 11.4686 -5.9407
v -3.8289 12.6561 -8.1715
v -4.4576 11.4686 -4.0855
v -3.8289 12.6561 -8.1715
v -6.2017 12.6561 -6.3163
v 2.9502 15.1708 4.4409
v 0.1233 15.1708 5.4142
v 0.7171 17.5655 7.1386
v 2.9502 15.1708 4.4409
v 0.7171 17.5655 7.1386
v 3.5439 17.5655 6.1653
v 0.4573 15.1935 4.6827
v 1.4307 15.1935 7.5095
v 3.2099 17.5429 6.8969
v 0.4573 15.1935 4.6827
v 3.2099 17.5429 6.8969
v 2.2366 17.5429 4.0700
v -4.9083 9.4082 6.4739
v -4.3901 9.4082 9.6471
v -2.5063 11.7403 9.3394
v -4.9083 9.4082 6.4739
v -2.5063 11.7403 9.3394
v -3.0246 11.7403 6.1662
v -5.0829 9.8280 9.4577
v -1.9097 9.8280 8.9394
v -2.3317 11.3205 6.3556
v -5.0829 9.8280 9.4577
v -2.3317 11.3205 6.3556
v -5.5049 11.3205 6.8739
v 0.3743 7.1816 6.1869
v 3.5103 7.1816 7.0397
v 4.2565 8.4701 4.2956
v 0.3743 7.1816 6.1869
v 4.2565 8.4701 4.2956
v 1.1204 8.4701 3.4429
v 2.7761 6.5644 7.0505
v 3.6289 6.5644 3.9145
v 1.8546 9.0874 3.4320
v 2.7761 6.5644 7.0505
v 1.8546 9.0874 3.4320
v 1.0019 9.0874 6.5681
v 5.2416 9.3376 -6.6159
v 2.1577 9.3376 -7.4436
v 1.7328 11.7455 -5.8605
v 5.2416 9.3376 -6.6159
v 1.7328 11.7455 -5.8605
v 4.8167 11.7455 -5.0328
v 2.8098 9.6225 -8.0730
v 1.9821 9.6225 -4.9892
v 4.1646 11.4605 -4.4033
v 2.8098 9.6225 -8.0730
v 4.1646 11.4605 -4.4033
v 4.9923 11.4605 -7.4872
v 0.9387 16.9983 -1.0729
v -1.8218 16.9983 -1.5248
v -2.1058 19.4562 0.2098
v 0.9387 16.9983 -1.0729
v -2.1058 19.4562 0.2098
v 0.6547 19.4562 0.6617
v -1.3093 17.0641 -1.9676
v -1.7612 17.0641 0.7929
v 0.1422 19.3903 1.1045
v -1.3093 17.0641 -1.9676
v 0.1422 19.3903 1.1045
v 0.5941 19.3903 -1.6560
v -7.3756 6.6690 0.9231
v -4.0495 6.6690 1.6465
v -3.6597 9.3650 -0.1461
v -7.3756 6.6690 0.9231
v -3.6597 9.3650 -0.1461
v -6.9857 9.3650 -0.8695
v -4.8072 6.8109 2.2847
v -4.0838 6.8109 -1.0413
v -6.2280 9.2231 -1.5077
v -4.8072 6.8109 2.2847
v -6.2280 9.2231 -1.5077
v -6.9514 9.2231 1.8183
v 5.8902 10.0783 -0.9132
v 4.5892 10.0783 1.9021
v 7.4286 12.0762 3.2142
v 5.8902 10.0783 -0.9132
v 7.4286 12.0762 3.2142
v 8.7296 12.0762 0.3989
v 4.8109 9.5477 1.4541
v 7.6262 9.5477 2.7551
v 8.5080 12.6067 0.8469
v 4.8109 9.5477 1.4541
v 8.5080 12.6067 0.8469
v 5.6927 12.6067 -0.4541
v -5.2071 13.5893 -8.6643
v -5.1163 13.5893 -5.5708
v -3.5169 16.3283 -5.6177
v -5.2071 13.5893 -8.6643
v -3.5169 16.3283 -5.6177
v -3.6077 16.3283 -8.7113
v -5.8667 14.2859 -5.6600
v -2.7731 14.2859 -5.7508
v -2.8574 15.6317 -8.6220
v -5.8667 14.2859 -5.6600
v -2.8574 15.6317 -8.6220
v -5.9509 15.6317 -8.5312
v -3.0971 7.6780 0.7392
v -0.7263 7.6780 -1.2457
v -2.7027 9.0642 -3.6062
v -3.0971 7.6780 0.7392
v -2.7027 9.0642 -3.6062
v -5.0734 9.0642 -1.6213
v -0.7548 7.6029 -1.2131
v -2.7397 7.6029 -3.5839
v -5.0449 9.1393 -1.6539
v -0.7548 7.6029 -1.2131
v -5.0449 9.1393 -1.6539
v -3.0600 9.1393 0.7169
v 1.9685 5.8631 -1.9188
v 4.8807 5.8631 -0.4180
v 5.6889 8.1201 -1.9861
v 1.9685 5.8631 -1.9188
v 5.6889 8.1201 -1.9861
v 2.7767 8.1201 -3.4869
v 3.9561 5.9541 -0.0440
v 5.4569 5.9541 -2.9562
v 3.7013 8.0291 -3.8609
v 3.9561 5.9541 -0.0440
v 3.7013 8.0291 -3.8609
v 2.2005 8.0291 -0.9487
v 1.7756 16.5377 5.3382
v 4.6790 16.5377 5.3313
v 4.6730 17.7507 2.8049
v 1.7756 16.5377 5.3382
v 4.6730 17.7507 2.8049
v 1.7696 17.7507 2.8118
v 4.5142 16.5887 5.5202
v 4.5073 16.5887 2.6168
v 1.9344 17.6997 2.6229
v 4.5142 16.5887 5.5202
v 1.9344 17.6997 2.6229
v 1.9413 17.6997 5.5263
v -1.0475 15.1638 -8.2654
v -1.1105 15.1638 -5.3926
v 1.5565 16.8590 -5.3342
v -1.0475 15.1638 -8.2654
v 1.5565 16.8590 -5.3342
v 1.6195 16.8590 -8.2069
v -1.2140 15.4179 -5.3669
v 1.6588 15.4179 -5.3039
v 1.7230 16.6049 -8.2326
v -1.2140 15.4179 -5.3669
v 1.7230 16.6049 -8.2326
v -1.1498 16.6049 -8.2956
v -2.6670 13.3638 3.3524
v 0.1403 13.3638 5.4056
v 1.1369 15.3634 4.0429
v -2.6670 13.3638 3.3524
v 1.1369 15.3634 4.0429
v -1.6704 15.3634 1.9897
v -0.9209 13.6229 5.7381
v 1.1322 13.6229 2.9308
v -0.6091 15.1042 1.6572
v -0.9209 13.6229 5.7381
v -0.6091 15.1042 1.6572
v -2.6623 15.1042 4.4645
v 0.9570 20.6313 -2.8074
v -0.5777 20.6313 -0.0521
v 1.4122 21.6803 1.0563
v 0.9570 20.6313 -2.8074
v 1.4122 21.6803 1.0563
v 2.9469 21.6803 -1.6990
v -0.6205 20.2611 -0.8756
v 2.1348 20.2611 0.6592
v 2.9897 22.0506 -0.8756
v -0.6205 20.2611 -0.8756
v 2.9897 22.0506 -0.8756
v 0.2344 22.0506 -2.4103
v -5.2269 10.7452 -8.9574
v -3.5756 10.7452 -11.8230
v -5.4375 11.9311 -12.8960
v -5.2269 10.7452 -8.9574
v -5.4375 11.9311 -12.8960
v -7.0889 11.9311 -10.0303
v -3.4227 10.5671 -10.9283
v -6.2884 10.5671 -12.5796
v -7.2418 12.1092 -10.9251
v -3.4227 10.5671 -10.9283
v -7.2418 12.1092 -10.9251
v -4.3761 12.1092 -9.2738
v 0.4733 11.8908 4.4043
v 1.4882 11.8908 7.3373
v 2.9296 14.3714 6.8386
v 0.4733 11.8908 4.4043
v 2.9296 14.3714 6.8386
v 1.9148 14.3714 3.9055
v 0.5880 12.1542 7.1492
v 3.5210 12.1542 6.1343
v 2.8150 14.1080 4.0937
v 0.5880 12.1542 7.1492
v 2.8150 14.1080 4.0937
v -0.1181 14.1080 5.1085
v 6.0280 11.9284 5.4568
v 9.2600 11.9284 6.4191
v 9.9437 14.1407 4.1227
v 6.0280 11.9284 5.4568
v 9.9437 14.1407 4.1227
v 6.7117 14.1407 3.1605
v 8.8896 12.2789 6.8181
v 9.8518 12.2789 3.5861
v 7.0822 13.7901 2.7615
v 8.8896 12.2789 6.8181
v 7.0822 13.7901 2.7615
v 6.1199 13.7901 5.9935
v 2.8289 19.1898 -2.2701
v 2.4516 19.1898 -5.2838
v -0.2564 20.3885 -4.9448
v 2.8289 19.1898 -2.2701
v -0.2564 20.3885 -4.9448
v 0.1210 20.3885 -1.9310
v 2.6417 18.9325 -5.0062
v -0.3721 18.9325 -4.6288
v -0.0691 20.6459 -2.2087
v 2.6417 18.9325 -5.0062
v -0.0691 20.6459 -2.2087
v 2.9447 20.6459 -2.5860
v -3.5513 11.7523 -1.6902
v -4.5224 11.7523 -4.7915
v -5.9730 13.9221 -4.3372
v -3.5513 11.7523 -1.6902
v -5.9730 13.9221 -4.3372
v -5.0019 13.9221 -1.2360
v -3.4921 11.9028 -4.3953
v -6.5933 11.9028 -3.4242
v -6.0322 13.7716 -1.6321
v -3.4921 11.9028 -4.3953
v -6.0322 13.7716 -1.6321
v -2.9309 13.7716 -2.6032
v -4.1156 8.1588 5.5855
v -6.3065 8.1588 7.5406
v -5.2777 10.5286 8.6936
v -4.1156 8.1588 5.5855
v -5.2777 10.5286 8.6936
v -3.0868 10.5286 6.7385
v -6.3131 8.2178 6.6143
v -4.3581 8.2178 8.8052
v -3.0802 10.4696 7.6648
v -6.3131 8.2178 6.6143
v -3.0802 10.4696 7.6648
v -5.0352 10.4696 5.4739
v 6.4182 14.4111 -0.9201
v 3.5738 14.4111 -1.5661
v 3.0016 15.5208 0.9535
v 6.4182 14.4111 -0.9201
v 3.0016 15.5208 0.9535
v 5.8459 15.5208 1.5995
v 3.8001 14.3505 -1.6854
v 3.1541 14.3505 1.1589
v 5.6196 15.5814 1.7189
v 3.8001 14.3505 -1.6854
v 5.6196 15.5814 1.7189
v 6.2656 15.5814 -1.1255
v -0.4286 16.3446 6.7416
v 2.1089 16.3446 4.9904
v 0.6909 18.1538 2.9358
v -0.4286 16.3446 6.7416
v 0.6909 18.1538 2.9358
v -1.8466 18.1538 4.6870
v 1.9719 16.2486 5.4413
v 0.2207 16.2486 2.9039
v -1.7096 18.2498 4.2360
v 1.9719 16.2486 5.4413
v -1.7096 18.2498 4.2360
v 0.0416 18.2498 6.7735
v 0.0382 10.7035 -8.1290
v 2.6708 10.7035 -6.9990
v 3.2779 13.3093 -8.4133
v 0.0382 10.7035 -8.1290
v 3.2779 13.3093 -8.4133
v 0.6452 13.3093 -9.5434
v 1.8616 10.7454 -6.6249
v 2.9916 10.7454 -9.2576
v 1.4544 13.2675 -9.9174
v 1.8616 10.7454 -6.6249
v 1.4544 13.2675 -9.9174
v 0.3244 13.2675 -7.2847
v -3.3534 17.8654 1.4973
v -2.1944 17.8654 4.5525
v 0.5396 19.1742 3.5154
v -3.3534 17.8654 1.4973
v 0.5396 19.1742 3.5154
v -0.6195 19.1742 0.4601
v -2.4103 17.9025 4.4678
v 0.6450 17.9025 3.3088
v -0.4036 19.1371 0.5448
v -2.4103 17.9025 4.4678
v -0.4036 19.1371 0.5448
v -3.4588 19.1371 1.7039
v 0.2614 22.9452 -0.9553
v -0.4767 22.9452 -3.6679
v -3.5797 24.2213 -2.8236
v 0.2614 22.9452 -0.9553
v -3.5797 24.2213 -2.8236
v -2.8416 24.2213 -0.1109
v -0.7186 22.8868 -3.7864
v -3.4312 22.8868 -3.0483
v -2.5997 24.2796 0.0076
v -0.7186 22.8868 -3.7864
v -2.5997 24.2796 0.0076
v 0.1129 24.2796 -0.7305
v -0.3778 5.0828 -3.0634
v -2.9545 5.0828 -4.7869
v -4.0122 8.1318 -3.2057
v -0.3778 5.0828 -3.0634
v -4.0122 8.1318 -3.2057
v -1.4355 8.1318 -1.4821
v -2.4696 5.4412 -5.1830
v -4.1931 5.4412 -2.6063
v -1.9203 7.7733 -1.0861
v -2.4696 5.4412 -5.1830
v -1.9203 7.7733 -1.0861
v -0.1968 7.7733 -3.6627
v -1.3397 14.0595 -3.6173
v 1.7155 14.0595 -3.8198
v 1.5262 15.7163 -6.6747
v -1.3397 14.0595 -3.6173
v 1.5262 15.7163 -6.6747
v -1.5290 15.7163 -6.4722
v 1.0729 13.4886 -3.6766
v 0.8703 13.4886 -6.7318
v -0.8863 16.2872 -6.6154
v 1.0729 13.4886 -3.6766
v -0.8863 16.2872 -6.6154
v -0.6838 16.2872 -3.5601
v 3.5275 14.6615 -7.4036
v 0.8586 14.6615 -5.7492
v 2.0862 16.0913 -3.7690
v 3.5275 14.6615 -7.4036
v 2.0862 16.0913 -3.7690
v 4.7550 16.0913 -5.4233
v 1.0232 14.6006 -6.3278
v 2.6775 14.6006 -3.6590
v 4.5905 16.1521 -4.8447
v 1.0232 14.6006 -6.3278
v 4.5905 16.1521 -4.8447
v 2.9361 16.1521 -7.5136
v 5.7402 12.8444 6.7426
v 5.7453 12.8444 3.8780
v 3.9733 15.6903 3.8749
v 5.7402 12.8444 6.7426
v 3.9733 15.6903 3.8749
v 3.9682 15.6903 6.7394
v 6.2914 13.2421 3.9852
v 3.4268 13.2421 3.9801
v 3.4221 15.2926 6.6323
v 6.2914 13.2421 3.9852
v 3.4221 15.2926 6.6323
v 6.2867 15.2926 6.6374
v -1.7109 22.2328 2.5498
v -2.6342 22.2328 5.4136
v -0.9792 24.6733 5.9472
v -1.7109 22.2328 2.5498
v -0.9792 24.6733 5.9472
v -0.0559 24.6733 3.0834
v -3.1202 22.4564 4.8517
v -0.2565 22.4564 5.7750
v 0.4302 24.4496 3.6453
v -3.1202 22.4564 4.8517
v 0.4302 24.4496 3.6453
v -2.4336 24.4496 2.7220
v -6.5956 17.9939 3.3889
v -4.7983 17.9939 1.1267
v -6.1566 20.3654 0.0476
v -6.5956 17.9939 3.3889
v -6.1566 20.3654 0.0476
v -7.9539 20.3654 2.3098
v -4.7776 17.9172 2.0285
v -7.0398 17.9172 0.2313
v -7.9746 20.4421 1.4080
v -4.7776 17.9172 2.0285
v -7.9746 20.4421 1.4080
v -5.7124 20.4421 3.2052
v -5.7287 13.7953 -5.6619
v -6.5162 13.7953 -2.6533
v -3.9508 15.1613 -1.9819
v -5.7287 13.7953 -5.6619
v -3.9508 15.1613 -1.9819
v -3.1634 15.1613 -4.9905
v -6.6726 13.7426 -2.9605
v -3.6640 13.7426 -2.1731
v -3.0070 15.2140 -4.6833
v -6.6726 13.7426 -2.9605
v -3.0070 15.2140 -4.6833
v -6.0156 15.2140 -5.4708
v -2.6657 19.5124 1.2505
v -1.6948 19.5124 -1.5772
v -3.3128 21.8046 -2.1327
v -2.6657 19.5124 1.2505
v -3.3128 21.8046 -2.1327
v -4.2837 21.8046 0.6949
v -1.1713 19.9538 -1.1327
v -3.9990 19.9538 -2.1035
v -4.8072 21.3632 0.2504
v -1.1713 19.9538 -1.1327
v -4.8072 21.3632 0.2504
v -1.9795 21.3632 1.2213
v -3.2966 21.2476 -2.6113
v -5.8641 21.2476 -1.4132
v -5.0468 24.1838 0.3381
v -3.2966 21.2476 -2.6113
v -5.0468 24.1838 0.3381
v -2.4794 24.1838 -0.8600
v -5.7096 21.2959 -1.9822
v -4.5115 21.2959 0.5852
v -2.6338 24.1355 -0.2910
v -5.7096 21.2959 -1.9822
v -2.6338 24.1355 -0.2910
v -3.8320 24.1355 -2.8584
v -8.3177 8.7661 2.2233
v -5.7433 8.7661 3.8741
v -4.2997 10.7994 1.6230
v -8.3177 8.7661 2.2233
v -4.2997 10.7994 1.6230
v -6.8741 10.7994 -0.0279
v -6.1791 8.5441 3.8228
v -4.5282 8.5441 1.2484
v -6.4383 11.0213 0.0235
v -6.1791 8.5441 3.8228
v -6.4383 11.0213 0.0235
v -8.0892 11.0213 2.5978
v -1.9532 11.9669 -8.0682
v -4.9832 11.9669 -8.1889
v -5.0375 13.9965 -6.8269
v -1.9532 11.9669 -8.0682
v -5.0375 13.9965 -6.8269
v -2.0075 13.9965 -6.7062
v -4.3851 12.2135 -9.0004
v -4.5059 12.2135 -5.9704
v -2.6056 13.7499 -5.8947
v -4.3851 12.2135 -9.0004
v -2.6056 13.7499 -5.8947
v -2.4849 13.7499 -8.9247
v 1.2030 6.3228 -6.0877
v -0.6685 6.3228 -8.1374
v -2.2601 7.4841 -6.6842
v 1.2030 6.3228 -6.0877
v -2.2601 7.4841 -6.6842
v -0.3887 7.4841 -4.6345
v -0.0929 6.0462 -7.9669
v -2.1426 6.0462 -6.0955
v -0.9642 7.7608 -4.8049
v -0.0929 6.0462 -7.9669
v -0.9642 7.7608 -4.8049
v 1.0854 7.7608 -6.6763
v 3.3087 16.9872 3.2633
v 6.1158 16.9872 2.8951
v 5.8320 18.6262 0.7317
v 3.3087 16.9872 3.2633
v 5.8320 18.6262 0.7317
v 3.0249 18.6262 1.0999
v 5.9515 17.1709 3.2440
v 5.5833 17.1709 0.4369
v 3.1892 18.4424 0.7510
v 5.9515 17.1709 3.2440
v 3.1892 18.4424 0.7510
v 3.5574 18.4424 3.5580
v 4.8748 13.8355 5.9185
v 7.8047 13.8355 6.7956
v 8.6382 14.9840 4.0114
v 4.8748 13.8355 5.9185
v 8.6382 14.9840 4.0114
v 5.7083 14.9840 3.1343
v 7.2750 13.2083 6.7164
v 8.1521 13.2083 3.7865
v 6.2380 15.6111 3.2135
v 7.2750 13.2083 6.7164
v 6.2380 15.6111 3.2135
v 5.3610 15.6111 6.1434
v -2.6047 15.8732 -7.2105
v -3.1526 15.8732 -4.3786
v -0.3880 17.3053 -3.8437
v -2.6047 15.8732 -7.2105
v -0.3880 17.3053 -3.8437
v 0.1599 17.3053 -6.6757
v -3.1007 15.3596 -4.8277
v -0.2687 15.3596 -4.2799
v 0.1079 17.8189 -6.2265
v -3.1007 15.3596 -4.8277
v 0.1079 17.8189 -6.2265
v -2.7240 17.8189 -6.7744
v -4.2817 17.8243 -4.6789
v -1.1512 17.8243 -3.6417
v -0.3011 19.0725 -6.2076
v -4.2817 17.8243 -4.6789
v -0.3011 19.0725 -6.2076
v -3.4316 19.0725 -7.2448
v -2.0708 17.1796 -3.6331
v -1.0336 17.1796 -6.7636
v -2.5120 19.7172 -7.2534
v -2.0708 17.1796 -3.6331
v -2.5120 19.7172 -7.2534
v -3.5492 19.7172 -4.1229
v -3.4626 8.5930 -8.2101
v -0.9193 8.5930 -9.0817
v -1.4583 10.8209 -10.6546
v -3.4626 8.5930 -8.2101
v -1.4583 10.8209 -10.6546
v -4.0016 10.8209 -9.7830
v -1.1959 8.6278 -8.4447
v -2.0675 8.6278 -10.9880
v -3.7250 10.7861 -10.4200
v -1.1959 8.6278 -8.4447
v -3.7250 10.7861 -10.4200
v -2.8534 10.7861 -7.8766
v -1.0463 9.8207 -6.9101
v -2.2486 9.8207 -4.3265
v -0.1018 11.1532 -3.3275
v -1.0463 9.8207 -6.9101
v -0.1018 11.1532 -3.3275
v 1.1004 11.1532 -5.9111
v -2.1609 9.3224 -5.0858
v 0.4226 9.3224 -3.8836
v 1.0128 11.6515 -5.1518
v -2.1609 9.3224 -5.0858
v 1.0128 11.6515 -5.1518
v -1.5708 11.6515 -6.3540
v 3.1128 21.8459 0.2233
v 0.7188 21.8459 -1.5018
v -0.6828 23.7698 0.4433
v 3.1128 21.8459 0.2233
v -0.6828 23.7698 0.4433
v 1.7113 23.7698 2.1684
v 0.9306 22.2047 -1.6902
v -0.7944 22.2047 0.7039
v 1.4995 23.4110 2.3568
v 0.9306 22.2047 -1.6902
v 1.4995 23.4110 2.3568
v 3.2245 23.4110 -0.0373
v -0.4760 10.5748 2.7681
v -3.5572 10.5748 2.1508
v -4.0363 12.7832 4.5425
v -0.4760 10.5748 2.7681
v -4.0363 12.7832 4.5425
v -0.9551 12.7832 5.1598
v -2.9851 10.4192 1.9068
v -3.6024 10.4192 4.9880
v -1.5272 12.9388 5.4038
v -2.9851 10.4192 1.9068
v -1.5272 12.9388 5.4038
v -0.9099 12.9388 2.3226
v -0.8414 5.1201 -1.1366
v -3.1483 5.1201 1.0866
v -1.7593 8.2309 2.5278
v -0.8414 5.1201 -1.1366
v -1.7593 8.2309 2.5278
v 0.5475 8.2309 0.3047
v -3.3896 5.4196 0.4844
v -1.1665 5.4196 2.7913
v 0.7889 7.9314 0.9068
v -3.3896 5.4196 0.4844
v 0.7889 7.9314 0.9068
v -1.4342 7.9314 -1.4000
v 6.2755 10.1392 -2.1576
v 7.2914 10.1392 -4.9702
v 5.5628 12.3211 -5.5945
v 6.2755 10.1392 -2.1576
v 5.5628 12.3211 -5.5945
v 4.5469 12.3211 -2.7820
v 7.5736 10.0050 -4.0551
v 4.7610 10.0050 -5.0710
v 4.2647 12.4554 -3.6971
v 7.5736 10.0050 -4.0551
v 4.2647 12.4554 -3.6971
v 7.0773 12.4554 -2.6812
v -7.2693 14.0678 -1.3694
v -4.9608 14.0678 0.8263
v -3.2441 15.4964 -0.9786
v -7.2693 14.0678 -1.3694
v -3.2441 15.4964 -0.9786
v -5.5526 15.4964 -3.1742
v -5.7558 13.6080 0.5497
v -3.5601 13.6080 -1.7588
v -4.7575 15.9562 -2.8977
v -5.7558 13.6080 0.5497
v -4.7575 15.9562 -2.8977
v -6.9532 15.9562 -0.5892
v 4.5252 13.4675 2.7723
v 6.9134 13.4675 4.4988
v 8.1144 15.9293 2.8375
v 4.5252 13.4675 2.7723
v 8.1144 15.9293 2.8375
v 5.7261 15.9293 1.1110
v 6.2517 13.4323 4.5738
v 7.9781 13.4323 2.1856
v 6.3879 15.9644 1.0360
v 6.2517 13.4323 4.5738
v 6.3879 15.9644 1.0360
v 4.6614 15.9644 3.4242
v 5.8968 8.3062 -1.5537
v 8.8848 8.3062 -2.2495
v 8.2887 9.7467 -4.8090
v 5.8968 8.3062 -1.5537
v 8.2887 9.7467 -4.8090
v 5.3007 9.7467 -4.1131
v 8.3020 7.8168 -1.8879
v 7.6061 7.8168 -4.8759
v 5.8835 10.2361 -4.4747
v 8.3020 7.8168 -1.8879
v 5.8835 10.2361 -4.4747
v 6.5794 10.2361 -1.4867
v -0.0739 21.3334 0.8777
v -2.2518 21.3334 2.7420
v -1.3573 23.6430 3.7869
v -0.0739 21.3334 0.8777
v -1.3573 23.6430 3.7869
v 0.8206 23.6430 1.9226
v -2.5385 21.8310 2.0058
v -0.6742 21.8310 4.1837
v 1.1073 23.1454 2.6588
v -2.5385 21.8310 2.0058
v 1.1073 23.1454 2.6588
v -0.7570 23.1454 0.4809
v 2.0017 17.2617 -1.0248
v 1.4881 17.2617 -3.7187
v -0.7106 19.1937 -3.2996
v 2.0017 17.2617 -1.0248
v -0.7106 19.1937 -3.2996
v -0.1971 19.1937 -0.6056
v 1.7936 17.1996 -3.4626
v -0.9004 17.1996 -2.9490
v -0.5025 19.2558 -0.8618
v 1.7936 17.1996 -3.4626
v -0.5025 19.2558 -0.8618
v 2.1915 19.2558 -1.3753
v -3.2360 18.1007 -6.3731
v -6.1299 18.1007 -6.2868
v -6.0627 20.1579 -4.0336
v -3.2360 18.1007 -6.3731
v -6.0627 20.1579 -4.0336
v -3.1688 20.1579 -4.1199
v -6.1184 18.5874 -6.6078
v -6.0320 18.5874 -3.7139
v -3.1804 19.6712 -3.7989
v -6.1184 18.5874 -6.6078
v -3.1804 19.6712 -3.7989
v -3.2667 19.6712 -6.6928
v 3.6177 11.9779 -2.5288
v 6.8052 11.9779 -1.5922
v 7.2987 13.8097 -3.2715
v 3.6177 11.9779 -2.5288
v 7.2987 13.8097 -3.2715
v 4.1112 13.8097 -4.2081
v 5.7766 11.9282 -1.0753
v 6.7132 11.9282 -4.2628
v 5.1398 13.8594 -4.7251
v 5.7766 11.9282 -1.0753
v 5.1398 13.8594 -4.7251
v 4.2032 13.8594 -1.5376
v 1.0105 12.7961 -3.5198
v 3.7649 12.7961 -4.8668
v 2.5313 13.9124 -7.3892
v 1.0105 12.7961 -3.5198
v 2.5313 13.9124 -7.3892
v -0.2230 13.9124 -6.0422
v 3.5402 12.4627 -4.6132
v 2.1932 12.4627 -7.3675
v 0.0017 14.2458 -6.2958
v 3.5402 12.4627 -4.6132
v 0.0017 14.2458 -6.2958
v 1.3487 14.2458 -3.5415
v -0.7801 17.4293 0.1822
v -3.4484 17.4293 -1.4356
v -4.7086 18.6753 0.6430
v -0.7801 17.4293 0.1822
v -4.7086 18.6753 0.6430
v -2.0403 18.6753 2.2607
v -2.8339 17.1796 -1.4662
v -4.4516 17.1796 1.2020
v -2.6549 18.9249 2.2914
v -2.8339 17.1796 -1.4662
v -2.6549 18.9249 2.2914
v -1.0371 18.9249 -0.3769
v 1.3782 14.1393 -0.3340
v 1.2874 14.1393 2.6202
v 3.5804 15.6846 2.6907
v 1.3782 14.1393 -0.3340
v 3.5804 15.6846 2.6907
v 3.6712 15.6846 -0.2635
v 0.9650 14.2408 2.3416
v 3.9193 14.2408 2.4324
v 3.9936 15.5830 0.0151
v 0.9650 14.2408 2.3416
v 3.9936 15.5830 0.0151
v 1.0393 15.5830 -0.0757
v -7.9484 12.4340 4.1449
v -4.6034 12.4340 3.1151
v -5.2620 13.8231 0.9759
v -7.9484 12.4340 4.1449
v -5.2620 13.8231 0.9759
v -8.6069 13.8231 2.0057
v -5.4434 11.9986 4.0337
v -6.4732 11.9986 0.6888
v -7.7669 14.2585 1.0870
v -5.4434 11.9986 4.0337
v -7.7669 14.2585 1.0870
v -6.7371 14.2585 4.4320
v 0.7722 12.8860 -5.7647
v 3.0794 12.8860 -8.0037
v 1.8076 15.0071 -9.3143
v 0.7722 12.8860 -5.7647
v 1.8076 15.0071 -9.3143
v -0.4996 15.0071 -7.0753
v 3.1858 13.0589 -7.1393
v 0.9469 13.0589 -9.4466
v -0.6060 14.8343 -7.9397
v 3.1858 13.0589 -7.1393
v -0.6060 14.8343 -7.9397
v 1.6329 14.8343 -5.6324
v -4.5425 18.9772 1.2371
v -6.3849 18.9772 3.3570
v -4.9572 21.3479 4.5978
v -4.5425 18.9772 1.2371
v -4.9572 21.3479 4.5978
v -3.1149 21.3479 2.4779
v -6.5054 19.0785 2.7966
v -4.3855 19.0785 4.6390
v -2.9943 21.2465 3.0383
v -6.5054 19.0785 2.7966
v -2.9943 21.2465 3.0383
v -5.1142 21.2465 1.1959
v -3.5380 13.4977 -0.4411
v -1.0765 13.4977 -2.5571
v -2.6738 14.8320 -4.4153
v -3.5380 13.4977 -0.4411
v -2.6738 14.8320 -4.4153
v -5.1353 14.8320 -2.2992
v -1.1758 13.3752 -1.9471
v -3.2919 13.3752 -4.4086
v -5.0360 14.9546 -2.9093
v -1.1758 13.3752 -1.9471
v -5.0360 14.9546 -2.9093
v -2.9200 14.9546 -0.4478
v 4.1716 10.6529 6.9865
v 6.2479 10.6529 4.8248
v 5.0278 13.3611 3.6528
v 4.1716 10.6529 6.9865
v 5.0278 13.3611 3.6528
v 2.9514 13.3611 5.8146
v 6.6419 11.2176 5.3570
v 4.4801 11.2176 3.2806
v 2.5574 12.7964 5.2824
v 6.6419 11.2176 5.3570
v 2.5574 12.7964 5.2824
v 4.7192 12.7964 7.3588
v 5.1935 11.5107 5.1139
v 7.9723 11.5107 4.4738
v 7.5425 14.0954 2.6080
v 5.1935 11.5107 5.1139
v 7.5425 14.0954 2.6080
v 4.7636 14.0954 3.2481
v 7.9153 11.8029 4.9676
v 7.2752 11.8029 2.1888
v 4.8206 13.8032 2.7543
v 7.9153 11.8029 4.9676
v 4.8206 13.8032 2.7543
v 5.4607 13.8032 5.5331
v 1.6327 16.0622 1.9188
v -1.1873 16.0622 0.9460
v -1.6888 18.5892 2.3997
v 1.6327 16.0622 1.9188
v -1.6888 18.5892 2.3997
v 1.1312 18.5892 3.3725
v -0.4283 16.1820 0.4434
v -1.4011 16.1820 3.2634
v 0.3721 18.4694 3.8751
v -0.4283 16.1820 0.4434
v 0.3721 18.4694 3.8751
v 1.3449 18.4694 1.0551
v -1.4891 21.7960 2.5158
v -3.8479 21.7960 0.1046
v -5.4157 24.0075 1.6383
v -1.4891 21.7960 2.5158
v -5.4157 24.0075 1.6383
v -3.0569 24.0075 4.0495
v -3.1959 22.1381 -0.0725
v -5.6071 22.1381 2.2863
v -3.7089 23.6654 4.2266
v -3.1959 22.1381 -0.0725
v -3.7089 23.6654 4.2266
v -1.2977 23.6654 1.8679
v 1.8103 7.1398 6.8719
v 5.0011 7.1398 7.4785
v 5.3413 9.6394 5.6886
v 1.8103 7.1398 6.8719
v 5.3413 9.6394 5.6886
v 2.1506 9.6394 5.0820
v 4.6779 7.8020 8.1428
v 5.2845 7.8020 4.9521
v 2.4738 8.9772 4.4177
v 4.6779 7.8020 8.1428
v 2.4738 8.9772 4.4177
v 1.8671 8.9772 7.6084
v -3.6217 15.0990 -8.2616
v -2.1013 15.0990 -5.6685
v 0.0832 17.0870 -6.9494
v -3.6217 15.0990 -8.2616
v 0.0832 17.0870 -6.9494
v -1.4373 17.0870 -9.5424
v -2.4729 14.9898 -5.8341
v 0.1201 14.9898 -7.3545
v -1.0657 17.1962 -9.3769
v -2.4729 14.9898 -5.8341
v -1.0657 17.1962 -9.3769
v -3.6587 17.1962 -7.8564
v -1.4291 8.2209 -9.2195
v -4.0561 8.2209 -8.2822
v -3.2627 9.5532 -6.0583
v -1.4291 8.2209 -9.2195
v -3.2627 9.5532 -6.0583
v -0.6356 9.5532 -6.9955
v -3.7488 7.9631 -8.6191
v -2.8115 7.9631 -5.9920
v -0.9430 9.8109 -6.6587
v -3.7488 7.9631 -8.6191
v -0.9430 9.8109 -6.6587
v -1.8802 9.8109 -9.2857
v 2.8750 9.4228 -0.5132
v 2.6072 9.4228 2.1976
v 4.2544 11.5856 2.3603
v 2.8750 9.4228 -0.5132
v 4.2544 11.5856 2.3603
v 4.5222 11.5856 -0.3505
v 2.0892 9.9024 2.0053
v 4.8000 9.9024 2.2731
v 5.0402 11.1060 -0.1582
v 2.0892 9.9024 2.0053
v 5.0402 11.1060 -0.1582
v 2.3294 11.1060 -0.4260
v -4.9999 6.1537 3.0948
v -6.3293 6.1537 5.2640
v -4.3471 7.9372 6.4788
v -4.9999 6.1537 3.0948
v -4.3471 7.9372 6.4788
v -3.0177 7.9372 4.3097
v -6.4638 6.4774 5.2735
v -4.2946 6.4774 6.6030
v -2.8832 7.6135 4.3001
v -6.4638 6.4774 5.2735
v -2.8832 7.6135 4.3001
v -5.0524 7.6135 2.9707
v 1.8093 23.3468 0.3100
v 0.3680 23.3468 -2.5792
v -2.1755 24.8193 -1.3105
v 1.8093 23.3468 0.3100
v -2.1755 24.8193 -1.3105
v -0.7342 24.8193 1.5788
v 0.8827 22.7260 -1.9803
v -2.0066 22.7260 -0.5390
v -1.2489 25.4401 0.9799
v 0.8827 22.7260 -1.9803
v -1.2489 25.4401 0.9799
v 1.6404 25.4401 -0.4614
v 1.3214 11.8066 5.1239
v -1.4719 11.8066 4.6110
v -1.7429 14.2785 6.0874
v 1.3214 11.8066 5.1239
v -1.7429 14.2785 6.0874
v 1.0504 14.2785 6.6003
v -0.9903 12.0519 4.0188
v -1.5032 12.0519 6.8121
v 0.5688 14.0332 7.1925
v -0.9903 12.0519 4.0188
v 0.5688 14.0332 7.1925
v 1.0817 14.0332 4.3992
v 2.2416 15.6722 -1.7284
v -0.6075 15.6722 -2.1941
v -1.0761 17.3449 0.6727
v 2.2416 15.6722 -1.7284
v -1.0761 17.3449 0.6727
v 1.7730 17.3449 1.1384
v -0.6962 15.8287 -2.1996
v -1.1620 15.8287 0.6495
v 1.8618 17.1883 1.1438
v -0.6962 15.8287 -2.1996
v 1.8618 17.1883 1.1438
v 2.3275 17.1883 -1.7053
v -5.2388 17.8634 -1.2333
v -5.6358 17.8634 -4.2458
v -7.3374 20.3269 -4.0216
v -5.2388 17.8634 -1.2333
v -7.3374 20.3269 -4.0216
v -6.9404 20.3269 -1.0090
v -4.9217 18.0426 -3.8872
v -7.9342 18.0426 -3.4902
v -7.6545 20.1477 -1.3677
v -4.9217 18.0426 -3.8872
v -7.6545 20.1477 -1.3677
v -4.6420 20.1477 -1.7647
v -2.7849 9.2363 -9.4175
v -4.8486 9.2363 -11.7252
v -6.2613 11.7927 -10.4620
v -2.7849 9.2363 -9.4175
v -6.2613 11.7927 -10.4620
v -4.1976 11.7927 -8.1542
v -4.3276 9.8330 -12.0433
v -6.6353 9.8330 -9.9796
v -4.7186 11.1960 -7.8361
v -4.3276 9.8330 -12.0433
v -4.7186 11.1960 -7.8361
v -2.4108 11.1960 -9.8998
v -1.8808 5.8347 -5.5652
v -4.7493 5.8347 -6.8078
v -5.6978 7.4255 -4.6182
v -1.8808 5.8347 -5.5652
v -5.6978 7.4255 -4.6182
v -2.8293 7.4255 -3.3756
v -4.0970 5.6145 -6.9284
v -5.3395 5.6145 -4.0598
v -3.4817 7.6456 -3.2551
v -4.0970 5.6145 -6.9284
v -3.4817 7.6456 -3.2551
v -2.2391 7.6456 -6.1236
v 7.2351 13.3158 5.7330
v 4.1244 13.3158 5.2994
v 3.8035 14.4275 7.6022
v 7.2351 13.3158 5.7330
v 3.8035 14.4275 7.6022
v 6.9142 14.4275 8.0358
v 4.6476 13.1989 4.9605
v 4.2140 13.1989 8.0712
v 6.3910 14.5444 8.3747
v 4.6476 13.1989 4.9605
v 6.3910 14.5444 8.3747
v 6.8246 14.5444 5.2639
v -5.7509 15.7512 -0.6985
v -5.8625 15.7512 -3.3291
v -8.1845 17.7336 -3.2306
v -5.7509 15.7512 -0.6985
v -8.1845 17.7336 -3.2306
v -8.0729 17.7336 -0.6000
v -5.6957 15.6071 -3.0412
v -8.3263 15.6071 -2.9296
v -8.2397 17.8777 -0.8879
v -5.6957 15.6071 -3.0412
v -8.2397 17.8777 -0.8879
v -5.6091 17.8777 -0.9996
v 3.7462 15.0294 -1.8197
v 6.4429 15.0294 -3.2042
v 5.3977 16.9004 -5.2400
v 3.7462 15.0294 -1.8197
v 5.3977 16.9004 -5.2400
v 2.7010 16.9004 -3.8556
v 6.2111 14.9396 -2.6677
v 4.8267 14.9396 -5.3644
v 2.9328 16.9903 -4.3921
v 6.2111 14.9396 -2.6677
v 2.9328 16.9903 -4.3921
v 4.3173 16.9903 -1.6954
v 1.0555 9.7227 7.7084
v -1.2371 9.7227 5.8849
v -2.9785 10.9340 8.0743
v 1.0555 9.7227 7.7084
v -2.9785 10.9340 8.0743
v -0.6858 10.9340 9.8978
v -0.7427 9.0877 6.1939
v -2.5661 9.0877 8.4866
v -1.1803 11.5691 9.5888
v -0.7427 9.0877 6.1939
v -1.1803 11.5691 9.5888
v 0.6432 11.5691 7.2962
v -2.3371 12.0018 -11.0310
v -5.1679 12.0018 -9.7814
v -4.1575 13.7461 -7.4924
v -2.3371 12.0018 -11.0310
v -4.1575 13.7461 -7.4924
v -1.3267 13.7461 -8.7420
v -4.9789 11.9455 -10.1885
v -3.7293 11.9455 -7.3577
v -1.5157 13.8024 -8.3348
v -4.9789 11.9455 -10.1885
v -1.5157 13.8024 -8.3348
v -2.7653 13.8024 -11.1657
v -6.0013 17.9627 -1.6634
v -3.2637 17.9627 -0.1174
v -2.2334 20.5301 -1.9417
v -6.0013 17.9627 -1.6634
v -2.2334 20.5301 -1.9417
v -4.9710 20.5301 -3.4877
v -4.0819 17.8741 0.0228
v -2.5358 17.8741 -2.7147
v -4.1528 20.6187 -3.6279
v -4.0819 17.8741 0.0228
v -4.1528 20.6187 -3.6279
v -5.6988 20.6187 -0.8903
v 0.9992 6.8878 5.0273
v -2.0054 6.8878 4.5240
v -2.2513 9.2686 5.9918
v 0.9992 6.8878 5.0273
v -2.2513 9.2686 5.9918
v 0.7533 9.2686 6.4951
v -1.3919 7.1261 3.8368
v -1.8952 7.1261 6.8414
v 0.1398 9.0302 7.1823
v -1.3919 7.1261 3.8368
v 0.1398 9.0302 7.1823
v 0.6431 9.0302 4.1777
v 1.1988 24.0733 2.5737
v -1.6305 24.0733 2.4491
v -1.7136 25.9342 4.3357
v 1.1988 24.0733 2.5737
v -1.7136 25.9342 4.3357
v 1.1157 25.9342 4.4603
v -0.9827 23.9380 2.0054
v -1.1073 23.9380 4.8346
v 0.4678 26.0695 4.9040
v -0.9827 23.9380 2.0054
v 0.4678 26.0695 4.9040
v 0.5925 26.0695 2.0748
v 6.4996 9.0589 -3.4310
v 4.9175 9.0589 -6.3160
v 3.6032 11.3915 -5.5952
v 6.4996 9.0589 -3.4310
v 3.6032 11.3915 -5.5952
v 5.1852 11.3915 -2.7103
v 5.8909 9.6341 -6.4037
v 3.0060 9.6341 -4.8217
v 4.2119 10.8163 -2.6225
v 5.8909 9.6341 -6.4037
v 4.2119 10.8163 -2.6225
v 7.0968 10.8163 -4.2046
v -4.3493 13.6895 -0.3059
v -7.0103 13.6895 1.6941
v -5.6335 15.7935 3.5260
v -4.3493 13.6895 -0.3059
v -5.6335 15.7935 3.5260
v -2.9725 15.7935 1.5260
v -7.1485 14.1720 1.1492
v -5.1485 14.1720 3.8103
v -2.8342 15.3110 2.0709
v -7.1485 14.1720 1.1492
v -2.8342 15.3110 2.0709
v -4.8342 15.3110 -0.5901
v -1.2947 10.8813 -2.4413
v 0.2013 10.8813 -5.0632
v -1.5709 12.3450 -6.0743
v -1.2947 10.8813 -2.4413
v -1.5709 12.3450 -6.0743
v -3.0668 12.3450 -3.4524
v 0.3640 10.8289 -4.3614
v -2.2578 10.8289 -5.8573
v -3.2296 12.3974 -4.1542
v 0.3640 10.8289 -4.3614
v -3.2296 12.3974 -4.1542
v -0.6077 12.3974 -2.6583
v -4.3287 15.0000 -6.3632
v -7.3698 15.0000 -5.7678
v -6.8614 16.4348 -3.1716
v -4.3287 15.0000 -6.3632
v -6.8614 16.4348 -3.1716
v -3.8204 16.4348 -3.7671
v -7.0642 14.8012 -6.0586
v -6.4688 14.8012 -3.0175
v -4.1259 16.6336 -3.4763
v -7.0642 14.8012 -6.0586
v -4.1259 16.6336 -3.4763
v -4.7213 16.6336 -6.5173
v 0.5215 16.9239 -4.6951
v 1.6999 16.9239 -2.0117
v 3.2085 19.2202 -2.6742
v 0.5215 16.9239 -4.6951
v 3.2085 19.2202 -2.6742
v 2.0301 19.2202 -5.3576
v 0.8629 16.9389 -2.3223
v 3.5462 16.9389 -3.5007
v 2.8672 19.2051 -5.0470
v 0.8629 16.9389 -2.3223
v 2.8672 19.2051 -5.0470
v 0.1838 19.2051 -3.8687
v 5.2703 16.3963 1.5003
v 3.9820 16.3963 -1.0194
v 1.7984 17.3502 0.0970
v 5.2703 16.3963 1.5003
v 1.7984 17.3502 0.0970
v 3.0867 17.3502 2.6167
v 4.2331 16.4126 -0.9428
v 1.7134 16.4126 0.3455
v 2.8355 17.3339 2.5401
v 4.2331 16.4126 -0.9428
v 2.8355 17.3339 2.5401
v 5.3552 17.3339 1.2519
v -3.5573 8.9791 -4.6370
v -6.1061 8.9791 -5.4954
v -7.0051 10.9044 -2.8261
v -3.5573 8.9791 -4.6370
v -7.0051 10.9044 -2.8261
v -4.4563 10.9044 -1.9677
v -6.1335 8.9018 -5.4376
v -6.9920 8.9018 -2.8888
v -4.4289 10.9817 -2.0255
v -6.1335 8.9018 -5.4376
v -4.4289 10.9817 -2.0255
v -3.5704 10.9817 -4.5743
v -7.8467 11.9131 5.8368
v -4.6924 11.9131 5.1171
v -5.0705 14.8526 3.4596
v -7.8467 11.9131 5.8368
v -5.0705 14.8526 3.4596
v -8.2249 14.8526 4.1794
v -5.0670 12.0551 5.9900
v -5.7867 12.0551 2.8356
v -7.8502 14.7106 3.3065
v -5.0670 12.0551 5.9900
v -7.8502 14.7106 3.3065
v -7.1305 14.7106 6.4608
v -1.9281 9.6377 -6.8331
v 0.8344 9.6377 -8.1663
v -0.4221 12.4429 -10.7700
v -1.9281 9.6377 -6.8331
v -0.4221 12.4429 -10.7700
v -3.1846 12.4429 -9.4369
v 0.8888 9.7558 -8.0947
v -0.4444 9.7558 -10.8571
v -3.2389 12.3248 -9.5085
v 0.8888 9.7558 -8.0947
v -3.2389 12.3248 -9.5085
v -1.9058 12.3248 -6.7460
v -5.0285 13.8437 -5.9862
v -2.9629 13.8437 -3.8225
v -1.1709 15.8384 -5.5332
v -5.0285 13.8437 -5.9862
v -1.1709 15.8384 -5.5332
v -3.2364 15.8384 -7.6969
v -3.2727 13.9483 -3.7749
v -1.1090 13.9483 -5.8404
v -2.9266 15.7337 -7.7445
v -3.2727 13.9483 -3.7749
v -2.9266 15.7337 -7.7445
v -5.0903 15.7337 -5.6790
v -7.2998 20.5241 3.0856
v -4.3338 20.5241 2.9216
v -4.4600 21.8447 0.6397
v -7.2998 20.5241 3.0856
v -4.4600 21.8447 0.6397
v -7.4260 21.8447 0.8038
v -4.6436 20.5477 3.2818
v -4.8077 20.5477 0.3159
v -7.1162 21.8211 0.4435
v -4.6436 20.5477 3.2818
v -7.1162 21.8211 0.4435
v -6.9521 21.8211 3.4095
v 0.4563 19.9746 3.5386
v 2.9710 19.9746 2.1182
v 1.9752 22.3011 0.3553
v 0.4563 19.9746 3.5386
v 1.9752 22.3011 0.3553
v -0.5395 22.3011 1.7757
v 2.9847 20.1895 2.6063
v 1.5643 20.1895 0.0916
v -0.5532 22.0862 1.2877
v 2.9847 20.1895 2.6063
v -0.5532 22.0862 1.2877
v 0.8672 22.0862 3.8024
v 1.6319 11.9134 -3.3329
v -1.4624 11.9134 -4.0167
v -1.7918 13.6959 -2.5258
v 1.6319 11.9134 -3.3329
v -1.7918 13.6959 -2.5258
v 1.3025 13.6959 -1.8420
v -0.4682 11.9003 -4.6379
v -1.1520 11.9003 -1.5436
v 0.3083 13.7091 -1.2209
v -0.4682 11.9003 -4.6379
v 0.3083 13.7091 -1.2209
v 0.9921 13.7091 -4.3152
v 6.6188 10.2864 -1.2464
v 4.2364 10.2864 -2.8166
v 2.8472 11.4114 -0.7090
v 6.6188 10.2864 -1.2464
v 2.8472 11.4114 -0.7090
v 5.2296 11.4114 0.8613
v 4.5820 10.0411 -2.7858
v 3.0118 10.0411 -0.4035
v 4.8840 11.6567 0.8305
v 4.5820 10.0411 -2.7858
v 4.8840 11.6567 0.8305
v 6.4542 11.6567 -1.5519
v -3.6444 19.2633 -2.9098
v -4.5870 19.2633 -5.7398
v -7.1697 20.4324 -4.8796
v -3.6444 19.2633 -2.9098
v -7.1697 20.4324 -4.8796
v -6.2271 20.4324 -2.0495
v -4.3641 18.9491 -5.4832
v -7.1942 18.9491 -4.5405
v -6.4500 20.7465 -2.3062
v -4.3641 18.9491 -5.4832
v -6.4500 20.7465 -2.3062
v -3.6199 20.7465 -3.2488
v 6.9675 13.7464 5.0489
v 9.6530 13.7464 4.5169
v 9.2926 15.5995 2.6977
v 6.9675 13.7464 5.0489
v 9.2926 15.5995 2.6977
v 6.6071 15.5995 3.2297
v 9.5423 14.0789 4.9890
v 9.0103 14.0789 2.3034
v 6.7178 15.2670 2.7576
v 9.5423 14.0789 4.9890
v 6.7178 15.2670 2.7576
v 7.2498 15.2670 5.4431
v 0.8391 20.1624 3.1185
v -1.8845 20.1624 2.6876
v -2.1391 22.6933 4.2965
v 0.8391 20.1624 3.1185
v -2.1391 22.6933 4.2965
v 0.5845 22.6933 4.7274
v -1.5965 20.4895 2.1618
v -2.0275 20.4895 4.8854
v 0.2965 22.3663 5.2532
v -1.5965 20.4895 2.1618
v 0.2965 22.3663 5.2532
v 0.7275 22.3663 2.5296
v 0.2667 10.0249 -7.5332
v 2.4079 10.0249 -5.5344
v 3.8170 11.7104 -7.0438
v 0.2667 10.0249 -7.5332
v 3.8170 11.7104 -7.0438
v 1.6757 11.7104 -9.0426
v 1.9106 10.2632 -5.4074
v 3.9095 10.2632 -7.5486
v 2.1730 11.4721 -9.1696
v 1.9106 10.2632 -5.4074
v 2.1730 11.4721 -9.1696
v 0.1742 11.4721 -7.0284
v 0.3540 19.0788 -1.8067
v 0.2116 19.0788 -5.0470
v -2.4678 20.2727 -4.9293
v 0.3540 19.0788 -1.8067
v -2.4678 20.2727 -4.9293
v -2.3254 20.2727 -1.6890
v 0.5031 19.1484 -4.8077
v -2.7372 19.1484 -4.6653
v -2.6169 20.2031 -1.9282
v 0.5031 19.1484 -4.8077
v -2.6169 20.2031 -1.9282
v 0.6234 20.2031 -2.0706
v -3.2867 9.4370 -1.1353
v -2.3301 9.4370 -3.8256
v -4.7230 10.4970 -4.6765
v -3.2867 9.4370 -1.1353
v -4.7230 10.4970 -4.6765
v -5.6797 10.4970 -1.9862
v -2.3519 8.9425 -3.2930
v -5.0423 8.9425 -4.2497
v -5.6578 10.9916 -2.5188
v -2.3519 8.9425 -3.2930
v -5.6578 10.9916 -2.5188
v -2.9674 10.9916 -1.5621
v -4.1010 11.5597 3.9464
v -3.3102 11.5597 1.0242
v -5.1877 13.2972 0.5161
v -4.1010 11.5597 3.9464
v -5.1877 13.2972 0.5161
v -5.9784 13.2972 3.4384
v -2.8761 11.8641 1.4919
v -5.7984 11.8641 0.7011
v -6.4125 12.9928 2.9707
v -2.8761 11.8641 1.4919
v -6.4125 12.9928 2.9707
v -3.4903 12.9928 3.7614
v -2.5101 10.5843 -8.4624
v -4.9812 10.5843 -9.3086
v -5.7634 11.5634 -7.0243
v -2.5101 10.5843 -8.4624
v -5.7634 11.5634 -7.0243
v -3.2923 11.5634 -6.1781
v -4.6103 10.1800 -9.2859
v -5.4565 10.1800 -6.8148
v -3.6632 11.9676 -6.2007
v -4.6103 10.1800 -9.2859
v -3.6632 11.9676 -6.2007
v -2.8170 11.9676 -8.6719
v -2.8600 11.7614 6.9655
v -2.1460 11.7614 3.7092
v -4.8859 12.8196 3.1084
v -2.8600 11.7614 6.9655
v -4.8859 12.8196 3.1084
v -5.5999 12.8196 6.3647
v -1.9451 11.7537 4.0269
v -5.2013 11.7537 3.3129
v -5.8008 12.8273 6.0470
v -1.9451 11.7537 4.0269
v -5.8008 12.8273 6.0470
v -2.5446 12.8273 6.7610
v 4.7050 13.4996 -3.7295
v 5.4888 13.4996 -0.9886
v 7.1431 15.7878 -1.4616
v 4.7050 13.4996 -3.7295
v 7.1431 15.7878 -1.4616
v 6.3593 15.7878 -4.2025
v 4.9041 13.9928 -0.9779
v 7.6450 13.9928 -1.7616
v 6.9440 15.2946 -4.2132
v 4.9041 13.9928 -0.9779
v 6.9440 15.2946 -4.2132
v 4.2031 15.2946 -3.4294
v -0.0941 16.5931 -5.4862
v -3.1147 16.5931 -5.1644
v -2.8634 18.0547 -2.8056
v -0.0941 16.5931 -5.4862
v -2.8634 18.0547 -2.8056
v 0.1572 18.0547 -3.1274
v -2.9288 16.8138 -5.5189
v -2.6070 16.8138 -2.4983
v -0.0288 17.8340 -2.7729
v -2.9288 16.8138 -5.5189
v -0.0288 17.8340 -2.7729
v -0.3506 17.8340 -5.7935
v -6.5251 16.4420 -2.3585
v -7.8918 16.4420 0.0190
v -5.4654 17.7228 1.4139
v -6.5251 16.4420 -2.3585
v -5.4654 17.7228 1.4139
v -4.0986 17.7228 -0.9635
v -7.8836 16.4514 0.0613
v -5.5061 16.4514 1.4281
v -4.1069 17.7134 -1.0058
v -7.8836 16.4514 0.0613
v -4.1069 17.7134 -1.0058
v -6.4844 17.7134 -2.3726
v -1.2906 23.9515 2.4422
v 1.5887 23.9515 1.4122
v 0.9608 26.1425 -0.3430
v -1.2906 23.9515 2.4422
v 0.9608 26.1425 -0.3430
v -1.9184 26.1425 0.6871
v 1.4775 24.2499 2.0859
v 0.4474 24.2499 -0.7933
v -1.8072 25.8441 0.0133
v 1.4775 24.2499 2.0859
v -1.8072 25.8441 0.0133
v -0.7772 25.8441 2.8925
v -4.4055 16.3420 1.8422
v -2.9387 16.3420 4.5456
v -0.4377 17.3848 3.1885
v -4.4055 16.3420 1.8422
v -0.4377 17.3848 3.1885
v -1.9045 17.3848 0.4852
v -3.2293 15.8657 4.2513
v -0.5260 15.8657 2.7844
v -1.6138 17.8610 0.7795
v -3.2293 15.8657 4.2513
v -1.6138 17.8610 0.7795
v -4.3172 17.8610 2.2463
v -0.8029 20.5677 1.5206
v -3.8340 20.5677 1.2332
v -4.1065 21.9335 4.1075
v -0.8029 20.5677 1.5206
v -4.1065 21.9335 4.1075
v -1.0753 21.9335 4.3948
v -3.7232 20.5172 1.1646
v -4.0106 20.5172 4.1957
v -1.1861 21.9840 4.4635
v -3.7232 20.5172 1.1646
v -1.1861 21.9840 4.4635
v -0.8987 21.9840 1.4324
v 0.9410 21.3191 -4.2190
v -1.9572 21.3191 -2.9724
v -0.8723 22.5904 -0.4499
v 0.9410 21.3191 -4.2190
v -0.8723 22.5904 -0.4499
v 2.0260 22.5904 -1.6965
v -1.5761 20.8897 -3.3590
v -0.3295 20.8897 -0.4607
v 1.6448 23.0198 -1.3099
v -1.5761 20.8897 -3.3590
v 1.6448 23.0198 -1.3099
v 0.3982 23.0198 -4.2081
v -2.2284 11.0677 -6.5635
v -0.0700 11.0677 -4.4254
v 1.6190 11.9424 -6.1305
v -2.2284 11.0677 -6.5635
v 1.6190 11.9424 -6.1305
v -0.5393 11.9424 -8.2686
v -0.7027 10.6452 -4.6031
v 1.4354 10.6452 -6.7615
v 0.0934 12.3648 -8.0909
v -0.7027 10.6452 -4.6031
v 0.0934 12.3648 -8.0909
v -2.0447 12.3648 -5.9325
v 7.2298 13.2057 1.0397
v 6.3183 13.2057 -1.8929
v 3.6702 14.2975 -1.0698
v 7.2298 13.2057 1.0397
v 3.6702 14.2975 -1.0698
v 4.5818 14.2975 1.8628
v 6.5173 13.1088 -1.7546
v 3.5847 13.1088 -0.8430
v 4.3827 14.3945 1.7244
v 6.5173 13.1088 -1.7546
v 4.3827 14.3945 1.7244
v 7.3153 14.3945 0.8129
v 4.5530 10.0590 -3.3364
v 1.5126 10.0590 -3.7833
v 1.2566 12.9204 -2.0415
v 4.5530 10.0590 -3.3364
v 1.2566 12.9204 -2.0415
v 4.2969 12.9204 -1.5946
v 1.9033 10.3544 -4.3892
v 1.4564 10.3544 -1.3488
v 3.9062 12.6250 -0.9887
v 1.9033 10.3544 -4.3892
v 3.9062 12.6250 -0.9887
v 4.3531 12.6250 -4.0291
v -2.6194 10.7700 8.9098
v -4.4563 10.7700 6.1812
v -5.7348 13.0317 7.0419
v -2.6194 10.7700 8.9098
v -5.7348 13.0317 7.0419
v -3.8979 13.0317 9.7705
v -3.2131 10.7352 6.4627
v -5.9417 10.7352 8.2996
v -5.1411 13.0665 9.4889
v -3.2131 10.7352 6.4627
v -5.1411 13.0665 9.4889
v -2.4125 13.0665 7.6520
v 3.0818 19.0406 0.1822
v 5.3739 19.0406 -1.9918
v 3.4050 20.6783 -4.0676
v 3.0818 19.0406 0.1822
v 3.4050 20.6783 -4.0676
v 1.1130 20.6783 -1.8935
v 5.2928 18.8810 -1.7094
v 3.1188 18.8810 -4.0015
v 1.1941 20.8379 -2.1759
v 5.2928 18.8810 -1.7094
v 1.1941 20.8379 -2.1759
v 3.3681 20.8379 0.1161
v 4.0221 15.0384 2.5544
v 1.9599 15.0384 4.5006
v 3.1362 16.6271 5.7470
v 4.0221 15.0384 2.5544
v 3.1362 16.6271 5.7470
v 5.1984 16.6271 3.8008
v 2.0378 14.9641 3.6559
v 3.9840 14.9641 5.7181
v 5.1206 16.7014 4.6455
v 2.0378 14.9641 3.6559
v 5.1206 16.7014 4.6455
v 3.1743 16.7014 2.5833
v 4.9891 9.6906 1.3607
v 3.3789 9.6906 3.9831
v 5.0335 11.7769 4.9991
v 4.9891 9.6906 1.3607
v 5.0335 11.7769 4.9991
v 6.6437 11.7769 2.3767
v 3.0195 10.1515 3.4832
v 5.6419 10.1515 5.0934
v 7.0031 11.3160 2.8766
v 3.0195 10.1515 3.4832
v 7.0031 11.3160 2.8766
v 4.3807 11.3160 1.2664
v -6.8536 16.3545 -7.0786
v -7.0755 16.3545 -3.8759
v -5.1832 18.4972 -3.7448
v -6.8536 16.3545 -7.0786
v -5.1832 18.4972 -3.7448
v -4.9613 18.4972 -6.9475
v -7.7064 16.7350 -4.2727
v -4.5036 16.7350 -4.0508
v -4.3304 18.1167 -6.5507
v -7.7064 16.7350 -4.2727
v -4.3304 18.1167 -6.5507
v -7.5332 18.1167 -6.7726
v 1.7808 12.6150 -9.3581
v 1.8213 12.6150 -6.5516
v 3.9079 15.0772 -6.5817
v 1.7808 12.6150 -9.3581
v 3.9079 15.0772 -6.5817
v 3.8674 15.0772 -9.3883
v 1.4598 12.8860 -6.6526
v 4.2664 12.8860 -6.6932
v 4.2289 14.8061 -9.2872
v 1.4598 12.8860 -6.6526
v 4.2289 14.8061 -9.2872
v 1.4223 14.8061 -9.2467
v 1.8861 14.5704 4.5843
v 2.7100 14.5704 7.3720
v 4.2023 16.6058 6.9309
v 1.8861 14.5704 4.5843
v 4.2023 16.6058 6.9309
v 3.3783 16.6058 4.1433
v 1.9829 15.0743 7.2949
v 4.7706 15.0743 6.4710
v 4.1054 16.1019 4.2203
v 1.9829 15.0743 7.2949
v 4.1054 16.1019 4.2203
v 1.3177 16.1019 5.0443
v -3.1561 16.4371 0.6763
v -6.3251 16.4371 0.9132
v -6.1163 18.5706 3.7064
v -3.1561 16.4371 0.6763
v -6.1163 18.5706 3.7064
v -2.9473 18.5706 3.4695
v -5.9151 16.1827 0.6936
v -5.6782 16.1827 3.8626
v -3.3573 18.8250 3.6891
v -5.9151 16.1827 0.6936
v -3.3573 18.8250 3.6891
v -3.5942 18.8250 0.5201
v 2.9183 16.9701 0.8485
v 0.6750 16.9701 2.7865
v 1.8853 18.6395 4.1875
v 2.9183 16.9701 0.8485
v 1.8853 18.6395 4.1875
v 4.1286 18.6395 2.2495
v 0.9089 16.7683 1.8490
v 2.8468 16.7683 4.0923
v 3.8947 18.8413 3.1871
v 0.9089 16.7683 1.8490
v 3.8947 18.8413 3.1871
v 1.9567 18.8413 0.9437
v 7.2770 7.8747 1.4729
v 5.8022 7.8747 -1.2386
v 4.4924 9.9834 -0.5261
v 7.2770 7.8747 1.4729
v 4.4924 9.9834 -0.5261
v 5.9672 9.9834 2.1854
v 6.7112 8.2654 -1.2371
v 3.9997 8.2654 0.2378
v 5.0582 9.5927 2.1839
v 6.7112 8.2654 -1.2371
v 5.0582 9.5927 2.1839
v 7.7697 9.5927 0.7091
v -2.2882 7.6222 -9.3871
v -4.9444 7.6222 -9.3044
v -4.8894 9.9575 -7.5405
v -2.2882 7.6222 -9.3871
v -4.8894 9.9575 -7.5405
v -2.2333 9.9575 -7.6232
v -4.7706 7.8732 -9.7564
v -4.6879 7.8732 -7.1002
v -2.4071 9.7065 -7.1713
v -4.7706 7.8732 -9.7564
v -2.4071 9.7065 -7.1713
v -2.4898 9.7065 -9.8274
v -0.9428 7.8867 5.2523
v -2.0778 7.8867 2.3674
v -3.6657 10.3067 2.9922
v -0.9428 7.8867 5.2523
v -3.6657 10.3067 2.9922
v -2.5306 10.3067 5.8770
v -1.2707 8.1248 2.5154
v -4.1556 8.1248 3.6505
v -3.3377 10.0686 5.7290
v -1.2707 8.1248 2.5154
v -3.3377 10.0686 5.7290
v -0.4529 10.0686 4.5940
v -0.4867 5.5428 1.4282
v 2.6585 5.5428 2.1596
v 3.0690 7.7339 0.3943
v -0.4867 5.5428 1.4282
v 3.0690 7.7339 0.3943
v -0.0762 7.7339 -0.3371
v 1.8456 5.5758 2.6978
v 2.5770 5.5758 -0.4474
v 0.7366 7.7009 -0.8753
v 1.8456 5.5758 2.6978
v 0.7366 7.7009 -0.8753
v 0.0053 7.7009 2.2699
v -4.2545 9.2547 -8.4712
v -5.9037 9.2547 -6.3973
v -4.1966 11.1701 -5.0399
v -4.2545 9.2547 -8.4712
v -4.1966 11.1701 -5.0399
v -2.5474 11.1701 -7.1138
v -5.9811 9.3330 -6.6765
v -3.9072 9.3330 -5.0273
v -2.4700 11.0919 -6.8346
v -5.9811 9.3330 -6.6765
v -2.4700 11.0919 -6.8346
v -4.5439 11.0919 -8.4838
v 6.2254 15.4300 2.3266
v 3.7717 15.4300 0.6503
v 2.5322 16.7582 2.4646
v 6.2254 15.4300 2.3266
v 2.5322 16.7582 2.4646
v 4.9859 16.7582 4.1410
v 4.5355 15.1109 0.7032
v 2.8591 15.1109 3.1568
v 4.2221 17.0774 4.0881
v 4.5355 15.1109 0.7032
v 4.2221 17.0774 4.0881
v 5.8985 17.0774 1.6344
v -2.5334 8.3551 4.4963
v -5.4302 8.3551 4.4683
v -5.4549 9.3080 7.0246
v -2.5334 8.3551 4.4963
v -5.4549 9.3080 7.0246
v -2.5581 9.3080 7.0526
v -4.8819 7.8081 4.3034
v -4.9099 7.8081 7.2002
v -3.1063 9.8551 7.2176
v -4.8819 7.8081 4.3034
v -3.1063 9.8551 7.2176
v -3.0783 9.8551 4.3208
v -1.3308 20.3739 0.9915
v -0.0595 20.3739 -1.5634
v -1.5032 22.7031 -2.2818
v -1.3308 20.3739 0.9915
v -1.5032 22.7031 -2.2818
v -2.7745 22.7031 0.2731
v 0.2251 20.3824 -0.7423
v -2.3298 20.3824 -2.0136
v -3.0591 22.6945 -0.5480
v 0.2251 20.3824 -0.7423
v -3.0591 22.6945 -0.5480
v -0.5042 22.6945 0.7233
v -4.4678 10.1826 6.7257
v -6.7855 10.1826 4.6222
v -8.1602 12.4133 6.1369
v -4.4678 10.1826 6.7257
v -8.1602 12.4133 6.1369
v -5.8425 12.4133 8.2404
v -6.1916 10.4525 4.4289
v -8.2951 10.4525 6.7467
v -6.4363 12.1433 8.4337
v -6.1916 10.4525 4.4289
v -6.4363 12.1433 8.4337
v -4.3328 12.1433 6.1160
v 1.7926 10.1010 5.2124
v -1.2439 10.1010 3.8018
v -2.1934 11.7168 5.8458
v 1.7926 10.1010 5.2124
v -2.1934 11.7168 5.8458
v 0.8431 11.7168 7.2564
v -0.4867 10.0561 3.5503
v -1.8972 10.0561 6.5867
v 0.0858 11.7618 7.5079
v -0.4867 10.0561 3.5503
v 0.0858 11.7618 7.5079
v 1.4964 11.7618 4.4715
v 4.0384 17.6953 -1.7148
v 2.1576 17.6953 0.4121
v 4.2146 19.0272 2.2311
v 4.0384 17.6953 -1.7148
v 4.2146 19.0272 2.2311
v 6.0954 19.0272 0.1043
v 2.4610 17.1355 -0.0013
v 4.5878 17.1355 1.8794
v 5.7920 19.5870 0.5177
v 2.4610 17.1355 -0.0013
v 5.7920 19.5870 0.5177
v 3.6652 19.5870 -1.3631
v -3.5915 19.9011 0.7922
v -4.9990 19.9011 -2.1045
v -7.4730 21.1130 -0.9023
v -3.5915 19.9011 0.7922
v -7.4730 21.1130 -0.9023
v -6.0655 21.1130 1.9943
v -4.4682 19.2883 -1.5497
v -7.3649 19.2883 -0.1422
v -6.5962 21.7259 1.4396
v -4.4682 19.2883 -1.5497
v -6.5962 21.7259 1.4396
v -3.6996 21.7259 0.0321
v 4.9648 13.0758 -4.5043
v 2.2968 13.0758 -3.4157
v 3.0283 15.0680 -1.6228
v 4.9648 13.0758 -4.5043
v 3.0283 15.0680 -1.6228
v 5.6963 15.0680 -2.7115
v 2.4372 13.2188 -3.9834
v 3.5258 13.2188 -1.3154
v 5.5559 14.9250 -2.1437
v 2.4372 13.2188 -3.9834
v 5.5559 14.9250 -2.1437
v 4.4673 14.9250 -4.8117
v -3.6018 8.6283 5.9185
v -2.7995 8.6283 8.7379
v -1.0780 10.9357 8.2480
v -3.6018 8.6283 5.9185
v -1.0780 10.9357 8.2480
v -1.8803 10.9357 5.4286
v -3.4410 8.8542 8.5687
v -0.6216 8.8542 7.7664
v -1.2388 10.7099 5.5978
v -3.4410 8.8542 8.5687
v -1.2388 10.7099 5.5978
v -4.0582 10.7099 6.4001
v -5.9038 16.2790 -4.7625
v -2.6269 16.2790 -3.7733
v -2.2791 18.2933 -4.9256
v -5.9038 16.2790 -4.7625
v -2.2791 18.2933 -4.9256
v -5.5560 18.2933 -5.9148
v -3.6572 16.6266 -2.9252
v -2.6679 16.6266 -6.2021
v -4.5258 17.9456 -6.7629
v -3.6572 16.6266 -2.9252
v -4.5258 17.9456 -6.7629
v -5.5150 17.9456 -3.4860
v -0.2888 15.4441 4.2118
v 2.2415 15.4441 5.4778
v 3.3238 17.0789 3.3147
v -0.2888 15.4441 4.2118
v 3.3238 17.0789 3.3147
v 0.7935 17.0789 2.0487
v 1.9960 15.4961 5.5845
v 3.2620 15.4961 3.0542
v 1.0390 17.0270 1.9419
v 1.9960 15.4961 5.5845
v 1.0390 17.0270 1.9419
v -0.2271 17.0270 4.4722
v -5.2516 7.1302 -1.6505
v -2.5289 7.1302 -3.0025
v -3.4779 8.9844 -4.9137
v -5.2516 7.1302 -1.6505
v -3.4779 8.9844 -4.9137
v -6.2007 8.9844 -3.5618
v -2.6345 7.2748 -2.4443
v -3.9865 7.2748 -5.1670
v -6.0951 8.8397 -4.1200
v -2.6345 7.2748 -2.4443
v -6.0951 8.8397 -4.1200
v -4.7431 8.8397 -1.3973
v -1.7874 20.0054 -0.1307
v -1.0784 20.0054 2.7912
v 1.1565 21.5427 2.2489
v -1.7874 20.0054 -0.1307
v 1.1565 21.5427 2.2489
v 0.4475 21.5427 -0.6730
v -1.5648 19.7219 2.2860
v 1.3572 19.7219 1.5770
v 0.9338 21.8263 -0.1678
v -1.5648 19.7219 2.2860
v 0.9338 21.8263 -0.1678
v -1.9881 21.8263 0.5412
v 9.1047 12.4980 0.8608
v 5.9025 12.4980 1.2027
v 6.1651 14.0433 3.6623
v 9.1047 12.4980 0.8608
v 6.1651 14.0433 3.6623
v 9.3673 14.0433 3.3204
v 6.3158 12.3800 0.7830
v 6.6576 12.3800 3.9852
v 8.9540 14.1613 3.7401
v 6.3158 12.3800 0.7830
v 8.9540 14.1613 3.7401
v 8.6121 14.1613 0.5379
v -1.5268 9.9907 -8.7760
v -3.5123 9.9907 -10.5017
v -5.0734 11.2823 -8.7056
v -1.5268 9.9907 -8.7760
v -5.0734 11.2823 -8.7056
v -3.0878 11.2823 -6.9798
v -3.1450 9.6600 -10.3487
v -4.8707 9.6600 -8.3631
v -3.4552 11.6130 -7.1329
v -3.1450 9.6600 -10.3487
v -3.4552 11.6130 -7.1329
v -1.7295 11.6130 -9.1184
v -2.8147 12.8612 5.7839
v -5.0885 12.8612 3.3865
v -6.8261 14.7273 5.0345
v -2.8147 12.8612 5.7839
v -6.8261 14.7273 5.0345
v -4.5524 14.7273 7.4320
v -4.5944 13.2407 3.2467
v -6.9918 13.2407 5.5205
v -5.0464 14.3477 7.5717
v -4.5944 13.2407 3.2467
v -5.0464 14.3477 7.5717
v -2.6490 14.3477 5.2980
v -1.6704 23.7838 3.6263
v -1.1582 23.7838 0.8374
v -3.1780 25.7009 0.4664
v -1.6704 23.7838 3.6263
v -3.1780 25.7009 0.4664
v -3.6902 25.7009 3.2554
v -0.8869 23.5814 1.5247
v -3.6758 23.5814 1.0125
v -3.9615 25.9033 2.5681
v -0.8869 23.5814 1.5247
v -3.9615 25.9033 2.5681
v -1.1725 25.9033 3.0803
v 2.9078 9.1851 -4.5815
v 1.4795 9.1851 -7.2449
v -0.6179 11.2509 -6.1202
v 2.9078 9.1851 -4.5815
v -0.6179 11.2509 -6.1202
v 0.8104 11.2509 -3.4568
v 1.8171 9.4864 -7.2948
v -0.8463 9.4864 -5.8666
v 0.4728 10.9497 -3.4068
v 1.8171 9.4864 -7.2948
v 0.4728 10.9497 -3.4068
v 3.1362 10.9497 -4.8351
v 2.1945 16.6130 -6.6578
v -0.8672 16.6130 -7.1024
v -1.2076 18.5855 -4.7582
v 2.1945 16.6130 -6.6578
v -1.2076 18.5855 -4.7582
v 1.8541 18.5855 -4.3136
v -0.5816 16.7889 -7.4273
v -1.0263 16.7889 -4.3656
v 1.5685 18.4096 -3.9887
v -0.5816 16.7889 -7.4273
v 1.5685 18.4096 -3.9887
v 2.0132 18.4096 -7.0505
v 6.0315 15.9102 -0.9425
v 3.3868 15.9102 -0.2273
v 4.0225 17.4219 2.1229
v 6.0315 15.9102 -0.9425
v 4.0225 17.4219 2.1229
v 6.6671 17.4219 1.4076
v 3.6288 15.7220 -0.4507
v 4.3440 15.7220 2.1940
v 6.4252 17.6100 1.6311
v 3.6288 15.7220 -0.4507
v 6.4252 17.6100 1.6311
v 5.7100 17.6100 -1.0136
v 2.7703 8.1669 -2.8458
v 4.1982 8.1669 0.3356
v 6.4629 9.6863 -0.6808
v 2.7703 8.1669 -2.8458
v 6.4629 9.6863 -0.6808
v 5.0350 9.6863 -3.8623
v 3.3985 7.7910 -0.2191
v 6.5800 7.7910 -1.6471
v 5.8347 10.0622 -3.3075
v 3.3985 7.7910 -0.2191
v 5.8347 10.0622 -3.3075
v 2.6533 10.0622 -1.8795
v 5.1196 9.7108 2.4675
v 2.3676 9.7108 3.5911
v 3.3583 11.3153 6.0176
v 5.1196 9.7108 2.4675
v 3.3583 11.3153 6.0176
v 6.1103 11.3153 4.8940
v 2.5297 9.6049 3.3350
v 3.6532 9.6049 6.0871
v 5.9483 11.4212 5.1501
v 2.5297 9.6049 3.3350
v 5.9483 11.4212 5.1501
v 4.8247 11.4212 2.3980
v -2.3037 14.5917 -2.2165
v -4.9130 14.5917 -3.2641
v -5.8059 16.4100 -1.0402
v -2.3037 14.5917 -2.2165
v -5.8059 16.4100 -1.0402
v -3.1966 16.4100 0.0074
v -4.7314 14.7333 -3.4149
v -5.7790 14.7333 -0.8056
v -3.3783 16.2684 0.1583
v -4.7314 14.7333 -3.4149
v -3.3783 16.2684 0.1583
v -2.3306 16.2684 -2.4510
v 3.2404 12.8804 -8.0194
v 2.5018 12.8804 -5.1382
v 4.2151 14.7005 -4.6990
v 3.2404 12.8804 -8.0194
v 4.2151 14.7005 -4.6990
v 4.9537 14.7005 -7.5803
v 1.9956 13.3086 -5.5914
v 4.8769 13.3086 -4.8528
v 5.4599 14.2723 -7.1271
v 1.9956 13.3086 -5.5914
v 5.4599 14.2723 -7.1271
v 2.5786 14.2723 -7.8657
v -5.7682 7.6304 -0.1038
v -3.7303 7.6304 2.0585
v -1.6382 9.1352 0.0867
v -5.7682 7.6304 -0.1038
v -1.6382 9.1352 0.0867
v -3.6760 9.1352 -2.0756
v -4.2136 6.9900 1.6159
v -2.0513 6.9900 -0.4219
v -3.1927 9.7757 -1.6330
v -4.2136 6.9900 1.6159
v -3.1927 9.7757 -1.6330
v -5.3550 9.7757 0.4048
v -1.7538 12.9532 -9.8588
v -4.1011 12.9532 -8.3197
v -2.7861 15.0456 -6.3142
v -1.7538 12.9532 -9.8588
v -2.7861 15.0456 -6.3142
v -0.4388 15.0456 -7.8533
v -3.9155 12.8014 -8.6858
v -2.3764 12.8014 -6.3385
v -0.6245 15.1974 -7.4872
v -3.9155 12.8014 -8.6858
v -0.6245 15.1974 -7.4872
v -2.1636 15.1974 -9.8345
v -2.3679 20.0220 -4.3519
v -3.5596 20.0220 -1.6580
v -1.6671 22.3212 -0.8208
v -2.3679 20.0220 -4.3519
v -1.6671 22.3212 -0.8208
v -0.4754 22.3212 -3.5147
v -3.7613 19.9759 -2.2850
v -1.0674 19.9759 -1.0933
v -0.2736 22.3673 -2.8877
v -3.7613 19.9759 -2.2850
v -0.2736 22.3673 -2.8877
v -2.9675 22.3673 -4.0794
v 1.8342 16.2852 -3.3988
v 2.3197 16.2852 -0.5011
v 4.2126 19.0246 -0.8182
v 1.8342 16.2852 -3.3988
v 4.2126 19.0246 -0.8182
v 3.7270 19.0246 -3.7160
v 1.7485 16.3553 -0.8275
v 4.6462 16.3553 -1.3131
v 4.2983 18.9545 -3.3895
v 1.7485 16.3553 -0.8275
v 4.2983 18.9545 -3.3895
v 1.4006 18.9545 -2.9040
v 1.9303 10.5135 5.6794
v 1.7642 10.5135 2.7854
v -0.8878 12.3362 2.9377
v 1.9303 10.5135 5.6794
v -0.8878 12.3362 2.9377
v -0.7217 12.3362 5.8316
v 1.8926 10.5004 2.9085
v -1.0013 10.5004 3.0746
v -0.8501 12.3492 5.7085
v 1.8926 10.5004 2.9085
v -0.8501 12.3492 5.7085
v 2.0438 12.3492 5.5424
v -3.7808 14.2449 5.1139
v -0.9346 14.2449 6.0181
v -0.3661 16.7023 4.2283
v -3.7808 14.2449 5.1139
v -0.3661 16.7023 4.2283
v -3.2123 16.7023 3.3241
v -1.5584 14.3066 6.4014
v -0.6543 14.3066 3.5552
v -2.5885 16.6406 2.9408
v -1.5584 14.3066 6.4014
v -2.5885 16.6406 2.9408
v -3.4926 16.6406 5.7870
v -2.2931 5.9004 5.4297
v -1.6069 5.9004 2.8855
v -3.0757 8.0747 2.4893
v -2.2931 5.9004 5.4297
v -3.0757 8.0747 2.4893
v -3.7619 8.0747 5.0335
v -1.2278 5.8656 3.6186
v -3.7720 5.8656 2.9324
v -4.1409 8.1095 4.3003
v -1.2278 5.8656 3.6186
v -4.1409 8.1095 4.3003
v -1.5967 8.1095 4.9865
v 4.2752 11.9627 4.6073
v 5.0757 11.9627 7.1633
v 7.6234 13.0629 6.3655
v 4.2752 11.9627 4.6073
v 7.6234 13.0629 6.3655
v 6.8229 13.0629 3.8094
v 4.9703 11.4720 6.8414
v 7.5263 11.4720 6.0410
v 6.9283 13.5537 4.1313
v 4.9703 11.4720 6.8414
v 6.9283 13.5537 4.1313
v 4.3723 13.5537 4.9318
v -7.3818 10.2107 -7.5151
v -4.4298 10.2107 -7.3960
v -4.3536 12.8994 -9.2845
v -7.3818 10.2107 -7.5151
v -4.3536 12.8994 -9.2845
v -7.3056 12.8994 -9.4035
v -4.3855 10.9898 -6.8616
v -4.2665 10.9898 -9.8136
v -7.3499 12.1203 -9.9380
v -4.3855 10.9898 -6.8616
v -7.3499 12.1203 -9.9380
v -7.4689 12.1203 -6.9860
v 0.0496 18.6821 -0.7156
v 2.6213 18.6821 1.2384
v 3.9218 20.4106 -0.4733
v 0.0496 18.6821 -0.7156
v 3.9218 20.4106 -0.4733
v 1.3500 20.4106 -2.4272
v 2.0111 18.9829 1.4530
v 3.9650 18.9829 -1.1188
v 1.9603 20.1098 -2.6419
v 2.0111 18.9829 1.4530
v 1.9603 20.1098 -2.6419
v 0.0064 20.1098 -0.0701
v -1.9717 10.6097 -0.7113
v -2.8714 10.6097 -3.6757
v -4.7027 12.6669 -3.1199
v -1.9717 10.6097 -0.7113
v -4.7027 12.6669 -3.1199
v -3.8029 12.6669 -0.1554
v -2.1343 10.6143 -3.2858
v -5.0987 10.6143 -2.3860
v -4.5400 12.6623 -0.5454
v -2.1343 10.6143 -3.2858
v -4.5400 12.6623 -0.5454
v -1.5756 12.6623 -1.4451
v -5.2457 10.5786 -2.8416
v -7.3268 10.5786 -0.1626
v -5.9389 12.7285 0.9155
v -5.2457 10.5786 -2.8416
v -5.9389 12.7285 0.9155
v -3.8578 12.7285 -1.7635
v -7.5741 10.7417 -1.1768
v -4.8951 10.7417 0.9043
v -3.6105 12.5654 -0.7493
v -7.5741 10.7417 -1.1768
v -3.6105 12.5654 -0.7493
v -6.2895 12.5654 -2.8304
v 0.0049 22.2344 1.9358
v -0.7289 22.2344 4.8253
v 2.0557 23.3484 5.5324
v 0.0049 22.2344 1.9358
v 2.0557 23.3484 5.5324
v 2.7895 23.3484 2.6429
v -0.6198 21.4962 4.1759
v 2.2697 21.4962 4.9097
v 2.6804 24.0866 3.2922
v -0.6198 21.4962 4.1759
v 2.6804 24.0866 3.2922
v -0.2091 24.0866 2.5585
v 0.5010 19.3683 -1.9868
v -2.3954 19.3683 -2.3024
v -2.6682 20.4489 0.2015
v 0.5010 19.3683 -1.9868
v -2.6682 20.4489 0.2015
v 0.2282 20.4489 0.5170
v -1.6244 18.7321 -2.4170
v -1.9399 18.7321 0.4794
v -0.5428 21.0850 0.6316
v -1.6244 18.7321 -2.4170
v -0.5428 21.0850 0.6316
v -0.2273 21.0850 -2.2648
v -3.1397 12.0071 1.8761
v -5.8654 12.0071 3.1705
v -5.1616 14.5432 4.6525
v -3.1397 12.0071 1.8761
v -5.1616 14.5432 4.6525
v -2.4359 14.5432 3.3582
v -6.0492 12.6737 2.4957
v -4.7549 12.6737 5.2214
v -2.2520 13.8765 4.0329
v -6.0492 12.6737 2.4957
v -2.2520 13.8765 4.0329
v -3.5464 13.8765 1.3072
v -3.9396 22.5022 -1.3056
v -4.7463 22.5022 1.5966
v -1.9197 24.5877 2.3824
v -3.9396 22.5022 -1.3056
v -1.9197 24.5877 2.3824
v -1.1129 24.5877 -0.5198
v -4.6319 22.0090 1.0388
v -1.7298 22.0090 1.8456
v -1.2273 25.0810 0.0380
v -4.6319 22.0090 1.0388
v -1.2273 25.0810 0.0380
v -4.1295 25.0810 -0.7688
v 6.1246 9.6334 -0.2670
v 8.4598 9.6334 -2.4388
v 6.9933 11.3056 -4.0156
v 6.1246 9.6334 -0.2670
v 6.9933 11.3056 -4.0156
v 4.6581 11.3056 -1.8438
v 8.2129 9.3485 -1.5020
v 6.0411 9.3485 -3.8372
v 4.9050 11.5904 -2.7806
v 8.2129 9.3485 -1.5020
v 4.9050 11.5904 -2.7806
v 7.0768 11.5904 -0.4454
v 1.7041 23.4465 0.3353
v -0.1487 23.4465 2.1689
v 1.7340 25.1229 4.0713
v 1.7041 23.4465 0.3353
v 1.7340 25.1229 4.0713
v 3.5868 25.1229 2.2377
v -0.1320 23.4095 2.2015
v 1.7016 23.4095 4.0543
v 3.5701 25.1598 2.2051
v -0.1320 23.4095 2.2015
v 3.5701 25.1598 2.2051
v 1.7365 25.1598 0.3524
v -6.9160 6.3274 -5.8765
v -4.1684 6.3274 -4.6658
v -3.1161 7.9469 -7.0539
v -6.9160 6.3274 -5.8765
v -3.1161 7.9469 -7.0539
v -5.8636 7.9469 -8.2647
v -4.7119 5.9664 -4.6907
v -3.5012 5.9664 -7.4382
v -5.3201 8.3079 -8.2398
v -4.7119 5.9664 -4.6907
v -5.3201 8.3079 -8.2398
v -6.5309 8.3079 -5.4923
v 3.6315 15.8081 0.9002
v 0.5857 15.8081 0.7613
v 0.4767 16.7118 3.1510
v 3.6315 15.8081 0.9002
v 0.4767 16.7118 3.1510
v 3.5226 16.7118 3.2899
v 1.4075 15.2011 0.4700
v 1.2687 15.2011 3.5159
v 2.7007 17.3187 3.5812
v 1.4075 15.2011 0.4700
v 2.7007 17.3187 3.5812
v 2.8395 17.3187 0.5353
v -4.1083 9.5801 4.6909
v -6.7947 9.5801 4.0789
v -7.1902 11.7251 5.8151
v -4.1083 9.5801 4.6909
v -7.1902 11.7251 5.8151
v -4.5038 11.7251 6.4270
v -6.3002 9.6629 3.6918
v -6.9122 9.6629 6.3782
v -4.9982 11.6424 6.8142
v -6.3002 9.6629 3.6918
v -4.9982 11.6424 6.8142
v -4.3863 11.6424 4.1278
v -1.0490 7.7077 6.9311
v 1.7173 7.7077 8.2901
v 2.6001 9.6189 6.4933
v -1.0490 7.7077 6.9311
v 2.6001 9.6189 6.4933
v -0.1662 9.6189 5.1342
v 0.7820 7.5096 8.4323
v 2.1410 7.5096 5.6661
v 0.7691 9.8170 4.9920
v 0.7820 7.5096 8.4323
v 0.7691 9.8170 4.9920
v -0.5899 9.8170 7.7583
v 3.6791 14.4954 -2.3820
v 1.7303 14.4954 -4.9706
v -0.4366 16.4387 -3.3392
v 3.6791 14.4954 -2.3820
v -0.4366 16.4387 -3.3392
v 1.5122 16.4387 -0.7506
v 2.0049 14.7664 -5.0446
v -0.5837 14.7664 -3.0958
v 1.2376 16.1676 -0.6765
v 2.0049 14.7664 -5.0446
v 1.2376 16.1676 -0.6765
v 3.8262 16.1676 -2.6254
v -3.7044 18.5671 3.1171
v -2.0318 18.5671 0.5859
v -3.8258 20.5612 -0.5995
v -3.7044 18.5671 3.1171
v -3.8258 20.5612 -0.5995
v -5.4983 20.5612 1.9317
v -1.9371 18.5109 1.2440
v -4.4683 18.5109 -0.4285
v -5.5930 20.6175 1.2736
v -1.9371 18.5109 1.2440
v -5.5930 20.6175 1.2736
v -3.0618 20.6175 2.9461
v -7.3829 17.3267 -2.7408
v -7.0776 17.3267 0.3129
v -5.3721 19.3406 0.1424
v -7.3829 17.3267 -2.7408
v -5.3721 19.3406 0.1424
v -5.6774 19.3406 -2.9112
v -7.7902 17.6759 -0.0052
v -4.7366 17.6759 -0.3104
v -4.9648 18.9914 -2.5932
v -7.7902 17.6759 -0.0052
v -4.9648 18.9914 -2.5932
v -8.0184 18.9914 -2.2879
v -4.6197 14.5244 1.9566
v -1.4789 14.5244 1.8330
v -1.5879 15.7094 -0.9380
v -4.6197 14.5244 1.9566
v -1.5879 15.7094 -0.9380
v -4.7288 15.7094 -0.8144
v -1.6298 14.5913 2.0242
v -1.7534 14.5913 -1.1167
v -4.5778 15.6424 -1.0056
v -1.6298 14.5913 2.0242
v -4.5778 15.6424 -1.0056
v -4.4542 15.6424 2.1353
v 5.7068 14.1173 -3.3353
v 6.5179 14.1173 -6.2372
v 4.8245 16.3474 -6.7105
v 5.7068 14.1173 -3.3353
v 4.8245 16.3474 -6.7105
v 4.0135 16.3474 -3.8085
v 6.9749 14.1855 -5.5412
v 4.0729 14.1855 -6.3523
v 3.5565 16.2793 -4.5045
v 6.9749 14.1855 -5.5412
v 3.5565 16.2793 -4.5045
v 6.4585 16.2793 -3.6935
v -1.5326 7.2902 -6.6764
v -4.3219 7.2902 -6.8071
v -4.4185 9.0552 -4.7454
v -1.5326 7.2902 -6.6764
v -4.4185 9.0552 -4.7454
v -1.6292 9.0552 -4.6147
v -3.7101 7.0761 -7.1430
v -3.8408 7.0761 -4.3537
v -2.2410 9.2693 -4.2788
v -3.7101 7.0761 -7.1430
v -2.2410 9.2693 -4.2788
v -2.1103 9.2693 -7.0680
v -6.0206 5.6536 3.5981
v -3.3341 5.6536 4.8465
v -2.3664 8.4787 2.7641
v -6.0206 5.6536 3.5981
v -2.3664 8.4787 2.7641
v -5.0529 8.4787 1.5157
v -3.3106 6.3235 5.2247
v -2.0622 6.3235 2.5382
v -5.0765 7.8088 1.1375
v -3.3106 6.3235 5.2247
v -5.0765 7.8088 1.1375
v -6.3249 7.8088 3.8240
v -6.0747 11.2060 -6.5301
v -4.2196 11.2060 -4.1572
v -2.2118 12.9187 -5.7269
v -6.0747 11.2060 -6.5301
v -2.2118 12.9187 -5.7269
v -4.0669 12.9187 -8.0998
v -4.4576 11.4686 -4.0855
v -2.0848 11.4686 -5.9407
v -3.8289 12.6561 -8.1715
v -4.4576 11.4686 -4.0855
v -3.8289 12.6561 -8.1715
v -6.2017 12.6561 -6.3163
v 2.9502 15.1708 4.4409
v 0.1233 15.1708 5.4142
v 0.7171 17.5655 7.1386
v 2.9502 15.1708 4.4409
v 0.7171 17.5655 7.1386
v 3.5439 17.5655 6.1653
v 0.4573 15.1935 4.6827
v 1.4307 15.1935 7.5095
v 3.2099 17.5429 6.8969
v 0.4573 15.1935 4.6827
v 3.2099 17.5429 6.8969
v 2.2366 17.5429 4.0700
v -4.9083 9.4082 6.4739
v -4.3901 9.4082 9.6471
v -2.5063 11.7403 9.3394
v -4.9083 9.4082 6.4739
v -2.5063 11.7403 9.3394
v -3.0246 11.7403 6.1662
v -5.0829 9.8280 9.4577
v -1.9097 9.8280 8.9394
v -2.3317 11.3205 6.3556
v -5.0829 9.8280 9.4577
v -2.3317 11.3205 6.3556
v -5.5049 11.3205 6.8739
v 0.3743 7.1816 6.1869
v 3.5103 7.1816 7.0397
v 4.2565 8.4701 4.2956
v 0.3743 7.1816 6.1869
v 4.2565 8.4701 4.2956
v 1.1204 8.4701 3.4429
v 2.7761 6.5644 7.0505
v 3.6289 6.5644 3.9145
v 1.8546 9.0874 3.4320
v 2.7761 6.5644 7.0505
v 1.8546 9.0874 3.4320
v 1.0019 9.0874 6.5681
v 5.2416 9.3376 -6.6159
v 2.1577 9.3376 -7.4436
v 1.7328 11.7455 -5.8605
v 5.2416 9.3376 -6.6159
v 1.7328 11.7455 -5.8605
v 4.8167 11.7455 -5.0328
v 2.8098 9.6225 -8.0730
v 1.9821 9.6225 -4.9892
v 4.1646 11.4605 -4.4033
v 2.8098 9.6225 -8.0730
v 4.1646 11.4605 -4.4033
v 4.9923 11.4605 -7.4872
v 0.9387 16.9983 -1.0729
v -1.8218 16.9983 -1.5248
v -2.1058 19.4562 0.2098
v 0.9387 16.9983 -1.0729
v -2.1058 19.4562 0.2098
v 0.6547 19.4562 0.6617
v -1.3093 17.0641 -1.9676
v -1.7612 17.0641 0.7929
v 0.1422 19.3903 1.1045
v -1.3093 17.0641 -1.9676
v 0.1422 19.3903 1.1045
v 0.5941 19.3903 -1.6560
v -7.3756 6.6690 0.9231
v -4.0495 6.6690 1.6465
v -3.6597 9.3650 -0.1461
v -7.3756 6.6690 0.9231
v -3.6597 9.3650 -0.1461
v -6.9857 9.3650 -0.8695
v -4.8072 6.8109 2.2847
v -4.0838 6.8109 -1.0413
v -6.2280 9.2231 -1.5077
v -4.8072 6.8109 2.2847
v -6.2280 9.2231 -1.5077
v -6.9514 9.2231 1.8183
v 5.8902 10.0783 -0.9132
v 4.5892 10.0783 1.9021
v 7.4286 12.0762 3.2142
v 5.8902 10.0783 -0.9132
v 7.4286 12.0762 3.2142
v 8.7296 12.0762 0.3989
v 4.8109 9.5477 1.4541
v 7.6262 9.5477 2.7551
v 8.5080 12.6067 0.8469
v 4.8109 9.5477 1.4541
v 8.5080 12.6067 0.8469
v 5.6927 12.6067 -0.4541
v -5.2071 13.5893 -8.6643
v -5.1163 13.5893 -5.5708
v -3.5169 16.3283 -5.6177
v -5.2071 13.5893 -8.6643
v -3.5169 16.3283 -5.6177
v -3.6077 16.3283 -8.7113
v -5.8667 14.2859 -5.6600
v -2.7731 14.2859 -5.7508
v -2.8574 15.6317 -8.6220
v -5.8667 14.2859 -5.6600
v -2.8574 15.6317 -8.6220
v -5.9509 15.6317 -8.5312
v -3.0971 7.6780 0.7392
v -0.7263 7.6780 -1.2457
v -2.7027 9.0642 -3.6062
v -3.0971 7.6780 0.7392
v -2.7027 9.0642 -3.6062
v -5.0734 9.0642 -1.6213
v -0.7548 7.6029 -1.2131
v -2.7397 7.6029 -3.5839
v -5.0449 9.1393 -1.6539
v -0.7548 7.6029 -1.2131
v -5.0449 9.1393 -1.6539
v -3.0600 9.1393 0.7169
v 1.9685 5.8631 -1.9188
v 4.8807 5.8631 -0.4180
v 5.6889 8.1201 -1.9861
v 1.9685 5.8631 -1.9188
v 5.6889 8.1201 -1.9861
v 2.7767 8.1201 -3.4869
v 3.9561 5.9541 -0.0440
v 5.4569 5.9541 -2.9562
v 3.7013 8.0291 -3.8609
v 3.9561 5.9541 -0.0440
v 3.7013 8.0291 -3.8609
v 2.2005 8.0291 -0.9487
v 1.7756 16.5377 5.3382
v 4.6790 16.5377 5.3313
v 4.6730 17.7507 2.8049
v 1.7756 16.5377 5.3382
v 4.6730 17.7507 2.8049
v 1.7696 17.7507 2.8118
v 4.5142 16.5887 5.5202
v 4.5073 16.5887 2.6168
v 1.9344 17.6997 2.6229
v 4.5142 16.5887 5.5202
v 1.9344 17.6997 2.6229
v 1.9413 17.6997 5.5263
v -1.0475 15.1638 -8.2654
v -1.1105 15.1638 -5.3926
v 1.5565 16.8590 -5.3342
v -1.0475 15.1638 -8.2654
v 1.5565 16.8590 -5.3342
v 1.6195 16.8590 -8.2069
v -1.2140 15.4179 -5.3669
v 1.6588 15.4179 -5.3039
v 1.7230 16.6049 -8.2326
v -1.2140 15.4179 -5.3669
v 1.7230 16.6049 -8.2326
v -1.1498 16.6049 -8.2956
v -2.6670 13.3638 3.3524
v 0.1403 13.3638 5.4056
v 1.1369 15.3634 4.0429
v -2.6670 13.3638 3.3524
v 1.1369 15.3634 4.0429
v -1.6704 15.3634 1.9897
v -0.9209 13.6229 5.7381
v 1.1322 13.6229 2.9308
v -0.6091 15.1042 1.6572
v -0.9209 13.6229 5.7381
v -0.6091 15.1042 1.6572
v -2.6623 15.1042 4.4645
v 0.9570 20.6313 -2.8074
v -0.5777 20.6313 -0.0521
v 1.4122 21.6803 1.0563
v 0.9570 20.6313 -2.8074
v 1.4122 21.6803 1.0563
v 2.9469 21.6803 -1.6990
v -0.6205 20.2611 -0.8756
v 2.1348 20.2611 0.6592
v 2.9897 22.0506 -0.8756
v -0.6205 20.2611 -0.8756
v 2.9897 22.0506 -0.8756
v 0.2344 22.0506 -2.4103
v -5.2269 10.7452 -8.9574
v -3.5756 10.7452 -11.8230
v -5.4375 11.9311 -12.8960
v -5.2269 10.7452 -8.9574
v -5.4375 11.9311 -12.8960
v -7.0889 11.9311 -10.0303
v -3.4227 10.5671 -10.9283
v -6.2884 10.5671 -12.5796
v -7.2418 12.1092 -10.9251
v -3.4227 10.5671 -10.9283
v -7.2418 12.1092 -10.9251
v -4.3761 12.1092 -9.2738
v 0.4733 11.8908 4.4043
v 1.4882 11.8908 7.3373
v 2.9296 14.3714 6.8386
v 0.4733 11.8908 4.4043
v 2.9296 14.3714 6.8386
v 1.9148 14.3714 3.9055
v 0.5880 12.1542 7.1492
v 3.5210 12.1542 6.1343
v 2.8150 14.1080 4.0937
v 0.5880 12.1542 7.1492
v 2.8150 14.1080 4.0937
v -0.1181 14.1080 5.1085
v 6.0280 11.9284 5.4568
v 9.2600 11.9284 6.4191
v 9.9437 14.1407 4.1227
v 6.0280 11.9284 5.4568
v 9.9437 14.1407 4.1227
v 6.7117 14.1407 3.1605
v 8.8896 12.2789 6.8181
v 9.8518 12.2789 3.5861
v 7.0822 13.7901 2.7615
v 8.8896 12.2789 6.8181
v 7.0822 13.7901 2.7615
v 6.1199 13.7901 5.9935
v 2.8289 19.1898 -2.2701
v 2.4516 19.1898 -5.2838
v -0.2564 20.3885 -4.9448
v 2.8289 19.1898 -2.2701
v -0.2564 20.3885 -4.9448
v 0.1210 20.3885 -1.9310
v 2.6417 18.9325 -5.0062
v -0.3721 18.9325 -4.6288
v -0.0691 20.6459 -2.2087
v 2.6417 18.9325 -5.0062
v -0.0691 20.6459 -2.2087
v 2.9447 20.6459 -2.5860
v -3.5513 11.7523 -1.6902
v -4.5224 11.7523 -4.7915
v -5.9730 13.9221 -4.3372
v -3.5513 11.7523 -1.6902
v -5.9730 13.9221 -4.3372
v -5.0019 13.9221 -1.2360
v -3.4921 11.9028 -4.3953
v -6.5933 11.9028 -3.4242
v -6.0322 13.7716 -1.6321
v -3.4921 11.9028 -4.3953
v -6.0322 13.7716 -1.6321
v -2.9309 13.7716 -2.6032
v -4.1156 8.1588 5.5855
v -6.3065 8.1588 7.5406
v -5.2777 10.5286 8.6936
v -4.1156 8.1588 5.5855
v -5.2777 10.5286 8.6936
v -3.0868 10.5286 6.7385
v -6.3131 8.2178 6.6143
v -4.3581 8.2178 8.8052
v -3.0802 10.4696 7.6648
v -6.3131 8.2178 6.6143
v -3.0802 10.4696 7.6648
v -5.0352 10.4696 5.4739
v 6.4182 14.4111 -0.9201
v 3.5738 14.4111 -1.5661
v 3.0016 15.5208 0.9535
v 6.4182 14.4111 -0.9201
v 3.0016 15.5208 0.9535
v 5.8459 15.5208 1.5995
v 3.8001 14.3505 -1.6854
v 3.1541 14.3505 1.1589
v 5.6196 15.5814 1.7189
v 3.8001 14.3505 -1.6854
v 5.6196 15.5814 1.7189
v 6.2656 15.5814 -1.1255
v -0.4286 16.3446 6.7416
v 2.1089 16.3446 4.9904
v 0.6909 18.1538 2.9358
v -0.4286 16.3446 6.7416
v 0.6909 18.1538 2.9358
v -1.8466 18.1538 4.6870
v 1.9719 16.2486 5.4413
v 0.2207 16.2486 2.9039
v -1.7096 18.2498 4.2360
v 1.9719 16.2486 5.4413
v -1.7096 18.2498 4.2360
v 0.0416 18.2498 6.7735
v 0.0382 10.7035 -8.1290
v 2.6708 10.7035 -6.9990
v 3.2779 13.3093 -8.4133
v 0.0382 10.7035 -8.1290
v 3.2779 13.3093 -8.4133
v 0.6452 13.3093 -9.5434
v 1.8616 10.7454 -6.6249
v 2.9916 10.7454 -9.2576
v 1.4544 13.2675 -9.9174
v 1.8616 10.7454 -6.6249
v 1.4544 13.2675 -9.9174
v 0.3244 13.2675 -7.2847
v -3.3534 17.8654 1.4973
v -2.1944 17.8654 4.5525
v 0.5396 19.1742 3.5154
v -3.3534 17.8654 1.4973
v 0.5396 19.1742 3.5154
v -0.6195 19.1742 0.4601
v -2.4103 17.9025 4.4678
v 0.6450 17.9025 3.3088
v -0.4036 19.1371 0.5448
v -2.4103 17.9025 4.4678
v -0.4036 19.1371 0.5448
v -3.4588 19.1371 1.7039
v 0.2614 22.9452 -0.9553
v -0.4767 22.9452 -3.6679
v -3.5797 24.2213 -2.8236
v 0.2614 22.9452 -0.9553
v -3.5797 24.2213 -2.8236
v -2.8416 24.2213 -0.1109
v -0.7186 22.8868 -3.7864
v -3.4312 22.8868 -3.0483
v -2.5997 24.2796 0.0076
v -0.7186 22.8868 -3.7864
v -2.5997 24.2796 0.0076
v 0.1129 24.2796 -0.7305
v -0.3778 5.0828 -3.0634
v -2.9545 5.0828 -4.7869
v -4.0122 8.1318 -3.2057
v -0.3778 5.0828 -3.0634
v -4.0122 8.1318 -3.2057
v -1.4355 8.1318 -1.4821
v -2.4696 5.4412 -5.1830
v -4.1931 5.4412 -2.6063
v -1.9203 7.7733 -1.0861
v -2.4696 5.4412 -5.1830
v -1.9203 7.7733 -1.0861
v -0.1968 7.7733 -3.6627
v -1.3397 14.0595 -3.6173
v 1.7155 14.0595 -3.8198
v 1.5262 15.7163 -6.6747
v -1.3397 14.0595 -3.6173
v 1.5262 15.7163 -6.6747
v -1.5290 15.7163 -6.4722
v 1.0729 13.4886 -3.6766
v 0.8703 13.4886 -6.7318
v -0.8863 16.2872 -6.6154
v 1.0729 13.4886 -3.6766
v -0.8863 16.2872 -6.6154
v -0.6838 16.2872 -3.5601
v 3.5275 14.6615 -7.4036
v 0.8586 14.6615 -5.7492
v 2.0862 16.0913 -3.7690
v 3.5275 14.6615 -7.4036
v 2.0862 16.0913 -3.7690
v 4.7550 16.0913 -5.4233
v 1.0232 14.6006 -6.3278
v 2.6775 14.6006 -3.6590
v 4.5905 16.1521 -4.8447
v 1.0232 14.6006 -6.3278
v 4.5905 16.1521 -4.8447
v 2.9361 16.1521 -7.5136
v 5.7402 12.8444 6.7426
v 5.7453 12.8444 3.8780
v 3.9733 15.6903 3.8749
v 5.7402 12.8444 6.7426
v 3.9733 15.6903 3.8749
v 3.9682 15.6903 6.7394
v 6.2914 13.2421 3.9852
v 3.4268 13.2421 3.9801
v 3.4221 15.2926 6.6323
v 6.2914 13.2421 3.9852
v 3.4221 15.2926 6.6323
v 6.2867 15.2926 6.6374
v -1.7109 22.2328 2.5498
v -2.6342 22.2328 5.4136
v -0.9792 24.6733 5.9472
v -1.7109 22.2328 2.5498
v -0.9792 24.6733 5.9472
v -0.0559 24.6733 3.0834
v -3.1202 22.4564 4.8517
v -0.2565 22.4564 5.7750
v 0.4302 24.4496 3.6453
v -3.1202 22.4564 4.8517
v 0.4302 24.4496 3.6453
v -2.4336 24.4496 2.7220
v -6.5956 17.9939 3.3889
v -4.7983 17.9939 1.1267
v -6.1566 20.3654 0.0476
v -6.5956 17.9939 3.3889
v -6.1566 20.3654 0.0476
v -7.9539 20.3654 2.3098
v -4.7776 17.9172 2.0285
v -7.0398 17.9172 0.2313
v -7.9746 20.4421 1.4080
v -4.7776 17.9172 2.0285
v -7.9746 20.4421 1.4080
v -5.7124 20.4421 3.2052
v -5.7287 13.7953 -5.6619
v -6.5162 13.7953 -2.6533
v -3.9508 15.1613 -1.9819
v -5.7287 13.7953 -5.6619
v -3.9508 15.1613 -1.9819
v -3.1634 15.1613 -4.9905
v -6.6726 13.7426 -2.9605
v -3.6640 13.7426 -2.1731
v -3.0070 15.2140 -4.6833
v -6.6726 13.7426 -2.9605
v -3.0070 15.2140 -4.6833
v -6.0156 15.2140 -5.4708
v -2.6657 19.5124 1.2505
v -1.6948 19.5124 -1.5772
v -3.3128 21.8046 -2.1327
v -2.6657 19.5124 1.2505
v -3.3128 21.8046 -2.1327
v -4.2837 21.8046 0.6949
v -1.1713 19.9538 -1.1327
v -3.9990 19.9538 -2.1035
v -4.8072 21.3632 0.2504
v -1.1713 19.9538 -1.1327
v -4.8072 21.3632 0.2504
v -1.9795 21.3632 1.2213
v -3.2966 21.2476 -2.6113
v -5.8641 21.2476 -1.4132
v -5.0468 24.1838 0.3381
v -3.2966 21.2476 -2.6113
v -5.0468 24.1838 0.3381
v -2.4794 24.1838 -0.8600
v -5.7096 21.2959 -1.9822
v -4.5115 21.2959 0.5852
v -2.6338 24.1355 -0.2910
v -5.7096 21.2959 -1.9822
v -2.6338 24.1355 -0.2910
v -3.8320 24.1355 -2.8584
v -8.3177 8.7661 2.2233
v -5.7433 8.7661 3.8741
v -4.2997 10.7994 1.6230
v -8.3177 8.7661 2.2233
v -4.2997 10.7994 1.6230
v -6.8741 10.7994 -0.0279
v -6.1791 8.5441 3.8228
v -4.5282 8.5441 1.2484
v -6.4383 11.0213 0.0235
v -6.1791 8.5441 3.8228
v -6.4383 11.0213 0.0235
v -8.0892 11.0213 2.5978
v -1.9532 11.9669 -8.0682
v -4.9832 11.9669 -8.1889
v -5.0375 13.9965 -6.8269
v -1.9532 11.9669 -8.0682
v -5.0375 13.9965 -6.8269
v -2.0075 13.9965 -6.7062
v -4.3851 12.2135 -9.0004
v -4.5059 12.2135 -5.9704
v -2.6056 13.7499 -5.8947
v -4.3851 12.2135 -9.0004
v -2.6056 13.7499 -5.8947
v -2.4849 13.7499 -8.9247
v 1.2030 6.3228 -6.0877
v -0.6685 6.3228 -8.1374
v -2.2601 7.4841 -6.6842
v 1.2030 6.3228 -6.0877
v -2.2601 7.4841 -6.6842
v -0.3887 7.4841 -4.6345
v -0.0929 6.0462 -7.9669
v -2.1426 6.0462 -6.0955
v -0.9642 7.7608 -4.8049
v -0.0929 6.0462 -7.9669
v -0.9642 7.7608 -4.8049
v 1.0854 7.7608 -6.6763
v 3.3087 16.9872 3.2633
v 6.1158 16.9872 2.8951
v 5.8320 18.6262 0.7317
v 3.3087 16.9872 3.2633
v 5.8320 18.6262 0.7317
v 3.0249 18.6262 1.0999
v 5.9515 17.1709 3.2440
v 5.5833 17.1709 0.4369
v 3.1892 18.4424 0.7510
v 5.9515 17.1709 3.2440
v 3.1892 18.4424 0.7510
v 3.5574 18.4424 3.5580
v 4.8748 13.8355 5.9185
v 7.8047 13.8355 6.7956
v 8.6382 14.9840 4.0114
v 4.8748 13.8355 5.9185
v 8.6382 14.9840 4.0114
v 5.7083 14.9840 3.1343
v 7.2750 13.2083 6.7164
v 8.1521 13.2083 3.7865
v 6.2380 15.6111 3.2135
v 7.2750 13.2083 6.7164
v 6.2380 15.6111 3.2135
v 5.3610 15.6111 6.1434
v -2.6047 15.8732 -7.2105
v -3.1526 15.8732 -4.3786
v -0.3880 17.3053 -3.8437
v -2.6047 15.8732 -7.2105
v -0.3880 17.3053 -3.8437
v 0.1599 17.3053 -6.6757
v -3.1007 15.3596 -4.8277
v -0.2687 15.3596 -4.2799
v 0.1079 17.8189 -6.2265
v -3.1007 15.3596 -4.8277
v 0.1079 17.8189 -6.2265
v -2.7240 17.8189 -6.7744
v -4.2817 17.8243 -4.6789
v -1.1512 17.8243 -3.6417
v -0.3011 19.0725 -6.2076
v -4.2817 17.8243 -4.6789
v -0.3011 19.0725 -6.2076
v -3.4316 19.0725 -7.2448
v -2.0708 17.1796 -3.6331
v -1.0336 17.1796 -6.7636
v -2.5120 19.7172 -7.2534
v -2.0708 17.1796 -3.6331
v -2.5120 19.7172 -7.2534
v -3.5492 19.7172 -4.1229
v -3.4626 8.5930 -8.2101
v -0.9193 8.5930 -9.0817
v -1.4583 10.8209 -10.6546
v -3.4626 8.5930 -8.2101
v -1.4583 10.8209 -10.6546
v -4.0016 10.8209 -9.7830
v -1.1959 8.6278 -8.4447
v -2.0675 8.6278 -10.9880
v -3.7250 10.7861 -10.4200
v -1.1959 8.6278 -8.4447
v -3.7250 10.7861 -10.4200
v -2.8534 10.7861 -7.8766
v -1.0463 9.8207 -6.9101
v -2.2486 9.8207 -4.3265
v -0.1018 11.1532 -3.3275
v -1.0463 9.8207 -6.9101
v -0.1018 11.1532 -3.3275
v 1.1004 11.1532 -5.9111
v -2.1609 9.3224 -5.0858
v 0.4226 9.3224 -3.8836
v 1.0128 11.6515 -5.1518
v -2.1609 9.3224 -5.0858
v 1.0128 11.6515 -5.1518
v -1.5708 11.6515 -6.3540
v 3.1128 21.8459 0.2233
v 0.7188 21.8459 -1.5018
v -0.6828 23.7698 0.4433
v 3.1128 21.8459 0.2233
v -0.6828 23.7698 0.4433
v 1.7113 23.7698 2.1684
v 0.9306 22.2047 -1.6902
v -0.7944 22.2047 0.7039
v 1.4995 23.4110 2.3568
v 0.9306 22.2047 -1.6902
v 1.4995 23.4110 2.3568
v 3.2245 23.4110 -0.0373
v -0.4760 10.5748 2.7681
v -3.5572 10.5748 2.1508
v -4.0363 12.7832 4.5425
v -0.4760 10.5748 2.7681
v -4.0363 12.7832 4.5425
v -0.9551 12.7832 5.1598
v -2.9851 10.4192 1.9068
v -3.6024 10.4192 4.9880
v -1.5272 12.9388 5.4038
v -2.9851 10.4192 1.9068
v -1.5272 12.9388 5.4038
v -0.9099 12.9388 2.3226
v -0.8414 5.1201 -1.1366
v -3.1483 5.1201 1.0866
v -1.7593 8.2309 2.5278
v -0.8414 5.1201 -1.1366
v -1.7593 8.2309 2.5278
v 0.5475 8.2309 0.3047
v -3.3896 5.4196 0.4844
v -1.1665 5.4196 2.7913
v 0.7889 7.9314 0.9068
v -3.3896 5.4196 0.4844
v 0.7889 7.9314 0.9068
v -1.4342 7.9314 -1.4000
v 6.2755 10.1392 -2.1576
v 7.2914 10.1392 -4.9702
v 5.5628 12.3211 -5.5945
v 6.2755 10.1392 -2.1576
v 5.5628 12.3211 -5.5945
v 4.5469 12.3211 -2.7820
v 7.5736 10.0050 -4.0551
v 4.7610 10.0050 -5.0710
v 4.2647 12.4554 -3.6971
v 7.5736 10.0050 -4.0551
v 4.2647 12.4554 -3.6971
v 7.0773 12.4554 -2.6812
v -7.2693 14.0678 -1.3694
v -4.9608 14.0678 0.8263
v -3.2441 15.4964 -0.9786
v -7.2693 14.0678 -1.3694
v -3.2441 15.4964 -0.9786
v -5.5526 15.4964 -3.1742
v -5.7558 13.6080 0.5497
v -3.5601 13.6080 -1.7588
v -4.7575 15.9562 -2.8977
v -5.7558 13.6080 0.5497
v -4.7575 15.9562 -2.8977
v -6.9532 15.9562 -0.5892
v 4.5252 13.4675 2.7723
v 6.9134 13.4675 4.4988
v 8.1144 15.9293 2.8375
v 4.5252 13.4675 2.7723
v 8.1144 15.9293 2.8375
v 5.7261 15.9293 1.1110
v 6.2517 13.4323 4.5738
v 7.9781 13.4323 2.1856
v 6.3879 15.9644 1.0360
v 6.2517 13.4323 4.5738
v 6.3879 15.9644 1.0360
v 4.6614 15.9644 3.4242
v 5.8968 8.3062 -1.5537
v 8.8848 8.3062 -2.2495
v 8.2887 9.7467 -4.8090
v 5.8968 8.3062 -1.5537
v 8.2887 9.7467 -4.8090
v 5.3007 9.7467 -4.1131
v 8.3020 7.8168 -1.8879
v 7.6061 7.8168 -4.8759
v 5.8835 10.2361 -4.4747
v 8.3020 7.8168 -1.8879
v 5.8835 10.2361 -4.4747
v 6.5794 10.2361 -1.4867
v -0.0739 21.3334 0.8777
v -2.2518 21.3334 2.7420
v -1.3573 23.6430 3.7869
v -0.0739 21.3334 0.8777
v -1.3573 23.6430 3.7869
v 0.8206 23.6430 1.9226
v -2.5385 21.8310 2.0058
v -0.6742 21.8310 4.1837
v 1.1073 23.1454 2.6588
v -2.5385 21.8310 2.0058
v 1.1073 23.1454 2.6588
v -0.7570 23.1454 0.4809
v 2.0017 17.2617 -1.0248
v 1.4881 17.2617 -3.7187
v -0.7106 19.1937 -3.2996
v 2.0017 17.2617 -1.0248
v -0.7106 19.1937 -3.2996
v -0.1971 19.1937 -0.6056
v 1.7936 17.1996 -3.4626
v -0.9004 17.1996 -2.9490
v -0.5025 19.2558 -0.8618
v 1.7936 17.1996 -3.4626
v -0.5025 19.2558 -0.8618
v 2.1915 19.2558 -1.3753
v -3.2360 18.1007 -6.3731
v -6.1299 18.1007 -6.2868
v -6.0627 20.1579 -4.0336
v -3.2360 18.1007 -6.3731
v -6.0627 20.1579 -4.0336
v -3.1688 20.1579 -4.1199
v -6.1184 18.5874 -6.6078
v -6.0320 18.5874 -3.7139
v -3.1804 19.6712 -3.7989
v -6.1184 18.5874 -6.6078
v -3.1804 19.6712 -3.7989
v -3.2667 19.6712 -6.6928
v 3.6177 11.9779 -2.5288
v 6.8052 11.9779 -1.5922
v 7.2987 13.8097 -3.2715
v 3.6177 11.9779 -2.5288
v 7.2987 13.8097 -3.2715
v 4.1112 13.8097 -4.2081
v 5.7766 11.9282 -1.0753
v 6.7132 11.9282 -4.2628
v 5.1398 13.8594 -4.7251
v 5.7766 11.9282 -1.0753
v 5.1398 13.8594 -4.7251
v 4.2032 13.8594 -1.5376
v 1.0105 12.7961 -3.5198
v 3.7649 12.7961 -4.8668
v 2.5313 13.9124 -7.3892
v 1.0105 12.7961 -3.5198
v 2.5313 13.9124 -7.3892
v -0.2230 13.9124 -6.0422
v 3.5402 12.4627 -4.6132
v 2.1932 12.4627 -7.3675
v 0.0017 14.2458 -6.2958
v 3.5402 12.4627 -4.6132
v 0.0017 14.2458 -6.2958
v 1.3487 14.2458 -3.5415
v -0.7801 17.4293 0.1822
v -3.4484 17.4293 -1.4356
v -4.7086 18.6753 0.6430
v -0.7801 17.4293 0.1822
v -4.7086 18.6753 0.6430
v -2.0403 18.6753 2.2607
v -2.8339 17.1796 -1.4662
v -4.4516 17.1796 1.2020
v -2.6549 18.9249 2.2914
v -2.8339 17.1796 -1.4662
v -2.6549 18.9249 2.2914
v -1.0371 18.9249 -0.3769
v 1.3782 14.1393 -0.3340
v 1.2874 14.1393 2.6202
v 3.5804 15.6846 2.6907
v 1.3782 14.1393 -0.3340
v 3.5804 15.6846 2.6907
v 3.6712 15.6846 -0.2635
v 0.9650 14.2408 2.3416
v 3.9193 14.2408 2.4324
v 3.9936 15.5830 0.0151
v 0.9650 14.2408 2.3416
v 3.9936 15.5830 0.0151
v 1.0393 15.5830 -0.0757
v -7.9484 12.4340 4.1449
v -4.6034 12.4340 3.1151
v -5.2620 13.8231 0.9759
v -7.9484 12.4340 4.1449
v -5.2620 13.8231 0.9759
v -8.6069 13.8231 2.0057
v -5.4434 11.9986 4.0337
v -6.4732 11.9986 0.6888
v -7.7669 14.2585 1.0870
v -5.4434 11.9986 4.0337
v -7.7669 14.2585 1.0870
v -6.7371 14.2585 4.4320
v 0.7722 12.8860 -5.7647
v 3.0794 12.8860 -8.0037
v 1.8076 15.0071 -9.3143
v 0.7722 12.8860 -5.7647
v 1.8076 15.0071 -9.3143
v -0.4996 15.0071 -7.0753
v 3.1858 13.0589 -7.1393
v 0.9469 13.0589 -9.4466
v -0.6060 14.8343 -7.9397
v 3.1858 13.0589 -7.1393
v -0.6060 14.8343 -7.9397
v 1.6329 14.8343 -5.6324
v -4.5425 18.9772 1.2371
v -6.3849 18.9772 3.3570
v -4.9572 21.3479 4.5978
v -4.5425 18.9772 1.2371
v -4.9572 21.3479 4.5978
v -3.1149 21.3479 2.4779
v -6.5054 19.0785 2.7966
v -4.3855 19.0785 4.6390
v -2.9943 21.2465 3.0383
v -6.5054 19.0785 2.7966
v -2.9943 21.2465 3.0383
v -5.1142 21.2465 1.1959
v -3.5380 13.4977 -0.4411
v -1.0765 13.4977 -2.5571
v -2.6738 14.8320 -4.4153
v -3.5380 13.4977 -0.4411
v -2.6738 14.8320 -4.4153
v -5.1353 14.8320 -2.2992
v -1.1758 13.3752 -1.9471
v -3.2919 13.3752 -4.4086
v -5.0360 14.9546 -2.9093
v -1.1758 13.3752 -1.9471
v -5.0360 14.9546 -2.9093
v -2.9200 14.9546 -0.4478
v 4.1716 10.6529 6.9865
v 6.2479 10.6529 4.8248
v 5.0278 13.3611 3.6528
v 4.1716 10.6529 6.9865
v 5.0278 13.3611 3.6528
v 2.9514 13.3611 5.8146
v 6.6419 11.2176 5.3570
v 4.4801 11.2176 3.2806
v 2.5574 12.7964 5.2824
v 6.6419 11.2176 5.3570
v 2.5574 12.7964 5.2824
v 4.7192 12.7964 7.3588
v 5.1935 11.5107 5.1139
v 7.9723 11.5107 4.4738
v 7.5425 14.0954 2.6080
v 5.1935 11.5107 5.1139
v 7.5425 14.0954 2.6080
v 4.7636 14.0954 3.2481
v 7.9153 11.8029 4.9676
v 7.2752 11.8029 2.1888
v 4.8206 13.8032 2.7543
v 7.9153 11.8029 4.9676
v 4.8206 13.8032 2.7543
v 5.4607 13.8032 5.5331
v 1.6327 16.0622 1.9188
v -1.1873 16.0622 0.9460
v -1.6888 18.5892 2.3997
v 1.6327 16.0622 1.9188
v -1.6888 18.5892 2.3997
v 1.1312 18.5892 3.3725
v -0.4283 16.1820 0.4434
v -1.4011 16.1820 3.2634
v 0.3721 18.4694 3.8751
v -0.4283 16.1820 0.4434
v 0.3721 18.4694 3.8751
v 1.3449 18.4694 1.0551
v -1.4891 21.7960 2.5158
v -3.8479 21.7960 0.1046
v -5.4157 24.0075 1.6383
v -1.4891 21.7960 2.5158
v -5.4157 24.0075 1.6383
v -3.0569 24.0075 4.0495
v -3.1959 22.1381 -0.0725
v -5.6071 22.1381 2.2863
v -3.7089 23.6654 4.2266
v -3.1959 22.1381 -0.0725
v -3.7089 23.6654 4.2266
v -1.2977 23.6654 1.8679
v 1.8103 7.1398 6.8719
v 5.0011 7.1398 7.4785
v 5.3413 9.6394 5.6886
v 1.8103 7.1398 6.8719
v 5.3413 9.6394 5.6886
v 2.1506 9.6394 5.0820
v 4.6779 7.8020 8.1428
v 5.2845 7.8020 4.9521
v 2.4738 8.9772 4.4177
v 4.6779 7.8020 8.1428
v 2.4738 8.9772 4.4177
v 1.8671 8.9772 7.6084
v -3.6217 15.0990 -8.2616
v -2.1013 15.0990 -5.6685
v 0.0832 17.0870 -6.9494
v -3.6217 15.0990 -8.2616
v 0.0832 17.0870 -6.9494
v -1.4373 17.0870 -9.5424
v -2.4729 14.9898 -5.8341
v 0.1201 14.9898 -7.3545
v -1.0657 17.1962 -9.3769
v -2.4729 14.9898 -5.8341
v -1.0657 17.1962 -9.3769
v -3.6587 17.1962 -7.8564
v -1.4291 8.2209 -9.2195
v -4.0561 8.2209 -8.2822
v -3.2627 9.5532 -6.0583
v -1.4291 8.2209 -9.2195
v -3.2627 9.5532 -6.0583
v -0.6356 9.5532 -6.9955
v -3.7488 7.9631 -8.6191
v -2.8115 7.9631 -5.9920
v -0.9430 9.8109 -6.6587
v -3.7488 7.9631 -8.6191
v -0.9430 9.8109 -6.6587
v -1.8802 9.8109 -9.2857
v 2.8750 9.4228 -0.5132
v 2.6072 9.4228 2.1976
v 4.2544 11.5856 2.3603
v 2.8750 9.4228 -0.5132
v 4.2544 11.5856 2.3603
v 4.5222 11.5856 -0.3505
v 2.0892 9.9024 2.0053
v 4.8000 9.9024 2.2731
v 5.0402 11.1060 -0.1582
v 2.0892 9.9024 2.0053
v 5.0402 11.1060 -0.1582
v 2.3294 11.1060 -0.4260
v -4.9999 6.1537 3.0948
v -6.3293 6.1537 5.2640
v -4.3471 7.9372 6.4788
v -4.9999 6.1537 3.0948
v -4.3471 7.9372 6.4788
v -3.0177 7.9372 4.3097
v -6.4638 6.4774 5.2735
v -4.2946 6.4774 6.6030
v -2.8832 7.6135 4.3001
v -6.4638 6.4774 5.2735
v -2.8832 7.6135 4.3001
v -5.0524 7.6135 2.9707
v 1.8093 23.3468 0.3100
v 0.3680 23.3468 -2.5792
v -2.1755 24.8193 -1.3105
v 1.8093 23.3468 0.3100
v -2.1755 24.8193 -1.3105
v -0.7342 24.8193 1.5788
v 0.8827 22.7260 -1.9803
v -2.0066 22.7260 -0.5390
v -1.2489 25.4401 0.9799
v 0.8827 22.7260 -1.9803
v -1.2489 25.4401 0.9799
v 1.6404 25.4401 -0.4614
v 1.3214 11.8066 5.1239
v -1.4719 11.8066 4.6110
v -1.7429 14.2785 6.0874
v 1.3214 11.8066 5.1239
v -1.7429 14.2785 6.0874
v 1.0504 14.2785 6.6003
v -0.9903 12.0519 4.0188
v -1.5032 12.0519 6.8121
v 0.5688 14.0332 7.1925
v -0.9903 12.0519 4.0188
v 0.5688 14.0332 7.1925
v 1.0817 14.0332 4.3992
v 2.2416 15.6722 -1.7284
v -0.6075 15.6722 -2.1941
v -1.0761 17.3449 0.6727
v 2.2416 15.6722 -1.7284
v -1.0761 17.3449 0.6727
v 1.7730 17.3449 1.1384
v -0.6962 15.8287 -2.1996
v -1.1620 15.8287 0.6495
v 1.8618 17.1883 1.1438
v -0.6962 15.8287 -2.1996
v 1.8618 17.1883 1.1438
v 2.3275 17.1883 -1.7053
v -5.2388 17.8634 -1.2333
v -5.6358 17.8634 -4.2458
v -7.3374 20.3269 -4.0216
v -5.2388 17.8634 -1.2333
v -7.3374 20.3269 -4.0216
v -6.9404 20.3269 -1.0090
v -4.9217 18.0426 -3.8872
v -7.9342 18.0426 -3.4902
v -7.6545 20.1477 -1.3677
v -4.9217 18.0426 -3.8872
v -7.6545 20.1477 -1.3677
v -4.6420 20.1477 -1.7647
v -2.7849 9.2363 -9.4175
v -4.8486 9.2363 -11.7252
v -6.2613 11.7927 -10.4620
v -2.7849 9.2363 -9.4175
v -6.2613 11.7927 -10.4620
v -4.1976 11.7927 -8.1542
v -4.3276 9.8330 -12.0433
v -6.6353 9.8330 -9.9796
v -4.7186 11.1960 -7.8361
v -4.3276 9.8330 -12.0433
v -4.7186 11.1960 -7.8361
v -2.4108 11.1960 -9.8998
v -1.8808 5.8347 -5.5652
v -4.7493 5.8347 -6.8078
v -5.6978 7.4255 -4.6182
v -1.8808 5.8347 -5.5652
v -5.6978 7.4255 -4.6182
v -2.8293 7.4255 -3.3756
v -4.0970 5.6145 -6.9284
v -5.3395 5.6145 -4.0598
v -3.4817 7.6456 -3.2551
v -4.0970 5.6145 -6.9284
v -3.4817 7.6456 -3.2551
v -2.2391 7.6456 -6.1236
v 7.2351 13.3158 5.7330
v 4.1244 13.3158 5.2994
v 3.8035 14.4275 7.6022
v 7.2351 13.3158 5.7330
v 3.8035 14.4275 7.6022
v 6.9142 14.4275 8.0358
v 4.6476 13.1989 4.9605
v 4.2140 13.1989 8.0712
v 6.3910 14.5444 8.3747
v 4.6476 13.1989 4.9605
v 6.3910 14.5444 8.3747
v 6.8246 14.5444 5.2639
v -5.7509 15.7512 -0.6985
v -5.8625 15.7512 -3.3291
v -8.1845 17.7336 -3.2306
v -5.7509 15.7512 -0.6985
v -8.1845 17.7336 -3.2306
v -8.0729 17.7336 -0.6000
v -5.6957 15.6071 -3.0412
v -8.3263 15.6071 -2.9296
v -8.2397 17.8777 -0.8879
v -5.6957 15.6071 -3.0412
v -8.2397 17.8777 -0.8879
v -5.6091 17.8777 -0.9996
v 3.7462 15.0294 -1.8197
v 6.4429 15.0294 -3.2042
v 5.3977 16.9004 -5.2400
v 3.7462 15.0294 -1.8197
v 5.3977 16.9004 -5.2400
v 2.7010 16.9004 -3.8556
v 6.2111 14.9396 -2.6677
v 4.8267 14.9396 -5.3644
v 2.9328 16.9903 -4.3921
v 6.2111 14.9396 -2.6677
v 2.9328 16.9903 -4.3921
v 4.3173 16.9903 -1.6954
v 1.0555 9.7227 7.7084
v -1.2371 9.7227 5.8849
v -2.9785 10.9340 8.0743
v 1.0555 9.7227 7.7084
v -2.9785 10.9340 8.0743
v -0.6858 10.9340 9.8978
v -0.7427 9.0877 6.1939
v -2.5661 9.0877 8.4866
v -1.1803 11.5691 9.5888
v -0.7427 9.0877 6.1939
v -1.1803 11.5691 9.5888
v 0.6432 11.5691 7.2962
v -2.3371 12.0018 -11.0310
v -5.1679 12.0018 -9.7814
v -4.1575 13.7461 -7.4924
v -2.3371 12.0018 -11.0310
v -4.1575 13.7461 -7.4924
v -1.3267 13.7461 -8.7420
v -4.9789 11.9455 -10.1885
v -3.7293 11.9455 -7.3577
v -1.5157 13.8024 -8.3348
v -4.9789 11.9455 -10.1885
v -1.5157 13.8024 -8.3348
v -2.7653 13.8024 -11.1657
v -6.0013 17.9627 -1.6634
v -3.2637 17.9627 -0.1174
v -2.2334 20.5301 -1.9417
v -6.0013 17.9627 -1.6634
v -2.2334 20.5301 -1.9417
v -4.9710 20.5301 -3.4877
v -4.0819 17.8741 0.0228
v -2.5358 17.8741 -2.7147
v -4.1528 20.6187 -3.6279
v -4.0819 17.8741 0.0228
v -4.1528 20.6187 -3.6279
v -5.6988 20.6187 -0.8903
v 0.9992 6.8878 5.0273
v -2.0054 6.8878 4.5240
v -2.2513 9.2686 5.9918
v 0.9992 6.8878 5.0273
v -2.2513 9.2686 5.9918
v 0.7533 9.2686 6.4951
v -1.3919 7.1261 3.8368
v -1.8952 7.1261 6.8414
v 0.1398 9.0302 7.1823
v -1.3919 7.1261 3.8368
v 0.1398 9.0302 7.1823
v 0.6431 9.0302 4.1777
v 1.1988 24.0733 2.5737
v -1.6305 24.0733 2.4491
v -1.7136 25.9342 4.3357
v 1.1988 24.0733 2.5737
v -1.7136 25.9342 4.3357
v 1.1157 25.9342 4.4603
v -0.9827 23.9380 2.0054
v -1.1073 23.9380 4.8346
v 0.4678 26.0695 4.9040
v -0.9827 23.9380 2.0054
v 0.4678 26.0695 4.9040
v 0.5925 26.0695 2.0748
v 6.4996 9.0589 -3.4310
v 4.9175 9.0589 -6.3160
v 3.6032 11.3915 -5.5952
v 6.4996 9.0589 -3.4310
v 3.6032 11.3915 -5.5952
v 5.1852 11.3915 -2.7103
v 5.8909 9.6341 -6.4037
v 3.0060 9.6341 -4.8217
v 4.2119 10.8163 -2.6225
v 5.8909 9.6341 -6.4037
v 4.2119 10.8163 -2.6225
v 7.0968 10.8163 -4.2046
v -4.3493 13.6895 -0.3059
v -7.0103 13.6895 1.6941
v -5.6335 15.7935 3.5260
v -4.3493 13.6895 -0.3059
v -5.6335 15.7935 3.5260
v -2.9725 15.7935 1.5260
v -7.1485 14.1720 1.1492
v -5.1485 14.1720 3.8103
v -2.8342 15.3110 2.0709
v -7.1485 14.1720 1.1492
v -2.8342 15.3110 2.0709
v -4.8342 15.3110 -0.5901
v -1.2947 10.8813 -2.4413
v 0.2013 10.8813 -5.0632
v -1.5709 12.3450 -6.0743
v -1.2947 10.8813 -2.4413
v -1.5709 12.3450 -6.0743
v -3.0668 12.3450 -3.4524
v 0.3640 10.8289 -4.3614
v -2.2578 10.8289 -5.8573
v -3.2296 12.3974 -4.1542
v 0.3640 10.8289 -4.3614
v -3.2296 12.3974 -4.1542
v -0.6077 12.3974 -2.6583
v -4.3287 15.0000 -6.3632
v -7.3698 15.0000 -5.7678
v -6.8614 16.4348 -3.1716
v -4.3287 15.0000 -6.3632
v -6.8614 16.4348 -3.1716
v -3.8204 16.4348 -3.7671
v -7.0642 14.8012 -6.0586
v -6.4688 14.8012 -3.0175
v -4.1259 16.6336 -3.4763
v -7.0642 14.8012 -6.0586
v -4.1259 16.6336 -3.4763
v -4.7213 16.6336 -6.5173
v 0.5215 16.9239 -4.6951
v 1.6999 16.9239 -2.0117
v 3.2085 19.2202 -2.6742
v 0.5215 16.9239 -4.6951
v 3.2085 19.2202 -2.6742
v 2.0301 19.2202 -5.3576
v 0.8629 16.9389 -2.3223
v 3.5462 16.9389 -3.5007
v 2.8672 19.2051 -5.0470
v 0.8629 16.9389 -2.3223
v 2.8672 19.2051 -5.0470
v 0.1838 19.2051 -3.8687
v 5.2703 16.3963 1.5003
v 3.9820 16.3963 -1.0194
v 1.7984 17.3502 0.0970
v 5.2703 16.3963 1.5003
v 1.7984 17.3502 0.0970
v 3.0867 17.3502 2.6167
v 4.2331 16.4126 -0.9428
v 1.7134 16.4126 0.3455
v 2.8355 17.3339 2.5401
v 4.2331 16.4126 -0.9428
v 2.8355 17.3339 2.5401
v 5.3552 17.3339 1.2519
v -3.5573 8.9791 -4.6370
v -6.1061 8.9791 -5.4954
v -7.0051 10.9044 -2.8261
v -3.5573 8.9791 -4.6370
v -7.0051 10.9044 -2.8261
v -4.4563 10.9044 -1.9677
v -6.1335 8.9018 -5.4376
v -6.9920 8.9018 -2.8888
v -4.4289 10.9817 -2.0255
v -6.1335 8.9018 -5.4376
v -4.4289 10.9817 -2.0255
v -3.5704 10.9817 -4.5743
v -7.8467 11.9131 5.8368
v -4.6924 11.9131 5.1171
v -5.0705 14.8526 3.4596
v -7.8467 11.9131 5.8368
v -5.0705 14.8526 3.4596
v -8.2249 14.8526 4.1794
v -5.0670 12.0551 5.9900
v -5.7867 12.0551 2.8356
v -7.8502 14.7106 3.3065
v -5.0670 12.0551 5.9900
v -7.8502 14.7106 3.3065
v -7.1305 14.7106 6.4608
v -1.9281 9.6377 -6.8331
v 0.8344 9.6377 -8.1663
v -0.4221 12.4429 -10.7700
v -1.9281 9.6377 -6.8331
v -0.4221 12.4429 -10.7700
v -3.1846 12.4429 -9.4369
v 0.8888 9.7558 -8.0947
v -0.4444 9.7558 -10.8571
v -3.2389 12.3248 -9.5085
v 0.8888 9.7558 -8.0947
v -3.2389 12.3248 -9.5085
v -1.9058 12.3248 -6.7460
v -5.0285 13.8437 -5.9862
v -2.9629 13.8437 -3.8225
v -1.1709 15.8384 -5.5332
v -5.0285 13.8437 -5.9862
v -1.1709 15.8384 -5.5332
v -3.2364 15.8384 -7.6969
v -3.2727 13.9483 -3.7749
v -1.1090 13.9483 -5.8404
v -2.9266 15.7337 -7.7445
v -3.2727 13.9483 -3.7749
v -2.9266 15.7337 -7.7445
v -5.0903 15.7337 -5.6790
v -7.2998 20.5241 3.0856
v -4.3338 20.5241 2.9216
v -4.4600 21.8447 0.6397
v -7.2998 20.5241 3.0856
v -4.4600 21.8447 0.6397
v -7.4260 21.8447 0.8038
v -4.6436 20.5477 3.2818
v -4.8077 20.5477 0.3159
v -7.1162 21.8211 0.4435
v -4.6436 20.5477 3.2818
v -7.1162 21.8211 0.4435
v -6.9521 21.8211 3.4095
v 0.4563 19.9746 3.5386
v 2.9710 19.9746 2.1182
v 1.9752 22.3011 0.3553
v 0.4563 19.9746 3.5386
v 1.9752 22.3011 0.3553
v -0.5395 22.3011 1.7757
v 2.9847 20.1895 2.6063
v 1.5643 20.1895 0.0916
v -0.5532 22.0862 1.2877
v 2.9847 20.1895 2.6063
v -0.5532 22.0862 1.2877
v 0.8672 22.0862 3.8024
v 1.6319 11.9134 -3.3329
v -1.4624 11.9134 -4.0167
v -1.7918 13.6959 -2.5258
v 1.6319 11.9134 -3.3329
v -1.7918 13.6959 -2.5258
v 1.3025 13.6959 -1.8420
v -0.4682 11.9003 -4.6379
v -1.1520 11.9003 -1.5436
v 0.3083 13.7091 -1.2209
v -0.4682 11.9003 -4.6379
v 0.3083 13.7091 -1.2209
v 0.9921 13.7091 -4.3152
v 6.6188 10.2864 -1.2464
v 4.2364 10.2864 -2.8166
v 2.8472 11.4114 -0.7090
v 6.6188 10.2864 -1.2464
v 2.8472 11.4114 -0.7090
v 5.2296 11.4114 0.8613
v 4.5820 10.0411 -2.7858
v 3.0118 10.0411 -0.4035
v 4.8840 11.6567 0.8305
v 4.5820 10.0411 -2.7858
v 4.8840 11.6567 0.8305
v 6.4542 11.6567 -1.5519
v -3.6444 19.2633 -2.9098
v -4.5870 19.2633 -5.7398
v -7.1697 20.4324 -4.8796
v -3.6444 19.2633 -2.9098
v -7.1697 20.4324 -4.8796
v -6.2271 20.4324 -2.0495
v -4.3641 18.9491 -5.4832
v -7.1942 18.9491 -4.5405
v -6.4500 20.7465 -2.3062
v -4.3641 18.9491 -5.4832
v -6.4500 20.7465 -2.3062
v -3.6199 20.7465 -3.2488
v 6.9675 13.7464 5.0489
v 9.6530 13.7464 4.5169
v 9.2926 15.5995 2.6977
v 6.9675 13.7464 5.0489
v 9.2926 15.5995 2.6977
v 6.6071 15.5995 3.2297
v 9.5423 14.0789 4.9890
v 9.0103 14.0789 2.3034
v 6.7178 15.2670 2.7576
v 9.5423 14.0789 4.9890
v 6.7178 15.2670 2.7576
v 7.2498 15.2670 5.4431
v 0.8391 20.1624 3.1185
v -1.8845 20.1624 2.6876
v -2.1391 22.6933 4.2965
v 0.8391 20.1624 3.1185
v -2.1391 22.6933 4.2965
v 0.5845 22.6933 4.7274
v -1.5965 20.4895 2.1618
v -2.0275 20.4895 4.8854
v 0.2965 22.3663 5.2532
v -1.5965 20.4895 2.1618
v 0.2965 22.3663 5.2532
v 0.7275 22.3663 2.5296
v 0.2667 10.0249 -7.5332
v 2.4079 10.0249 -5.5344
v 3.8170 11.7104 -7.0438
v 0.2667 10.0249 -7.5332
v 3.8170 11.7104 -7.0438
v 1.6757 11.7104 -9.0426
v 1.9106 10.2632 -5.4074
v 3.9095 10.2632 -7.5486
v 2.1730 11.4721 -9.1696
v 1.9106 10.2632 -5.4074
v 2.1730 11.4721 -9.1696
v 0.1742 11.4721 -7.0284
v 0.3540 19.0788 -1.8067
v 0.2116 19.0788 -5.0470
v -2.4678 20.2727 -4.9293
v 0.3540 19.0788 -1.8067
v -2.4678 20.2727 -4.9293
v -2.3254 20.2727 -1.6890
v 0.5031 19.1484 -4.8077
v -2.7372 19.1484 -4.6653
v -2.6169 20.2031 -1.9282
v 0.5031 19.1484 -4.8077
v -2.6169 20.2031 -1.9282
v 0.6234 20.2031 -2.0706
v -3.2867 9.4370 -1.1353
v -2.3301 9.4370 -3.8256
v -4.7230 10.4970 -4.6765
v -3.2867 9.4370 -1.1353
v -4.7230 10.4970 -4.6765
v -5.6797 10.4970 -1.9862
v -2.3519 8.9425 -3.2930
v -5.0423 8.9425 -4.2497
v -5.6578 10.9916 -2.5188
v -2.3519 8.9425 -3.2930
v -5.6578 10.9916 -2.5188
v -2.9674 10.9916 -1.5621
v -4.1010 11.5597 3.9464
v -3.3102 11.5597 1.0242
v -5.1877 13.2972 0.5161
v -4.1010 11.5597 3.9464
v -5.1877 13.2972 0.5161
v -5.9784 13.2972 3.4384
v -2.8761 11.8641 1.4919
v -5.7984 11.8641 0.7011
v -6.4125 12.9928 2.9707
v -2.8761 11.8641 1.4919
v -6.4125 12.9928 2.9707
v -3.4903 12.9928 3.7614
v -2.5101 10.5843 -8.4624
v -4.9812 10.5843 -9.3086
v -5.7634 11.5634 -7.0243
v -2.5101 10.5843 -8.4624
v -5.7634 11.5634 -7.0243
v -3.2923 11.5634 -6.1781
v -4.6103 10.1800 -9.2859
v -5.4565 10.1800 -6.8148
v -3.6632 11.9676 -6.2007
v -4.6103 10.1800 -9.2859
v -3.6632 11.9676 -6.2007
v -2.8170 11.9676 -8.6719
v -2.8600 11.7614 6.9655
v -2.1460 11.7614 3.7092
v -4.8859 12.8196 3.1084
v -2.8600 11.7614 6.9655
v -4.8859 12.8196 3.1084
v -5.5999 12.8196 6.3647
v -1.9451 11.7537 4.0269
v -5.2013 11.7537 3.3129
v -5.8008 12.8273 6.0470
v -1.9451 11.7537 4.0269
v -5.8008 12.8273 6.0470
v -2.5446 12.8273 6.7610
v 4.7050 13.4996 -3.7295
v 5.4888 13.4996 -0.9886
v 7.1431 15.7878 -1.4616
v 4.7050 13.4996 -3.7295
v 7.1431 15.7878 -1.4616
v 6.3593 15.7878 -4.2025
v 4.9041 13.9928 -0.9779
v 7.6450 13.9928 -1.7616
v 6.9440 15.2946 -4.2132
v 4.9041 13.9928 -0.9779
v 6.9440 15.2946 -4.2132
v 4.2031 15.2946 -3.4294
v -0.0941 16.5931 -5.4862
v -3.1147 16.5931 -5.1644
v -2.8634 18.0547 -2.8056
v -0.0941 16.5931 -5.4862
v -2.8634 18.0547 -2.8056
v 0.1572 18.0547 -3.1274
v -2.9288 16.8138 -5.5189
v -2.6070 16.8138 -2.4983
v -0.0288 17.8340 -2.7729
v -2.9288 16.8138 -5.5189
v -0.0288 17.8340 -2.7729
v -0.3506 17.8340 -5.7935
v -6.5251 16.4420 -2.3585
v -7.8918 16.4420 0.0190
v -5.4654 17.7228 1.4139
v -6.5251 16.4420 -2.3585
v -5.4654 17.7228 1.4139
v -4.0986 17.7228 -0.9635
v -7.8836 16.4514 0.0613
v -5.5061 16.4514 1.4281
v -4.1069 17.7134 -1.0058
v -7.8836 16.4514 0.0613
v -4.1069 17.7134 -1.0058
v -6.4844 17.7134 -2.3726
v -1.2906 23.9515 2.4422
v 1.5887 23.9515 1.4122
v 0.9608 26.1425 -0.3430
v -1.2906 23.9515 2.4422
v 0.9608 26.1425 -0.3430
v -1.9184 26.1425 0.6871
v 1.4775 24.2499 2.0859
v 0.4474 24.2499 -0.7933
v -1.8072 25.8441 0.0133
v 1.4775 24.2499 2.0859
v -1.8072 25.8441 0.0133
v -0.7772 25.8441 2.8925
v -4.4055 16.3420 1.8422
v -2.9387 16.3420 4.5456
v -0.4377 17.3848 3.1885
v -4.4055 16.3420 1.8422
v -0.4377 17.3848 3.1885
v -1.9045 17.3848 0.4852
v -3.2293 15.8657 4.2513
v -0.5260 15.8657 2.7844
v -1.6138 17.8610 0.7795
v -3.2293 15.8657 4.2513
v -1.6138 17.8610 0.7795
v -4.3172 17.8610 2.2463
v -0.8029 20.5677 1.5206
v -3.8340 20.5677 1.2332
v -4.1065 21.9335 4.1075
v -0.8029 20.5677 1.5206
v -4.1065 21.9335 4.1075
v -1.0753 21.9335 4.3948
v -3.7232 20.5172 1.1646
v -4.0106 20.5172 4.1957
v -1.1861 21.9840 4.4635
v -3.7232 20.5172 1.1646
v -1.1861 21.9840 4.4635
v -0.8987 21.9840 1.4324
v 0.9410 21.3191 -4.2190
v -1.9572 21.3191 -2.9724
v -0.8723 22.5904 -0.4499
v 0.9410 21.3191 -4.2190
v -0.8723 22.5904 -0.4499
v 2.0260 22.5904 -1.6965
v -1.5761 20.8897 -3.3590
v -0.3295 20.8897 -0.4607
v 1.6448 23.0198 -1.3099
v -1.5761 20.8897 -3.3590
v 1.6448 23.0198 -1.3099
v 0.3982 23.0198 -4.2081
v -2.2284 11.0677 -6.5635
v -0.0700 11.0677 -4.4254
v 1.6190 11.9424 -6.1305
v -2.2284 11.0677 -6.5635
v 1.6190 11.9424 -6.1305
v -0.5393 11.9424 -8.2686
v -0.7027 10.6452 -4.6031
v 1.4354 10.6452 -6.7615
v 0.0934 12.3648 -8.0909
v -0.7027 10.6452 -4.6031
v 0.0934 12.3648 -8.0909
v -2.0447 12.3648 -5.9325
v 7.2298 13.2057 1.0397
v 6.3183 13.2057 -1.8929
v 3.6702 14.2975 -1.0698
v 7.2298 13.2057 1.0397
v 3.6702 14.2975 -1.0698
v 4.5818 14.2975 1.8628
v 6.5173 13.1088 -1.7546
v 3.5847 13.1088 -0.8430
v 4.3827 14.3945 1.7244
v 6.5173 13.1088 -1.7546
v 4.3827 14.3945 1.7244
v 7.3153 14.3945 0.8129
v 4.5530 10.0590 -3.3364
v 1.5126 10.0590 -3.7833
v 1.2566 12.9204 -2.0415
v 4.5530 10.0590 -3.3364
v 1.2566 12.9204 -2.0415
v 4.2969 12.9204 -1.5946
v 1.9033 10.3544 -4.3892
v 1.4564 10.3544 -1.3488
v 3.9062 12.6250 -0.9887
v 1.9033 10.3544 -4.3892
v 3.9062 12.6250 -0.9887
v 4.3531 12.6250 -4.0291
v -2.6194 10.7700 8.9098
v -4.4563 10.7700 6.1812
v -5.7348 13.0317 7.0419
v -2.6194 10.7700 8.9098
v -5.7348 13.0317 7.0419
v -3.8979 13.0317 9.7705
v -3.2131 10.7352 6.4627
v -5.9417 10.7352 8.2996
v -5.1411 13.0665 9.4889
v -3.2131 10.7352 6.4627
v -5.1411 13.0665 9.4889
v -2.4125 13.0665 7.6520
v 3.0818 19.0406 0.1822
v 5.3739 19.0406 -1.9918
v 3.4050 20.6783 -4.0676
v 3.0818 19.0406 0.1822
v 3.4050 20.6783 -4.0676
v 1.1130 20.6783 -1.8935
v 5.2928 18.8810 -1.7094
v 3.1188 18.8810 -4.0015
v 1.1941 20.8379 -2.1759
v 5.2928 18.8810 -1.7094
v 1.1941 20.8379 -2.1759
v 3.3681 20.8379 0.1161
v 4.0221 15.0384 2.5544
v 1.9599 15.0384 4.5006
v 3.1362 16.6271 5.7470
v 4.0221 15.0384 2.5544
v 3.1362 16.6271 5.7470
v 5.1984 16.6271 3.8008
v 2.0378 14.9641 3.6559
v 3.9840 14.9641 5.7181
v 5.1206 16.7014 4.6455
v 2.0378 14.9641 3.6559
v 5.1206 16.7014 4.6455
v 3.1743 16.7014 2.5833
v 4.9891 9.6906 1.3607
v 3.3789 9.6906 3.9831
v 5.0335 11.7769 4.9991
v 4.9891 9.6906 1.3607
v 5.0335 11.7769 4.9991
v 6.6437 11.7769 2.3767
v 3.0195 10.1515 3.4832
v 5.6419 10.1515 5.0934
v 7.0031 11.3160 2.8766
v 3.0195 10.1515 3.4832
v 7.0031 11.3160 2.8766
v 4.3807 11.3160 1.2664
v -6.8536 16.3545 -7.0786
v -7.0755 16.3545 -3.8759
v -5.1832 18.4972 -3.7448
v -6.8536 16.3545 -7.0786
v -5.1832 18.4972 -3.7448
v -4.9613 18.4972 -6.9475
v -7.7064 16.7350 -4.2727
v -4.5036 16.7350 -4.0508
v -4.3304 18.1167 -6.5507
v -7.7064 16.7350 -4.2727
v -4.3304 18.1167 -6.5507
v -7.5332 18.1167 -6.7726
v 1.7808 12.6150 -9.3581
v 1.8213 12.6150 -6.5516
v 3.9079 15.0772 -6.5817
v 1.7808 12.6150 -9.3581
v 3.9079 15.0772 -6.5817
v 3.8674 15.0772 -9.3883
v 1.4598 12.8860 -6.6526
v 4.2664 12.8860 -6.6932
v 4.2289 14.8061 -9.2872
v 1.4598 12.8860 -6.6526
v 4.2289 14.8061 -9.2872
v 1.4223 14.8061 -9.2467
v 1.8861 14.5704 4.5843
v 2.7100 14.5704 7.3720
v 4.2023 16.6058 6.9309
v 1.8861 14.5704 4.5843
v 4.2023 16.6058 6.9309
v 3.3783 16.6058 4.1433
v 1.9829 15.0743 7.2949
v 4.7706 15.0743 6.4710
v 4.1054 16.1019 4.2203
v 1.9829 15.0743 7.2949
v 4.1054 16.1019 4.2203
v 1.3177 16.1019 5.0443
v -3.1561 16.4371 0.6763
v -6.3251 16.4371 0.9132
v -6.1163 18.5706 3.7064
v -3.1561 16.4371 0.6763
v -6.1163 18.5706 3.7064
v -2.9473 18.5706 3.4695
v -5.9151 16.1827 0.6936
v -5.6782 16.1827 3.8626
v -3.3573 18.8250 3.6891
v -5.9151 16.1827 0.6936
v -3.3573 18.8250 3.6891
v -3.5942 18.8250 0.5201
v 2.9183 16.9701 0.8485
v 0.6750 16.9701 2.7865
v 1.8853 18.6395 4.1875
v 2.9183 16.9701 0.8485
v 1.8853 18.6395 4.1875
v 4.1286 18.6395 2.2495
v 0.9089 16.7683 1.8490
v 2.8468 16.7683 4.0923
v 3.8947 18.8413 3.1871
v 0.9089 16.7683 1.8490
v 3.8947 18.8413 3.1871
v 1.9567 18.8413 0.9437
v 7.2770 7.8747 1.4729
v 5.8022 7.8747 -1.2386
v 4.4924 9.9834 -0.5261
v 7.2770 7.8747 1.4729
v 4.4924 9.9834 -0.5261
v 5.9672 9.9834 2.1854
v 6.7112 8.2654 -1.2371
v 3.9997 8.2654 0.2378
v 5.0582 9.5927 2.1839
v 6.7112 8.2654 -1.2371
v 5.0582 9.5927 2.1839
v 7.7697 9.5927 0.7091
v -2.2882 7.6222 -9.3871
v -4.9444 7.6222 -9.3044
v -4.8894 9.9575 -7.5405
v -2.2882 7.6222 -9.3871
v -4.8894 9.9575 -7.5405
v -2.2333 9.9575 -7.6232
v -4.7706 7.8732 -9.7564
v -4.6879 7.8732 -7.1002
v -2.4071 9.7065 -7.1713
v -4.7706 7.8732 -9.7564
v -2.4071 9.7065 -7.1713
v -2.4898 9.7065 -9.8274
v -0.9428 7.8867 5.2523
v -2.0778 7.8867 2.3674
v -3.6657 10.3067 2.9922
v -0.9428 7.8867 5.2523
v -3.6657 10.3067 2.9922
v -2.5306 10.3067 5.8770
v -1.2707 8.1248 2.5154
v -4.1556 8.1248 3.6505
v -3.3377 10.0686 5.7290
v -1.2707 8.1248 2.5154
v -3.3377 10.0686 5.7290
v -0.4529 10.0686 4.5940
v -0.4867 5.5428 1.4282
v 2.6585 5.5428 2.1596
v 3.0690 7.7339 0.3943
v -0.4867 5.5428 1.4282
v 3.0690 7.7339 0.3943
v -0.0762 7.7339 -0.3371
v 1.8456 5.5758 2.6978
v 2.5770 5.5758 -0.4474
v 0.7366 7.7009 -0.8753
v 1.8456 5.5758 2.6978
v 0.7366 7.7009 -0.8753
v 0.0053 7.7009 2.2699
v -4.2545 9.2547 -8.4712
v -5.9037 9.2547 -6.3973
v -4.1966 11.1701 -5.0399
v -4.2545 9.2547 -8.4712
v -4.1966 11.1701 -5.0399
v -2.5474 11.1701 -7.1138
v -5.9811 9.3330 -6.6765
v -3.9072 9.3330 -5.0273
v -2.4700 11.0919 -6.8346
v -5.9811 9.3330 -6.6765
v -2.4700 11.0919 -6.8346
v -4.5439 11.0919 -8.4838
v 6.2254 15.4300 2.3266
v 3.7717 15.4300 0.6503
v 2.5322 16.7582 2.4646
v 6.2254 15.4300 2.3266
v 2.5322 16.7582 2.4646
v 4.9859 16.7582 4.1410
v 4.5355 15.1109 0.7032
v 2.8591 15.1109 3.1568
v 4.2221 17.0774 4.0881
v 4.5355 15.1109 0.7032
v 4.2221 17.0774 4.0881
v 5.8985 17.0774 1.6344
v -2.5334 8.3551 4.4963
v -5.4302 8.3551 4.4683
v -5.4549 9.3080 7.0246
v -2.5334 8.3551 4.4963
v -5.4549 9.3080 7.0246
v -2.5581 9.3080 7.0526
v -4.8819 7.8081 4.3034
v -4.9099 7.8081 7.2002
v -3.1063 9.8551 7.2176
v -4.8819 7.8081 4.3034
v -3.1063 9.8551 7.2176
v -3.0783 9.8551 4.3208
v -1.3308 20.3739 0.9915
v -0.0595 20.3739 -1.5634
v -1.5032 22.7031 -2.2818
v -1.3308 20.3739 0.9915
v -1.5032 22.7031 -2.2818
v -2.7745 22.7031 0.2731
v 0.2251 20.3824 -0.7423
v -2.3298 20.3824 -2.0136
v -3.0591 22.6945 -0.5480
v 0.2251 20.3824 -0.7423
v -3.0591 22.6945 -0.5480
v -0.5042 22.6945 0.7233
v -4.4678 10.1826 6.7257
v -6.7855 10.1826 4.6222
v -8.1602 12.4133 6.1369
v -4.4678 10.1826 6.7257
v -8.1602 12.4133 6.1369
v -5.8425 12.4133 8.2404
v -6.1916 10.4525 4.4289
v -8.2951 10.4525 6.7467
v -6.4363 12.1433 8.4337
v -6.1916 10.4525 4.4289
v -6.4363 12.1433 8.4337
v -4.3328 12.1433 6.1160
v 1.7926 10.1010 5.2124
v -1.2439 10.1010 3.8018
v -2.1934 11.7168 5.8458
v 1.7926 10.1010 5.2124
v -2.1934 11.7168 5.8458
v 0.8431 11.7168 7.2564
v -0.4867 10.0561 3.5503
v -1.8972 10.0561 6.5867
v 0.0858 11.7618 7.5079
v -0.4867 10.0561 3.5503
v 0.0858 11.7618 7.5079
v 1.4964 11.7618 4.4715
v 4.0384 17.6953 -1.7148
v 2.1576 17.6953 0.4121
v 4.2146 19.0272 2.2311
v 4.0384 17.6953 -1.7148
v 4.2146 19.0272 2.2311
v 6.0954 19.0272 0.1043
v 2.4610 17.1355 -0.0013
v 4.5878 17.1355 1.8794
v 5.7920 19.5870 0.5177
v 2.4610 17.1355 -0.0013
v 5.7920 19.5870 0.5177
v 3.6652 19.5870 -1.3631
vt 0.00000 0.00000
vt 1.00000 0.00000
vt 1.00000 1.00000
vt 0.00000 0.00000
vt 1.00000 1.00000
vt 0.00000 1.00000
vt 0.00000 0.00000
vt 1.00000 0.00000
vt 1.00000 1.00000
vt 0.00000 0.00000
vt 1.00000 1.00000
vt 0.00000 1.00000
vt 0.00000 0.00000
vt 1.00000 0.00000
vt 1.00000 1.00000
vt 0.00000 0.00000
vt 1.00000 1.00000
vt 0.00000 1.00000
vt 0.00000 0.00000
vt 1.00000 0.00000
vt 1.00000 1.00000
vt 0.00000 0.00000
vt 1.00000 1.00000
vt 0.00000 1.00000
vt 0.00000 0.00000
vt 1.00000 0.00000
vt 1.00000 1.00000
vt 0.00000 0.00000
vt 1.00000 1.00000
vt 0.00000 1.00000
vt 0.00000 0.00000
vt 1.00000 0.00000
vt 1.00000 1.00000
vt 0.00000 0.00000
vt 1.00000 1.00000
vt 0.00000 1.00000
vt 0.00000 0.00000
vt 1.00000 0.00000
vt 1.00000 1.00000
vt 0.00000 0.00000
vt 1.00000 1.00000
vt 0.00000 1.00000
vt 0.00000 0.00000
vt 1.00000 0.00000
vt 1.00000 1.00000
vt 0.00000 0.00000
vt 1.00000 1.00000
vt 0.00000 1.00000
vt 0.00000 0.00000
vt 1.00000 0.00000
vt 1.00000 1.00000
vt 0.00000 0.00000
vt 1.00000 1.00000
vt 0.00000 1.00000
vt 0.00000 0.00000
vt 1.00000 0.00000
vt 1.00000 1.00000
vt 0.00000 0.00000
vt 1.00000 1.00000
vt 0.00000 1.00000
vt 0.00000 0.00000
vt 1.00000 0.00000
vt 1.00000 1.00000
vt 0.00000 0.00000
vt 1.00000 1.00000
vt 0.00000 1.00000
vt 0.00000 0.00000
vt 1.00000 0.00000
vt 1.00000 1.00000
vt 0.00000 0.00000
vt 1.00000 1.00000
vt 0.00000 1.00000
vt 0.00000 0.00000
vt 1.00000 0.00000
vt 1.00000 1.00000
vt 0.00000 0.00000
vt 1.00000 1.00000
vt 0.00000 1.00000
vt 0.00000 0.00000
vt 1.00000 0.00000
vt 1.00000 1.00000
vt 0.00000 0.00000
vt 1.00000 1.00000
vt 0.00000 1.00000
vt 0.00000 0.00000
vt 1.00000 0.00000
vt 1.00000 1.00000
vt 0.00000 0.00000
vt 1.00000 1.00000
vt 0.00000 1.00000
vt 0.00000 0.00000
vt 1.00000 0.00000
vt 1.00000 1.00000
vt 0.00000 0.00000
vt 1.00000 1.00000
vt 0.00000 1.00000
vt 0.00000 0.00000
vt 1.00000 0.00000
vt 1.00000 1.00000
vt 0.00000 0.00000
vt 1.00000 1.00000
vt 0.00000 1.00000
vt 0.00000 0.00000
vt 1.00000 0.00000
vt 1.00000 1.00000
vt 0.00000 0.00000
vt 1.00000 1.00000
vt 0.00000 1.00000
vt 0.00000 0.00000
vt 1.00000 0.00000
vt 1.00000 1.00000
vt 0.00000 0.00000
vt 1.00000 1.00000
vt 0.00000 1.00000
vt 0.00000 0.00000
vt 1.00000 0.00000
vt 1.00000 1.00000
vt 0.00000 0.00000
vt 1.00000 1.00000
vt 0.00000 1.00000
vt 0.00000 0.00000
vt 1.00000 0.00000
vt 1.00000 1.00000
vt 0.00000 0.00000
vt 1.00000 1.00000
vt 0.00000 1.00000
vt 0.00000 0.00000
vt 1.00000 0.00000
vt 1.00000 1.00000
vt 0.00000 0.00000
vt 1.00000 1.00000
vt 0.00000 1.00000
vt 0.00000 0.00000
vt 1.00000 0.00000
vt 1.00000 1.00000
vt 0.00000 0.00000
vt 1.00000 1.00000
vt 0.00000 1.00000
vt 0.00000 0.00000
vt 1.00000 0.00000
vt 1.00000 1.00000
vt 0.00000 0.00000
vt 1.00000 1.00000
vt 0.00000 1.00000
vt 0.00000 0.00000
vt 1.00000 0.00000
vt 1.00000 1.00000
vt 0.00000 0.00000
vt 1.00000 1.00000
vt 0.00000 1.00000
vt 0.00000 0.00000
vt 1.00000 0.00000
vt 1.00000 1.00000
vt 0.00000 0.00000
vt 1.00000 1.00000
vt 0.00000 1.00000
vt 0.00000 0.00000
vt 1.00000 0.00000
vt 1.00000 1.00000
vt 0.00000 0.00000
vt 1.00000 1.00000
vt 0.00000 1.00000
vt 0.00000 0.00000
vt 1.00000 0.00000
vt 1.00000 1.00000
vt 0.00000 0.00000
vt 1.00000 1.00000
vt 0.00000 1.00000
vt 0.00000 0.00000
vt 1.00000 0.00000
vt 1.00000 1.00000
vt 0.00000 0.00000
vt 1.00000 1.00000
vt 0.00000 1.00000
vt 0.00000 0.00000
vt 1.00000 0.00000
vt 1.00000 1.00000
vt 0.00000 0.00000
vt 1.00000 1.00000
vt 0.00000 1.00000
vt 0.00000 0.00000
vt 1.00000 0.00000
vt 1.00000 1.00000
vt 0.00000 0.00000
vt 1.00000 1.00000
vt 0.00000 1.00000
vt 0.00000 0.00000
vt 1.00000 0.00000
vt 1.00000 1.00000
vt 0.00000 0.00000
vt 1.00000 1.00000
vt 0.00000 1.00000
vt 0.00000 0.00000
vt 1.00000 0.00000
vt 1.00000 1.00000
vt 0.00000 0.00000
vt 1.00000 1.00000
vt 0.00000 1.00000
vt 0.00000 0.00000
vt 1.00000 0.00000
vt 1.00000 1.00000
vt 0.00000 0.00000
vt 1.00000 1.00000
vt 0.00000 1.00000
vt 0.00000 0.00000
vt 1.00000 0.00000
vt 1.00000 1.00000
vt 0.00000 0.00000
vt 1.00000 1.00000
vt 0.00000 1.00000
vt 0.00000 0.00000
vt 1.00000 0.00000
vt 1.00000 1.00000
vt 0.00000 0.00000
vt 1.00000 1.00000
vt 0.00000 1.00000
vt 0.00000 0.00000
vt 1.00000 0.00000
vt 1.00000 1.00000
vt 0.00000 0.00000
vt 1.00000 1.00000
vt 0.00000 1.00000
vt 0.00000 0.00000
vt 1.00000 0.00000
vt 1.00000 1.00000
vt 0.00000 0.00000
vt 1.00000 1.00000
vt 0.00000 1.00000
vt 0.00000 0.00000
vt 1.00000 0.00000
vt 1.00000 1.00000
vt 0.00000 0.00000
vt 1.00000 1.00000
vt 0.00000 1.00000
vt 0.00000 0.00000
vt 1.00000 0.00000
vt 1.00000 1.00000
vt 0.00000 0.00000
vt 1.00000 1.00000
vt 0.00000 1.00000
vt 0.00000 0.00000
vt 1.00000 0.00000
vt 1.00000 1.00000
vt 0.00000 0.00000
vt 1.00000 1.00000
vt 0.00000 1.00000
vt 0.00000 0.00000
vt 1.00000 0.00000
vt 1.00000 1.00000
vt 0.00000 0.00000
vt 1.00000 1.00000
vt 0.00000 1.00000
vt 0.00000 0.00000
vt 1.00000 0.00000
vt 1.00000 1.00000
vt 0.00000 0.00000
vt 1.00000 1.00000
vt 0.00000 1.00000
vt 0.00000 0.00000
vt 1.00000 0.00000
vt 1.00000 1.00000
vt 0.00000 0.00000
vt 1.00000 1.00000
vt 0.00000 1.00000
vt 0.00000 0.00000
vt 1.00000 0.00000
vt 1.00000 1.00000
vt 0.00000 0.00000
vt 1.00000 1.00000
vt 0.00000 1.00000
vt 0.00000 0.00000
vt 1.00000 0.00000
vt 1.00000 1.00000
vt 0.00000 0.00000
vt 1.00000 1.00000
vt 0.00000 1.00000
vt 0.00000 0.00000
vt 1.00000 0.00000
vt 1.00000 1.00000
vt 0.00000 0.00000
vt 1.00000 1.00000
vt 0.00000 1.00000
vt 0.00000 0.00000
vt 1.00000 0.00000
vt 1.00000 1.00000
vt 0.00000 0.00000
vt 1.00000 1.00000
vt 0.00000 1.00000
vt 0.00000 0.00000
vt 1.00000 0.00000
vt 1.00000 1.00000
vt 0.00000 0.00000
vt 1.00000 1.00000
vt 0.00000 1.00000
vt 0.00000 0.00000
vt 1.00000 0.00000
vt 1.00000 1.00000
vt 0.00000 0.00000
vt 1.00000 1.00000
vt 0.00000 1.00000
vt 0.00000 0.00000
vt 1.00000 0.00000
vt 1.00000 1.00000
vt 0.00000 0.00000
vt 1.00000 1.00000
vt 0.00000 1.00000
vt 0.00000 0.00000
vt 1.00000 0.00000
vt 1.00000 1.00000
vt 0.00000 0.00000
vt 1.00000 1.00000
vt 0.00000 1.00000
vt 0.00000 0.00000
vt 1.00000 0.00000
vt 1.00000 1.00000
vt 0.00000 0.00000
vt 1.00000 1.00000
vt 0.00000 1.00000
vt 0.00000 0.00000
vt 1.00000 0.00000
vt 1.00000 1.00000
vt 0.00000 0.00000
vt 1.00000 1.00000
vt 0.00000 1.00000
vt 0.00000 0.00000
vt 1.00000 0.00000
vt 1.00000 1.00000
vt 0.00000 0.00000
vt 1.00000 1.00000
vt 0.00000 1.00000
vt 0.00000 0.00000
vt 1.00000 0.00000
vt 1.00000 1.00000
vt 0.00000 0.00000
vt 1.00000 1.00000
vt 0.00000 1.00000
vt 0.00000 0.00000
vt 1.00000 0.00000
vt 1.00000 1.00000
vt 0.00000 0.00000
vt 1.00000 1.00000
vt 0.00000 1.00000
vt 0.00000 0.00000
vt 1.00000 0.00000
vt 1.00000 1.00000
vt 0.00000 0.00000
vt 1.00000 1.00000
vt 0.00000 1.00000
vt 0.00000 0.00000
vt 1.00000 0.00000
vt 1.00000 1.00000
vt 0.00000 0.00000
vt 1.00000 1.00000
vt 0.00000 1.00000
vt 0.00000 0.00000
vt 1.00000 0.00000
vt 1.00000 1.00000
vt 0.00000 0.00000
vt 1.00000 1.00000
vt 0.00000 1.00000
vt 0.00000 0.00000
vt 1.00000 0.00000
vt 1.00000 1.00000
vt 0.00000 0.00000
vt 1.00000 1.00000
vt 0.00000 1.00000
vt 0.00000 0.00000
vt 1.00000 0.00000
vt 1.00000 1.00000
vt 0.00000 0.00000
vt 1.00000 1.00000
vt 0.00000 1.00000
vt 0.00000 0.00000
vt 1.00000 0.00000
vt 1.00000 1.00000
vt 0.00000 0.00000
vt 1.00000 1.00000
vt 0.00000 1.00000
vt 0.00000 0.00000
vt 1.00000 0.00000
vt 1.00000 1.00000
vt 0.00000 0.00000
vt 1.00000 1.00000
vt 0.00000 1.00000
vt 0.00000 0.00000
vt 1.00000 0.00000
vt 1.00000 1.00000
vt 0.00000 0.00000
vt 1.00000 1.00000
vt 0.00000 1.00000
vt 0.00000 0.00000
vt 1.00000 0.00000
vt 1.00000 1.00000
vt 0.00000 0.00000
vt 1.00000 1.00000
vt 0.00000 1.00000
vt 0.00000 0.00000
vt 1.00000 0.00000
vt 1.00000 1.00000
vt 0.00000 0.00000
vt 1.00000 1.00000
vt 0.00000 1.00000
vt 0.00000 0.00000
vt 1.00000 0.00000
vt 1.00000 1.00000
vt 0.00000 0.00000
vt 1.00000 1.00000
vt 0.00000 1.00000
vt 0.00000 0.00000
vt 1.00000 0.00000
vt 1.00000 1.00000
vt 0.00000 0.00000
vt 1.00000 1.00000
vt 0.00000 1.00000
vt 0.00000 0.00000
vt 1.00000 0.00000
vt 1.00000 1.00000
vt 0.00000 0.00000
vt 1.00000 1.00000
vt 0.00000 1.00000
vt 0.00000 0.00000
vt 1.00000 0.00000
vt 1.00000 1.00000
vt 0.00000 0.00000
vt 1.00000 1.00000
vt 0.00000 1.00000
vt 0.00000 0.00000
vt 1.00000 0.00000
vt 1.00000 1.00000
vt 0.00000 0.00000
vt 1.00000 1.00000
vt 0.00000 1.00000
vt 0.00000 0.00000
vt 1.00000 0.00000
vt 1.00000 1.00000
vt 0.00000 0.00000
vt 1.00000 1.00000
vt 0.00000 1.00000
vt 0.00000 0.00000
vt 1.00000 0.00000
vt 1.00000 1.00000
vt 0.00000 0.00000
vt 1.00000 1.00000
vt 0.00000 1.00000
vt 0.00000 0.00000
vt 1.00000 0.00000
vt 1.00000 1.00000
vt 0.00000 0.00000
vt 1.00000 1.00000
vt 0.00000 1.00000
vt 0.00000 0.00000
vt 1.00000 0.00000
vt 1.00000 1.00000
vt 0.00000 0.00000
vt 1.00000 1.00000
vt 0.00000 1.00000
vt 0.00000 0.00000
vt 1.00000 0.00000
vt 1.00000 1.00000
vt 0.00000 0.00000
vt 1.00000 1.00000
vt 0.00000 1.00000
vt 0.00000 0.00000
vt 1.00000 0.00000
vt 1.00000 1.00000
vt 0.00000 0.00000
vt 1.00000 1.00000
vt 0.00000 1.00000
vt 0.00000 0.00000
vt 1.00000 0.00000
vt 1.00000 1.00000
vt 0.00000 0.00000
vt 1.00000 1.00000
vt 0.00000 1.00000
vt 0.00000 0.00000
vt 1.00000 0.00000
vt 1.00000 1.00000
vt 0.00000 0.00000
vt 1.00000 1.00000
vt 0.00000 1.00000
vt 0.00000 0.00000
vt 1.00000 0.00000
vt 1.00000 1.00000
vt 0.00000 0.00000
vt 1.00000 1.00000
vt 0.00000 1.00000
vt 0.00000 0.00000
vt 1.00000 0.00000
vt 1.00000 1.00000
vt 0.00000 0.00000
vt 1.00000 1.00000
vt 0.00000 1.00000
vt 0.00000 0.00000
vt 1.00000 0.00000
vt 1.00000 1.00000
vt 0.00000 0.00000
vt 1.00000 1.00000
vt 0.00000 1.00000
vt 0.00000 0.00000
vt 1.00000 0.00000
vt 1.00000 1.00000
vt 0.00000 0.00000
vt 1.00000 1.00000
vt 0.00000 1.00000
vt 0.00000 0.00000
vt 1.00000 0.00000
vt 1.00000 1.00000
vt 0.00000 0.00000
vt 1.00000 1.00000
vt 0.00000 1.00000
vt 0.00000 0.00000
vt 1.00000 0.00000
vt 1.00000 1.00000
vt 0.00000 0.00000
vt 1.00000 1.00000
vt 0.00000 1.00000
vt 0.00000 0.00000
vt 1.00000 0.00000
vt 1.00000 1.00000
vt 0.00000 0.00000
vt 1.00000 1.00000
vt 0.00000 1.00000
vt 0.00000 0.00000
vt 1.00000 0.00000
vt 1.00000 1.00000
vt 0.00000 0.00000
vt 1.00000 1.00000
vt 0.00000 1.00000
vt 0.00000 0.00000
vt 1.00000 0.00000
vt 1.00000 1.00000
vt 0.00000 0.00000
vt 1.00000 1.00000
vt 0.00000 1.00000
vt 0.00000 0.00000
vt 1.00000 0.00000
vt 1.00000 1.00000
vt 0.00000 0.00000
vt 1.00000 1.00000
vt 0.00000 1.00000
vt 0.00000 0.00000
vt 1.00000 0.00000
vt 1.00000 1.00000
vt 0.00000 0.00000
vt 1.00000 1.00000
vt 0.00000 1.00000
vt 0.00000 0.00000
vt 1.00000 0.00000
vt 1.00000 1.00000
vt 0.00000 0.00000
vt 1.00000 1.00000
vt 0.00000 1.00000
vt 0.00000 0.00000
vt 1.00000 0.00000
vt 1.00000 1.00000
vt 0.00000 0.00000
vt 1.00000 1.00000
vt 0.00000 1.00000
vt 0.00000 0.00000
vt 1.00000 0.00000
vt 1.00000 1.00000
vt 0.00000 0.00000
vt 1.00000 1.00000
vt 0.00000 1.00000
vt 0.00000 0.00000
vt 1.00000 0.00000
vt 1.00000 1.00000
vt 0.00000 0.00000
vt 1.00000 1.00000
vt 0.00000 1.00000
vt 0.00000 0.00000
vt 1.00000 0.00000
vt 1.00000 1.00000
vt 0.00000 0.00000
vt 1.00000 1.00000
vt 0.00000 1.00000
vt 0.00000 0.00000
vt 1.00000 0.00000
vt 1.00000 1.00000
vt 0.00000 0.00000
vt 1.00000 1.00000
vt 0.00000 1.00000
vt 0.00000 0.00000
vt 1.00000 0.00000
vt 1.00000 1.00000
vt 0.00000 0.00000
vt 1.00000 1.00000
vt 0.00000 1.00000
vt 0.00000 0.00000
vt 1.00000 0.00000
vt 1.00000 1.00000
vt 0.00000 0.00000
vt 1.00000 1.00000
vt 0.00000 1.00000
vt 0.00000 0.00000
vt 1.00000 0.00000
vt 1.00000 1.00000
vt 0.00000 0.00000
vt 1.00000 1.00000
vt 0.00000 1.00000
vt 0.00000 0.00000
vt 1.00000 0.00000
vt 1.00000 1.00000
vt 0.00000 0.00000
vt 1.00000 1.00000
vt 0.00000 1.00000
vt 0.00000 0.00000
vt 1.00000 0.00000
vt 1.00000 1.00000
vt 0.00000 0.00000
vt 1.00000 1.00000
vt 0.00000 1.00000
vt 0.00000 0.00000
vt 1.00000 0.00000
vt 1.00000 1.00000
vt 0.00000 0.00000
vt 1.00000 1.00000
vt 0.00000 1.00000
vt 0.00000 0.00000
vt 1.00000 0.00000
vt 1.00000 1.00000
vt 0.00000 0.00000
vt 1.00000 1.00000
vt 0.00000 1.00000
vt 0.00000 0.00000
vt 1.00000 0.00000
vt 1.00000 1.00000
vt 0.00000 0.00000
vt 1.00000 1.00000
vt 0.00000 1.00000
vt 0.00000 0.00000
vt 1.00000 0.00000
vt 1.00000 1.00000
vt 0.00000 0.00000
vt 1.00000 1.00000
vt 0.00000 1.00000
vt 0.00000 0.00000
vt 1.00000 0.00000
vt 1.00000 1.00000
vt 0.00000 0.00000
vt 1.00000 1.00000
vt 0.00000 1.00000
vt 0.00000 0.00000
vt 1.00000 0.00000
vt 1.00000 1.00000
vt 0.00000 0.00000
vt 1.00000 1.00000
vt 0.00000 1.00000
vt 0.00000 0.00000
vt 1.00000 0.00000
vt 1.00000 1.00000
vt 0.00000 0.00000
vt 1.00000 1.00000
vt 0.00000 1.00000
vt 0.00000 0.00000
vt 1.00000 0.00000
vt 1.00000 1.00000
vt 0.00000 0.00000
vt 1.00000 1.00000
vt 0.00000 1.00000
vt 0.00000 0.00000
vt 1.00000 0.00000
vt 1.00000 1.00000
vt 0.00000 0.00000
vt 1.00000 1.00000
vt 0.00000 1.00000
vt 0.00000 0.00000
vt 1.00000 0.00000
vt 1.00000 1.00000
vt 0.00000 0.00000
vt 1.00000 1.00000
vt 0.00000 1.00000
vt 0.00000 0.00000
vt 1.00000 0.00000
vt 1.00000 1.00000
vt 0.00000 0.00000
vt 1.00000 1.00000
vt 0.00000 1.00000
vt 0.00000 0.00000
vt 1.00000 0.00000
vt 1.00000 1.00000
vt 0.00000 0.00000
vt 1.00000 1.00000
vt 0.00000 1.00000
vt 0.00000 0.00000
vt 1.00000 0.00000
vt 1.00000 1.00000
vt 0.00000 0.00000
vt 1.00000 1.00000
vt 0.00000 1.00000
vt 0.00000 0.00000
vt 1.00000 0.00000
vt 1.00000 1.00000
vt 0.00000 0.00000
vt 1.00000 1.00000
vt 0.00000 1.00000
vt 0.00000 0.00000
vt 1.00000 0.00000
vt 1.00000 1.00000
vt 0.00000 0.00000
vt 1.00000 1.00000
vt 0.00000 1.00000
vt 0.00000 0.00000
vt 1.00000 0.00000
vt 1.00000 1.00000
vt 0.00000 0.00000
vt 1.00000 1.00000
vt 0.00000 1.00000
vt 0.00000 0.00000
vt 1.00000 0.00000
vt 1.00000 1.00000
vt 0.00000 0.00000
vt 1.00000 1.00000
vt 0.00000 1.00000
vt 0.00000 0.00000
vt 1.00000 0.00000
vt 1.00000 1.00000
vt 0.00000 0.00000
vt 1.00000 1.00000
vt 0.00000 1.00000
vt 0.00000 0.00000
vt 1.00000 0.00000
vt 1.00000 1.00000
vt 0.00000 0.00000
vt 1.00000 1.00000
vt 0.00000 1.00000
vt 0.00000 0.00000
vt 1.00000 0.00000
vt 1.00000 1.00000
vt 0.00000 0.00000
vt 1.00000 1.00000
vt 0.00000 1.00000
vt 0.00000 0.00000
vt 1.00000 0.00000
vt 1.00000 1.00000
vt 0.00000 0.00000
vt 1.00000 1.00000
vt 0.00000 1.00000
vt 0.00000 0.00000
vt 1.00000 0.00000
vt 1.00000 1.00000
vt 0.00000 0.00000
vt 1.00000 1.00000
vt 0.00000 1.00000
vt 0.00000 0.00000
vt 1.00000 0.00000
vt 1.00000 1.00000
vt 0.00000 0.00000
vt 1.00000 1.00000
vt 0.00000 1.00000
vt 0.00000 0.00000
vt 1.00000 0.00000
vt 1.00000 1.00000
vt 0.00000 0.00000
vt 1.00000 1.00000
vt 0.00000 1.00000
vt 0.00000 0.00000
vt 1.00000 0.00000
vt 1.00000 1.00000
vt 0.00000 0.00000
vt 1.00000 1.00000
vt 0.00000 1.00000
vt 0.00000 0.00000
vt 1.00000 0.00000
vt 1.00000 1.00000
vt 0.00000 0.00000
vt 1.00000 1.00000
vt 0.00000 1.00000
vt 0.00000 0.00000
vt 1.00000 0.00000
vt 1.00000 1.00000
vt 0.00000 0.00000
vt 1.00000 1.00000
vt 0.00000 1.00000
vt 0.00000 0.00000
vt 1.00000 0.00000
vt 1.00000 1.00000
vt 0.00000 0.00000
vt 1.00000 1.00000
vt 0.00000 1.00000
vt 0.00000 0.00000
vt 1.00000 0.00000
vt 1.00000 1.00000
vt 0.00000 0.00000
vt 1.00000 1.00000
vt 0.00000 1.00000
vt 0.00000 0.00000
vt 1.00000 0.00000
vt 1.00000 1.00000
vt 0.00000 0.00000
vt 1.00000 1.00000
vt 0.00000 1.00000
vt 0.00000 0.00000
vt 1.00000 0.00000
vt 1.00000 1.00000
vt 0.00000 0.00000
vt 1.00000 1.00000
vt 0.00000 1.00000
vt 0.00000 0.00000
vt 1.00000 0.00000
vt 1.00000 1.00000
vt 0.00000 0.00000
vt 1.00000 1.00000
vt 0.00000 1.00000
vt 0.00000 0.00000
vt 1.00000 0.00000
vt 1.00000 1.00000
vt 0.00000 0.00000
vt 1.00000 1.00000
vt 0.00000 1.00000
vt 0.00000 0.00000
vt 1.00000 0.00000
vt 1.00000 1.00000
vt 0.00000 0.00000
vt 1.00000 1.00000
vt 0.00000 1.00000
vt 0.00000 0.00000
vt 1.00000 0.00000
vt 1.00000 1.00000
vt 0.00000 0.00000
vt 1.00000 1.00000
vt 0.00000 1.00000
vt 0.00000 0.00000
vt 1.00000 0.00000
vt 1.00000 1.00000
vt 0.00000 0.00000
vt 1.00000 1.00000
vt 0.00000 1.00000
vt 0.00000 0.00000
vt 1.00000 0.00000
vt 1.00000 1.00000
vt 0.00000 0.00000
vt 1.00000 1.00000
vt 0.00000 1.00000
vt 0.00000 0.00000
vt 1.00000 0.00000
vt 1.00000 1.00000
vt 0.00000 0.00000
vt 1.00000 1.00000
vt 0.00000 1.00000
vt 0.00000 0.00000
vt 1.00000 0.00000
vt 1.00000 1.00000
vt 0.00000 0.00000
vt 1.00000 1.00000
vt 0.00000 1.00000
vt 0.00000 0.00000
vt 1.00000 0.00000
vt 1.00000 1.00000
vt 0.00000 0.00000
vt 1.00000 1.00000
vt 0.00000 1.00000
vt 0.00000 0.00000
vt 1.00000 0.00000
vt 1.00000 1.00000
vt 0.00000 0.00000
vt 1.00000 1.00000
vt 0.00000 1.00000
vt 0.00000 0.00000
vt 1.00000 0.00000
vt 1.00000 1.00000
vt 0.00000 0.00000
vt 1.00000 1.00000
vt 0.00000 1.00000
vt 0.00000 0.00000
vt 1.00000 0.00000
vt 1.00000 1.00000
vt 0.00000 0.00000
vt 1.00000 1.00000
vt 0.00000 1.00000
vt 0.00000 0.00000
vt 1.00000 0.00000
vt 1.00000 1.00000
vt 0.00000 0.00000
vt 1.00000 1.00000
vt 0.00000 1.00000
vt 0.00000 0.00000
vt 1.00000 0.00000
vt 1.00000 1.00000
vt 0.00000 0.00000
vt 1.00000 1.00000
vt 0.00000 1.00000
vt 0.00000 0.00000
vt 1.00000 0.00000
vt 1.00000 1.00000
vt 0.00000 0.00000
vt 1.00000 1.00000
vt 0.00000 1.00000
vt 0.00000 0.00000
vt 1.00000 0.00000
vt 1.00000 1.00000
vt 0.00000 0.00000
vt 1.00000 1.00000
vt 0.00000 1.00000
vt 0.00000 0.00000
vt 1.00000 0.00000
vt 1.00000 1.00000
vt 0.00000 0.00000
vt 1.00000 1.00000
vt 0.00000 1.00000
vt 0.00000 0.00000
vt 1.00000 0.00000
vt 1.00000 1.00000
vt 0.00000 0.00000
vt 1.00000 1.00000
vt 0.00000 1.00000
vt 0.00000 0.00000
vt 1.00000 0.00000
vt 1.00000 1.00000
vt 0.00000 0.00000
vt 1.00000 1.00000
vt 0.00000 1.00000
vt 0.00000 0.00000
vt 1.00000 0.00000
vt 1.00000 1.00000
vt 0.00000 0.00000
vt 1.00000 1.00000
vt 0.00000 1.00000
vt 0.00000 0.00000
vt 1.00000 0.00000
vt 1.00000 1.00000
vt 0.00000 0.00000
vt 1.00000 1.00000
vt 0.00000 1.00000
vt 0.00000 0.00000
vt 1.00000 0.00000
vt 1.00000 1.00000
vt 0.00000 0.00000
vt 1.00000 1.00000
vt 0.00000 1.00000
vt 0.00000 0.00000
vt 1.00000 0.00000
vt 1.00000 1.00000
vt 0.00000 0.00000
vt 1.00000 1.00000
vt 0.00000 1.00000
vt 0.00000 0.00000
vt 1.00000 0.00000
vt 1.00000 1.00000
vt 0.00000 0.00000
vt 1.00000 1.00000
vt 0.00000 1.00000
vt 0.00000 0.00000
vt 1.00000 0.00000
vt 1.00000 1.00000
vt 0.00000 0.00000
vt 1.00000 1.00000
vt 0.00000 1.00000
vt 0.00000 0.00000
vt 1.00000 0.00000
vt 1.00000 1.00000
vt 0.00000 0.00000
vt 1.00000 1.00000
vt 0.00000 1.00000
vt 0.00000 0.00000
vt 1.00000 0.00000
vt 1.00000 1.00000
vt 0.00000 0.00000
vt 1.00000 1.00000
vt 0.00000 1.00000
vt 0.00000 0.00000
vt 1.00000 0.00000
vt 1.00000 1.00000
vt 0.00000 0.00000
vt 1.00000 1.00000
vt 0.00000 1.00000
vt 0.00000 0.00000
vt 1.00000 0.00000
vt 1.00000 1.00000
vt 0.00000 0.00000
vt 1.00000 1.00000
vt 0.00000 1.00000
vt 0.00000 0.00000
vt 1.00000 0.00000
vt 1.00000 1.00000
vt 0.00000 0.00000
vt 1.00000 1.00000
vt 0.00000 1.00000
vt 0.00000 0.00000
vt 1.00000 0.00000
vt 1.00000 1.00000
vt 0.00000 0.00000
vt 1.00000 1.00000
vt 0.00000 1.00000
vt 0.00000 0.00000
vt 1.00000 0.00000
vt 1.00000 1.00000
vt 0.00000 0.00000
vt 1.00000 1.00000
vt 0.00000 1.00000
vt 0.00000 0.00000
vt 1.00000 0.00000
vt 1.00000 1.00000
vt 0.00000 0.00000
vt 1.00000 1.00000
vt 0.00000 1.00000
vt 0.00000 0.00000
vt 1.00000 0.00000
vt 1.00000 1.00000
vt 0.00000 0.00000
vt 1.00000 1.00000
vt 0.00000 1.00000
vt 0.00000 0.00000
vt 1.00000 0.00000
vt 1.00000 1.00000
vt 0.00000 0.00000
vt 1.00000 1.00000
vt 0.00000 1.00000
vt 0.00000 0.00000
vt 1.00000 0.00000
vt 1.00000 1.00000
vt 0.00000 0.00000
vt 1.00000 1.00000
vt 0.00000 1.00000
vt 0.00000 0.00000
vt 1.00000 0.00000
vt 1.00000 1.00000
vt 0.00000 0.00000
vt 1.00000 1.00000
vt 0.00000 1.00000
vt 0.00000 0.00000
vt 1.00000 0.00000
vt 1.00000 1.00000
vt 0.00000 0.00000
vt 1.00000 1.00000
vt 0.00000 1.00000
vt 0.00000 0.00000
vt 1.00000 0.00000
vt 1.00000 1.00000
vt 0.00000 0.00000
vt 1.00000 1.00000
vt 0.00000 1.00000
vt 0.00000 0.00000
vt 1.00000 0.00000
vt 1.00000 1.00000
vt 0.00000 0.00000
vt 1.00000 1.00000
vt 0.00000 1.00000
vt 0.00000 0.00000
vt 1.00000 0.00000
vt 1.00000 1.00000
vt 0.00000 0.00000
vt 1.00000 1.00000
vt 0.00000 1.00000
vt 0.00000 0.00000
vt 1.00000 0.00000
vt 1.00000 1.00000
vt 0.00000 0.00000
vt 1.00000 1.00000
vt 0.00000 1.00000
vt 0.00000 0.00000
vt 1.00000 0.00000
vt 1.00000 1.00000
vt 0.00000 0.00000
vt 1.00000 1.00000
vt 0.00000 1.00000
vt 0.00000 0.00000
vt 1.00000 0.00000
vt 1.00000 1.00000
vt 0.00000 0.00000
vt 1.00000 1.00000
vt 0.00000 1.00000
vt 0.00000 0.00000
vt 1.00000 0.00000
vt 1.00000 1.00000
vt 0.00000 0.00000
vt 1.00000 1.00000
vt 0.00000 1.00000
vt 0.00000 0.00000
vt 1.00000 0.00000
vt 1.00000 1.00000
vt 0.00000 0.00000
vt 1.00000 1.00000
vt 0.00000 1.00000
vt 0.00000 0.00000
vt 1.00000 0.00000
vt 1.00000 1.00000
vt 0.00000 0.00000
vt 1.00000 1.00000
vt 0.00000 1.00000
vt 0.00000 0.00000
vt 1.00000 0.00000
vt 1.00000 1.00000
vt 0.00000 0.00000
vt 1.00000 1.00000
vt 0.00000 1.00000
vt 0.00000 0.00000
vt 1.00000 0.00000
vt 1.00000 1.00000
vt 0.00000 0.00000
vt 1.00000 1.00000
vt 0.00000 1.00000
vt 0.00000 0.00000
vt 1.00000 0.00000
vt 1.00000 1.00000
vt 0.00000 0.00000
vt 1.00000 1.00000
vt 0.00000 1.00000
vt 0.00000 0.00000
vt 1.00000 0.00000
vt 1.00000 1.00000
vt 0.00000 0.00000
vt 1.00000 1.00000
vt 0.00000 1.00000
vt 0.00000 0.00000
vt 1.00000 0.00000
vt 1.00000 1.00000
vt 0.00000 0.00000
vt 1.00000 1.00000
vt 0.00000 1.00000
vt 0.00000 0.00000
vt 1.00000 0.00000
vt 1.00000 1.00000
vt 0.00000 0.00000
vt 1.00000 1.00000
vt 0.00000 1.00000
vt 0.00000 0.00000
vt 1.00000 0.00000
vt 1.00000 1.00000
vt 0.00000 0.00000
vt 1.00000 1.00000
vt 0.00000 1.00000
vt 0.00000 0.00000
vt 1.00000 0.00000
vt 1.00000 1.00000
vt 0.00000 0.00000
vt 1.00000 1.00000
vt 0.00000 1.00000
vt 0.00000 0.00000
vt 1.00000 0.00000
vt 1.00000 1.00000
vt 0.00000 0.00000
vt 1.00000 1.00000
vt 0.00000 1.00000
vt 0.00000 0.00000
vt 1.00000 0.00000
vt 1.00000 1.00000
vt 0.00000 0.00000
vt 1.00000 1.00000
vt 0.00000 1.00000
vt 0.00000 0.00000
vt 1.00000 0.00000
vt 1.00000 1.00000
vt 0.00000 0.00000
vt 1.00000 1.00000
vt 0.00000 1.00000
vt 0.00000 0.00000
vt 1.00000 0.00000
vt 1.00000 1.00000
vt 0.00000 0.00000
vt 1.00000 1.00000
vt 0.00000 1.00000
vt 0.00000 0.00000
vt 1.00000 0.00000
vt 1.00000 1.00000
vt 0.00000 0.00000
vt 1.00000 1.00000
vt 0.00000 1.00000
vt 0.00000 0.00000
vt 1.00000 0.00000
vt 1.00000 1.00000
vt 0.00000 0.00000
vt 1.00000 1.00000
vt 0.00000 1.00000
vt 0.00000 0.00000
vt 1.00000 0.00000
vt 1.00000 1.00000
vt 0.00000 0.00000
vt 1.00000 1.00000
vt 0.00000 1.00000
vt 0.00000 0.00000
vt 1.00000 0.00000
vt 1.00000 1.00000
vt 0.00000 0.00000
vt 1.00000 1.00000
vt 0.00000 1.00000
vt 0.00000 0.00000
vt 1.00000 0.00000
vt 1.00000 1.00000
vt 0.00000 0.00000
vt 1.00000 1.00000
vt 0.00000 1.00000
vt 0.00000 0.00000
vt 1.00000 0.00000
vt 1.00000 1.00000
vt 0.00000 0.00000
vt 1.00000 1.00000
vt 0.00000 1.00000
vt 0.00000 0.00000
vt 1.00000 0.00000
vt 1.00000 1.00000
vt 0.00000 0.00000
vt 1.00000 1.00000
vt 0.00000 1.00000
vt 0.00000 0.00000
vt 1.00000 0.00000
vt 1.00000 1.00000
vt 0.00000 0.00000
vt 1.00000 1.00000
vt 0.00000 1.00000
vt 0.00000 0.00000
vt 1.00000 0.00000
vt 1.00000 1.00000
vt 0.00000 0.00000
vt 1.00000 1.00000
vt 0.00000 1.00000
vt 0.00000 0.00000
vt 1.00000 0.00000
vt 1.00000 1.00000
vt 0.00000 0.00000
vt 1.00000 1.00000
vt 0.00000 1.00000
vt 0.00000 0.00000
vt 1.00000 0.00000
vt 1.00000 1.00000
vt 0.00000 0.00000
vt 1.00000 1.00000
vt 0.00000 1.00000
vt 0.00000 0.00000
vt 1.00000 0.00000
vt 1.00000 1.00000
vt 0.00000 0.00000
vt 1.00000 1.00000
vt 0.00000 1.00000
vt 0.00000 0.00000
vt 1.00000 0.00000
vt 1.00000 1.00000
vt 0.00000 0.00000
vt 1.00000 1.00000
vt 0.00000 1.00000
vt 0.00000 0.00000
vt 1.00000 0.00000
vt 1.00000 1.00000
vt 0.00000 0.00000
vt 1.00000 1.00000
vt 0.00000 1.00000
vt 0.00000 0.00000
vt 1.00000 0.00000
vt 1.00000 1.00000
vt 0.00000 0.00000
vt 1.00000 1.00000
vt 0.00000 1.00000
vt 0.00000 0.00000
vt 1.00000 0.00000
vt 1.00000 1.00000
vt 0.00000 0.00000
vt 1.00000 1.00000
vt 0.00000 1.00000
vt 0.00000 0.00000
vt 1.00000 0.00000
vt 1.00000 1.00000
vt 0.00000 0.00000
vt 1.00000 1.00000
vt 0.00000 1.00000
vt 0.00000 0.00000
vt 1.00000 0.00000
vt 1.00000 1.00000
vt 0.00000 0.00000
vt 1.00000 1.00000
vt 0.00000 1.00000
vt 0.00000 0.00000
vt 1.00000 0.00000
vt 1.00000 1.00000
vt 0.00000 0.00000
vt 1.00000 1.00000
vt 0.00000 1.00000
vt 0.00000 0.00000
vt 1.00000 0.00000
vt 1.00000 1.00000
vt 0.00000 0.00000
vt 1.00000 1.00000
vt 0.00000 1.00000
vt 0.00000 0.00000
vt 1.00000 0.00000
vt 1.00000 1.00000
vt 0.00000 0.00000
vt 1.00000 1.00000
vt 0.00000 1.00000
vt 0.00000 0.00000
vt 1.00000 0.00000
vt 1.00000 1.00000
vt 0.00000 0.00000
vt 1.00000 1.00000
vt 0.00000 1.00000
vt 0.00000 0.00000
vt 1.00000 0.00000
vt 1.00000 1.00000
vt 0.00000 0.00000
vt 1.00000 1.00000
vt 0.00000 1.00000
vt 0.00000 0.00000
vt 1.00000 0.00000
vt 1.00000 1.00000
vt 0.00000 0.00000
vt 1.00000 1.00000
vt 0.00000 1.00000
vt 0.00000 0.00000
vt 1.00000 0.00000
vt 1.00000 1.00000
vt 0.00000 0.00000
vt 1.00000 1.00000
vt 0.00000 1.00000
vt 0.00000 0.00000
vt 1.00000 0.00000
vt 1.00000 1.00000
vt 0.00000 0.00000
vt 1.00000 1.00000
vt 0.00000 1.00000
vt 0.00000 0.00000
vt 1.00000 0.00000
vt 1.00000 1.00000
vt 0.00000 0.00000
vt 1.00000 1.00000
vt 0.00000 1.00000
vt 0.00000 0.00000
vt 1.00000 0.00000
vt 1.00000 1.00000
vt 0.00000 0.00000
vt 1.00000 1.00000
vt 0.00000 1.00000
vt 0.00000 0.00000
vt 1.00000 0.00000
vt 1.00000 1.00000
vt 0.00000 0.00000
vt 1.00000 1.00000
vt 0.00000 1.00000
vt 0.00000 0.00000
vt 1.00000 0.00000
vt 1.00000 1.00000
vt 0.00000 0.00000
vt 1.00000 1.00000
vt 0.00000 1.00000
vt 0.00000 0.00000
vt 1.00000 0.00000
vt 1.00000 1.00000
vt 0.00000 0.00000
vt 1.00000 1.00000
vt 0.00000 1.00000
vt 0.00000 0.00000
vt 1.00000 0.00000
vt 1.00000 1.00000
vt 0.00000 0.00000
vt 1.00000 1.00000
vt 0.00000 1.00000
vt 0.00000 0.00000
vt 1.00000 0.00000
vt 1.00000 1.00000
vt 0.00000 0.00000
vt 1.00000 1.00000
vt 0.00000 1.00000
vt 0.00000 0.00000
vt 1.00000 0.00000
vt 1.00000 1.00000
vt 0.00000 0.00000
vt 1.00000 1.00000
vt 0.00000 1.00000
vt 0.00000 0.00000
vt 1.00000 0.00000
vt 1.00000 1.00000
vt 0.00000 0.00000
vt 1.00000 1.00000
vt 0.00000 1.00000
vt 0.00000 0.00000
vt 1.00000 0.00000
vt 1.00000 1.00000
vt 0.00000 0.00000
vt 1.00000 1.00000
vt 0.00000 1.00000
vt 0.00000 0.00000
vt 1.00000 0.00000
vt 1.00000 1.00000
vt 0.00000 0.00000
vt 1.00000 1.00000
vt 0.00000 1.00000
vt 0.00000 0.00000
vt 1.00000 0.00000
vt 1.00000 1.00000
vt 0.00000 0.00000
vt 1.00000 1.00000
vt 0.00000 1.00000
vt 0.00000 0.00000
vt 1.00000 0.00000
vt 1.00000 1.00000
vt 0.00000 0.00000
vt 1.00000 1.00000
vt 0.00000 1.00000
vt 0.00000 0.00000
vt 1.00000 0.00000
vt 1.00000 1.00000
vt 0.00000 0.00000
vt 1.00000 1.00000
vt 0.00000 1.00000
vt 0.00000 0.00000
vt 1.00000 0.00000
vt 1.00000 1.00000
vt 0.00000 0.00000
vt 1.00000 1.00000
vt 0.00000 1.00000
vt 0.00000 0.00000
vt 1.00000 0.00000
vt 1.00000 1.00000
vt 0.00000 0.00000
vt 1.00000 1.00000
vt 0.00000 1.00000
vt 0.00000 0.00000
vt 1.00000 0.00000
vt 1.00000 1.00000
vt 0.00000 0.00000
vt 1.00000 1.00000
vt 0.00000 1.00000
vt 0.00000 0.00000
vt 1.00000 0.00000
vt 1.00000 1.00000
vt 0.00000 0.00000
vt 1.00000 1.00000
vt 0.00000 1.00000
vt 0.00000 0.00000
vt 1.00000 0.00000
vt 1.00000 1.00000
vt 0.00000 0.00000
vt 1.00000 1.00000
vt 0.00000 1.00000
vt 0.00000 0.00000
vt 1.00000 0.00000
vt 1.00000 1.00000
vt 0.00000 0.00000
vt 1.00000 1.00000
vt 0.00000 1.00000
vt 0.00000 0.00000
vt 1.00000 0.00000
vt 1.00000 1.00000
vt 0.00000 0.00000
vt 1.00000 1.00000
vt 0.00000 1.00000
vt 0.00000 0.00000
vt 1.00000 0.00000
vt 1.00000 1.00000
vt 0.00000 0.00000
vt 1.00000 1.00000
vt 0.00000 1.00000
vt 0.00000 0.00000
vt 1.00000 0.00000
vt 1.00000 1.00000
vt 0.00000 0.00000
vt 1.00000 1.00000
vt 0.00000 1.00000
vt 0.00000 0.00000
vt 1.00000 0.00000
vt 1.00000 1.00000
vt 0.00000 0.00000
vt 1.00000 1.00000
vt 0.00000 1.00000
vt 0.00000 0.00000
vt 1.00000 0.00000
vt 1.00000 1.00000
vt 0.00000 0.00000
vt 1.00000 1.00000
vt 0.00000 1.00000
vt 0.00000 0.00000
vt 1.00000 0.00000
vt 1.00000 1.00000
vt 0.00000 0.00000
vt 1.00000 1.00000
vt 0.00000 1.00000
vt 0.00000 0.00000
vt 1.00000 0.00000
vt 1.00000 1.00000
vt 0.00000 0.00000
vt 1.00000 1.00000
vt 0.00000 1.00000
vt 0.00000 0.00000
vt 1.00000 0.00000
vt 1.00000 1.00000
vt 0.00000 0.00000
vt 1.00000 1.00000
vt 0.00000 1.00000
vt 0.00000 0.00000
vt 1.00000 0.00000
vt 1.00000 1.00000
vt 0.00000 0.00000
vt 1.00000 1.00000
vt 0.00000 1.00000
vt 0.00000 0.00000
vt 1.00000 0.00000
vt 1.00000 1.00000
vt 0.00000 0.00000
vt 1.00000 1.00000
vt 0.00000 1.00000
vt 0.00000 0.00000
vt 1.00000 0.00000
vt 1.00000 1.00000
vt 0.00000 0.00000
vt 1.00000 1.00000
vt 0.00000 1.00000
vt 0.00000 0.00000
vt 1.00000 0.00000
vt 1.00000 1.00000
vt 0.00000 0.00000
vt 1.00000 1.00000
vt 0.00000 1.00000
vt 0.00000 0.00000
vt 1.00000 0.00000
vt 1.00000 1.00000
vt 0.00000 0.00000
vt 1.00000 1.00000
vt 0.00000 1.00000
vt 0.00000 0.00000
vt 1.00000 0.00000
vt 1.00000 1.00000
vt 0.00000 0.00000
vt 1.00000 1.00000
vt 0.00000 1.00000
vt 0.00000 0.00000
vt 1.00000 0.00000
vt 1.00000 1.00000
vt 0.00000 0.00000
vt 1.00000 1.00000
vt 0.00000 1.00000
vt 0.00000 0.00000
vt 1.00000 0.00000
vt 1.00000 1.00000
vt 0.00000 0.00000
vt 1.00000 1.00000
vt 0.00000 1.00000
vt 0.00000 0.00000
vt 1.00000 0.00000
vt 1.00000 1.00000
vt 0.00000 0.00000
vt 1.00000 1.00000
vt 0.00000 1.00000
vt 0.00000 0.00000
vt 1.00000 0.00000
vt 1.00000 1.00000
vt 0.00000 0.00000
vt 1.00000 1.00000
vt 0.00000 1.00000
vt 0.00000 0.00000
vt 1.00000 0.00000
vt 1.00000 1.00000
vt 0.00000 0.00000
vt 1.00000 1.00000
vt 0.00000 1.00000
vt 0.00000 0.00000
vt 1.00000 0.00000
vt 1.00000 1.00000
vt 0.00000 0.00000
vt 1.00000 1.00000
vt 0.00000 1.00000
vt 0.00000 0.00000
vt 1.00000 0.00000
vt 1.00000 1.00000
vt 0.00000 0.00000
vt 1.00000 1.00000
vt 0.00000 1.00000
vt 0.00000 0.00000
vt 1.00000 0.00000
vt 1.00000 1.00000
vt 0.00000 0.00000
vt 1.00000 1.00000
vt 0.00000 1.00000
vt 0.00000 0.00000
vt 1.00000 0.00000
vt 1.00000 1.00000
vt 0.00000 0.00000
vt 1.00000 1.00000
vt 0.00000 1.00000
vt 0.00000 0.00000
vt 1.00000 0.00000
vt 1.00000 1.00000
vt 0.00000 0.00000
vt 1.00000 1.00000
vt 0.00000 1.00000
vt 0.00000 0.00000
vt 1.00000 0.00000
vt 1.00000 1.00000
vt 0.00000 0.00000
vt 1.00000 1.00000
vt 0.00000 1.00000
vt 0.00000 0.00000
vt 1.00000 0.00000
vt 1.00000 1.00000
vt 0.00000 0.00000
vt 1.00000 1.00000
vt 0.00000 1.00000
vt 0.00000 0.00000
vt 1.00000 0.00000
vt 1.00000 1.00000
vt 0.00000 0.00000
vt 1.00000 1.00000
vt 0.00000 1.00000
vt 0.00000 0.00000
vt 1.00000 0.00000
vt 1.00000 1.00000
vt 0.00000 0.00000
vt 1.00000 1.00000
vt 0.00000 1.00000
vt 0.00000 0.00000
vt 1.00000 0.00000
vt 1.00000 1.00000
vt 0.00000 0.00000
vt 1.00000 1.00000
vt 0.00000 1.00000
vt 0.00000 0.00000
vt 1.00000 0.00000
vt 1.00000 1.00000
vt 0.00000 0.00000
vt 1.00000 1.00000
vt 0.00000 1.00000
vt 0.00000 0.00000
vt 1.00000 0.00000
vt 1.00000 1.00000
vt 0.00000 0.00000
vt 1.00000 1.00000
vt 0.00000 1.00000
vt 0.00000 0.00000
vt 1.00000 0.00000
vt 1.00000 1.00000
vt 0.00000 0.00000
vt 1.00000 1.00000
vt 0.00000 1.00000
vt 0.00000 0.00000
vt 1.00000 0.00000
vt 1.00000 1.00000
vt 0.00000 0.00000
vt 1.00000 1.00000
vt 0.00000 1.00000
vt 0.00000 0.00000
vt 1.00000 0.00000
vt 1.00000 1.00000
vt 0.00000 0.00000
vt 1.00000 1.00000
vt 0.00000 1.00000
vt 0.00000 0.00000
vt 1.00000 0.00000
vt 1.00000 1.00000
vt 0.00000 0.00000
vt 1.00000 1.00000
vt 0.00000 1.00000
vt 0.00000 0.00000
vt 1.00000 0.00000
vt 1.00000 1.00000
vt 0.00000 0.00000
vt 1.00000 1.00000
vt 0.00000 1.00000
vt 0.00000 0.00000
vt 1.00000 0.00000
vt 1.00000 1.00000
vt 0.00000 0.00000
vt 1.00000 1.00000
vt 0.00000 1.00000
vt 0.00000 0.00000
vt 1.00000 0.00000
vt 1.00000 1.00000
vt 0.00000 0.00000
vt 1.00000 1.00000
vt 0.00000 1.00000
vt 0.00000 0.00000
vt 1.00000 0.00000
vt 1.00000 1.00000
vt 0.00000 0.00000
vt 1.00000 1.00000
vt 0.00000 1.00000
vt 0.00000 0.00000
vt 1.00000 0.00000
vt 1.00000 1.00000
vt 0.00000 0.00000
vt 1.00000 1.00000
vt 0.00000 1.00000
vt 0.00000 0.00000
vt 1.00000 0.00000
vt 1.00000 1.00000
vt 0.00000 0.00000
vt 1.00000 1.00000
vt 0.00000 1.00000
vt 0.00000 0.00000
vt 1.00000 0.00000
vt 1.00000 1.00000
vt 0.00000 0.00000
vt 1.00000 1.00000
vt 0.00000 1.00000
vt 0.00000 0.00000
vt 1.00000 0.00000
vt 1.00000 1.00000
vt 0.00000 0.00000
vt 1.00000 1.00000
vt 0.00000 1.00000
vt 0.00000 0.00000
vt 1.00000 0.00000
vt 1.00000 1.00000
vt 0.00000 0.00000
vt 1.00000 1.00000
vt 0.00000 1.00000
vt 0.00000 0.00000
vt 1.00000 0.00000
vt 1.00000 1.00000
vt 0.00000 0.00000
vt 1.00000 1.00000
vt 0.00000 1.00000
vt 0.00000 0.00000
vt 1.00000 0.00000
vt 1.00000 1.00000
vt 0.00000 0.00000
vt 1.00000 1.00000
vt 0.00000 1.00000
vt 0.00000 0.00000
vt 1.00000 0.00000
vt 1.00000 1.00000
vt 0.00000 0.00000
vt 1.00000 1.00000
vt 0.00000 1.00000
vt 0.00000 0.00000
vt 1.00000 0.00000
vt 1.00000 1.00000
vt 0.00000 0.00000
vt 1.00000 1.00000
vt 0.00000 1.00000
vt 0.00000 0.00000
vt 1.00000 0.00000
vt 1.00000 1.00000
vt 0.00000 0.00000
vt 1.00000 1.00000
vt 0.00000 1.00000
vt 0.00000 0.00000
vt 1.00000 0.00000
vt 1.00000 1.00000
vt 0.00000 0.00000
vt 1.00000 1.00000
vt 0.00000 1.00000
vt 0.00000 0.00000
vt 1.00000 0.00000
vt 1.00000 1.00000
vt 0.00000 0.00000
vt 1.00000 1.00000
vt 0.00000 1.00000
vt 0.00000 0.00000
vt 1.00000 0.00000
vt 1.00000 1.00000
vt 0.00000 0.00000
vt 1.00000 1.00000
vt 0.00000 1.00000
vt 0.00000 0.00000
vt 1.00000 0.00000
vt 1.00000 1.00000
vt 0.00000 0.00000
vt 1.00000 1.00000
vt 0.00000 1.00000
vt 0.00000 0.00000
vt 1.00000 0.00000
vt 1.00000 1.00000
vt 0.00000 0.00000
vt 1.00000 1.00000
vt 0.00000 1.00000
vt 0.00000 0.00000
vt 1.00000 0.00000
vt 1.00000 1.00000
vt 0.00000 0.00000
vt 1.00000 1.00000
vt 0.00000 1.00000
vt 0.00000 0.00000
vt 1.00000 0.00000
vt 1.00000 1.00000
vt 0.00000 0.00000
vt 1.00000 1.00000
vt 0.00000 1.00000
vt 0.00000 0.00000
vt 1.00000 0.00000
vt 1.00000 1.00000
vt 0.00000 0.00000
vt 1.00000 1.00000
vt 0.00000 1.00000
vt 0.00000 0.00000
vt 1.00000 0.00000
vt 1.00000 1.00000
vt 0.00000 0.00000
vt 1.00000 1.00000
vt 0.00000 1.00000
vt 0.00000 0.00000
vt 1.00000 0.00000
vt 1.00000 1.00000
vt 0.00000 0.00000
vt 1.00000 1.00000
vt 0.00000 1.00000
vt 0.00000 0.00000
vt 1.00000 0.00000
vt 1.00000 1.00000
vt 0.00000 0.00000
vt 1.00000 1.00000
vt 0.00000 1.00000
vt 0.00000 0.00000
vt 1.00000 0.00000
vt 1.00000 1.00000
vt 0.00000 0.00000
vt 1.00000 1.00000
vt 0.00000 1.00000
vt 0.00000 0.00000
vt 1.00000 0.00000
vt 1.00000 1.00000
vt 0.00000 0.00000
vt 1.00000 1.00000
vt 0.00000 1.00000
vt 0.00000 0.00000
vt 1.00000 0.00000
vt 1.00000 1.00000
vt 0.00000 0.00000
vt 1.00000 1.00000
vt 0.00000 1.00000
vt 0.00000 0.00000
vt 1.00000 0.00000
vt 1.00000 1.00000
vt 0.00000 0.00000
vt 1.00000 1.00000
vt 0.00000 1.00000
vt 0.00000 0.00000
vt 1.00000 0.00000
vt 1.00000 1.00000
vt 0.00000 0.00000
vt 1.00000 1.00000
vt 0.00000 1.00000
vt 0.00000 0.00000
vt 1.00000 0.00000
vt 1.00000 1.00000
vt 0.00000 0.00000
vt 1.00000 1.00000
vt 0.00000 1.00000
vt 0.00000 0.00000
vt 1.00000 0.00000
vt 1.00000 1.00000
vt 0.00000 0.00000
vt 1.00000 1.00000
vt 0.00000 1.00000
vt 0.00000 0.00000
vt 1.00000 0.00000
vt 1.00000 1.00000
vt 0.00000 0.00000
vt 1.00000 1.00000
vt 0.00000 1.00000
vt 0.00000 0.00000
vt 1.00000 0.00000
vt 1.00000 1.00000
vt 0.00000 0.00000
vt 1.00000 1.00000
vt 0.00000 1.00000
vt 0.00000 0.00000
vt 1.00000 0.00000
vt 1.00000 1.00000
vt 0.00000 0.00000
vt 1.00000 1.00000
vt 0.00000 1.00000
vt 0.00000 0.00000
vt 1.00000 0.00000
vt 1.00000 1.00000
vt 0.00000 0.00000
vt 1.00000 1.00000
vt 0.00000 1.00000
vt 0.00000 0.00000
vt 1.00000 0.00000
vt 1.00000 1.00000
vt 0.00000 0.00000
vt 1.00000 1.00000
vt 0.00000 1.00000
vt 0.00000 0.00000
vt 1.00000 0.00000
vt 1.00000 1.00000
vt 0.00000 0.00000
vt 1.00000 1.00000
vt 0.00000 1.00000
vt 0.00000 0.00000
vt 1.00000 0.00000
vt 1.00000 1.00000
vt 0.00000 0.00000
vt 1.00000 1.00000
vt 0.00000 1.00000
vt 0.00000 0.00000
vt 1.00000 0.00000
vt 1.00000 1.00000
vt 0.00000 0.00000
vt 1.00000 1.00000
vt 0.00000 1.00000
vt 0.00000 0.00000
vt 1.00000 0.00000
vt 1.00000 1.00000
vt 0.00000 0.00000
vt 1.00000 1.00000
vt 0.00000 1.00000
vt 0.00000 0.00000
vt 1.00000 0.00000
vt 1.00000 1.00000
vt 0.00000 0.00000
vt 1.00000 1.00000
vt 0.00000 1.00000
vt 0.00000 0.00000
vt 1.00000 0.00000
vt 1.00000 1.00000
vt 0.00000 0.00000
vt 1.00000 1.00000
vt 0.00000 1.00000
vt 0.00000 0.00000
vt 1.00000 0.00000
vt 1.00000 1.00000
vt 0.00000 0.00000
vt 1.00000 1.00000
vt 0.00000 1.00000
vt 0.00000 0.00000
vt 1.00000 0.00000
vt 1.00000 1.00000
vt 0.00000 0.00000
vt 1.00000 1.00000
vt 0.00000 1.00000
vt 0.00000 0.00000
vt 1.00000 0.00000
vt 1.00000 1.00000
vt 0.00000 0.00000
vt 1.00000 1.00000
vt 0.00000 1.00000
vt 0.00000 0.00000
vt 1.00000 0.00000
vt 1.00000 1.00000
vt 0.00000 0.00000
vt 1.00000 1.00000
vt 0.00000 1.00000
vt 0.00000 0.00000
vt 1.00000 0.00000
vt 1.00000 1.00000
vt 0.00000 0.00000
vt 1.00000 1.00000
vt 0.00000 1.00000
vt 0.00000 0.00000
vt 1.00000 0.00000
vt 1.00000 1.00000
vt 0.00000 0.00000
vt 1.00000 1.00000
vt 0.00000 1.00000
vt 0.00000 0.00000
vt 1.00000 0.00000
vt 1.00000 1.00000
vt 0.00000 0.00000
vt 1.00000 1.00000
vt 0.00000 1.00000
vt 0.00000 0.00000
vt 1.00000 0.00000
vt 1.00000 1.00000
vt 0.00000 0.00000
vt 1.00000 1.00000
vt 0.00000 1.00000
vt 0.00000 0.00000
vt 1.00000 0.00000
vt 1.00000 1.00000
vt 0.00000 0.00000
vt 1.00000 1.00000
vt 0.00000 1.00000
vt 0.00000 0.00000
vt 1.00000 0.00000
vt 1.00000 1.00000
vt 0.00000 0.00000
vt 1.00000 1.00000
vt 0.00000 1.00000
vt 0.00000 0.00000
vt 1.00000 0.00000
vt 1.00000 1.00000
vt 0.00000 0.00000
vt 1.00000 1.00000
vt 0.00000 1.00000
vt 0.00000 0.00000
vt 1.00000 0.00000
vt 1.00000 1.00000
vt 0.00000 0.00000
vt 1.00000 1.00000
vt 0.00000 1.00000
vt 0.00000 0.00000
vt 1.00000 0.00000
vt 1.00000 1.00000
vt 0.00000 0.00000
vt 1.00000 1.00000
vt 0.00000 1.00000
vt 0.00000 0.00000
vt 1.00000 0.00000
vt 1.00000 1.00000
vt 0.00000 0.00000
vt 1.00000 1.00000
vt 0.00000 1.00000
vt 0.00000 0.00000
vt 1.00000 0.00000
vt 1.00000 1.00000
vt 0.00000 0.00000
vt 1.00000 1.00000
vt 0.00000 1.00000
vt 0.00000 0.00000
vt 1.00000 0.00000
vt 1.00000 1.00000
vt 0.00000 0.00000
vt 1.00000 1.00000
vt 0.00000 1.00000
vt 0.00000 0.00000
vt 1.00000 0.00000
vt 1.00000 1.00000
vt 0.00000 0.00000
vt 1.00000 1.00000
vt 0.00000 1.00000
vt 0.00000 0.00000
vt 1.00000 0.00000
vt 1.00000 1.00000
vt 0.00000 0.00000
vt 1.00000 1.00000
vt 0.00000 1.00000
vt 0.00000 0.00000
vt 1.00000 0.00000
vt 1.00000 1.00000
vt 0.00000 0.00000
vt 1.00000 1.00000
vt 0.00000 1.00000
vt 0.00000 0.00000
vt 1.00000 0.00000
vt 1.00000 1.00000
vt 0.00000 0.00000
vt 1.00000 1.00000
vt 0.00000 1.00000
vt 0.00000 0.00000
vt 1.00000 0.00000
vt 1.00000 1.00000
vt 0.00000 0.00000
vt 1.00000 1.00000
vt 0.00000 1.00000
vt 0.00000 0.00000
vt 1.00000 0.00000
vt 1.00000 1.00000
vt 0.00000 0.00000
vt 1.00000 1.00000
vt 0.00000 1.00000
vt 0.00000 0.00000
vt 1.00000 0.00000
vt 1.00000 1.00000
vt 0.00000 0.00000
vt 1.00000 1.00000
vt 0.00000 1.00000
vt 0.00000 0.00000
vt 1.00000 0.00000
vt 1.00000 1.00000
vt 0.00000 0.00000
vt 1.00000 1.00000
vt 0.00000 1.00000
vt 0.00000 0.00000
vt 1.00000 0.00000
vt 1.00000 1.00000
vt 0.00000 0.00000
vt 1.00000 1.00000
vt 0.00000 1.00000
vt 0.00000 0.00000
vt 1.00000 0.00000
vt 1.00000 1.00000
vt 0.00000 0.00000
vt 1.00000 1.00000
vt 0.00000 1.00000
vt 0.00000 0.00000
vt 1.00000 0.00000
vt 1.00000 1.00000
vt 0.00000 0.00000
vt 1.00000 1.00000
vt 0.00000 1.00000
vt 0.00000 0.00000
vt 1.00000 0.00000
vt 1.00000 1.00000
vt 0.00000 0.00000
vt 1.00000 1.00000
vt 0.00000 1.00000
vt 0.00000 0.00000
vt 1.00000 0.00000
vt 1.00000 1.00000
vt 0.00000 0.00000
vt 1.00000 1.00000
vt 0.00000 1.00000
vt 0.00000 0.00000
vt 1.00000 0.00000
vt 1.00000 1.00000
vt 0.00000 0.00000
vt 1.00000 1.00000
vt 0.00000 1.00000
vt 0.00000 0.00000
vt 1.00000 0.00000
vt 1.00000 1.00000
vt 0.00000 0.00000
vt 1.00000 1.00000
vt 0.00000 1.00000
vt 0.00000 0.00000
vt 1.00000 0.00000
vt 1.00000 1.00000
vt 0.00000 0.00000
vt 1.00000 1.00000
vt 0.00000 1.00000
vt 0.00000 0.00000
vt 1.00000 0.00000
vt 1.00000 1.00000
vt 0.00000 0.00000
vt 1.00000 1.00000
vt 0.00000 1.00000
vt 0.00000 0.00000
vt 1.00000 0.00000
vt 1.00000 1.00000
vt 0.00000 0.00000
vt 1.00000 1.00000
vt 0.00000 1.00000
vt 0.00000 0.00000
vt 1.00000 0.00000
vt 1.00000 1.00000
vt 0.00000 0.00000
vt 1.00000 1.00000
vt 0.00000 1.00000
vt 0.00000 0.00000
vt 1.00000 0.00000
vt 1.00000 1.00000
vt 0.00000 0.00000
vt 1.00000 1.00000
vt 0.00000 1.00000
vt 0.00000 0.00000
vt 1.00000 0.00000
vt 1.00000 1.00000
vt 0.00000 0.00000
vt 1.00000 1.00000
vt 0.00000 1.00000
vt 0.00000 0.00000
vt 1.00000 0.00000
vt 1.00000 1.00000
vt 0.00000 0.00000
vt 1.00000 1.00000
vt 0.00000 1.00000
vt 0.00000 0.00000
vt 1.00000 0.00000
vt 1.00000 1.00000
vt 0.00000 0.00000
vt 1.00000 1.00000
vt 0.00000 1.00000
vt 0.00000 0.00000
vt 1.00000 0.00000
vt 1.00000 1.00000
vt 0.00000 0.00000
vt 1.00000 1.00000
vt 0.00000 1.00000
vt 0.00000 0.00000
vt 1.00000 0.00000
vt 1.00000 1.00000
vt 0.00000 0.00000
vt 1.00000 1.00000
vt 0.00000 1.00000
vt 0.00000 0.00000
vt 1.00000 0.00000
vt 1.00000 1.00000
vt 0.00000 0.00000
vt 1.00000 1.00000
vt 0.00000 1.00000
vt 0.00000 0.00000
vt 1.00000 0.00000
vt 1.00000 1.00000
vt 0.00000 0.00000
vt 1.00000 1.00000
vt 0.00000 1.00000
vt 0.00000 0.00000
vt 1.00000 0.00000
vt 1.00000 1.00000
vt 0.00000 0.00000
vt 1.00000 1.00000
vt 0.00000 1.00000
vt 0.00000 0.00000
vt 1.00000 0.00000
vt 1.00000 1.00000
vt 0.00000 0.00000
vt 1.00000 1.00000
vt 0.00000 1.00000
vt 0.00000 0.00000
vt 1.00000 0.00000
vt 1.00000 1.00000
vt 0.00000 0.00000
vt 1.00000 1.00000
vt 0.00000 1.00000
vt 0.00000 0.00000
vt 1.00000 0.00000
vt 1.00000 1.00000
vt 0.00000 0.00000
vt 1.00000 1.00000
vt 0.00000 1.00000
vt 0.00000 0.00000
vt 1.00000 0.00000
vt 1.00000 1.00000
vt 0.00000 0.00000
vt 1.00000 1.00000
vt 0.00000 1.00000
vt 0.00000 0.00000
vt 1.00000 0.00000
vt 1.00000 1.00000
vt 0.00000 0.00000
vt 1.00000 1.00000
vt 0.00000 1.00000
vt 0.00000 0.00000
vt 1.00000 0.00000
vt 1.00000 1.00000
vt 0.00000 0.00000
vt 1.00000 1.00000
vt 0.00000 1.00000
vt 0.00000 0.00000
vt 1.00000 0.00000
vt 1.00000 1.00000
vt 0.00000 0.00000
vt 1.00000 1.00000
vt 0.00000 1.00000
vt 0.00000 0.00000
vt 1.00000 0.00000
vt 1.00000 1.00000
vt 0.00000 0.00000
vt 1.00000 1.00000
vt 0.00000 1.00000
vt 0.00000 0.00000
vt 1.00000 0.00000
vt 1.00000 1.00000
vt 0.00000 0.00000
vt 1.00000 1.00000
vt 0.00000 1.00000
vt 0.00000 0.00000
vt 1.00000 0.00000
vt 1.00000 1.00000
vt 0.00000 0.00000
vt 1.00000 1.00000
vt 0.00000 1.00000
vt 0.00000 0.00000
vt 1.00000 0.00000
vt 1.00000 1.00000
vt 0.00000 0.00000
vt 1.00000 1.00000
vt 0.00000 1.00000
vt 0.00000 0.00000
vt 1.00000 0.00000
vt 1.00000 1.00000
vt 0.00000 0.00000
vt 1.00000 1.00000
vt 0.00000 1.00000
vt 0.00000 0.00000
vt 1.00000 0.00000
vt 1.00000 1.00000
vt 0.00000 0.00000
vt 1.00000 1.00000
vt 0.00000 1.00000
vt 0.00000 0.00000
vt 1.00000 0.00000
vt 1.00000 1.00000
vt 0.00000 0.00000
vt 1.00000 1.00000
vt 0.00000 1.00000
vt 0.00000 0.00000
vt 1.00000 0.00000
vt 1.00000 1.00000
vt 0.00000 0.00000
vt 1.00000 1.00000
vt 0.00000 1.00000
vt 0.00000 0.00000
vt 1.00000 0.00000
vt 1.00000 1.00000
vt 0.00000 0.00000
vt 1.00000 1.00000
vt 0.00000 1.00000
vt 0.00000 0.00000
vt 1.00000 0.00000
vt 1.00000 1.00000
vt 0.00000 0.00000
vt 1.00000 1.00000
vt 0.00000 1.00000
vt 0.00000 0.00000
vt 1.00000 0.00000
vt 1.00000 1.00000
vt 0.00000 0.00000
vt 1.00000 1.00000
vt 0.00000 1.00000
vt 0.00000 0.00000
vt 1.00000 0.00000
vt 1.00000 1.00000
vt 0.00000 0.00000
vt 1.00000 1.00000
vt 0.00000 1.00000
vt 0.00000 0.00000
vt 1.00000 0.00000
vt 1.00000 1.00000
vt 0.00000 0.00000
vt 1.00000 1.00000
vt 0.00000 1.00000
vt 0.00000 0.00000
vt 1.00000 0.00000
vt 1.00000 1.00000
vt 0.00000 0.00000
vt 1.00000 1.00000
vt 0.00000 1.00000
vt 0.00000 0.00000
vt 1.00000 0.00000
vt 1.00000 1.00000
vt 0.00000 0.00000
vt 1.00000 1.00000
vt 0.00000 1.00000
vt 0.00000 0.00000
vt 1.00000 0.00000
vt 1.00000 1.00000
vt 0.00000 0.00000
vt 1.00000 1.00000
vt 0.00000 1.00000
vt 0.00000 0.00000
vt 1.00000 0.00000
vt 1.00000 1.00000
vt 0.00000 0.00000
vt 1.00000 1.00000
vt 0.00000 1.00000
vt 0.00000 0.00000
vt 1.00000 0.00000
vt 1.00000 1.00000
vt 0.00000 0.00000
vt 1.00000 1.00000
vt 0.00000 1.00000
vt 0.00000 0.00000
vt 1.00000 0.00000
vt 1.00000 1.00000
vt 0.00000 0.00000
vt 1.00000 1.00000
vt 0.00000 1.00000
vt 0.00000 0.00000
vt 1.00000 0.00000
vt 1.00000 1.00000
vt 0.00000 0.00000
vt 1.00000 1.00000
vt 0.00000 1.00000
vt 0.00000 0.00000
vt 1.00000 0.00000
vt 1.00000 1.00000
vt 0.00000 0.00000
vt 1.00000 1.00000
vt 0.00000 1.00000
vt 0.00000 0.00000
vt 1.00000 0.00000
vt 1.00000 1.00000
vt 0.00000 0.00000
vt 1.00000 1.00000
vt 0.00000 1.00000
vt 0.00000 0.00000
vt 1.00000 0.00000
vt 1.00000 1.00000
vt 0.00000 0.00000
vt 1.00000 1.00000
vt 0.00000 1.00000
vt 0.00000 0.00000
vt 1.00000 0.00000
vt 1.00000 1.00000
vt 0.00000 0.00000
vt 1.00000 1.00000
vt 0.00000 1.00000
vt 0.00000 0.00000
vt 1.00000 0.00000
vt 1.00000 1.00000
vt 0.00000 0.00000
vt 1.00000 1.00000
vt 0.00000 1.00000
vt 0.00000 0.00000
vt 1.00000 0.00000
vt 1.00000 1.00000
vt 0.00000 0.00000
vt 1.00000 1.00000
vt 0.00000 1.00000
vt 0.00000 0.00000
vt 1.00000 0.00000
vt 1.00000 1.00000
vt 0.00000 0.00000
vt 1.00000 1.00000
vt 0.00000 1.00000
vt 0.00000 0.00000
vt 1.00000 0.00000
vt 1.00000 1.00000
vt 0.00000 0.00000
vt 1.00000 1.00000
vt 0.00000 1.00000
vt 0.00000 0.00000
vt 1.00000 0.00000
vt 1.00000 1.00000
vt 0.00000 0.00000
vt 1.00000 1.00000
vt 0.00000 1.00000
vt 0.00000 0.00000
vt 1.00000 0.00000
vt 1.00000 1.00000
vt 0.00000 0.00000
vt 1.00000 1.00000
vt 0.00000 1.00000
vt 0.00000 0.00000
vt 1.00000 0.00000
vt 1.00000 1.00000
vt 0.00000 0.00000
vt 1.00000 1.00000
vt 0.00000 1.00000
vt 0.00000 0.00000
vt 1.00000 0.00000
vt 1.00000 1.00000
vt 0.00000 0.00000
vt 1.00000 1.00000
vt 0.00000 1.00000
vt 0.00000 0.00000
vt 1.00000 0.00000
vt 1.00000 1.00000
vt 0.00000 0.00000
vt 1.00000 1.00000
vt 0.00000 1.00000
vt 0.00000 0.00000
vt 1.00000 0.00000
vt 1.00000 1.00000
vt 0.00000 0.00000
vt 1.00000 1.00000
vt 0.00000 1.00000
vt 0.00000 0.00000
vt 1.00000 0.00000
vt 1.00000 1.00000
vt 0.00000 0.00000
vt 1.00000 1.00000
vt 0.00000 1.00000
vt 0.00000 0.00000
vt 1.00000 0.00000
vt 1.00000 1.00000
vt 0.00000 0.00000
vt 1.00000 1.00000
vt 0.00000 1.00000
vt 0.00000 0.00000
vt 1.00000 0.00000
vt 1.00000 1.00000
vt 0.00000 0.00000
vt 1.00000 1.00000
vt 0.00000 1.00000
vt 0.00000 0.00000
vt 1.00000 0.00000
vt 1.00000 1.00000
vt 0.00000 0.00000
vt 1.00000 1.00000
vt 0.00000 1.00000
vt 0.00000 0.00000
vt 1.00000 0.00000
vt 1.00000 1.00000
vt 0.00000 0.00000
vt 1.00000 1.00000
vt 0.00000 1.00000
vt 0.00000 0.00000
vt 1.00000 0.00000
vt 1.00000 1.00000
vt 0.00000 0.00000
vt 1.00000 1.00000
vt 0.00000 1.00000
vt 0.00000 0.00000
vt 1.00000 0.00000
vt 1.00000 1.00000
vt 0.00000 0.00000
vt 1.00000 1.00000
vt 0.00000 1.00000
vt 0.00000 0.00000
vt 1.00000 0.00000
vt 1.00000 1.00000
vt 0.00000 0.00000
vt 1.00000 1.00000
vt 0.00000 1.00000
vt 0.00000 0.00000
vt 1.00000 0.00000
vt 1.00000 1.00000
vt 0.00000 0.00000
vt 1.00000 1.00000
vt 0.00000 1.00000
vt 0.00000 0.00000
vt 1.00000 0.00000
vt 1.00000 1.00000
vt 0.00000 0.00000
vt 1.00000 1.00000
vt 0.00000 1.00000
vt 0.00000 0.00000
vt 1.00000 0.00000
vt 1.00000 1.00000
vt 0.00000 0.00000
vt 1.00000 1.00000
vt 0.00000 1.00000
vt 0.00000 0.00000
vt 1.00000 0.00000
vt 1.00000 1.00000
vt 0.00000 0.00000
vt 1.00000 1.00000
vt 0.00000 1.00000
vt 0.00000 0.00000
vt 1.00000 0.00000
vt 1.00000 1.00000
vt 0.00000 0.00000
vt 1.00000 1.00000
vt 0.00000 1.00000
vt 0.00000 0.00000
vt 1.00000 0.00000
vt 1.00000 1.00000
vt 0.00000 0.00000
vt 1.00000 1.00000
vt 0.00000 1.00000
vt 0.00000 0.00000
vt 1.00000 0.00000
vt 1.00000 1.00000
vt 0.00000 0.00000
vt 1.00000 1.00000
vt 0.00000 1.00000
vt 0.00000 0.00000
vt 1.00000 0.00000
vt 1.00000 1.00000
vt 0.00000 0.00000
vt 1.00000 1.00000
vt 0.00000 1.00000
vt 0.00000 0.00000
vt 1.00000 0.00000
vt 1.00000 1.00000
vt 0.00000 0.00000
vt 1.00000 1.00000
vt 0.00000 1.00000
vt 0.00000 0.00000
vt 1.00000 0.00000
vt 1.00000 1.00000
vt 0.00000 0.00000
vt 1.00000 1.00000
vt 0.00000 1.00000
vt 0.00000 0.00000
vt 1.00000 0.00000
vt 1.00000 1.00000
vt 0.00000 0.00000
vt 1.00000 1.00000
vt 0.00000 1.00000
vt 0.00000 0.00000
vt 1.00000 0.00000
vt 1.00000 1.00000
vt 0.00000 0.00000
vt 1.00000 1.00000
vt 0.00000 1.00000
vt 0.00000 0.00000
vt 1.00000 0.00000
vt 1.00000 1.00000
vt 0.00000 0.00000
vt 1.00000 1.00000
vt 0.00000 1.00000
vt 0.00000 0.00000
vt 1.00000 0.00000
vt 1.00000 1.00000
vt 0.00000 0.00000
vt 1.00000 1.00000
vt 0.00000 1.00000
vt 0.00000 0.00000
vt 1.00000 0.00000
vt 1.00000 1.00000
vt 0.00000 0.00000
vt 1.00000 1.00000
vt 0.00000 1.00000
vt 0.00000 0.00000
vt 1.00000 0.00000
vt 1.00000 1.00000
vt 0.00000 0.00000
vt 1.00000 1.00000
vt 0.00000 1.00000
vt 0.00000 0.00000
vt 1.00000 0.00000
vt 1.00000 1.00000
vt 0.00000 0.00000
vt 1.00000 1.00000
vt 0.00000 1.00000
vt 0.00000 0.00000
vt 1.00000 0.00000
vt 1.00000 1.00000
vt 0.00000 0.00000
vt 1.00000 1.00000
vt 0.00000 1.00000
vt 0.00000 0.00000
vt 1.00000 0.00000
vt 1.00000 1.00000
vt 0.00000 0.00000
vt 1.00000 1.00000
vt 0.00000 1.00000
vt 0.00000 0.00000
vt 1.00000 0.00000
vt 1.00000 1.00000
vt 0.00000 0.00000
vt 1.00000 1.00000
vt 0.00000 1.00000
vt 0.00000 0.00000
vt 1.00000 0.00000
vt 1.00000 1.00000
vt 0.00000 0.00000
vt 1.00000 1.00000
vt 0.00000 1.00000
vt 0.00000 0.00000
vt 1.00000 0.00000
vt 1.00000 1.00000
vt 0.00000 0.00000
vt 1.00000 1.00000
vt 0.00000 1.00000
vt 0.00000 0.00000
vt 1.00000 0.00000
vt 1.00000 1.00000
vt 0.00000 0.00000
vt 1.00000 1.00000
vt 0.00000 1.00000
vt 0.00000 0.00000
vt 1.00000 0.00000
vt 1.00000 1.00000
vt 0.00000 0.00000
vt 1.00000 1.00000
vt 0.00000 1.00000
vt 0.00000 0.00000
vt 1.00000 0.00000
vt 1.00000 1.00000
vt 0.00000 0.00000
vt 1.00000 1.00000
vt 0.00000 1.00000
vt 0.00000 0.00000
vt 1.00000 0.00000
vt 1.00000 1.00000
vt 0.00000 0.00000
vt 1.00000 1.00000
vt 0.00000 1.00000
vt 0.00000 0.00000
vt 1.00000 0.00000
vt 1.00000 1.00000
vt 0.00000 0.00000
vt 1.00000 1.00000
vt 0.00000 1.00000
vt 0.00000 0.00000
vt 1.00000 0.00000
vt 1.00000 1.00000
vt 0.00000 0.00000
vt 1.00000 1.00000
vt 0.00000 1.00000
vt 0.00000 0.00000
vt 1.00000 0.00000
vt 1.00000 1.00000
vt 0.00000 0.00000
vt 1.00000 1.00000
vt 0.00000 1.00000
vt 0.00000 0.00000
vt 1.00000 0.00000
vt 1.00000 1.00000
vt 0.00000 0.00000
vt 1.00000 1.00000
vt 0.00000 1.00000
vt 0.00000 0.00000
vt 1.00000 0.00000
vt 1.00000 1.00000
vt 0.00000 0.00000
vt 1.00000 1.00000
vt 0.00000 1.00000
vt 0.00000 0.00000
vt 1.00000 0.00000
vt 1.00000 1.00000
vt 0.00000 0.00000
vt 1.00000 1.00000
vt 0.00000 1.00000
vt 0.00000 0.00000
vt 1.00000 0.00000
vt 1.00000 1.00000
vt 0.00000 0.00000
vt 1.00000 1.00000
vt 0.00000 1.00000
vt 0.00000 0.00000
vt 1.00000 0.00000
vt 1.00000 1.00000
vt 0.00000 0.00000
vt 1.00000 1.00000
vt 0.00000 1.00000
vt 0.00000 0.00000
vt 1.00000 0.00000
vt 1.00000 1.00000
vt 0.00000 0.00000
vt 1.00000 1.00000
vt 0.00000 1.00000
vt 0.00000 0.00000
vt 1.00000 0.00000
vt 1.00000 1.00000
vt 0.00000 0.00000
vt 1.00000 1.00000
vt 0.00000 1.00000
vt 0.00000 0.00000
vt 1.00000 0.00000
vt 1.00000 1.00000
vt 0.00000 0.00000
vt 1.00000 1.00000
vt 0.00000 1.00000
vt 0.00000 0.00000
vt 1.00000 0.00000
vt 1.00000 1.00000
vt 0.00000 0.00000
vt 1.00000 1.00000
vt 0.00000 1.00000
vt 0.00000 0.00000
vt 1.00000 0.00000
vt 1.00000 1.00000
vt 0.00000 0.00000
vt 1.00000 1.00000
vt 0.00000 1.00000
vt 0.00000 0.00000
vt 1.00000 0.00000
vt 1.00000 1.00000
vt 0.00000 0.00000
vt 1.00000 1.00000
vt 0.00000 1.00000
vt 0.00000 0.00000
vt 1.00000 0.00000
vt 1.00000 1.00000
vt 0.00000 0.00000
vt 1.00000 1.00000
vt 0.00000 1.00000
vt 0.00000 0.00000
vt 1.00000 0.00000
vt 1.00000 1.00000
vt 0.00000 0.00000
vt 1.00000 1.00000
vt 0.00000 1.00000
vt 0.00000 0.00000
vt 1.00000 0.00000
vt 1.00000 1.00000
vt 0.00000 0.00000
vt 1.00000 1.00000
vt 0.00000 1.00000
vt 0.00000 0.00000
vt 1.00000 0.00000
vt 1.00000 1.00000
vt 0.00000 0.00000
vt 1.00000 1.00000
vt 0.00000 1.00000
vt 0.00000 0.00000
vt 1.00000 0.00000
vt 1.00000 1.00000
vt 0.00000 0.00000
vt 1.00000 1.00000
vt 0.00000 1.00000
vt 0.00000 0.00000
vt 1.00000 0.00000
vt 1.00000 1.00000
vt 0.00000 0.00000
vt 1.00000 1.00000
vt 0.00000 1.00000
vt 0.00000 0.00000
vt 1.00000 0.00000
vt 1.00000 1.00000
vt 0.00000 0.00000
vt 1.00000 1.00000
vt 0.00000 1.00000
vt 0.00000 0.00000
vt 1.00000 0.00000
vt 1.00000 1.00000
vt 0.00000 0.00000
vt 1.00000 1.00000
vt 0.00000 1.00000
vt 0.00000 0.00000
vt 1.00000 0.00000
vt 1.00000 1.00000
vt 0.00000 0.00000
vt 1.00000 1.00000
vt 0.00000 1.00000
vt 0.00000 0.00000
vt 1.00000 0.00000
vt 1.00000 1.00000
vt 0.00000 0.00000
vt 1.00000 1.00000
vt 0.00000 1.00000
vt 0.00000 0.00000
vt 1.00000 0.00000
vt 1.00000 1.00000
vt 0.00000 0.00000
vt 1.00000 1.00000
vt 0.00000 1.00000
vt 0.00000 0.00000
vt 1.00000 0.00000
vt 1.00000 1.00000
vt 0.00000 0.00000
vt 1.00000 1.00000
vt 0.00000 1.00000
vt 0.00000 0.00000
vt 1.00000 0.00000
vt 1.00000 1.00000
vt 0.00000 0.00000
vt 1.00000 1.00000
vt 0.00000 1.00000
vt 0.00000 0.00000
vt 1.00000 0.00000
vt 1.00000 1.00000
vt 0.00000 0.00000
vt 1.00000 1.00000
vt 0.00000 1.00000
vt 0.00000 0.00000
vt 1.00000 0.00000
vt 1.00000 1.00000
vt 0.00000 0.00000
vt 1.00000 1.00000
vt 0.00000 1.00000
vt 0.00000 0.00000
vt 1.00000 0.00000
vt 1.00000 1.00000
vt 0.00000 0.00000
vt 1.00000 1.00000
vt 0.00000 1.00000
vt 0.00000 0.00000
vt 1.00000 0.00000
vt 1.00000 1.00000
vt 0.00000 0.00000
vt 1.00000 1.00000
vt 0.00000 1.00000
vt 0.00000 0.00000
vt 1.00000 0.00000
vt 1.00000 1.00000
vt 0.00000 0.00000
vt 1.00000 1.00000
vt 0.00000 1.00000
vt 0.00000 0.00000
vt 1.00000 0.00000
vt 1.00000 1.00000
vt 0.00000 0.00000
vt 1.00000 1.00000
vt 0.00000 1.00000
vt 0.00000 0.00000
vt 1.00000 0.00000
vt 1.00000 1.00000
vt 0.00000 0.00000
vt 1.00000 1.00000
vt 0.00000 1.00000
vt 0.00000 0.00000
vt 1.00000 0.00000
vt 1.00000 1.00000
vt 0.00000 0.00000
vt 1.00000 1.00000
vt 0.00000 1.00000
vt 0.00000 0.00000
vt 1.00000 0.00000
vt 1.00000 1.00000
vt 0.00000 0.00000
vt 1.00000 1.00000
vt 0.00000 1.00000
vt 0.00000 0.00000
vt 1.00000 0.00000
vt 1.00000 1.00000
vt 0.00000 0.00000
vt 1.00000 1.00000
vt 0.00000 1.00000
vt 0.00000 0.00000
vt 1.00000 0.00000
vt 1.00000 1.00000
vt 0.00000 0.00000
vt 1.00000 1.00000
vt 0.00000 1.00000
vt 0.00000 0.00000
vt 1.00000 0.00000
vt 1.00000 1.00000
vt 0.00000 0.00000
vt 1.00000 1.00000
vt 0.00000 1.00000
vt 0.00000 0.00000
vt 1.00000 0.00000
vt 1.00000 1.00000
vt 0.00000 0.00000
vt 1.00000 1.00000
vt 0.00000 1.00000
vt 0.00000 0.00000
vt 1.00000 0.00000
vt 1.00000 1.00000
vt 0.00000 0.00000
vt 1.00000 1.00000
vt 0.00000 1.00000
vt 0.00000 0.00000
vt 1.00000 0.00000
vt 1.00000 1.00000
vt 0.00000 0.00000
vt 1.00000 1.00000
vt 0.00000 1.00000
vt 0.00000 0.00000
vt 1.00000 0.00000
vt 1.00000 1.00000
vt 0.00000 0.00000
vt 1.00000 1.00000
vt 0.00000 1.00000
vt 0.00000 0.00000
vt 1.00000 0.00000
vt 1.00000 1.00000
vt 0.00000 0.00000
vt 1.00000 1.00000
vt 0.00000 1.00000
vt 0.00000 0.00000
vt 1.00000 0.00000
vt 1.00000 1.00000
vt 0.00000 0.00000
vt 1.00000 1.00000
vt 0.00000 1.00000
vt 0.00000 0.00000
vt 1.00000 0.00000
vt 1.00000 1.00000
vt 0.00000 0.00000
vt 1.00000 1.00000
vt 0.00000 1.00000
vt 0.00000 0.00000
vt 1.00000 0.00000
vt 1.00000 1.00000
vt 0.00000 0.00000
vt 1.00000 1.00000
vt 0.00000 1.00000
vt 0.00000 0.00000
vt 1.00000 0.00000
vt 1.00000 1.00000
vt 0.00000 0.00000
vt 1.00000 1.00000
vt 0.00000 1.00000
vt 0.00000 0.00000
vt 1.00000 0.00000
vt 1.00000 1.00000
vt 0.00000 0.00000
vt 1.00000 1.00000
vt 0.00000 1.00000
vt 0.00000 0.00000
vt 1.00000 0.00000
vt 1.00000 1.00000
vt 0.00000 0.00000
vt 1.00000 1.00000
vt 0.00000 1.00000
vt 0.00000 0.00000
vt 1.00000 0.00000
vt 1.00000 1.00000
vt 0.00000 0.00000
vt 1.00000 1.00000
vt 0.00000 1.00000
vt 0.00000 0.00000
vt 1.00000 0.00000
vt 1.00000 1.00000
vt 0.00000 0.00000
vt 1.00000 1.00000
vt 0.00000 1.00000
vt 0.00000 0.00000
vt 1.00000 0.00000
vt 1.00000 1.00000
vt 0.00000 0.00000
vt 1.00000 1.00000
vt 0.00000 1.00000
vt 0.00000 0.00000
vt 1.00000 0.00000
vt 1.00000 1.00000
vt 0.00000 0.00000
vt 1.00000 1.00000
vt 0.00000 1.00000
vt 0.00000 0.00000
vt 1.00000 0.00000
vt 1.00000 1.00000
vt 0.00000 0.00000
vt 1.00000 1.00000
vt 0.00000 1.00000
vt 0.00000 0.00000
vt 1.00000 0.00000
vt 1.00000 1.00000
vt 0.00000 0.00000
vt 1.00000 1.00000
vt 0.00000 1.00000
vt 0.00000 0.00000
vt 1.00000 0.00000
vt 1.00000 1.00000
vt 0.00000 0.00000
vt 1.00000 1.00000
vt 0.00000 1.00000
vt 0.00000 0.00000
vt 1.00000 0.00000
vt 1.00000 1.00000
vt 0.00000 0.00000
vt 1.00000 1.00000
vt 0.00000 1.00000
vt 0.00000 0.00000
vt 1.00000 0.00000
vt 1.00000 1.00000
vt 0.00000 0.00000
vt 1.00000 1.00000
vt 0.00000 1.00000
vt 0.00000 0.00000
vt 1.00000 0.00000
vt 1.00000 1.00000
vt 0.00000 0.00000
vt 1.00000 1.00000
vt 0.00000 1.00000
vt 0.00000 0.00000
vt 1.00000 0.00000
vt 1.00000 1.00000
vt 0.00000 0.00000
vt 1.00000 1.00000
vt 0.00000 1.00000
vt 0.00000 0.00000
vt 1.00000 0.00000
vt 1.00000 1.00000
vt 0.00000 0.00000
vt 1.00000 1.00000
vt 0.00000 1.00000
vt 0.00000 0.00000
vt 1.00000 0.00000
vt 1.00000 1.00000
vt 0.00000 0.00000
vt 1.00000 1.00000
vt 0.00000 1.00000
vt 0.00000 0.00000
vt 1.00000 0.00000
vt 1.00000 1.00000
vt 0.00000 0.00000
vt 1.00000 1.00000
vt 0.00000 1.00000
vt 0.00000 0.00000
vt 1.00000 0.00000
vt 1.00000 1.00000
vt 0.00000 0.00000
vt 1.00000 1.00000
vt 0.00000 1.00000
vt 0.00000 0.00000
vt 1.00000 0.00000
vt 1.00000 1.00000
vt 0.00000 0.00000
vt 1.00000 1.00000
vt 0.00000 1.00000
vt 0.00000 0.00000
vt 1.00000 0.00000
vt 1.00000 1.00000
vt 0.00000 0.00000
vt 1.00000 1.00000
vt 0.00000 1.00000
vt 0.00000 0.00000
vt 1.00000 0.00000
vt 1.00000 1.00000
vt 0.00000 0.00000
vt 1.00000 1.00000
vt 0.00000 1.00000
vt 0.00000 0.00000
vt 1.00000 0.00000
vt 1.00000 1.00000
vt 0.00000 0.00000
vt 1.00000 1.00000
vt 0.00000 1.00000
vt 0.00000 0.00000
vt 1.00000 0.00000
vt 1.00000 1.00000
vt 0.00000 0.00000
vt 1.00000 1.00000
vt 0.00000 1.00000
vt 0.00000 0.00000
vt 1.00000 0.00000
vt 1.00000 1.00000
vt 0.00000 0.00000
vt 1.00000 1.00000
vt 0.00000 1.00000
vt 0.00000 0.00000
vt 1.00000 0.00000
vt 1.00000 1.00000
vt 0.00000 0.00000
vt 1.00000 1.00000
vt 0.00000 1.00000
vt 0.00000 0.00000
vt 1.00000 0.00000
vt 1.00000 1.00000
vt 0.00000 0.00000
vt 1.00000 1.00000
vt 0.00000 1.00000
vt 0.00000 0.00000
vt 1.00000 0.00000
vt 1.00000 1.00000
vt 0.00000 0.00000
vt 1.00000 1.00000
vt 0.00000 1.00000
vt 0.00000 0.00000
vt 1.00000 0.00000
vt 1.00000 1.00000
vt 0.00000 0.00000
vt 1.00000 1.00000
vt 0.00000 1.00000
vt 0.00000 0.00000
vt 1.00000 0.00000
vt 1.00000 1.00000
vt 0.00000 0.00000
vt 1.00000 1.00000
vt 0.00000 1.00000
vt 0.00000 0.00000
vt 1.00000 0.00000
vt 1.00000 1.00000
vt 0.00000 0.00000
vt 1.00000 1.00000
vt 0.00000 1.00000
vt 0.00000 0.00000
vt 1.00000 0.00000
vt 1.00000 1.00000
vt 0.00000 0.00000
vt 1.00000 1.00000
vt 0.00000 1.00000
vt 0.00000 0.00000
vt 1.00000 0.00000
vt 1.00000 1.00000
vt 0.00000 0.00000
vt 1.00000 1.00000
vt 0.00000 1.00000
vt 0.00000 0.00000
vt 1.00000 0.00000
vt 1.00000 1.00000
vt 0.00000 0.00000
vt 1.00000 1.00000
vt 0.00000 1.00000
vt 0.00000 0.00000
vt 1.00000 0.00000
vt 1.00000 1.00000
vt 0.00000 0.00000
vt 1.00000 1.00000
vt 0.00000 1.00000
vt 0.00000 0.00000
vt 1.00000 0.00000
vt 1.00000 1.00000
vt 0.00000 0.00000
vt 1.00000 1.00000
vt 0.00000 1.00000
vt 0.00000 0.00000
vt 1.00000 0.00000
vt 1.00000 1.00000
vt 0.00000 0.00000
vt 1.00000 1.00000
vt 0.00000 1.00000
vt 0.00000 0.00000
vt 1.00000 0.00000
vt 1.00000 1.00000
vt 0.00000 0.00000
vt 1.00000 1.00000
vt 0.00000 1.00000
vt 0.00000 0.00000
vt 1.00000 0.00000
vt 1.00000 1.00000
vt 0.00000 0.00000
vt 1.00000 1.00000
vt 0.00000 1.00000
vt 0.00000 0.00000
vt 1.00000 0.00000
vt 1.00000 1.00000
vt 0.00000 0.00000
vt 1.00000 1.00000
vt 0.00000 1.00000
vt 0.00000 0.00000
vt 1.00000 0.00000
vt 1.00000 1.00000
vt 0.00000 0.00000
vt 1.00000 1.00000
vt 0.00000 1.00000
vt 0.00000 0.00000
vt 1.00000 0.00000
vt 1.00000 1.00000
vt 0.00000 0.00000
vt 1.00000 1.00000
vt 0.00000 1.00000
vt 0.00000 0.00000
vt 1.00000 0.00000
vt 1.00000 1.00000
vt 0.00000 0.00000
vt 1.00000 1.00000
vt 0.00000 1.00000
vt 0.00000 0.00000
vt 1.00000 0.00000
vt 1.00000 1.00000
vt 0.00000 0.00000
vt 1.00000 1.00000
vt 0.00000 1.00000
vt 0.00000 0.00000
vt 1.00000 0.00000
vt 1.00000 1.00000
vt 0.00000 0.00000
vt 1.00000 1.00000
vt 0.00000 1.00000
vt 0.00000 0.00000
vt 1.00000 0.00000
vt 1.00000 1.00000
vt 0.00000 0.00000
vt 1.00000 1.00000
vt 0.00000 1.00000
vt 0.00000 0.00000
vt 1.00000 0.00000
vt 1.00000 1.00000
vt 0.00000 0.00000
vt 1.00000 1.00000
vt 0.00000 1.00000
vt 0.00000 0.00000
vt 1.00000 0.00000
vt 1.00000 1.00000
vt 0.00000 0.00000
vt 1.00000 1.00000
vt 0.00000 1.00000
vt 0.00000 0.00000
vt 1.00000 0.00000
vt 1.00000 1.00000
vt 0.00000 0.00000
vt 1.00000 1.00000
vt 0.00000 1.00000
vt 0.00000 0.00000
vt 1.00000 0.00000
vt 1.00000 1.00000
vt 0.00000 0.00000
vt 1.00000 1.00000
vt 0.00000 1.00000
vt 0.00000 0.00000
vt 1.00000 0.00000
vt 1.00000 1.00000
vt 0.00000 0.00000
vt 1.00000 1.00000
vt 0.00000 1.00000
vt 0.00000 0.00000
vt 1.00000 0.00000
vt 1.00000 1.00000
vt 0.00000 0.00000
vt 1.00000 1.00000
vt 0.00000 1.00000
vt 0.00000 0.00000
vt 1.00000 0.00000
vt 1.00000 1.00000
vt 0.00000 0.00000
vt 1.00000 1.00000
vt 0.00000 1.00000
vt 0.00000 0.00000
vt 1.00000 0.00000
vt 1.00000 1.00000
vt 0.00000 0.00000
vt 1.00000 1.00000
vt 0.00000 1.00000
vt 0.00000 0.00000
vt 1.00000 0.00000
vt 1.00000 1.00000
vt 0.00000 0.00000
vt 1.00000 1.00000
vt 0.00000 1.00000
vt 0.00000 0.00000
vt 1.00000 0.00000
vt 1.00000 1.00000
vt 0.00000 0.00000
vt 1.00000 1.00000
vt 0.00000 1.00000
vt 0.00000 0.00000
vt 1.00000 0.00000
vt 1.00000 1.00000
vt 0.00000 0.00000
vt 1.00000 1.00000
vt 0.00000 1.00000
vt 0.00000 0.00000
vt 1.00000 0.00000
vt 1.00000 1.00000
vt 0.00000 0.00000
vt 1.00000 1.00000
vt 0.00000 1.00000
vt 0.00000 0.00000
vt 1.00000 0.00000
vt 1.00000 1.00000
vt 0.00000 0.00000
vt 1.00000 1.00000
vt 0.00000 1.00000
vt 0.00000 0.00000
vt 1.00000 0.00000
vt 1.00000 1.00000
vt 0.00000 0.00000
vt 1.00000 1.00000
vt 0.00000 1.00000
vt 0.00000 0.00000
vt 1.00000 0.00000
vt 1.00000 1.00000
vt 0.00000 0.00000
vt 1.00000 1.00000
vt 0.00000 1.00000
vt 0.00000 0.00000
vt 1.00000 0.00000
vt 1.00000 1.00000
vt 0.00000 0.00000
vt 1.00000 1.00000
vt 0.00000 1.00000
vt 0.00000 0.00000
vt 1.00000 0.00000
vt 1.00000 1.00000
vt 0.00000 0.00000
vt 1.00000 1.00000
vt 0.00000 1.00000
vt 0.00000 0.00000
vt 1.00000 0.00000
vt 1.00000 1.00000
vt 0.00000 0.00000
vt 1.00000 1.00000
vt 0.00000 1.00000
vt 0.00000 0.00000
vt 1.00000 0.00000
vt 1.00000 1.00000
vt 0.00000 0.00000
vt 1.00000 1.00000
vt 0.00000 1.00000
vt 0.00000 0.00000
vt 1.00000 0.00000
vt 1.00000 1.00000
vt 0.00000 0.00000
vt 1.00000 1.00000
vt 0.00000 1.00000
vt 0.00000 0.00000
vt 1.00000 0.00000
vt 1.00000 1.00000
vt 0.00000 0.00000
vt 1.00000 1.00000
vt 0.00000 1.00000
vt 0.00000 0.00000
vt 1.00000 0.00000
vt 1.00000 1.00000
vt 0.00000 0.00000
vt 1.00000 1.00000
vt 0.00000 1.00000
vt 0.00000 0.00000
vt 1.00000 0.00000
vt 1.00000 1.00000
vt 0.00000 0.00000
vt 1.00000 1.00000
vt 0.00000 1.00000
vt 0.00000 0.00000
vt 1.00000 0.00000
vt 1.00000 1.00000
vt 0.00000 0.00000
vt 1.00000 1.00000
vt 0.00000 1.00000
vt 0.00000 0.00000
vt 1.00000 0.00000
vt 1.00000 1.00000
vt 0.00000 0.00000
vt 1.00000 1.00000
vt 0.00000 1.00000
vt 0.00000 0.00000
vt 1.00000 0.00000
vt 1.00000 1.00000
vt 0.00000 0.00000
vt 1.00000 1.00000
vt 0.00000 1.00000
vt 0.00000 0.00000
vt 1.00000 0.00000
vt 1.00000 1.00000
vt 0.00000 0.00000
vt 1.00000 1.00000
vt 0.00000 1.00000
vt 0.00000 0.00000
vt 1.00000 0.00000
vt 1.00000 1.00000
vt 0.00000 0.00000
vt 1.00000 1.00000
vt 0.00000 1.00000
vt 0.00000 0.00000
vt 1.00000 0.00000
vt 1.00000 1.00000
vt 0.00000 0.00000
vt 1.00000 1.00000
vt 0.00000 1.00000
vt 0.00000 0.00000
vt 1.00000 0.00000
vt 1.00000 1.00000
vt 0.00000 0.00000
vt 1.00000 1.00000
vt 0.00000 1.00000
vt 0.00000 0.00000
vt 1.00000 0.00000
vt 1.00000 1.00000
vt 0.00000 0.00000
vt 1.00000 1.00000
vt 0.00000 1.00000
vt 0.00000 0.00000
vt 1.00000 0.00000
vt 1.00000 1.00000
vt 0.00000 0.00000
vt 1.00000 1.00000
vt 0.00000 1.00000
vt 0.00000 0.00000
vt 1.00000 0.00000
vt 1.00000 1.00000
vt 0.00000 0.00000
vt 1.00000 1.00000
vt 0.00000 1.00000
vt 0.00000 0.00000
vt 1.00000 0.00000
vt 1.00000 1.00000
vt 0.00000 0.00000
vt 1.00000 1.00000
vt 0.00000 1.00000
vt 0.00000 0.00000
vt 1.00000 0.00000
vt 1.00000 1.00000
vt 0.00000 0.00000
vt 1.00000 1.00000
vt 0.00000 1.00000
vt 0.00000 0.00000
vt 1.00000 0.00000
vt 1.00000 1.00000
vt 0.00000 0.00000
vt 1.00000 1.00000
vt 0.00000 1.00000
vt 0.00000 0.00000
vt 1.00000 0.00000
vt 1.00000 1.00000
vt 0.00000 0.00000
vt 1.00000 1.00000
vt 0.00000 1.00000
vt 0.00000 0.00000
vt 1.00000 0.00000
vt 1.00000 1.00000
vt 0.00000 0.00000
vt 1.00000 1.00000
vt 0.00000 1.00000
vt 0.00000 0.00000
vt 1.00000 0.00000
vt 1.00000 1.00000
vt 0.00000 0.00000
vt 1.00000 1.00000
vt 0.00000 1.00000
vt 0.00000 0.00000
vt 1.00000 0.00000
vt 1.00000 1.00000
vt 0.00000 0.00000
vt 1.00000 1.00000
vt 0.00000 1.00000
vt 0.00000 0.00000
vt 1.00000 0.00000
vt 1.00000 1.00000
vt 0.00000 0.00000
vt 1.00000 1.00000
vt 0.00000 1.00000
vt 0.00000 0.00000
vt 1.00000 0.00000
vt 1.00000 1.00000
vt 0.00000 0.00000
vt 1.00000 1.00000
vt 0.00000 1.00000
vt 0.00000 0.00000
vt 1.00000 0.00000
vt 1.00000 1.00000
vt 0.00000 0.00000
vt 1.00000 1.00000
vt 0.00000 1.00000
vt 0.00000 0.00000
vt 1.00000 0.00000
vt 1.00000 1.00000
vt 0.00000 0.00000
vt 1.00000 1.00000
vt 0.00000 1.00000
vt 0.00000 0.00000
vt 1.00000 0.00000
vt 1.00000 1.00000
vt 0.00000 0.00000
vt 1.00000 1.00000
vt 0.00000 1.00000
vt 0.00000 0.00000
vt 1.00000 0.00000
vt 1.00000 1.00000
vt 0.00000 0.00000
vt 1.00000 1.00000
vt 0.00000 1.00000
vt 0.00000 0.00000
vt 1.00000 0.00000
vt 1.00000 1.00000
vt 0.00000 0.00000
vt 1.00000 1.00000
vt 0.00000 1.00000
vt 0.00000 0.00000
vt 1.00000 0.00000
vt 1.00000 1.00000
vt 0.00000 0.00000
vt 1.00000 1.00000
vt 0.00000 1.00000
vt 0.00000 0.00000
vt 1.00000 0.00000
vt 1.00000 1.00000
vt 0.00000 0.00000
vt 1.00000 1.00000
vt 0.00000 1.00000
vt 0.00000 0.00000
vt 1.00000 0.00000
vt 1.00000 1.00000
vt 0.00000 0.00000
vt 1.00000 1.00000
vt 0.00000 1.00000
vt 0.00000 0.00000
vt 1.00000 0.00000
vt 1.00000 1.00000
vt 0.00000 0.00000
vt 1.00000 1.00000
vt 0.00000 1.00000
vt 0.00000 0.00000
vt 1.00000 0.00000
vt 1.00000 1.00000
vt 0.00000 0.00000
vt 1.00000 1.00000
vt 0.00000 1.00000
vt 0.00000 0.00000
vt 1.00000 0.00000
vt 1.00000 1.00000
vt 0.00000 0.00000
vt 1.00000 1.00000
vt 0.00000 1.00000
vt 0.00000 0.00000
vt 1.00000 0.00000
vt 1.00000 1.00000
vt 0.00000 0.00000
vt 1.00000 1.00000
vt 0.00000 1.00000
vt 0.00000 0.00000
vt 1.00000 0.00000
vt 1.00000 1.00000
vt 0.00000 0.00000
vt 1.00000 1.00000
vt 0.00000 1.00000
vt 0.00000 0.00000
vt 1.00000 0.00000
vt 1.00000 1.00000
vt 0.00000 0.00000
vt 1.00000 1.00000
vt 0.00000 1.00000
vt 0.00000 0.00000
vt 1.00000 0.00000
vt 1.00000 1.00000
vt 0.00000 0.00000
vt 1.00000 1.00000
vt 0.00000 1.00000
vt 0.00000 0.00000
vt 1.00000 0.00000
vt 1.00000 1.00000
vt 0.00000 0.00000
vt 1.00000 1.00000
vt 0.00000 1.00000
vt 0.00000 0.00000
vt 1.00000 0.00000
vt 1.00000 1.00000
vt 0.00000 0.00000
vt 1.00000 1.00000
vt 0.00000 1.00000
vt 0.00000 0.00000
vt 1.00000 0.00000
vt 1.00000 1.00000
vt 0.00000 0.00000
vt 1.00000 1.00000
vt 0.00000 1.00000
vt 0.00000 0.00000
vt 1.00000 0.00000
vt 1.00000 1.00000
vt 0.00000 0.00000
vt 1.00000 1.00000
vt 0.00000 1.00000
vt 0.00000 0.00000
vt 1.00000 0.00000
vt 1.00000 1.00000
vt 0.00000 0.00000
vt 1.00000 1.00000
vt 0.00000 1.00000
vt 0.00000 0.00000
vt 1.00000 0.00000
vt 1.00000 1.00000
vt 0.00000 0.00000
vt 1.00000 1.00000
vt 0.00000 1.00000
vt 0.00000 0.00000
vt 1.00000 0.00000
vt 1.00000 1.00000
vt 0.00000 0.00000
vt 1.00000 1.00000
vt 0.00000 1.00000
vt 0.00000 0.00000
vt 1.00000 0.00000
vt 1.00000 1.00000
vt 0.00000 0.00000
vt 1.00000 1.00000
vt 0.00000 1.00000
vt 0.00000 0.00000
vt 1.00000 0.00000
vt 1.00000 1.00000
vt 0.00000 0.00000
vt 1.00000 1.00000
vt 0.00000 1.00000
vt 0.00000 0.00000
vt 1.00000 0.00000
vt 1.00000 1.00000
vt 0.00000 0.00000
vt 1.00000 1.00000
vt 0.00000 1.00000
vt 0.00000 0.00000
vt 1.00000 0.00000
vt 1.00000 1.00000
vt 0.00000 0.00000
vt 1.00000 1.00000
vt 0.00000 1.00000
vt 0.00000 0.00000
vt 1.00000 0.00000
vt 1.00000 1.00000
vt 0.00000 0.00000
vt 1.00000 1.00000
vt 0.00000 1.00000
vt 0.00000 0.00000
vt 1.00000 0.00000
vt 1.00000 1.00000
vt 0.00000 0.00000
vt 1.00000 1.00000
vt 0.00000 1.00000
vt 0.00000 0.00000
vt 1.00000 0.00000
vt 1.00000 1.00000
vt 0.00000 0.00000
vt 1.00000 1.00000
vt 0.00000 1.00000
vt 0.00000 0.00000
vt 1.00000 0.00000
vt 1.00000 1.00000
vt 0.00000 0.00000
vt 1.00000 1.00000
vt 0.00000 1.00000
vt 0.00000 0.00000
vt 1.00000 0.00000
vt 1.00000 1.00000
vt 0.00000 0.00000
vt 1.00000 1.00000
vt 0.00000 1.00000
vt 0.00000 0.00000
vt 1.00000 0.00000
vt 1.00000 1.00000
vt 0.00000 0.00000
vt 1.00000 1.00000
vt 0.00000 1.00000
vt 0.00000 0.00000
vt 1.00000 0.00000
vt 1.00000 1.00000
vt 0.00000 0.00000
vt 1.00000 1.00000
vt 0.00000 1.00000
vt 0.00000 0.00000
vt 1.00000 0.00000
vt 1.00000 1.00000
vt 0.00000 0.00000
vt 1.00000 1.00000
vt 0.00000 1.00000
vt 0.00000 0.00000
vt 1.00000 0.00000
vt 1.00000 1.00000
vt 0.00000 0.00000
vt 1.00000 1.00000
vt 0.00000 1.00000
vt 0.00000 0.00000
vt 1.00000 0.00000
vt 1.00000 1.00000
vt 0.00000 0.00000
vt 1.00000 1.00000
vt 0.00000 1.00000
vt 0.00000 0.00000
vt 1.00000 0.00000
vt 1.00000 1.00000
vt 0.00000 0.00000
vt 1.00000 1.00000
vt 0.00000 1.00000
vt 0.00000 0.00000
vt 1.00000 0.00000
vt 1.00000 1.00000
vt 0.00000 0.00000
vt 1.00000 1.00000
vt 0.00000 1.00000
vt 0.00000 0.00000
vt 1.00000 0.00000
vt 1.00000 1.00000
vt 0.00000 0.00000
vt 1.00000 1.00000
vt 0.00000 1.00000
vt 0.00000 0.00000
vt 1.00000 0.00000
vt 1.00000 1.00000
vt 0.00000 0.00000
vt 1.00000 1.00000
vt 0.00000 1.00000
vt 0.00000 0.00000
vt 1.00000 0.00000
vt 1.00000 1.00000
vt 0.00000 0.00000
vt 1.00000 1.00000
vt 0.00000 1.00000
vt 0.00000 0.00000
vt 1.00000 0.00000
vt 1.00000 1.00000
vt 0.00000 0.00000
vt 1.00000 1.00000
vt 0.00000 1.00000
vt 0.00000 0.00000
vt 1.00000 0.00000
vt 1.00000 1.00000
vt 0.00000 0.00000
vt 1.00000 1.00000
vt 0.00000 1.00000
vt 0.00000 0.00000
vt 1.00000 0.00000
vt 1.00000 1.00000
vt 0.00000 0.00000
vt 1.00000 1.00000
vt 0.00000 1.00000
vt 0.00000 0.00000
vt 1.00000 0.00000
vt 1.00000 1.00000
vt 0.00000 0.00000
vt 1.00000 1.00000
vt 0.00000 1.00000
vt 0.00000 0.00000
vt 1.00000 0.00000
vt 1.00000 1.00000
vt 0.00000 0.00000
vt 1.00000 1.00000
vt 0.00000 1.00000
vt 0.00000 0.00000
vt 1.00000 0.00000
vt 1.00000 1.00000
vt 0.00000 0.00000
vt 1.00000 1.00000
vt 0.00000 1.00000
vt 0.00000 0.00000
vt 1.00000 0.00000
vt 1.00000 1.00000
vt 0.00000 0.00000
vt 1.00000 1.00000
vt 0.00000 1.00000
vt 0.00000 0.00000
vt 1.00000 0.00000
vt 1.00000 1.00000
vt 0.00000 0.00000
vt 1.00000 1.00000
vt 0.00000 1.00000
vt 0.00000 0.00000
vt 1.00000 0.00000
vt 1.00000 1.00000
vt 0.00000 0.00000
vt 1.00000 1.00000
vt 0.00000 1.00000
vt 0.00000 0.00000
vt 1.00000 0.00000
vt 1.00000 1.00000
vt 0.00000 0.00000
vt 1.00000 1.00000
vt 0.00000 1.00000
vt 0.00000 0.00000
vt 1.00000 0.00000
vt 1.00000 1.00000
vt 0.00000 0.00000
vt 1.00000 1.00000
vt 0.00000 1.00000
vt 0.00000 0.00000
vt 1.00000 0.00000
vt 1.00000 1.00000
vt 0.00000 0.00000
vt 1.00000 1.00000
vt 0.00000 1.00000
vt 0.00000 0.00000
vt 1.00000 0.00000
vt 1.00000 1.00000
vt 0.00000 0.00000
vt 1.00000 1.00000
vt 0.00000 1.00000
vt 0.00000 0.00000
vt 1.00000 0.00000
vt 1.00000 1.00000
vt 0.00000 0.00000
vt 1.00000 1.00000
vt 0.00000 1.00000
vt 0.00000 0.00000
vt 1.00000 0.00000
vt 1.00000 1.00000
vt 0.00000 0.00000
vt 1.00000 1.00000
vt 0.00000 1.00000
vt 0.00000 0.00000
vt 1.00000 0.00000
vt 1.00000 1.00000
vt 0.00000 0.00000
vt 1.00000 1.00000
vt 0.00000 1.00000
vt 0.00000 0.00000
vt 1.00000 0.00000
vt 1.00000 1.00000
vt 0.00000 0.00000
vt 1.00000 1.00000
vt 0.00000 1.00000
vt 0.00000 0.00000
vt 1.00000 0.00000
vt 1.00000 1.00000
vt 0.00000 0.00000
vt 1.00000 1.00000
vt 0.00000 1.00000
vt 0.00000 0.00000
vt 1.00000 0.00000
vt 1.00000 1.00000
vt 0.00000 0.00000
vt 1.00000 1.00000
vt 0.00000 1.00000
vt 0.00000 0.00000
vt 1.00000 0.00000
vt 1.00000 1.00000
vt 0.00000 0.00000
vt 1.00000 1.00000
vt 0.00000 1.00000
vt 0.00000 0.00000
vt 1.00000 0.00000
vt 1.00000 1.00000
vt 0.00000 0.00000
vt 1.00000 1.00000
vt 0.00000 1.00000
vt 0.00000 0.00000
vt 1.00000 0.00000
vt 1.00000 1.00000
vt 0.00000 0.00000
vt 1.00000 1.00000
vt 0.00000 1.00000
vt 0.00000 0.00000
vt 1.00000 0.00000
vt 1.00000 1.00000
vt 0.00000 0.00000
vt 1.00000 1.00000
vt 0.00000 1.00000
vt 0.00000 0.00000
vt 1.00000 0.00000
vt 1.00000 1.00000
vt 0.00000 0.00000
vt 1.00000 1.00000
vt 0.00000 1.00000
vt 0.00000 0.00000
vt 1.00000 0.00000
vt 1.00000 1.00000
vt 0.00000 0.00000
vt 1.00000 1.00000
vt 0.00000 1.00000
vt 0.00000 0.00000
vt 1.00000 0.00000
vt 1.00000 1.00000
vt 0.00000 0.00000
vt 1.00000 1.00000
vt 0.00000 1.00000
vt 0.00000 0.00000
vt 1.00000 0.00000
vt 1.00000 1.00000
vt 0.00000 0.00000
vt 1.00000 1.00000
vt 0.00000 1.00000
vt 0.00000 0.00000
vt 1.00000 0.00000
vt 1.00000 1.00000
vt 0.00000 0.00000
vt 1.00000 1.00000
vt 0.00000 1.00000
vt 0.00000 0.00000
vt 1.00000 0.00000
vt 1.00000 1.00000
vt 0.00000 0.00000
vt 1.00000 1.00000
vt 0.00000 1.00000
vt 0.00000 0.00000
vt 1.00000 0.00000
vt 1.00000 1.00000
vt 0.00000 0.00000
vt 1.00000 1.00000
vt 0.00000 1.00000
vt 0.00000 0.00000
vt 1.00000 0.00000
vt 1.00000 1.00000
vt 0.00000 0.00000
vt 1.00000 1.00000
vt 0.00000 1.00000
vt 0.00000 0.00000
vt 1.00000 0.00000
vt 1.00000 1.00000
vt 0.00000 0.00000
vt 1.00000 1.00000
vt 0.00000 1.00000
vt 0.00000 0.00000
vt 1.00000 0.00000
vt 1.00000 1.00000
vt 0.00000 0.00000
vt 1.00000 1.00000
vt 0.00000 1.00000
vt 0.00000 0.00000
vt 1.00000 0.00000
vt 1.00000 1.00000
vt 0.00000 0.00000
vt 1.00000 1.00000
vt 0.00000 1.00000
vt 0.00000 0.00000
vt 1.00000 0.00000
vt 1.00000 1.00000
vt 0.00000 0.00000
vt 1.00000 1.00000
vt 0.00000 1.00000
vt 0.00000 0.00000
vt 1.00000 0.00000
vt 1.00000 1.00000
vt 0.00000 0.00000
vt 1.00000 1.00000
vt 0.00000 1.00000
vt 0.00000 0.00000
vt 1.00000 0.00000
vt 1.00000 1.00000
vt 0.00000 0.00000
vt 1.00000 1.00000
vt 0.00000 1.00000
vt 0.00000 0.00000
vt 1.00000 0.00000
vt 1.00000 1.00000
vt 0.00000 0.00000
vt 1.00000 1.00000
vt 0.00000 1.00000
vt 0.00000 0.00000
vt 1.00000 0.00000
vt 1.00000 1.00000
vt 0.00000 0.00000
vt 1.00000 1.00000
vt 0.00000 1.00000
vt 0.00000 0.00000
vt 1.00000 0.00000
vt 1.00000 1.00000
vt 0.00000 0.00000
vt 1.00000 1.00000
vt 0.00000 1.00000
vt 0.00000 0.00000
vt 1.00000 0.00000
vt 1.00000 1.00000
vt 0.00000 0.00000
vt 1.00000 1.00000
vt 0.00000 1.00000
vt 0.00000 0.00000
vt 1.00000 0.00000
vt 1.00000 1.00000
vt 0.00000 0.00000
vt 1.00000 1.00000
vt 0.00000 1.00000
vt 0.00000 0.00000
vt 1.00000 0.00000
vt 1.00000 1.00000
vt 0.00000 0.00000
vt 1.00000 1.00000
vt 0.00000 1.00000
vt 0.00000 0.00000
vt 1.00000 0.00000
vt 1.00000 1.00000
vt 0.00000 0.00000
vt 1.00000 1.00000
vt 0.00000 1.00000
vt 0.00000 0.00000
vt 1.00000 0.00000
vt 1.00000 1.00000
vt 0.00000 0.00000
vt 1.00000 1.00000
vt 0.00000 1.00000
vt 0.00000 0.00000
vt 1.00000 0.00000
vt 1.00000 1.00000
vt 0.00000 0.00000
vt 1.00000 1.00000
vt 0.00000 1.00000
vt 0.00000 0.00000
vt 1.00000 0.00000
vt 1.00000 1.00000
vt 0.00000 0.00000
vt 1.00000 1.00000
vt 0.00000 1.00000
vt 0.00000 0.00000
vt 1.00000 0.00000
vt 1.00000 1.00000
vt 0.00000 0.00000
vt 1.00000 1.00000
vt 0.00000 1.00000
vt 0.00000 0.00000
vt 1.00000 0.00000
vt 1.00000 1.00000
vt 0.00000 0.00000
vt 1.00000 1.00000
vt 0.00000 1.00000
vt 0.00000 0.00000
vt 1.00000 0.00000
vt 1.00000 1.00000
vt 0.00000 0.00000
vt 1.00000 1.00000
vt 0.00000 1.00000
vt 0.00000 0.00000
vt 1.00000 0.00000
vt 1.00000 1.00000
vt 0.00000 0.00000
vt 1.00000 1.00000
vt 0.00000 1.00000
vt 0.00000 0.00000
vt 1.00000 0.00000
vt 1.00000 1.00000
vt 0.00000 0.00000
vt 1.00000 1.00000
vt 0.00000 1.00000
vt 0.00000 0.00000
vt 1.00000 0.00000
vt 1.00000 1.00000
vt 0.00000 0.00000
vt 1.00000 1.00000
vt 0.00000 1.00000
vt 0.00000 0.00000
vt 1.00000 0.00000
vt 1.00000 1.00000
vt 0.00000 0.00000
vt 1.00000 1.00000
vt 0.00000 1.00000
vt 0.00000 0.00000
vt 1.00000 0.00000
vt 1.00000 1.00000
vt 0.00000 0.00000
vt 1.00000 1.00000
vt 0.00000 1.00000
vt 0.00000 0.00000
vt 1.00000 0.00000
vt 1.00000 1.00000
vt 0.00000 0.00000
vt 1.00000 1.00000
vt 0.00000 1.00000
vt 0.00000 0.00000
vt 1.00000 0.00000
vt 1.00000 1.00000
vt 0.00000 0.00000
vt 1.00000 1.00000
vt 0.00000 1.00000
vt 0.00000 0.00000
vt 1.00000 0.00000
vt 1.00000 1.00000
vt 0.00000 0.00000
vt 1.00000 1.00000
vt 0.00000 1.00000
vt 0.00000 0.00000
vt 1.00000 0.00000
vt 1.00000 1.00000
vt 0.00000 0.00000
vt 1.00000 1.00000
vt 0.00000 1.00000
vt 0.00000 0.00000
vt 1.00000 0.00000
vt 1.00000 1.00000
vt 0.00000 0.00000
vt 1.00000 1.00000
vt 0.00000 1.00000
vt 0.00000 0.00000
vt 1.00000 0.00000
vt 1.00000 1.00000
vt 0.00000 0.00000
vt 1.00000 1.00000
vt 0.00000 1.00000
vt 0.00000 0.00000
vt 1.00000 0.00000
vt 1.00000 1.00000
vt 0.00000 0.00000
vt 1.00000 1.00000
vt 0.00000 1.00000
vt 0.00000 0.00000
vt 1.00000 0.00000
vt 1.00000 1.00000
vt 0.00000 0.00000
vt 1.00000 1.00000
vt 0.00000 1.00000
vt 0.00000 0.00000
vt 1.00000 0.00000
vt 1.00000 1.00000
vt 0.00000 0.00000
vt 1.00000 1.00000
vt 0.00000 1.00000
vt 0.00000 0.00000
vt 1.00000 0.00000
vt 1.00000 1.00000
vt 0.00000 0.00000
vt 1.00000 1.00000
vt 0.00000 1.00000
vt 0.00000 0.00000
vt 1.00000 0.00000
vt 1.00000 1.00000
vt 0.00000 0.00000
vt 1.00000 1.00000
vt 0.00000 1.00000
vt 0.00000 0.00000
vt 1.00000 0.00000
vt 1.00000 1.00000
vt 0.00000 0.00000
vt 1.00000 1.00000
vt 0.00000 1.00000
vt 0.00000 0.00000
vt 1.00000 0.00000
vt 1.00000 1.00000
vt 0.00000 0.00000
vt 1.00000 1.00000
vt 0.00000 1.00000
vt 0.00000 0.00000
vt 1.00000 0.00000
vt 1.00000 1.00000
vt 0.00000 0.00000
vt 1.00000 1.00000
vt 0.00000 1.00000
vt 0.00000 0.00000
vt 1.00000 0.00000
vt 1.00000 1.00000
vt 0.00000 0.00000
vt 1.00000 1.00000
vt 0.00000 1.00000
vt 0.00000 0.00000
vt 1.00000 0.00000
vt 1.00000 1.00000
vt 0.00000 0.00000
vt 1.00000 1.00000
vt 0.00000 1.00000
vt 0.00000 0.00000
vt 1.00000 0.00000
vt 1.00000 1.00000
vt 0.00000 0.00000
vt 1.00000 1.00000
vt 0.00000 1.00000
vt 0.00000 0.00000
vt 1.00000 0.00000
vt 1.00000 1.00000
vt 0.00000 0.00000
vt 1.00000 1.00000
vt 0.00000 1.00000
vt 0.00000 0.00000
vt 1.00000 0.00000
vt 1.00000 1.00000
vt 0.00000 0.00000
vt 1.00000 1.00000
vt 0.00000 1.00000
vt 0.00000 0.00000
vt 1.00000 0.00000
vt 1.00000 1.00000
vt 0.00000 0.00000
vt 1.00000 1.00000
vt 0.00000 1.00000
vt 0.00000 0.00000
vt 1.00000 0.00000
vt 1.00000 1.00000
vt 0.00000 0.00000
vt 1.00000 1.00000
vt 0.00000 1.00000
vt 0.00000 0.00000
vt 1.00000 0.00000
vt 1.00000 1.00000
vt 0.00000 0.00000
vt 1.00000 1.00000
vt 0.00000 1.00000
vt 0.00000 0.00000
vt 1.00000 0.00000
vt 1.00000 1.00000
vt 0.00000 0.00000
vt 1.00000 1.00000
vt 0.00000 1.00000
vt 0.00000 0.00000
vt 1.00000 0.00000
vt 1.00000 1.00000
vt 0.00000 0.00000
vt 1.00000 1.00000
vt 0.00000 1.00000
vt 0.00000 0.00000
vt 1.00000 0.00000
vt 1.00000 1.00000
vt 0.00000 0.00000
vt 1.00000 1.00000
vt 0.00000 1.00000
vt 0.00000 0.00000
vt 1.00000 0.00000
vt 1.00000 1.00000
vt 0.00000 0.00000
vt 1.00000 1.00000
vt 0.00000 1.00000
vt 0.00000 0.00000
vt 1.00000 0.00000
vt 1.00000 1.00000
vt 0.00000 0.00000
vt 1.00000 1.00000
vt 0.00000 1.00000
vt 0.00000 0.00000
vt 1.00000 0.00000
vt 1.00000 1.00000
vt 0.00000 0.00000
vt 1.00000 1.00000
vt 0.00000 1.00000
vt 0.00000 0.00000
vt 1.00000 0.00000
vt 1.00000 1.00000
vt 0.00000 0.00000
vt 1.00000 1.00000
vt 0.00000 1.00000
vt 0.00000 0.00000
vt 1.00000 0.00000
vt 1.00000 1.00000
vt 0.00000 0.00000
vt 1.00000 1.00000
vt 0.00000 1.00000
vt 0.00000 0.00000
vt 1.00000 0.00000
vt 1.00000 1.00000
vt 0.00000 0.00000
vt 1.00000 1.00000
vt 0.00000 1.00000
vt 0.00000 0.00000
vt 1.00000 0.00000
vt 1.00000 1.00000
vt 0.00000 0.00000
vt 1.00000 1.00000
vt 0.00000 1.00000
vt 0.00000 0.00000
vt 1.00000 0.00000
vt 1.00000 1.00000
vt 0.00000 0.00000
vt 1.00000 1.00000
vt 0.00000 1.00000
vt 0.00000 0.00000
vt 1.00000 0.00000
vt 1.00000 1.00000
vt 0.00000 0.00000
vt 1.00000 1.00000
vt 0.00000 1.00000
vt 0.00000 0.00000
vt 1.00000 0.00000
vt 1.00000 1.00000
vt 0.00000 0.00000
vt 1.00000 1.00000
vt 0.00000 1.00000
vt 0.00000 0.00000
vt 1.00000 0.00000
vt 1.00000 1.00000
vt 0.00000 0.00000
vt 1.00000 1.00000
vt 0.00000 1.00000
vt 0.00000 0.00000
vt 1.00000 0.00000
vt 1.00000 1.00000
vt 0.00000 0.00000
vt 1.00000 1.00000
vt 0.00000 1.00000
vt 0.00000 0.00000
vt 1.00000 0.00000
vt 1.00000 1.00000
vt 0.00000 0.00000
vt 1.00000 1.00000
vt 0.00000 1.00000
vt 0.00000 0.00000
vt 1.00000 0.00000
vt 1.00000 1.00000
vt 0.00000 0.00000
vt 1.00000 1.00000
vt 0.00000 1.00000
vt 0.00000 0.00000
vt 1.00000 0.00000
vt 1.00000 1.00000
vt 0.00000 0.00000
vt 1.00000 1.00000
vt 0.00000 1.00000
vt 0.00000 0.00000
vt 1.00000 0.00000
vt 1.00000 1.00000
vt 0.00000 0.00000
vt 1.00000 1.00000
vt 0.00000 1.00000
vt 0.00000 0.00000
vt 1.00000 0.00000
vt 1.00000 1.00000
vt 0.00000 0.00000
vt 1.00000 1.00000
vt 0.00000 1.00000
vt 0.00000 0.00000
vt 1.00000 0.00000
vt 1.00000 1.00000
vt 0.00000 0.00000
vt 1.00000 1.00000
vt 0.00000 1.00000
vt 0.00000 0.00000
vt 1.00000 0.00000
vt 1.00000 1.00000
vt 0.00000 0.00000
vt 1.00000 1.00000
vt 0.00000 1.00000
vt 0.00000 0.00000
vt 1.00000 0.00000
vt 1.00000 1.00000
vt 0.00000 0.00000
vt 1.00000 1.00000
vt 0.00000 1.00000
vt 0.00000 0.00000
vt 1.00000 0.00000
vt 1.00000 1.00000
vt 0.00000 0.00000
vt 1.00000 1.00000
vt 0.00000 1.00000
vt 0.00000 0.00000
vt 1.00000 0.00000
vt 1.00000 1.00000
vt 0.00000 0.00000
vt 1.00000 1.00000
vt 0.00000 1.00000
vt 0.00000 0.00000
vt 1.00000 0.00000
vt 1.00000 1.00000
vt 0.00000 0.00000
vt 1.00000 1.00000
vt 0.00000 1.00000
vt 0.00000 0.00000
vt 1.00000 0.00000
vt 1.00000 1.00000
vt 0.00000 0.00000
vt 1.00000 1.00000
vt 0.00000 1.00000
vt 0.00000 0.00000
vt 1.00000 0.00000
vt 1.00000 1.00000
vt 0.00000 0.00000
vt 1.00000 1.00000
vt 0.00000 1.00000
vt 0.00000 0.00000
vt 1.00000 0.00000
vt 1.00000 1.00000
vt 0.00000 0.00000
vt 1.00000 1.00000
vt 0.00000 1.00000
vt 0.00000 0.00000
vt 1.00000 0.00000
vt 1.00000 1.00000
vt 0.00000 0.00000
vt 1.00000 1.00000
vt 0.00000 1.00000
vt 0.00000 0.00000
vt 1.00000 0.00000
vt 1.00000 1.00000
vt 0.00000 0.00000
vt 1.00000 1.00000
vt 0.00000 1.00000
vt 0.00000 0.00000
vt 1.00000 0.00000
vt 1.00000 1.00000
vt 0.00000 0.00000
vt 1.00000 1.00000
vt 0.00000 1.00000
vt 0.00000 0.00000
vt 1.00000 0.00000
vt 1.00000 1.00000
vt 0.00000 0.00000
vt 1.00000 1.00000
vt 0.00000 1.00000
vt 0.00000 0.00000
vt 1.00000 0.00000
vt 1.00000 1.00000
vt 0.00000 0.00000
vt 1.00000 1.00000
vt 0.00000 1.00000
vt 0.00000 0.00000
vt 1.00000 0.00000
vt 1.00000 1.00000
vt 0.00000 0.00000
vt 1.00000 1.00000
vt 0.00000 1.00000
vt 0.00000 0.00000
vt 1.00000 0.00000
vt 1.00000 1.00000
vt 0.00000 0.00000
vt 1.00000 1.00000
vt 0.00000 1.00000
vt 0.00000 0.00000
vt 1.00000 0.00000
vt 1.00000 1.00000
vt 0.00000 0.00000
vt 1.00000 1.00000
vt 0.00000 1.00000
vt 0.00000 0.00000
vt 1.00000 0.00000
vt 1.00000 1.00000
vt 0.00000 0.00000
vt 1.00000 1.00000
vt 0.00000 1.00000
vt 0.00000 0.00000
vt 1.00000 0.00000
vt 1.00000 1.00000
vt 0.00000 0.00000
vt 1.00000 1.00000
vt 0.00000 1.00000
vt 0.00000 0.00000
vt 1.00000 0.00000
vt 1.00000 1.00000
vt 0.00000 0.00000
vt 1.00000 1.00000
vt 0.00000 1.00000
vt 0.00000 0.00000
vt 1.00000 0.00000
vt 1.00000 1.00000
vt 0.00000 0.00000
vt 1.00000 1.00000
vt 0.00000 1.00000
vt 0.00000 0.00000
vt 1.00000 0.00000
vt 1.00000 1.00000
vt 0.00000 0.00000
vt 1.00000 1.00000
vt 0.00000 1.00000
vt 0.00000 0.00000
vt 1.00000 0.00000
vt 1.00000 1.00000
vt 0.00000 0.00000
vt 1.00000 1.00000
vt 0.00000 1.00000
vt 0.00000 0.00000
vt 1.00000 0.00000
vt 1.00000 1.00000
vt 0.00000 0.00000
vt 1.00000 1.00000
vt 0.00000 1.00000
vt 0.00000 0.00000
vt 1.00000 0.00000
vt 1.00000 1.00000
vt 0.00000 0.00000
vt 1.00000 1.00000
vt 0.00000 1.00000
vt 0.00000 0.00000
vt 1.00000 0.00000
vt 1.00000 1.00000
vt 0.00000 0.00000
vt 1.00000 1.00000
vt 0.00000 1.00000
vt 0.00000 0.00000
vt 1.00000 0.00000
vt 1.00000 1.00000
vt 0.00000 0.00000
vt 1.00000 1.00000
vt 0.00000 1.00000
vt 0.00000 0.00000
vt 1.00000 0.00000
vt 1.00000 1.00000
vt 0.00000 0.00000
vt 1.00000 1.00000
vt 0.00000 1.00000
vt 0.00000 0.00000
vt 1.00000 0.00000
vt 1.00000 1.00000
vt 0.00000 0.00000
vt 1.00000 1.00000
vt 0.00000 1.00000
vt 0.00000 0.00000
vt 1.00000 0.00000
vt 1.00000 1.00000
vt 0.00000 0.00000
vt 1.00000 1.00000
vt 0.00000 1.00000
vt 0.00000 0.00000
vt 1.00000 0.00000
vt 1.00000 1.00000
vt 0.00000 0.00000
vt 1.00000 1.00000
vt 0.00000 1.00000
vt 0.00000 0.00000
vt 1.00000 0.00000
vt 1.00000 1.00000
vt 0.00000 0.00000
vt 1.00000 1.00000
vt 0.00000 1.00000
vt 0.00000 0.00000
vt 1.00000 0.00000
vt 1.00000 1.00000
vt 0.00000 0.00000
vt 1.00000 1.00000
vt 0.00000 1.00000
vn 0.3626 0.9151 -0.1762
vn 0.3626 0.9151 -0.1762
vn 0.3626 0.9151 -0.1762
vn 0.3626 0.9151 -0.1762
vn 0.3626 0.9151 -0.1762
vn 0.3626 0.9151 -0.1762
vn -0.3544 0.5851 -0.7294
vn -0.3544 0.5851 -0.7294
vn -0.3544 0.5851 -0.7294
vn -0.3544 0.5851 -0.7294
vn -0.3544 0.5851 -0.7294
vn -0.3544 0.5851 -0.7294
vn -0.2709 0.6970 -0.6640
vn -0.2709 0.6970 -0.6640
vn -0.2709 0.6970 -0.6640
vn -0.2709 0.6970 -0.6640
vn -0.2709 0.6970 -0.6640
vn -0.2709 0.6970 -0.6640
vn -0.5686 0.7892 0.2320
vn -0.5686 0.7892 0.2320
vn -0.5686 0.7892 0.2320
vn -0.5686 0.7892 0.2320
vn -0.5686 0.7892 0.2320
vn -0.5686 0.7892 0.2320
vn -0.7600 0.6129 0.2163
vn -0.7600 0.6129 0.2163
vn -0.7600 0.6129 0.2163
vn -0.7600 0.6129 0.2163
vn -0.7600 0.6129 0.2163
vn -0.7600 0.6129 0.2163
vn 0.1739 0.7721 0.6112
vn 0.1739 0.7721 0.6112
vn 0.1739 0.7721 0.6112
vn 0.1739 0.7721 0.6112
vn 0.1739 0.7721 0.6112
vn 0.1739 0.7721 0.6112
vn -0.2481 0.5130 0.8218
vn -0.2481 0.5130 0.8218
vn -0.2481 0.5130 0.8218
vn -0.2481 0.5130 0.8218
vn -0.2481 0.5130 0.8218
vn -0.2481 0.5130 0.8218
vn 0.5381 0.8270 0.1625
vn 0.5381 0.8270 0.1625
vn 0.5381 0.8270 0.1625
vn 0.5381 0.8270 0.1625
vn 0.5381 0.8270 0.1625
vn 0.5381 0.8270 0.1625
vn -0.2506 0.8285 0.5008
vn -0.2506 0.8285 0.5008
vn -0.2506 0.8285 0.5008
vn -0.2506 0.8285 0.5008
vn -0.2506 0.8285 0.5008
vn -0.2506 0.8285 0.5008
vn 0.4690 0.8515 0.2346
vn 0.4690 0.8515 0.2346
vn 0.4690 0.8515 0.2346
vn 0.4690 0.8515 0.2346
vn 0.4690 0.8515 0.2346
vn 0.4690 0.8515 0.2346
vn 0.2917 0.7548 0.5875
vn 0.2917 0.7548 0.5875
vn 0.2917 0.7548 0.5875
vn 0.2917 0.7548 0.5875
vn 0.2917 0.7548 0.5875
vn 0.2917 0.7548 0.5875
vn 0.4958 0.8328 -0.2462
vn 0.4958 0.8328 -0.2462
vn 0.4958 0.8328 -0.2462
vn 0.4958 0.8328 -0.2462
vn 0.4958 0.8328 -0.2462
vn 0.4958 0.8328 -0.2462
vn -0.5401 0.8314 0.1310
vn -0.5401 0.8314 0.1310
vn -0.5401 0.8314 0.1310
vn -0.5401 0.8314 0.1310
vn -0.5401 0.8314 0.1310
vn -0.5401 0.8314 0.1310
vn 0.1794 0.6490 0.7393
vn 0.1794 0.6490 0.7393
vn 0.1794 0.6490 0.7393
vn 0.1794 0.6490 0.7393
vn 0.1794 0.6490 0.7393
vn 0.1794 0.6490 0.7393
vn -0.0562 0.8481 -0.5268
vn -0.0562 0.8481 -0.5268
vn -0.0562 0.8481 -0.5268
vn -0.0562 0.8481 -0.5268
vn -0.0562 0.8481 -0.5268
vn -0.0562 0.8481 -0.5268
vn -0.6073 0.7918 0.0648
vn -0.6073 0.7918 0.0648
vn -0.6073 0.7918 0.0648
vn -0.6073 0.7918 0.0648
vn -0.6073 0.7918 0.0648
vn -0.6073 0.7918 0.0648
vn 0.3129 0.8789 -0.3601
vn 0.3129 0.8789 -0.3601
vn 0.3129 0.8789 -0.3601
vn 0.3129 0.8789 -0.3601
vn 0.3129 0.8789 -0.3601
vn 0.3129 0.8789 -0.3601
vn -0.5444 0.6926 -0.4732
vn -0.5444 0.6926 -0.4732
vn -0.5444 0.6926 -0.4732
vn -0.5444 0.6926 -0.4732
vn -0.5444 0.6926 -0.4732
vn -0.5444 0.6926 -0.4732
vn 0.4460 0.7888 -0.4229
vn 0.4460 0.7888 -0.4229
vn 0.4460 0.7888 -0.4229
vn 0.4460 0.7888 -0.4229
vn 0.4460 0.7888 -0.4229
vn 0.4460 0.7888 -0.4229
vn -0.2509 0.9312 -0.2646
vn -0.2509 0.9312 -0.2646
vn -0.2509 0.9312 -0.2646
vn -0.2509 0.9312 -0.2646
vn -0.2509 0.9312 -0.2646
vn -0.2509 0.9312 -0.2646
vn 0.6712 0.7310 0.1233
vn 0.6712 0.7310 0.1233
vn 0.6712 0.7310 0.1233
vn 0.6712 0.7310 0.1233
vn 0.6712 0.7310 0.1233
vn 0.6712 0.7310 0.1233
vn 0.1493 0.5630 -0.8129
vn 0.1493 0.5630 -0.8129
vn 0.1493 0.5630 -0.8129
vn 0.1493 0.5630 -0.8129
vn 0.1493 0.5630 -0.8129
vn 0.1493 0.5630 -0.8129
vn 0.5777 0.7552 -0.3098
vn 0.5777 0.7552 -0.3098
vn 0.5777 0.7552 -0.3098
vn 0.5777 0.7552 -0.3098
vn 0.5777 0.7552 -0.3098
vn 0.5777 0.7552 -0.3098
vn -0.2194 0.8857 -0.4092
vn -0.2194 0.8857 -0.4092
vn -0.2194 0.8857 -0.4092
vn -0.2194 0.8857 -0.4092
vn -0.2194 0.8857 -0.4092
vn -0.2194 0.8857 -0.4092
vn 0.0920 0.7685 -0.6332
vn 0.0920 0.7685 -0.6332
vn 0.0920 0.7685 -0.6332
vn 0.0920 0.7685 -0.6332
vn 0.0920 0.7685 -0.6332
vn 0.0920 0.7685 -0.6332
vn -0.5203 0.8506 -0.0756
vn -0.5203 0.8506 -0.0756
vn -0.5203 0.8506 -0.0756
vn -0.5203 0.8506 -0.0756
vn -0.5203 0.8506 -0.0756
vn -0.5203 0.8506 -0.0756
vn -0.1377 0.8495 -0.5092
vn -0.1377 0.8495 -0.5092
vn -0.1377 0.8495 -0.5092
vn -0.1377 0.8495 -0.5092
vn -0.1377 0.8495 -0.5092
vn -0.1377 0.8495 -0.5092
vn -0.6360 0.7523 0.1720
vn -0.6360 0.7523 0.1720
vn -0.6360 0.7523 0.1720
vn -0.6360 0.7523 0.1720
vn -0.6360 0.7523 0.1720
vn -0.6360 0.7523 0.1720
vn -0.4763 0.8529 0.2138
vn -0.4763 0.8529 0.2138
vn -0.4763 0.8529 0.2138
vn -0.4763 0.8529 0.2138
vn -0.4763 0.8529 0.2138
vn -0.4763 0.8529 0.2138
vn 0.3195 0.6253 0.7119
vn 0.3195 0.6253 0.7119
vn 0.3195 0.6253 0.7119
vn 0.3195 0.6253 0.7119
vn 0.3195 0.6253 0.7119
vn 0.3195 0.6253 0.7119
vn -0.1974 0.8529 -0.4834
vn -0.1974 0.8529 -0.4834
vn -0.1974 0.8529 -0.4834
vn -0.1974 0.8529 -0.4834
vn -0.1974 0.8529 -0.4834
vn -0.1974 0.8529 -0.4834
vn -0.5472 0.8066 0.2234
vn -0.5472 0.8066 0.2234
vn -0.5472 0.8066 0.2234
vn -0.5472 0.8066 0.2234
vn -0.5472 0.8066 0.2234
vn -0.5472 0.8066 0.2234
vn 0.2252 0.7966 -0.5609
vn 0.2252 0.7966 -0.5609
vn 0.2252 0.7966 -0.5609
vn 0.2252 0.7966 -0.5609
vn 0.2252 0.7966 -0.5609
vn 0.2252 0.7966 -0.5609
vn -0.4736 0.8600 -0.1901
vn -0.4736 0.8600 -0.1901
vn -0.4736 0.8600 -0.1901
vn -0.4736 0.8600 -0.1901
vn -0.4736 0.8600 -0.1901
vn -0.4736 0.8600 -0.1901
vn -0.6947 0.6969 -0.1781
vn -0.6947 0.6969 -0.1781
vn -0.6947 0.6969 -0.1781
vn -0.6947 0.6969 -0.1781
vn -0.6947 0.6969 -0.1781
vn -0.6947 0.6969 -0.1781
vn -0.0943 0.9251 0.3678
vn -0.0943 0.9251 0.3678
vn -0.0943 0.9251 0.3678
vn -0.0943 0.9251 0.3678
vn -0.0943 0.9251 0.3678
vn -0.0943 0.9251 0.3678
vn -0.3375 0.8860 0.3181
vn -0.3375 0.8860 0.3181
vn -0.3375 0.8860 0.3181
vn -0.3375 0.8860 0.3181
vn -0.3375 0.8860 0.3181
vn -0.3375 0.8860 0.3181
vn 0.5888 0.5129 0.6247
vn 0.5888 0.5129 0.6247
vn 0.5888 0.5129 0.6247
vn 0.5888 0.5129 0.6247
vn 0.5888 0.5129 0.6247
vn 0.5888 0.5129 0.6247
vn -0.3605 0.7535 -0.5498
vn -0.3605 0.7535 -0.5498
vn -0.3605 0.7535 -0.5498
vn -0.3605 0.7535 -0.5498
vn -0.3605 0.7535 -0.5498
vn -0.3605 0.7535 -0.5498
vn -0.6295 0.6582 0.4128
vn -0.6295 0.6582 0.4128
vn -0.6295 0.6582 0.4128
vn -0.6295 0.6582 0.4128
vn -0.6295 0.6582 0.4128
vn -0.6295 0.6582 0.4128
vn -0.6797 0.6690 -0.3007
vn -0.6797 0.6690 -0.3007
vn -0.6797 0.6690 -0.3007
vn -0.6797 0.6690 -0.3007
vn -0.6797 0.6690 -0.3007
vn -0.6797 0.6690 -0.3007
vn -0.3128 0.6343 0.7070
vn -0.3128 0.6343 0.7070
vn -0.3128 0.6343 0.7070
vn -0.3128 0.6343 0.7070
vn -0.3128 0.6343 0.7070
vn -0.3128 0.6343 0.7070
vn -0.8077 0.5738 0.1353
vn -0.8077 0.5738 0.1353
vn -0.8077 0.5738 0.1353
vn -0.8077 0.5738 0.1353
vn -0.8077 0.5738 0.1353
vn -0.8077 0.5738 0.1353
vn 0.1284 0.6294 0.7664
vn 0.1284 0.6294 0.7664
vn 0.1284 0.6294 0.7664
vn 0.1284 0.6294 0.7664
vn 0.1284 0.6294 0.7664
vn 0.1284 0.6294 0.7664
vn 0.5649 0.8246 -0.0324
vn 0.5649 0.8246 -0.0324
vn 0.5649 0.8246 -0.0324
vn 0.5649 0.8246 -0.0324
vn 0.5649 0.8246 -0.0324
vn 0.5649 0.8246 -0.0324
vn -0.0329 0.8189 -0.5729
vn -0.0329 0.8189 -0.5729
vn -0.0329 0.8189 -0.5729
vn -0.0329 0.8189 -0.5729
vn -0.0329 0.8189 -0.5729
vn -0.0329 0.8189 -0.5729
vn -0.2406 0.6072 0.7573
vn -0.2406 0.6072 0.7573
vn -0.2406 0.6072 0.7573
vn -0.2406 0.6072 0.7573
vn -0.2406 0.6072 0.7573
vn -0.2406 0.6072 0.7573
vn 0.7192 0.6561 0.2285
vn 0.7192 0.6561 0.2285
vn 0.7192 0.6561 0.2285
vn 0.7192 0.6561 0.2285
vn 0.7192 0.6561 0.2285
vn 0.7192 0.6561 0.2285
vn 0.7911 0.5733 0.2134
vn 0.7911 0.5733 0.2134
vn 0.7911 0.5733 0.2134
vn 0.7911 0.5733 0.2134
vn 0.7911 0.5733 0.2134
vn 0.7911 0.5733 0.2134
vn 0.2202 0.5339 -0.8164
vn 0.2202 0.5339 -0.8164
vn 0.2202 0.5339 -0.8164
vn 0.2202 0.5339 -0.8164
vn 0.2202 0.5339 -0.8164
vn 0.2202 0.5339 -0.8164
vn -0.3636 0.9246 0.1139
vn -0.3636 0.9246 0.1139
vn -0.3636 0.9246 0.1139
vn -0.3636 0.9246 0.1139
vn -0.3636 0.9246 0.1139
vn -0.3636 0.9246 0.1139
vn 0.2155 0.6930 0.6880
vn 0.2155 0.6930 0.6880
vn 0.2155 0.6930 0.6880
vn 0.2155 0.6930 0.6880
vn 0.2155 0.6930 0.6880
vn 0.2155 0.6930 0.6880
vn -0.0330 0.5751 0.8174
vn -0.0330 0.5751 0.8174
vn -0.0330 0.5751 0.8174
vn -0.0330 0.5751 0.8174
vn -0.0330 0.5751 0.8174
vn -0.0330 0.5751 0.8174
vn 0.3437 0.9390 0.0139
vn 0.3437 0.9390 0.0139
vn 0.3437 0.9390 0.0139
vn 0.3437 0.9390 0.0139
vn 0.3437 0.9390 0.0139
vn 0.3437 0.9390 0.0139
vn -0.3791 0.7793 0.4990
vn -0.3791 0.7793 0.4990
vn -0.3791 0.7793 0.4990
vn -0.3791 0.7793 0.4990
vn -0.3791 0.7793 0.4990
vn -0.3791 0.7793 0.4990
vn 0.3253 0.9127 0.2472
vn 0.3253 0.9127 0.2472
vn 0.3253 0.9127 0.2472
vn 0.3253 0.9127 0.2472
vn 0.3253 0.9127 0.2472
vn 0.3253 0.9127 0.2472
vn 0.7006 0.6811 -0.2127
vn 0.7006 0.6811 -0.2127
vn 0.7006 0.6811 -0.2127
vn 0.7006 0.6811 -0.2127
vn 0.7006 0.6811 -0.2127
vn 0.7006 0.6811 -0.2127
vn -0.2117 0.6846 -0.6975
vn -0.2117 0.6846 -0.6975
vn -0.2117 0.6846 -0.6975
vn -0.2117 0.6846 -0.6975
vn -0.2117 0.6846 -0.6975
vn -0.2117 0.6846 -0.6975
vn -0.6114 0.6329 -0.4750
vn -0.6114 0.6329 -0.4750
vn -0.6114 0.6329 -0.4750
vn -0.6114 0.6329 -0.4750
vn -0.6114 0.6329 -0.4750
vn -0.6114 0.6329 -0.4750
vn -0.4029 0.7541 0.5187
vn -0.4029 0.7541 0.5187
vn -0.4029 0.7541 0.5187
vn -0.4029 0.7541 0.5187
vn -0.4029 0.7541 0.5187
vn -0.4029 0.7541 0.5187
vn -0.3504 0.9324 -0.0890
vn -0.3504 0.9324 -0.0890
vn -0.3504 0.9324 -0.0890
vn -0.3504 0.9324 -0.0890
vn -0.3504 0.9324 -0.0890
vn -0.3504 0.9324 -0.0890
vn -0.2069 0.5416 0.8148
vn -0.2069 0.5416 0.8148
vn -0.2069 0.5416 0.8148
vn -0.2069 0.5416 0.8148
vn -0.2069 0.5416 0.8148
vn -0.2069 0.5416 0.8148
vn 0.0427 0.9190 -0.3920
vn 0.0427 0.9190 -0.3920
vn 0.0427 0.9190 -0.3920
vn 0.0427 0.9190 -0.3920
vn 0.0427 0.9190 -0.3920
vn 0.0427 0.9190 -0.3920
vn -0.8535 0.5128 -0.0930
vn -0.8535 0.5128 -0.0930
vn -0.8535 0.5128 -0.0930
vn -0.8535 0.5128 -0.0930
vn -0.8535 0.5128 -0.0930
vn -0.8535 0.5128 -0.0930
vn -0.3602 0.5432 -0.7585
vn -0.3602 0.5432 -0.7585
vn -0.3602 0.5432 -0.7585
vn -0.3602 0.5432 -0.7585
vn -0.3602 0.5432 -0.7585
vn -0.3602 0.5432 -0.7585
vn -0.3597 0.9173 0.1708
vn -0.3597 0.9173 0.1708
vn -0.3597 0.9173 0.1708
vn -0.3597 0.9173 0.1708
vn -0.3597 0.9173 0.1708
vn -0.3597 0.9173 0.1708
vn -0.5582 0.8151 -0.1552
vn -0.5582 0.8151 -0.1552
vn -0.5582 0.8151 -0.1552
vn -0.5582 0.8151 -0.1552
vn -0.5582 0.8151 -0.1552
vn -0.5582 0.8151 -0.1552
vn -0.2286 0.5212 0.8223
vn -0.2286 0.5212 0.8223
vn -0.2286 0.5212 0.8223
vn -0.2286 0.5212 0.8223
vn -0.2286 0.5212 0.8223
vn -0.2286 0.5212 0.8223
vn 0.4177 0.7898 0.4491
vn 0.4177 0.7898 0.4491
vn 0.4177 0.7898 0.4491
vn 0.4177 0.7898 0.4491
vn 0.4177 0.7898 0.4491
vn 0.4177 0.7898 0.4491
vn 0.6021 0.5691 -0.5600
vn 0.6021 0.5691 -0.5600
vn 0.6021 0.5691 -0.5600
vn 0.6021 0.5691 -0.5600
vn 0.6021 0.5691 -0.5600
vn 0.6021 0.5691 -0.5600
vn -0.3734 0.8475 -0.3773
vn -0.3734 0.8475 -0.3773
vn -0.3734 0.8475 -0.3773
vn -0.3734 0.8475 -0.3773
vn -0.3734 0.8475 -0.3773
vn -0.3734 0.8475 -0.3773
vn -0.3939 0.8324 0.3899
vn -0.3939 0.8324 0.3899
vn -0.3939 0.8324 0.3899
vn -0.3939 0.8324 0.3899
vn -0.3939 0.8324 0.3899
vn -0.3939 0.8324 0.3899
vn -0.2126 0.8497 0.4825
vn -0.2126 0.8497 0.4825
vn -0.2126 0.8497 0.4825
vn -0.2126 0.8497 0.4825
vn -0.2126 0.8497 0.4825
vn -0.2126 0.8497 0.4825
vn 0.6976 0.6472 0.3074
vn 0.6976 0.6472 0.3074
vn 0.6976 0.6472 0.3074
vn 0.6976 0.6472 0.3074
vn 0.6976 0.6472 0.3074
vn 0.6976 0.6472 0.3074
vn 0.0161 0.9355 -0.3530
vn 0.0161 0.9355 -0.3530
vn 0.0161 0.9355 -0.3530
vn 0.0161 0.9355 -0.3530
vn 0.0161 0.9355 -0.3530
vn 0.0161 0.9355 -0.3530
vn -0.8272 0.5606 -0.0377
vn -0.8272 0.5606 -0.0377
vn -0.8272 0.5606 -0.0377
vn -0.8272 0.5606 -0.0377
vn -0.8272 0.5606 -0.0377
vn -0.8272 0.5606 -0.0377
vn 0.1709 0.6387 -0.7502
vn 0.1709 0.6387 -0.7502
vn 0.1709 0.6387 -0.7502
vn 0.1709 0.6387 -0.7502
vn 0.1709 0.6387 -0.7502
vn 0.1709 0.6387 -0.7502
vn -0.6923 0.7042 -0.1577
vn -0.6923 0.7042 -0.1577
vn -0.6923 0.7042 -0.1577
vn -0.6923 0.7042 -0.1577
vn -0.6923 0.7042 -0.1577
vn -0.6923 0.7042 -0.1577
vn -0.3045 0.7233 0.6197
vn -0.3045 0.7233 0.6197
vn -0.3045 0.7233 0.6197
vn -0.3045 0.7233 0.6197
vn -0.3045 0.7233 0.6197
vn -0.3045 0.7233 0.6197
vn 0.7482 0.5523 0.3676
vn 0.7482 0.5523 0.3676
vn 0.7482 0.5523 0.3676
vn 0.7482 0.5523 0.3676
vn 0.7482 0.5523 0.3676
vn 0.7482 0.5523 0.3676
vn 0.4653 0.8129 -0.3503
vn 0.4653 0.8129 -0.3503
vn 0.4653 0.8129 -0.3503
vn 0.4653 0.8129 -0.3503
vn 0.4653 0.8129 -0.3503
vn 0.4653 0.8129 -0.3503
vn -0.2526 0.9076 -0.3355
vn -0.2526 0.9076 -0.3355
vn -0.2526 0.9076 -0.3355
vn -0.2526 0.9076 -0.3355
vn -0.2526 0.9076 -0.3355
vn -0.2526 0.9076 -0.3355
vn 0.5673 0.7332 0.3749
vn 0.5673 0.7332 0.3749
vn 0.5673 0.7332 0.3749
vn 0.5673 0.7332 0.3749
vn 0.5673 0.7332 0.3749
vn 0.5673 0.7332 0.3749
vn 0.3960 0.6957 -0.5993
vn 0.3960 0.6957 -0.5993
vn 0.3960 0.6957 -0.5993
vn 0.3960 0.6957 -0.5993
vn 0.3960 0.6957 -0.5993
vn 0.3960 0.6957 -0.5993
vn -0.7578 0.6481 0.0758
vn -0.7578 0.6481 0.0758
vn -0.7578 0.6481 0.0758
vn -0.7578 0.6481 0.0758
vn -0.7578 0.6481 0.0758
vn -0.7578 0.6481 0.0758
vn 0.0495 0.8675 0.4950
vn 0.0495 0.8675 0.4950
vn 0.0495 0.8675 0.4950
vn 0.0495 0.8675 0.4950
vn 0.0495 0.8675 0.4950
vn 0.0495 0.8675 0.4950
vn 0.0155 0.9196 0.3927
vn 0.0155 0.9196 0.3927
vn 0.0155 0.9196 0.3927
vn 0.0155 0.9196 0.3927
vn 0.0155 0.9196 0.3927
vn 0.0155 0.9196 0.3927
vn 0.3483 0.9373 -0.0137
vn 0.3483 0.9373 -0.0137
vn 0.3483 0.9373 -0.0137
vn 0.3483 0.9373 -0.0137
vn 0.3483 0.9373 -0.0137
vn 0.3483 0.9373 -0.0137
vn 0.7563 0.6191 0.2114
vn 0.7563 0.6191 0.2114
vn 0.7563 0.6191 0.2114
vn 0.7563 0.6191 0.2114
vn 0.7563 0.6191 0.2114
vn 0.7563 0.6191 0.2114
vn 0.1984 0.6756 -0.7101
vn 0.1984 0.6756 -0.7101
vn 0.1984 0.6756 -0.7101
vn 0.1984 0.6756 -0.7101
vn 0.1984 0.6756 -0.7101
vn 0.1984 0.6756 -0.7101
vn 0.0304 0.7600 -0.6492
vn 0.0304 0.7600 -0.6492
vn 0.0304 0.7600 -0.6492
vn 0.0304 0.7600 -0.6492
vn 0.0304 0.7600 -0.6492
vn 0.0304 0.7600 -0.6492
vn -0.8067 0.5897 -0.0378
vn -0.8067 0.5897 -0.0378
vn -0.8067 0.5897 -0.0378
vn -0.8067 0.5897 -0.0378
vn -0.8067 0.5897 -0.0378
vn -0.8067 0.5897 -0.0378
vn -0.3270 0.6307 0.7037
vn -0.3270 0.6307 0.7037
vn -0.3270 0.6307 0.7037
vn -0.3270 0.6307 0.7037
vn -0.3270 0.6307 0.7037
vn -0.3270 0.6307 0.7037
vn 0.3700 0.9130 0.1719
vn 0.3700 0.9130 0.1719
vn 0.3700 0.9130 0.1719
vn 0.3700 0.9130 0.1719
vn 0.3700 0.9130 0.1719
vn 0.3700 0.9130 0.1719
vn -0.4394 0.8300 0.3435
vn -0.4394 0.8300 0.3435
vn -0.4394 0.8300 0.3435
vn -0.4394 0.8300 0.3435
vn -0.4394 0.8300 0.3435
vn -0.4394 0.8300 0.3435
vn 0.2382 0.9222 0.3047
vn 0.2382 0.9222 0.3047
vn 0.2382 0.9222 0.3047
vn 0.2382 0.9222 0.3047
vn 0.2382 0.9222 0.3047
vn 0.2382 0.9222 0.3047
vn -0.2590 0.6059 -0.7522
vn -0.2590 0.6059 -0.7522
vn -0.2590 0.6059 -0.7522
vn -0.2590 0.6059 -0.7522
vn -0.2590 0.6059 -0.7522
vn -0.2590 0.6059 -0.7522
vn -0.7380 0.6251 0.2541
vn -0.7380 0.6251 0.2541
vn -0.7380 0.6251 0.2541
vn -0.7380 0.6251 0.2541
vn -0.7380 0.6251 0.2541
vn -0.7380 0.6251 0.2541
vn -0.7637 0.6334 0.1247
vn -0.7637 0.6334 0.1247
vn -0.7637 0.6334 0.1247
vn -0.7637 0.6334 0.1247
vn -0.7637 0.6334 0.1247
vn -0.7637 0.6334 0.1247
vn 0.0798 0.8687 0.4888
vn 0.0798 0.8687 0.4888
vn 0.0798 0.8687 0.4888
vn 0.0798 0.8687 0.4888
vn 0.0798 0.8687 0.4888
vn 0.0798 0.8687 0.4888
vn -0.1083 0.9109 0.3983
vn -0.1083 0.9109 0.3983
vn -0.1083 0.9109 0.3983
vn -0.1083 0.9109 0.3983
vn -0.1083 0.9109 0.3983
vn -0.1083 0.9109 0.3983
vn 0.7798 0.5890 0.2121
vn 0.7798 0.5890 0.2121
vn 0.7798 0.5890 0.2121
vn 0.7798 0.5890 0.2121
vn 0.7798 0.5890 0.2121
vn 0.7798 0.5890 0.2121
vn 0.2143 0.5627 -0.7984
vn 0.2143 0.5627 -0.7984
vn 0.2143 0.5627 -0.7984
vn 0.2143 0.5627 -0.7984
vn 0.2143 0.5627 -0.7984
vn 0.2143 0.5627 -0.7984
vn -0.6094 0.7758 -0.1636
vn -0.6094 0.7758 -0.1636
vn -0.6094 0.7758 -0.1636
vn -0.6094 0.7758 -0.1636
vn -0.6094 0.7758 -0.1636
vn -0.6094 0.7758 -0.1636
vn 0.1314 0.5817 -0.8027
vn 0.1314 0.5817 -0.8027
vn 0.1314 0.5817 -0.8027
vn 0.1314 0.5817 -0.8027
vn 0.1314 0.5817 -0.8027
vn 0.1314 0.5817 -0.8027
vn -0.7597 0.6383 -0.1244
vn -0.7597 0.6383 -0.1244
vn -0.7597 0.6383 -0.1244
vn -0.7597 0.6383 -0.1244
vn -0.7597 0.6383 -0.1244
vn -0.7597 0.6383 -0.1244
vn -0.1757 0.5626 0.8079
vn -0.1757 0.5626 0.8079
vn -0.1757 0.5626 0.8079
vn -0.1757 0.5626 0.8079
vn -0.1757 0.5626 0.8079
vn -0.1757 0.5626 0.8079
vn 0.7228 0.6729 0.1572
vn 0.7228 0.6729 0.1572
vn 0.7228 0.6729 0.1572
vn 0.7228 0.6729 0.1572
vn 0.7228 0.6729 0.1572
vn 0.7228 0.6729 0.1572
vn -0.4886 0.8428 -0.2258
vn -0.4886 0.8428 -0.2258
vn -0.4886 0.8428 -0.2258
vn -0.4886 0.8428 -0.2258
vn -0.4886 0.8428 -0.2258
vn -0.4886 0.8428 -0.2258
vn -0.3457 0.5663 0.7481
vn -0.3457 0.5663 0.7481
vn -0.3457 0.5663 0.7481
vn -0.3457 0.5663 0.7481
vn -0.3457 0.5663 0.7481
vn -0.3457 0.5663 0.7481
vn -0.8631 0.5044 0.0253
vn -0.8631 0.5044 0.0253
vn -0.8631 0.5044 0.0253
vn -0.8631 0.5044 0.0253
vn -0.8631 0.5044 0.0253
vn -0.8631 0.5044 0.0253
vn 0.0124 0.9055 0.4241
vn 0.0124 0.9055 0.4241
vn 0.0124 0.9055 0.4241
vn 0.0124 0.9055 0.4241
vn 0.0124 0.9055 0.4241
vn 0.0124 0.9055 0.4241
vn 0.2636 0.9118 0.3148
vn 0.2636 0.9118 0.3148
vn 0.2636 0.9118 0.3148
vn 0.2636 0.9118 0.3148
vn 0.2636 0.9118 0.3148
vn 0.2636 0.9118 0.3148
vn 0.3489 0.8905 -0.2921
vn 0.3489 0.8905 -0.2921
vn 0.3489 0.8905 -0.2921
vn 0.3489 0.8905 -0.2921
vn 0.3489 0.8905 -0.2921
vn 0.3489 0.8905 -0.2921
vn -0.3609 0.6158 0.7004
vn -0.3609 0.6158 0.7004
vn -0.3609 0.6158 0.7004
vn -0.3609 0.6158 0.7004
vn -0.3609 0.6158 0.7004
vn -0.3609 0.6158 0.7004
vn 0.6439 0.6894 0.3318
vn 0.6439 0.6894 0.3318
vn 0.6439 0.6894 0.3318
vn 0.6439 0.6894 0.3318
vn 0.6439 0.6894 0.3318
vn 0.6439 0.6894 0.3318
vn 0.0010 0.9015 0.4328
vn 0.0010 0.9015 0.4328
vn 0.0010 0.9015 0.4328
vn 0.0010 0.9015 0.4328
vn 0.0010 0.9015 0.4328
vn 0.0010 0.9015 0.4328
vn 0.3965 0.9181 -0.0009
vn 0.3965 0.9181 -0.0009
vn 0.3965 0.9181 -0.0009
vn 0.3965 0.9181 -0.0009
vn 0.3965 0.9181 -0.0009
vn 0.3965 0.9181 -0.0009
vn -0.5362 0.8440 -0.0118
vn -0.5362 0.8440 -0.0118
vn -0.5362 0.8440 -0.0118
vn -0.5362 0.8440 -0.0118
vn -0.5362 0.8440 -0.0118
vn -0.5362 0.8440 -0.0118
vn -0.0082 0.9268 0.3755
vn -0.0082 0.9268 0.3755
vn -0.0082 0.9268 0.3755
vn -0.0082 0.9268 0.3755
vn -0.0082 0.9268 0.3755
vn -0.0082 0.9268 0.3755
vn -0.4511 0.6451 0.6167
vn -0.4511 0.6451 0.6167
vn -0.4511 0.6451 0.6167
vn -0.4511 0.6451 0.6167
vn -0.4511 0.6451 0.6167
vn -0.4511 0.6451 0.6167
vn 0.4569 0.8244 0.3342
vn 0.4569 0.8244 0.3342
vn 0.4569 0.8244 0.3342
vn 0.4569 0.8244 0.3342
vn 0.4569 0.8244 0.3342
vn 0.4569 0.8244 0.3342
vn -0.3654 0.9083 -0.2036
vn -0.3654 0.9083 -0.2036
vn -0.3654 0.9083 -0.2036
vn -0.3654 0.9083 -0.2036
vn -0.3654 0.9083 -0.2036
vn -0.3654 0.9083 -0.2036
vn -0.3473 0.7005 0.6234
vn -0.3473 0.7005 0.6234
vn -0.3473 0.7005 0.6234
vn -0.3473 0.7005 0.6234
vn -0.3473 0.7005 0.6234
vn -0.3473 0.7005 0.6234
vn 0.4186 0.8755 0.2412
vn 0.4186 0.8755 0.2412
vn 0.4186 0.8755 0.2412
vn 0.4186 0.8755 0.2412
vn 0.4186 0.8755 0.2412
vn 0.4186 0.8755 0.2412
vn 0.3137 0.7780 -0.5444
vn 0.3137 0.7780 -0.5444
vn 0.3137 0.7780 -0.5444
vn 0.3137 0.7780 -0.5444
vn 0.3137 0.7780 -0.5444
vn 0.3137 0.7780 -0.5444
vn -0.8050 0.5238 0.2785
vn -0.8050 0.5238 0.2785
vn -0.8050 0.5238 0.2785
vn -0.8050 0.5238 0.2785
vn -0.8050 0.5238 0.2785
vn -0.8050 0.5238 0.2785
vn 0.2194 0.7415 0.6341
vn 0.2194 0.7415 0.6341
vn 0.2194 0.7415 0.6341
vn 0.2194 0.7415 0.6341
vn 0.2194 0.7415 0.6341
vn 0.2194 0.7415 0.6341
vn -0.1936 0.7347 0.6502
vn -0.1936 0.7347 0.6502
vn -0.1936 0.7347 0.6502
vn -0.1936 0.7347 0.6502
vn -0.1936 0.7347 0.6502
vn -0.1936 0.7347 0.6502
vn 0.4441 0.8861 0.1322
vn 0.4441 0.8861 0.1322
vn 0.4441 0.8861 0.1322
vn 0.4441 0.8861 0.1322
vn 0.4441 0.8861 0.1322
vn 0.4441 0.8861 0.1322
vn 0.3990 0.9156 -0.0500
vn 0.3990 0.9156 -0.0500
vn 0.3990 0.9156 -0.0500
vn 0.3990 0.9156 -0.0500
vn 0.3990 0.9156 -0.0500
vn 0.3990 0.9156 -0.0500
vn -0.0714 0.8183 -0.5704
vn -0.0714 0.8183 -0.5704
vn -0.0714 0.8183 -0.5704
vn -0.0714 0.8183 -0.5704
vn -0.0714 0.8183 -0.5704
vn -0.0714 0.8183 -0.5704
vn 0.7816 0.5737 -0.2447
vn 0.7816 0.5737 -0.2447
vn 0.7816 0.5737 -0.2447
vn 0.7816 0.5737 -0.2447
vn 0.7816 0.5737 -0.2447
vn 0.7816 0.5737 -0.2447
vn -0.2108 0.7088 -0.6732
vn -0.2108 0.7088 -0.6732
vn -0.2108 0.7088 -0.6732
vn -0.2108 0.7088 -0.6732
vn -0.2108 0.7088 -0.6732
vn -0.2108 0.7088 -0.6732
vn -0.5577 0.5462 -0.6250
vn -0.5577 0.5462 -0.6250
vn -0.5577 0.5462 -0.6250
vn -0.5577 0.5462 -0.6250
vn -0.5577 0.5462 -0.6250
vn -0.5577 0.5462 -0.6250
vn -0.5939 0.6054 0.5299
vn -0.5939 0.6054 0.5299
vn -0.5939 0.6054 0.5299
vn -0.5939 0.6054 0.5299
vn -0.5939 0.6054 0.5299
vn -0.5939 0.6054 0.5299
vn 0.0874 0.9188 -0.3848
vn 0.0874 0.9188 -0.3848
vn 0.0874 0.9188 -0.3848
vn 0.0874 0.9188 -0.3848
vn 0.0874 0.9188 -0.3848
vn 0.0874 0.9188 -0.3848
vn -0.4268 0.8991 -0.0969
vn -0.4268 0.8991 -0.0969
vn -0.4268 0.8991 -0.0969
vn -0.4268 0.8991 -0.0969
vn -0.4268 0.8991 -0.0969
vn -0.4268 0.8991 -0.0969
vn 0.3333 0.8097 0.4830
vn 0.3333 0.8097 0.4830
vn 0.3333 0.8097 0.4830
vn 0.3333 0.8097 0.4830
vn 0.3333 0.8097 0.4830
vn 0.3333 0.8097 0.4830
vn 0.5342 0.7607 -0.3687
vn 0.5342 0.7607 -0.3687
vn 0.5342 0.7607 -0.3687
vn 0.5342 0.7607 -0.3687
vn 0.5342 0.7607 -0.3687
vn 0.5342 0.7607 -0.3687
vn -0.3396 0.5086 0.7912
vn -0.3396 0.5086 0.7912
vn -0.3396 0.5086 0.7912
vn -0.3396 0.5086 0.7912
vn -0.3396 0.5086 0.7912
vn -0.3396 0.5086 0.7912
vn 0.7658 0.5527 0.3287
vn 0.7658 0.5527 0.3287
vn 0.7658 0.5527 0.3287
vn 0.7658 0.5527 0.3287
vn 0.7658 0.5527 0.3287
vn 0.7658 0.5527 0.3287
vn -0.3820 0.9127 0.1449
vn -0.3820 0.9127 0.1449
vn -0.3820 0.9127 0.1449
vn -0.3820 0.9127 0.1449
vn -0.3820 0.9127 0.1449
vn -0.3820 0.9127 0.1449
vn 0.1367 0.9228 0.3603
vn 0.1367 0.9228 0.3603
vn 0.1367 0.9228 0.3603
vn 0.1367 0.9228 0.3603
vn 0.1367 0.9228 0.3603
vn 0.1367 0.9228 0.3603
vn 0.3559 0.9295 -0.0968
vn 0.3559 0.9295 -0.0968
vn 0.3559 0.9295 -0.0968
vn 0.3559 0.9295 -0.0968
vn 0.3559 0.9295 -0.0968
vn 0.3559 0.9295 -0.0968
vn -0.1057 0.9154 -0.3885
vn -0.1057 0.9154 -0.3885
vn -0.1057 0.9154 -0.3885
vn -0.1057 0.9154 -0.3885
vn -0.1057 0.9154 -0.3885
vn -0.1057 0.9154 -0.3885
vn 0.4717 0.5294 -0.7052
vn 0.4717 0.5294 -0.7052
vn 0.4717 0.5294 -0.7052
vn 0.4717 0.5294 -0.7052
vn 0.4717 0.5294 -0.7052
vn 0.4717 0.5294 -0.7052
vn -0.5394 0.7609 -0.3608
vn -0.5394 0.7609 -0.3608
vn -0.5394 0.7609 -0.3608
vn -0.5394 0.7609 -0.3608
vn -0.5394 0.7609 -0.3608
vn -0.5394 0.7609 -0.3608
vn 0.0332 0.8654 0.5000
vn 0.0332 0.8654 0.5000
vn 0.0332 0.8654 0.5000
vn 0.0332 0.8654 0.5000
vn 0.0332 0.8654 0.5000
vn 0.0332 0.8654 0.5000
vn 0.8446 0.5325 -0.0560
vn 0.8446 0.5325 -0.0560
vn 0.8446 0.5325 -0.0560
vn 0.8446 0.5325 -0.0560
vn 0.8446 0.5325 -0.0560
vn 0.8446 0.5325 -0.0560
vn -0.2756 0.8523 -0.4446
vn -0.2756 0.8523 -0.4446
vn -0.2756 0.8523 -0.4446
vn -0.2756 0.8523 -0.4446
vn -0.2756 0.8523 -0.4446
vn -0.2756 0.8523 -0.4446
vn -0.4824 0.8233 0.2990
vn -0.4824 0.8233 0.2990
vn -0.4824 0.8233 0.2990
vn -0.4824 0.8233 0.2990
vn -0.4824 0.8233 0.2990
vn -0.4824 0.8233 0.2990
vn 0.8489 0.5286 0.0015
vn 0.8489 0.5286 0.0015
vn 0.8489 0.5286 0.0015
vn 0.8489 0.5286 0.0015
vn 0.8489 0.5286 0.0015
vn 0.8489 0.5286 0.0015
vn 0.0011 0.7911 -0.6117
vn 0.0011 0.7911 -0.6117
vn 0.0011 0.7911 -0.6117
vn 0.0011 0.7911 -0.6117
vn 0.0011 0.7911 -0.6117
vn 0.0011 0.7911 -0.6117
vn -0.7751 0.5803 -0.2499
vn -0.7751 0.5803 -0.2499
vn -0.7751 0.5803 -0.2499
vn -0.7751 0.5803 -0.2499
vn -0.7751 0.5803 -0.2499
vn -0.7751 0.5803 -0.2499
vn -0.2041 0.7467 0.6331
vn -0.2041 0.7467 0.6331
vn -0.2041 0.7467 0.6331
vn -0.2041 0.7467 0.6331
vn -0.2041 0.7467 0.6331
vn -0.2041 0.7467 0.6331
vn 0.6320 0.5904 0.5021
vn 0.6320 0.5904 0.5021
vn 0.6320 0.5904 0.5021
vn 0.6320 0.5904 0.5021
vn 0.6320 0.5904 0.5021
vn 0.6320 0.5904 0.5021
vn 0.5345 0.5115 -0.6728
vn 0.5345 0.5115 -0.6728
vn 0.5345 0.5115 -0.6728
vn 0.5345 0.5115 -0.6728
vn 0.5345 0.5115 -0.6728
vn 0.5345 0.5115 -0.6728
vn -0.4430 0.8890 -0.1159
vn -0.4430 0.8890 -0.1159
vn -0.4430 0.8890 -0.1159
vn -0.4430 0.8890 -0.1159
vn -0.4430 0.8890 -0.1159
vn -0.4430 0.8890 -0.1159
vn -0.1249 0.8699 0.4772
vn -0.1249 0.8699 0.4772
vn -0.1249 0.8699 0.4772
vn -0.1249 0.8699 0.4772
vn -0.1249 0.8699 0.4772
vn -0.1249 0.8699 0.4772
vn 0.7580 0.5981 0.2602
vn 0.7580 0.5981 0.2602
vn 0.7580 0.5981 0.2602
vn 0.7580 0.5981 0.2602
vn 0.7580 0.5981 0.2602
vn 0.7580 0.5981 0.2602
vn 0.1600 0.8702 -0.4660
vn 0.1600 0.8702 -0.4660
vn 0.1600 0.8702 -0.4660
vn 0.1600 0.8702 -0.4660
vn 0.1600 0.8702 -0.4660
vn 0.1600 0.8702 -0.4660
vn -0.3532 0.5498 -0.7569
vn -0.3532 0.5498 -0.7569
vn -0.3532 0.5498 -0.7569
vn -0.3532 0.5498 -0.7569
vn -0.3532 0.5498 -0.7569
vn -0.3532 0.5498 -0.7569
vn -0.7320 0.5894 0.3416
vn -0.7320 0.5894 0.3416
vn -0.7320 0.5894 0.3416
vn -0.7320 0.5894 0.3416
vn -0.7320 0.5894 0.3416
vn -0.7320 0.5894 0.3416
vn -0.3267 0.7960 0.5095
vn -0.3267 0.7960 0.5095
vn -0.3267 0.7960 0.5095
vn -0.3267 0.7960 0.5095
vn -0.3267 0.7960 0.5095
vn -0.3267 0.7960 0.5095
vn 0.6207 0.6755 0.3981
vn 0.6207 0.6755 0.3981
vn 0.6207 0.6755 0.3981
vn 0.6207 0.6755 0.3981
vn 0.6207 0.6755 0.3981
vn 0.6207 0.6755 0.3981
vn 0.0331 0.5575 -0.8295
vn 0.0331 0.5575 -0.8295
vn 0.0331 0.5575 -0.8295
vn 0.0331 0.5575 -0.8295
vn 0.0331 0.5575 -0.8295
vn 0.0331 0.5575 -0.8295
vn -0.6279 0.7779 -0.0250
vn -0.6279 0.7779 -0.0250
vn -0.6279 0.7779 -0.0250
vn -0.6279 0.7779 -0.0250
vn -0.6279 0.7779 -0.0250
vn -0.6279 0.7779 -0.0250
vn 0.3503 0.8803 -0.3198
vn 0.3503 0.8803 -0.3198
vn 0.3503 0.8803 -0.3198
vn 0.3503 0.8803 -0.3198
vn 0.3503 0.8803 -0.3198
vn 0.3503 0.8803 -0.3198
vn -0.4722 0.7138 -0.5172
vn -0.4722 0.7138 -0.5172
vn -0.4722 0.7138 -0.5172
vn -0.4722 0.7138 -0.5172
vn -0.4722 0.7138 -0.5172
vn -0.4722 0.7138 -0.5172
vn 0.0781 0.7996 0.5955
vn 0.0781 0.7996 0.5955
vn 0.0781 0.7996 0.5955
vn 0.0781 0.7996 0.5955
vn 0.0781 0.7996 0.5955
vn 0.0781 0.7996 0.5955
vn 0.4620 0.8848 -0.0606
vn 0.4620 0.8848 -0.0606
vn 0.4620 0.8848 -0.0606
vn 0.4620 0.8848 -0.0606
vn 0.4620 0.8848 -0.0606
vn 0.4620 0.8848 -0.0606
vn -0.1054 0.9300 0.3521
vn -0.1054 0.9300 0.3521
vn -0.1054 0.9300 0.3521
vn -0.1054 0.9300 0.3521
vn -0.1054 0.9300 0.3521
vn -0.1054 0.9300 0.3521
vn 0.7366 0.6393 0.2205
vn 0.7366 0.6393 0.2205
vn 0.7366 0.6393 0.2205
vn 0.7366 0.6393 0.2205
vn 0.7366 0.6393 0.2205
vn 0.7366 0.6393 0.2205
vn -0.4451 0.8913 -0.0861
vn -0.4451 0.8913 -0.0861
vn -0.4451 0.8913 -0.0861
vn -0.4451 0.8913 -0.0861
vn -0.4451 0.8913 -0.0861
vn -0.4451 0.8913 -0.0861
vn -0.1479 0.6276 0.7643
vn -0.1479 0.6276 0.7643
vn -0.1479 0.6276 0.7643
vn -0.1479 0.6276 0.7643
vn -0.1479 0.6276 0.7643
vn -0.1479 0.6276 0.7643
vn -0.1319 0.9079 0.3980
vn -0.1319 0.9079 0.3980
vn -0.1319 0.9079 0.3980
vn -0.1319 0.9079 0.3980
vn -0.1319 0.9079 0.3980
vn -0.1319 0.9079 0.3980
vn 0.8090 0.5231 0.2680
vn 0.8090 0.5231 0.2680
vn 0.8090 0.5231 0.2680
vn 0.8090 0.5231 0.2680
vn 0.8090 0.5231 0.2680
vn 0.8090 0.5231 0.2680
vn 0.2598 0.5981 0.7581
vn 0.2598 0.5981 0.7581
vn 0.2598 0.5981 0.7581
vn 0.2598 0.5981 0.7581
vn 0.2598 0.5981 0.7581
vn 0.2598 0.5981 0.7581
vn 0.7345 0.6303 -0.2517
vn 0.7345 0.6303 -0.2517
vn 0.7345 0.6303 -0.2517
vn 0.7345 0.6303 -0.2517
vn 0.7345 0.6303 -0.2517
vn 0.7345 0.6303 -0.2517
vn -0.4446 0.8715 -0.2069
vn -0.4446 0.8715 -0.2069
vn -0.4446 0.8715 -0.2069
vn -0.4446 0.8715 -0.2069
vn -0.4446 0.8715 -0.2069
vn -0.4446 0.8715 -0.2069
vn -0.3617 0.5148 0.7772
vn -0.3617 0.5148 0.7772
vn -0.3617 0.5148 0.7772
vn -0.3617 0.5148 0.7772
vn -0.3617 0.5148 0.7772
vn -0.3617 0.5148 0.7772
vn 0.3659 0.7799 -0.5078
vn 0.3659 0.7799 -0.5078
vn 0.3659 0.7799 -0.5078
vn 0.3659 0.7799 -0.5078
vn 0.3659 0.7799 -0.5078
vn 0.3659 0.7799 -0.5078
vn -0.3184 0.9198 -0.2294
vn -0.3184 0.9198 -0.2294
vn -0.3184 0.9198 -0.2294
vn -0.3184 0.9198 -0.2294
vn -0.3184 0.9198 -0.2294
vn -0.3184 0.9198 -0.2294
vn 0.1318 0.7413 -0.6581
vn 0.1318 0.7413 -0.6581
vn 0.1318 0.7413 -0.6581
vn 0.1318 0.7413 -0.6581
vn 0.1318 0.7413 -0.6581
vn 0.1318 0.7413 -0.6581
vn -0.7508 0.6432 -0.1504
vn -0.7508 0.6432 -0.1504
vn -0.7508 0.6432 -0.1504
vn -0.7508 0.6432 -0.1504
vn -0.7508 0.6432 -0.1504
vn -0.7508 0.6432 -0.1504
vn -0.5836 0.5411 -0.6055
vn -0.5836 0.5411 -0.6055
vn -0.5836 0.5411 -0.6055
vn -0.5836 0.5411 -0.6055
vn -0.5836 0.5411 -0.6055
vn -0.5836 0.5411 -0.6055
vn -0.4889 0.7341 0.4712
vn -0.4889 0.7341 0.4712
vn -0.4889 0.7341 0.4712
vn -0.4889 0.7341 0.4712
vn -0.4889 0.7341 0.4712
vn -0.4889 0.7341 0.4712
vn 0.7193 0.6442 0.2598
vn 0.7193 0.6442 0.2598
vn 0.7193 0.6442 0.2598
vn 0.7193 0.6442 0.2598
vn 0.7193 0.6442 0.2598
vn 0.7193 0.6442 0.2598
vn 0.2918 0.5121 -0.8079
vn 0.2918 0.5121 -0.8079
vn 0.2918 0.5121 -0.8079
vn 0.2918 0.5121 -0.8079
vn 0.2918 0.5121 -0.8079
vn 0.2918 0.5121 -0.8079
vn -0.3429 0.8675 0.3605
vn -0.3429 0.8675 0.3605
vn -0.3429 0.8675 0.3605
vn -0.3429 0.8675 0.3605
vn -0.3429 0.8675 0.3605
vn -0.3429 0.8675 0.3605
vn 0.5926 0.5755 0.5636
vn 0.5926 0.5755 0.5636
vn 0.5926 0.5755 0.5636
vn 0.5926 0.5755 0.5636
vn 0.5926 0.5755 0.5636
vn 0.5926 0.5755 0.5636
vn -0.4502 0.6399 0.6228
vn -0.4502 0.6399 0.6228
vn -0.4502 0.6399 0.6228
vn -0.4502 0.6399 0.6228
vn -0.4502 0.6399 0.6228
vn -0.4502 0.6399 0.6228
vn 0.6406 0.6125 0.4631
vn 0.6406 0.6125 0.4631
vn 0.6406 0.6125 0.4631
vn 0.6406 0.6125 0.4631
vn 0.6406 0.6125 0.4631
vn 0.6406 0.6125 0.4631
vn 0.1090 0.8769 0.4682
vn 0.1090 0.8769 0.4682
vn 0.1090 0.8769 0.4682
vn 0.1090 0.8769 0.4682
vn 0.1090 0.8769 0.4682
vn 0.1090 0.8769 0.4682
vn 0.7862 0.5902 -0.1831
vn 0.7862 0.5902 -0.1831
vn 0.7862 0.5902 -0.1831
vn 0.7862 0.5902 -0.1831
vn 0.7862 0.5902 -0.1831
vn 0.7862 0.5902 -0.1831
vn -0.5587 0.5117 -0.6527
vn -0.5587 0.5117 -0.6527
vn -0.5587 0.5117 -0.6527
vn -0.5587 0.5117 -0.6527
vn -0.5587 0.5117 -0.6527
vn -0.5587 0.5117 -0.6527
vn -0.3714 0.8723 0.3180
vn -0.3714 0.8723 0.3180
vn -0.3714 0.8723 0.3180
vn -0.3714 0.8723 0.3180
vn -0.3714 0.8723 0.3180
vn -0.3714 0.8723 0.3180
vn 0.6419 0.7570 -0.1224
vn 0.6419 0.7570 -0.1224
vn 0.6419 0.7570 -0.1224
vn 0.6419 0.7570 -0.1224
vn 0.6419 0.7570 -0.1224
vn 0.6419 0.7570 -0.1224
vn -0.1302 0.7186 -0.6831
vn -0.1302 0.7186 -0.6831
vn -0.1302 0.7186 -0.6831
vn -0.1302 0.7186 -0.6831
vn -0.1302 0.7186 -0.6831
vn -0.1302 0.7186 -0.6831
vn -0.0201 0.7386 -0.6738
vn -0.0201 0.7386 -0.6738
vn -0.0201 0.7386 -0.6738
vn -0.0201 0.7386 -0.6738
vn -0.0201 0.7386 -0.6738
vn -0.0201 0.7386 -0.6738
vn -0.3550 0.9348 0.0106
vn -0.3550 0.9348 0.0106
vn -0.3550 0.9348 0.0106
vn -0.3550 0.9348 0.0106
vn -0.3550 0.9348 0.0106
vn -0.3550 0.9348 0.0106
vn -0.2038 0.6909 0.6937
vn -0.2038 0.6909 0.6937
vn -0.2038 0.6909 0.6937
vn -0.2038 0.6909 0.6937
vn -0.2038 0.6909 0.6937
vn -0.2038 0.6909 0.6937
vn 0.7313 0.6473 0.2149
vn 0.7313 0.6473 0.2149
vn 0.7313 0.6473 0.2149
vn 0.7313 0.6473 0.2149
vn 0.7313 0.6473 0.2149
vn 0.7313 0.6473 0.2149
vn 0.1623 0.9293 0.3319
vn 0.1623 0.9293 0.3319
vn 0.1623 0.9293 0.3319
vn 0.1623 0.9293 0.3319
vn 0.1623 0.9293 0.3319
vn 0.1623 0.9293 0.3319
vn 0.5301 0.8073 -0.2592
vn 0.5301 0.8073 -0.2592
vn 0.5301 0.8073 -0.2592
vn 0.5301 0.8073 -0.2592
vn 0.5301 0.8073 -0.2592
vn 0.5301 0.8073 -0.2592
vn 0.2365 0.8899 -0.3901
vn 0.2365 0.8899 -0.3901
vn 0.2365 0.8899 -0.3901
vn 0.2365 0.8899 -0.3901
vn 0.2365 0.8899 -0.3901
vn 0.2365 0.8899 -0.3901
vn -0.5464 0.7692 -0.3313
vn -0.5464 0.7692 -0.3313
vn -0.5464 0.7692 -0.3313
vn -0.5464 0.7692 -0.3313
vn -0.5464 0.7692 -0.3313
vn -0.5464 0.7692 -0.3313
vn -0.5584 0.8294 -0.0172
vn -0.5584 0.8294 -0.0172
vn -0.5584 0.8294 -0.0172
vn -0.5584 0.8294 -0.0172
vn -0.5584 0.8294 -0.0172
vn -0.5584 0.8294 -0.0172
vn -0.0149 0.8744 0.4850
vn -0.0149 0.8744 0.4850
vn -0.0149 0.8744 0.4850
vn -0.0149 0.8744 0.4850
vn -0.0149 0.8744 0.4850
vn -0.0149 0.8744 0.4850
vn 0.1552 0.8497 0.5040
vn 0.1552 0.8497 0.5040
vn 0.1552 0.8497 0.5040
vn 0.1552 0.8497 0.5040
vn 0.1552 0.8497 0.5040
vn 0.1552 0.8497 0.5040
vn 0.8199 0.5138 -0.2524
vn 0.8199 0.5138 -0.2524
vn 0.8199 0.5138 -0.2524
vn 0.8199 0.5138 -0.2524
vn 0.8199 0.5138 -0.2524
vn 0.8199 0.5138 -0.2524
vn 0.5277 0.6525 0.5438
vn 0.5277 0.6525 0.5438
vn 0.5277 0.6525 0.5438
vn 0.5277 0.6525 0.5438
vn 0.5277 0.6525 0.5438
vn 0.5277 0.6525 0.5438
vn 0.4552 0.7731 -0.4417
vn 0.4552 0.7731 -0.4417
vn 0.4552 0.7731 -0.4417
vn 0.4552 0.7731 -0.4417
vn 0.4552 0.7731 -0.4417
vn 0.4552 0.7731 -0.4417
vn -0.5900 0.6237 -0.5128
vn -0.5900 0.6237 -0.5128
vn -0.5900 0.6237 -0.5128
vn -0.5900 0.6237 -0.5128
vn -0.5900 0.6237 -0.5128
vn -0.5900 0.6237 -0.5128
vn -0.4689 0.6993 0.5396
vn -0.4689 0.6993 0.5396
vn -0.4689 0.6993 0.5396
vn -0.4689 0.6993 0.5396
vn -0.4689 0.6993 0.5396
vn -0.4689 0.6993 0.5396
vn 0.3117 0.8782 0.3627
vn 0.3117 0.8782 0.3627
vn 0.3117 0.8782 0.3627
vn 0.3117 0.8782 0.3627
vn 0.3117 0.8782 0.3627
vn 0.3117 0.8782 0.3627
vn 0.4293 0.8244 -0.3690
vn 0.4293 0.8244 -0.3690
vn 0.4293 0.8244 -0.3690
vn 0.4293 0.8244 -0.3690
vn 0.4293 0.8244 -0.3690
vn 0.4293 0.8244 -0.3690
vn 0.6117 0.5298 0.5875
vn 0.6117 0.5298 0.5875
vn 0.6117 0.5298 0.5875
vn 0.6117 0.5298 0.5875
vn 0.6117 0.5298 0.5875
vn 0.6117 0.5298 0.5875
vn 0.3425 0.8692 -0.3566
vn 0.3425 0.8692 -0.3566
vn 0.3425 0.8692 -0.3566
vn 0.3425 0.8692 -0.3566
vn 0.3425 0.8692 -0.3566
vn 0.3425 0.8692 -0.3566
vn 0.1804 0.5953 0.7830
vn 0.1804 0.5953 0.7830
vn 0.1804 0.5953 0.7830
vn 0.1804 0.5953 0.7830
vn 0.1804 0.5953 0.7830
vn 0.1804 0.5953 0.7830
vn 0.6060 0.7831 -0.1396
vn 0.6060 0.7831 -0.1396
vn 0.6060 0.7831 -0.1396
vn 0.6060 0.7831 -0.1396
vn 0.6060 0.7831 -0.1396
vn 0.6060 0.7831 -0.1396
vn 0.2786 0.5199 -0.8076
vn 0.2786 0.5199 -0.8076
vn 0.2786 0.5199 -0.8076
vn 0.2786 0.5199 -0.8076
vn 0.2786 0.5199 -0.8076
vn 0.2786 0.5199 -0.8076
vn -0.7310 0.6341 -0.2522
vn -0.7310 0.6341 -0.2522
vn -0.7310 0.6341 -0.2522
vn -0.7310 0.6341 -0.2522
vn -0.7310 0.6341 -0.2522
vn -0.7310 0.6341 -0.2522
vn 0.5076 0.7042 -0.4965
vn 0.5076 0.7042 -0.4965
vn 0.5076 0.7042 -0.4965
vn 0.5076 0.7042 -0.4965
vn 0.5076 0.7042 -0.4965
vn 0.5076 0.7042 -0.4965
vn -0.3429 0.8715 -0.3505
vn -0.3429 0.8715 -0.3505
vn -0.3429 0.8715 -0.3505
vn -0.3429 0.8715 -0.3505
vn -0.3429 0.8715 -0.3505
vn -0.3429 0.8715 -0.3505
vn -0.1509 0.5890 0.7939
vn -0.1509 0.5890 0.7939
vn -0.1509 0.5890 0.7939
vn -0.1509 0.5890 0.7939
vn -0.1509 0.5890 0.7939
vn -0.1509 0.5890 0.7939
vn 0.3732 0.9250 0.0710
vn 0.3732 0.9250 0.0710
vn 0.3732 0.9250 0.0710
vn 0.3732 0.9250 0.0710
vn 0.3732 0.9250 0.0710
vn 0.3732 0.9250 0.0710
vn -0.5327 0.7866 0.3123
vn -0.5327 0.7866 0.3123
vn -0.5327 0.7866 0.3123
vn -0.5327 0.7866 0.3123
vn -0.5327 0.7866 0.3123
vn -0.5327 0.7866 0.3123
vn 0.3467 0.7282 0.5912
vn 0.3467 0.7282 0.5912
vn 0.3467 0.7282 0.5912
vn 0.3467 0.7282 0.5912
vn 0.3467 0.7282 0.5912
vn 0.3467 0.7282 0.5912
vn -0.1651 0.8709 -0.4628
vn -0.1651 0.8709 -0.4628
vn -0.1651 0.8709 -0.4628
vn -0.1651 0.8709 -0.4628
vn -0.1651 0.8709 -0.4628
vn -0.1651 0.8709 -0.4628
vn -0.6419 0.7318 0.2290
vn -0.6419 0.7318 0.2290
vn -0.6419 0.7318 0.2290
vn -0.6419 0.7318 0.2290
vn -0.6419 0.7318 0.2290
vn -0.6419 0.7318 0.2290
vn -0.7903 0.6078 -0.0781
vn -0.7903 0.6078 -0.0781
vn -0.7903 0.6078 -0.0781
vn -0.7903 0.6078 -0.0781
vn -0.7903 0.6078 -0.0781
vn -0.7903 0.6078 -0.0781
vn -0.0434 0.8971 0.4398
vn -0.0434 0.8971 0.4398
vn -0.0434 0.8971 0.4398
vn -0.0434 0.8971 0.4398
vn -0.0434 0.8971 0.4398
vn -0.0434 0.8971 0.4398
vn -0.5189 0.7934 -0.3181
vn -0.5189 0.7934 -0.3181
vn -0.5189 0.7934 -0.3181
vn -0.5189 0.7934 -0.3181
vn -0.5189 0.7934 -0.3181
vn -0.5189 0.7934 -0.3181
vn -0.2026 0.9218 0.3306
vn -0.2026 0.9218 0.3306
vn -0.2026 0.9218 0.3306
vn -0.2026 0.9218 0.3306
vn -0.2026 0.9218 0.3306
vn -0.2026 0.9218 0.3306
vn 0.4116 0.8879 -0.2053
vn 0.4116 0.8879 -0.2053
vn 0.4116 0.8879 -0.2053
vn 0.4116 0.8879 -0.2053
vn 0.4116 0.8879 -0.2053
vn 0.4116 0.8879 -0.2053
vn -0.3785 0.5302 -0.7587
vn -0.3785 0.5302 -0.7587
vn -0.3785 0.5302 -0.7587
vn -0.3785 0.5302 -0.7587
vn -0.3785 0.5302 -0.7587
vn -0.3785 0.5302 -0.7587
vn 0.1544 0.5190 -0.8407
vn 0.1544 0.5190 -0.8407
vn 0.1544 0.5190 -0.8407
vn 0.1544 0.5190 -0.8407
vn 0.1544 0.5190 -0.8407
vn 0.1544 0.5190 -0.8407
vn -0.6739 0.7284 -0.1237
vn -0.6739 0.7284 -0.1237
vn -0.6739 0.7284 -0.1237
vn -0.6739 0.7284 -0.1237
vn -0.6739 0.7284 -0.1237
vn -0.6739 0.7284 -0.1237
vn 0.0805 0.8666 -0.4925
vn 0.0805 0.8666 -0.4925
vn 0.0805 0.8666 -0.4925
vn 0.0805 0.8666 -0.4925
vn 0.0805 0.8666 -0.4925
vn 0.0805 0.8666 -0.4925
vn -0.4003 0.9140 -0.0654
vn -0.4003 0.9140 -0.0654
vn -0.4003 0.9140 -0.0654
vn -0.4003 0.9140 -0.0654
vn -0.4003 0.9140 -0.0654
vn -0.4003 0.9140 -0.0654
vn 0.8135 0.5716 -0.1072
vn 0.8135 0.5716 -0.1072
vn 0.8135 0.5716 -0.1072
vn 0.8135 0.5716 -0.1072
vn 0.8135 0.5716 -0.1072
vn 0.8135 0.5716 -0.1072
vn -0.0916 0.7130 -0.6951
vn -0.0916 0.7130 -0.6951
vn -0.0916 0.7130 -0.6951
vn -0.0916 0.7130 -0.6951
vn -0.0916 0.7130 -0.6951
vn -0.0916 0.7130 -0.6951
vn 0.5988 0.5955 -0.5355
vn 0.5988 0.5955 -0.5355
vn 0.5988 0.5955 -0.5355
vn 0.5988 0.5955 -0.5355
vn 0.5988 0.5955 -0.5355
vn 0.5988 0.5955 -0.5355
vn -0.2855 0.9036 -0.3193
vn -0.2855 0.9036 -0.3193
vn -0.2855 0.9036 -0.3193
vn -0.2855 0.9036 -0.3193
vn -0.2855 0.9036 -0.3193
vn -0.2855 0.9036 -0.3193
vn 0.2205 0.8320 -0.5090
vn 0.2205 0.8320 -0.5090
vn 0.2205 0.8320 -0.5090
vn 0.2205 0.8320 -0.5090
vn 0.2205 0.8320 -0.5090
vn 0.2205 0.8320 -0.5090
vn -0.6499 0.7060 -0.2815
vn -0.6499 0.7060 -0.2815
vn -0.6499 0.7060 -0.2815
vn -0.6499 0.7060 -0.2815
vn -0.6499 0.7060 -0.2815
vn -0.6499 0.7060 -0.2815
vn 0.0595 0.9022 -0.4272
vn 0.0595 0.9022 -0.4272
vn 0.0595 0.9022 -0.4272
vn 0.0595 0.9022 -0.4272
vn 0.0595 0.9022 -0.4272
vn 0.0595 0.9022 -0.4272
vn -0.5171 0.8529 -0.0721
vn -0.5171 0.8529 -0.0721
vn -0.5171 0.8529 -0.0721
vn -0.5171 0.8529 -0.0721
vn -0.5171 0.8529 -0.0721
vn -0.5171 0.8529 -0.0721
vn 0.6484 0.7608 -0.0275
vn 0.6484 0.7608 -0.0275
vn 0.6484 0.7608 -0.0275
vn 0.6484 0.7608 -0.0275
vn 0.6484 0.7608 -0.0275
vn 0.6484 0.7608 -0.0275
vn -0.0315 0.6690 -0.7426
vn -0.0315 0.6690 -0.7426
vn -0.0315 0.6690 -0.7426
vn -0.0315 0.6690 -0.7426
vn -0.0315 0.6690 -0.7426
vn -0.0315 0.6690 -0.7426
vn 0.2891 0.7742 0.5631
vn 0.2891 0.7742 0.5631
vn 0.2891 0.7742 0.5631
vn 0.2891 0.7742 0.5631
vn 0.2891 0.7742 0.5631
vn 0.2891 0.7742 0.5631
vn 0.6172 0.7202 -0.3169
vn 0.6172 0.7202 -0.3169
vn 0.6172 0.7202 -0.3169
vn 0.6172 0.7202 -0.3169
vn 0.6172 0.7202 -0.3169
vn 0.6172 0.7202 -0.3169
vn 0.2473 0.9177 -0.3110
vn 0.2473 0.9177 -0.3110
vn 0.2473 0.9177 -0.3110
vn 0.2473 0.9177 -0.3110
vn 0.2473 0.9177 -0.3110
vn 0.2473 0.9177 -0.3110
vn -0.6371 0.5809 -0.5067
vn -0.6371 0.5809 -0.5067
vn -0.6371 0.5809 -0.5067
vn -0.6371 0.5809 -0.5067
vn -0.6371 0.5809 -0.5067
vn -0.6371 0.5809 -0.5067
vn -0.2309 0.8203 -0.5232
vn -0.2309 0.8203 -0.5232
vn -0.2309 0.8203 -0.5232
vn -0.2309 0.8203 -0.5232
vn -0.2309 0.8203 -0.5232
vn -0.2309 0.8203 -0.5232
vn -0.5570 0.7933 0.2458
vn -0.5570 0.7933 0.2458
vn -0.5570 0.7933 0.2458
vn -0.5570 0.7933 0.2458
vn -0.5570 0.7933 0.2458
vn -0.5570 0.7933 0.2458
vn -0.3810 0.6323 0.6746
vn -0.3810 0.6323 0.6746
vn -0.3810 0.6323 0.6746
vn -0.3810 0.6323 0.6746
vn -0.3810 0.6323 0.6746
vn -0.3810 0.6323 0.6746
vn 0.7212 0.5604 0.4073
vn 0.7212 0.5604 0.4073
vn 0.7212 0.5604 0.4073
vn 0.7212 0.5604 0.4073
vn 0.7212 0.5604 0.4073
vn 0.7212 0.5604 0.4073
vn 0.1401 0.5301 -0.8363
vn 0.1401 0.5301 -0.8363
vn 0.1401 0.5301 -0.8363
vn 0.1401 0.5301 -0.8363
vn 0.1401 0.5301 -0.8363
vn 0.1401 0.5301 -0.8363
vn -0.6689 0.7349 -0.1120
vn -0.6689 0.7349 -0.1120
vn -0.6689 0.7349 -0.1120
vn -0.6689 0.7349 -0.1120
vn -0.6689 0.7349 -0.1120
vn -0.6689 0.7349 -0.1120
vn 0.0309 0.7123 -0.7012
vn 0.0309 0.7123 -0.7012
vn 0.0309 0.7123 -0.7012
vn 0.0309 0.7123 -0.7012
vn 0.0309 0.7123 -0.7012
vn 0.0309 0.7123 -0.7012
vn -0.8032 0.5947 -0.0354
vn -0.8032 0.5947 -0.0354
vn -0.8032 0.5947 -0.0354
vn -0.8032 0.5947 -0.0354
vn -0.8032 0.5947 -0.0354
vn -0.8032 0.5947 -0.0354
vn 0.7376 0.5406 -0.4045
vn 0.7376 0.5406 -0.4045
vn 0.7376 0.5406 -0.4045
vn 0.7376 0.5406 -0.4045
vn 0.7376 0.5406 -0.4045
vn 0.7376 0.5406 -0.4045
vn -0.2050 0.9046 -0.3738
vn -0.2050 0.9046 -0.3738
vn -0.2050 0.9046 -0.3738
vn -0.2050 0.9046 -0.3738
vn -0.2050 0.9046 -0.3738
vn -0.2050 0.9046 -0.3738
vn -0.4063 0.7366 -0.5406
vn -0.4063 0.7366 -0.5406
vn -0.4063 0.7366 -0.5406
vn -0.4063 0.7366 -0.5406
vn -0.4063 0.7366 -0.5406
vn -0.4063 0.7366 -0.5406
vn -0.2926 0.9306 0.2199
vn -0.2926 0.9306 0.2199
vn -0.2926 0.9306 0.2199
vn -0.2926 0.9306 0.2199
vn -0.2926 0.9306 0.2199
vn -0.2926 0.9306 0.2199
vn 0.5063 0.8125 0.2889
vn 0.5063 0.8125 0.2889
vn 0.5063 0.8125 0.2889
vn 0.5063 0.8125 0.2889
vn 0.5063 0.8125 0.2889
vn 0.5063 0.8125 0.2889
vn 0.3096 0.7809 -0.5426
vn 0.3096 0.7809 -0.5426
vn 0.3096 0.7809 -0.5426
vn 0.3096 0.7809 -0.5426
vn 0.3096 0.7809 -0.5426
vn 0.3096 0.7809 -0.5426
vn -0.0916 0.8790 -0.4679
vn -0.0916 0.8790 -0.4679
vn -0.0916 0.8790 -0.4679
vn -0.0916 0.8790 -0.4679
vn -0.0916 0.8790 -0.4679
vn -0.0916 0.8790 -0.4679
vn -0.5975 0.7933 0.1170
vn -0.5975 0.7933 0.1170
vn -0.5975 0.7933 0.1170
vn -0.5975 0.7933 0.1170
vn -0.5975 0.7933 0.1170
vn -0.5975 0.7933 0.1170
vn -0.7439 0.5830 0.3267
vn -0.7439 0.5830 0.3267
vn -0.7439 0.5830 0.3267
vn -0.7439 0.5830 0.3267
vn -0.7439 0.5830 0.3267
vn -0.7439 0.5830 0.3267
vn 0.3224 0.5976 0.7342
vn 0.3224 0.5976 0.7342
vn 0.3224 0.5976 0.7342
vn 0.3224 0.5976 0.7342
vn 0.3224 0.5976 0.7342
vn 0.3224 0.5976 0.7342
vn 0.3228 0.9320 -0.1650
vn 0.3228 0.9320 -0.1650
vn 0.3228 0.9320 -0.1650
vn 0.3228 0.9320 -0.1650
vn 0.3228 0.9320 -0.1650
vn 0.3228 0.9320 -0.1650
vn -0.1594 0.9367 -0.3117
vn -0.1594 0.9367 -0.3117
vn -0.1594 0.9367 -0.3117
vn -0.1594 0.9367 -0.3117
vn -0.1594 0.9367 -0.3117
vn -0.1594 0.9367 -0.3117
vn 0.1801 0.8256 -0.5348
vn 0.1801 0.8256 -0.5348
vn 0.1801 0.8256 -0.5348
vn 0.1801 0.8256 -0.5348
vn 0.1801 0.8256 -0.5348
vn 0.1801 0.8256 -0.5348
vn -0.5777 0.7927 -0.1946
vn -0.5777 0.7927 -0.1946
vn -0.5777 0.7927 -0.1946
vn -0.5777 0.7927 -0.1946
vn -0.5777 0.7927 -0.1946
vn -0.5777 0.7927 -0.1946
vn 0.1926 0.5006 0.8440
vn 0.1926 0.5006 0.8440
vn 0.1926 0.5006 0.8440
vn 0.1926 0.5006 0.8440
vn 0.1926 0.5006 0.8440
vn 0.1926 0.5006 0.8440
vn 0.7624 0.6233 -0.1740
vn 0.7624 0.6233 -0.1740
vn 0.7624 0.6233 -0.1740
vn 0.7624 0.6233 -0.1740
vn 0.7624 0.6233 -0.1740
vn 0.7624 0.6233 -0.1740
vn 0.3027 0.7177 0.6272
vn 0.3027 0.7177 0.6272
vn 0.3027 0.7177 0.6272
vn 0.3027 0.7177 0.6272
vn 0.3027 0.7177 0.6272
vn 0.3027 0.7177 0.6272
vn 0.5743 0.7703 -0.2772
vn 0.5743 0.7703 -0.2772
vn 0.5743 0.7703 -0.2772
vn 0.5743 0.7703 -0.2772
vn 0.5743 0.7703 -0.2772
vn 0.5743 0.7703 -0.2772
vn -0.4536 0.7789 0.4330
vn -0.4536 0.7789 0.4330
vn -0.4536 0.7789 0.4330
vn -0.4536 0.7789 0.4330
vn -0.4536 0.7789 0.4330
vn -0.4536 0.7789 0.4330
vn 0.3876 0.8276 0.4060
vn 0.3876 0.8276 0.4060
vn 0.3876 0.8276 0.4060
vn 0.3876 0.8276 0.4060
vn 0.3876 0.8276 0.4060
vn 0.3876 0.8276 0.4060
vn 0.0276 0.8658 0.4996
vn 0.0276 0.8658 0.4996
vn 0.0276 0.8658 0.4996
vn 0.0276 0.8658 0.4996
vn 0.0276 0.8658 0.4996
vn 0.0276 0.8658 0.4996
vn 0.4817 0.8759 -0.0266
vn 0.4817 0.8759 -0.0266
vn 0.4817 0.8759 -0.0266
vn 0.4817 0.8759 -0.0266
vn 0.4817 0.8759 -0.0266
vn 0.4817 0.8759 -0.0266
vn 0.3710 0.6565 0.6568
vn 0.3710 0.6565 0.6568
vn 0.3710 0.6565 0.6568
vn 0.3710 0.6565 0.6568
vn 0.3710 0.6565 0.6568
vn 0.3710 0.6565 0.6568
vn 0.5355 0.7885 -0.3025
vn 0.5355 0.7885 -0.3025
vn 0.5355 0.7885 -0.3025
vn 0.5355 0.7885 -0.3025
vn 0.5355 0.7885 -0.3025
vn 0.5355 0.7885 -0.3025
vn 0.1639 0.6505 -0.7416
vn 0.1639 0.6505 -0.7416
vn 0.1639 0.6505 -0.7416
vn 0.1639 0.6505 -0.7416
vn 0.1639 0.6505 -0.7416
vn 0.1639 0.6505 -0.7416
vn -0.7525 0.6372 -0.1663
vn -0.7525 0.6372 -0.1663
vn -0.7525 0.6372 -0.1663
vn -0.7525 0.6372 -0.1663
vn -0.7525 0.6372 -0.1663
vn -0.7525 0.6372 -0.1663
vn 0.2240 0.9134 -0.3399
vn 0.2240 0.9134 -0.3399
vn 0.2240 0.9134 -0.3399
vn 0.2240 0.9134 -0.3399
vn 0.2240 0.9134 -0.3399
vn 0.2240 0.9134 -0.3399
vn -0.4881 0.8113 -0.3217
vn -0.4881 0.8113 -0.3217
vn -0.4881 0.8113 -0.3217
vn -0.4881 0.8113 -0.3217
vn -0.4881 0.8113 -0.3217
vn -0.4881 0.8113 -0.3217
vn 0.3744 0.9188 -0.1247
vn 0.3744 0.9188 -0.1247
vn 0.3744 0.9188 -0.1247
vn 0.3744 0.9188 -0.1247
vn 0.3744 0.9188 -0.1247
vn 0.3744 0.9188 -0.1247
vn -0.1917 0.7949 -0.5756
vn -0.1917 0.7949 -0.5756
vn -0.1917 0.7949 -0.5756
vn -0.1917 0.7949 -0.5756
vn -0.1917 0.7949 -0.5756
vn -0.1917 0.7949 -0.5756
vn 0.1373 0.7074 0.6933
vn 0.1373 0.7074 0.6933
vn 0.1373 0.7074 0.6933
vn 0.1373 0.7074 0.6933
vn 0.1373 0.7074 0.6933
vn 0.1373 0.7074 0.6933
vn 0.4446 0.8914 -0.0881
vn 0.4446 0.8914 -0.0881
vn 0.4446 0.8914 -0.0881
vn 0.4446 0.8914 -0.0881
vn 0.4446 0.8914 -0.0881
vn 0.4446 0.8914 -0.0881
vn 0.1314 0.5412 -0.8306
vn 0.1314 0.5412 -0.8306
vn 0.1314 0.5412 -0.8306
vn 0.1314 0.5412 -0.8306
vn 0.1314 0.5412 -0.8306
vn 0.1314 0.5412 -0.8306
vn -0.6159 0.7818 -0.0975
vn -0.6159 0.7818 -0.0975
vn -0.6159 0.7818 -0.0975
vn -0.6159 0.7818 -0.0975
vn -0.6159 0.7818 -0.0975
vn -0.6159 0.7818 -0.0975
vn -0.4315 0.7747 0.4622
vn -0.4315 0.7747 0.4622
vn -0.4315 0.7747 0.4622
vn -0.4315 0.7747 0.4622
vn -0.4315 0.7747 0.4622
vn -0.4315 0.7747 0.4622
vn 0.3316 0.8912 0.3095
vn 0.3316 0.8912 0.3095
vn 0.3316 0.8912 0.3095
vn 0.3316 0.8912 0.3095
vn 0.3316 0.8912 0.3095
vn 0.3316 0.8912 0.3095
vn 0.4063 0.9136 -0.0179
vn 0.4063 0.9136 -0.0179
vn 0.4063 0.9136 -0.0179
vn 0.4063 0.9136 -0.0179
vn 0.4063 0.9136 -0.0179
vn 0.4063 0.9136 -0.0179
vn -0.0158 0.9332 -0.3589
vn -0.0158 0.9332 -0.3589
vn -0.0158 0.9332 -0.3589
vn -0.0158 0.9332 -0.3589
vn -0.0158 0.9332 -0.3589
vn -0.0158 0.9332 -0.3589
vn 0.3629 0.9229 0.1290
vn 0.3629 0.9229 0.1290
vn 0.3629 0.9229 0.1290
vn 0.3629 0.9229 0.1290
vn 0.3629 0.9229 0.1290
vn 0.3629 0.9229 0.1290
vn 0.2495 0.6675 -0.7016
vn 0.2495 0.6675 -0.7016
vn 0.2495 0.6675 -0.7016
vn 0.2495 0.6675 -0.7016
vn 0.2495 0.6675 -0.7016
vn 0.2495 0.6675 -0.7016
vn 0.6431 0.7457 0.1740
vn 0.6431 0.7457 0.1740
vn 0.6431 0.7457 0.1740
vn 0.6431 0.7457 0.1740
vn 0.6431 0.7457 0.1740
vn 0.6431 0.7457 0.1740
vn 0.1130 0.9015 -0.4177
vn 0.1130 0.9015 -0.4177
vn 0.1130 0.9015 -0.4177
vn 0.1130 0.9015 -0.4177
vn 0.1130 0.9015 -0.4177
vn 0.1130 0.9015 -0.4177
vn 0.1217 0.9267 -0.3555
vn 0.1217 0.9267 -0.3555
vn 0.1217 0.9267 -0.3555
vn 0.1217 0.9267 -0.3555
vn 0.1217 0.9267 -0.3555
vn 0.1217 0.9267 -0.3555
vn -0.6491 0.7275 -0.2223
vn -0.6491 0.7275 -0.2223
vn -0.6491 0.7275 -0.2223
vn -0.6491 0.7275 -0.2223
vn -0.6491 0.7275 -0.2223
vn -0.6491 0.7275 -0.2223
vn 0.3448 0.9356 0.0756
vn 0.3448 0.9356 0.0756
vn 0.3448 0.9356 0.0756
vn 0.3448 0.9356 0.0756
vn 0.3448 0.9356 0.0756
vn 0.3448 0.9356 0.0756
vn 0.0767 0.9337 -0.3498
vn 0.0767 0.9337 -0.3498
vn 0.0767 0.9337 -0.3498
vn 0.0767 0.9337 -0.3498
vn 0.0767 0.9337 -0.3498
vn 0.0767 0.9337 -0.3498
vn -0.7685 0.6010 0.2197
vn -0.7685 0.6010 0.2197
vn -0.7685 0.6010 0.2197
vn -0.7685 0.6010 0.2197
vn -0.7685 0.6010 0.2197
vn -0.7685 0.6010 0.2197
vn 0.1250 0.8906 0.4372
vn 0.1250 0.8906 0.4372
vn 0.1250 0.8906 0.4372
vn 0.1250 0.8906 0.4372
vn 0.1250 0.8906 0.4372
vn 0.1250 0.8906 0.4372
vn -0.0556 0.8514 -0.5216
vn -0.0556 0.8514 -0.5216
vn -0.0556 0.8514 -0.5216
vn -0.0556 0.8514 -0.5216
vn -0.0556 0.8514 -0.5216
vn -0.0556 0.8514 -0.5216
vn -0.3641 0.9306 0.0388
vn -0.3641 0.9306 0.0388
vn -0.3641 0.9306 0.0388
vn -0.3641 0.9306 0.0388
vn -0.3641 0.9306 0.0388
vn -0.3641 0.9306 0.0388
vn -0.3608 0.9093 -0.2074
vn -0.3608 0.9093 -0.2074
vn -0.3608 0.9093 -0.2074
vn -0.3608 0.9093 -0.2074
vn -0.3608 0.9093 -0.2074
vn -0.3608 0.9093 -0.2074
vn -0.2043 0.9121 0.3554
vn -0.2043 0.9121 0.3554
vn -0.2043 0.9121 0.3554
vn -0.2043 0.9121 0.3554
vn -0.2043 0.9121 0.3554
vn -0.2043 0.9121 0.3554
vn 0.2566 0.6480 0.7171
vn 0.2566 0.6480 0.7171
vn 0.2566 0.6480 0.7171
vn 0.2566 0.6480 0.7171
vn 0.2566 0.6480 0.7171
vn 0.2566 0.6480 0.7171
vn 0.5218 0.8324 -0.1867
vn 0.5218 0.8324 -0.1867
vn 0.5218 0.8324 -0.1867
vn 0.5218 0.8324 -0.1867
vn 0.5218 0.8324 -0.1867
vn 0.5218 0.8324 -0.1867
vn -0.3024 0.9389 0.1641
vn -0.3024 0.9389 0.1641
vn -0.3024 0.9389 0.1641
vn -0.3024 0.9389 0.1641
vn -0.3024 0.9389 0.1641
vn -0.3024 0.9389 0.1641
vn 0.3140 0.7527 0.5787
vn 0.3140 0.7527 0.5787
vn 0.3140 0.7527 0.5787
vn 0.3140 0.7527 0.5787
vn 0.3140 0.7527 0.5787
vn 0.3140 0.7527 0.5787
vn 0.0404 0.9039 -0.4257
vn 0.0404 0.9039 -0.4257
vn 0.0404 0.9039 -0.4257
vn 0.0404 0.9039 -0.4257
vn 0.0404 0.9039 -0.4257
vn 0.0404 0.9039 -0.4257
vn -0.4572 0.8883 -0.0433
vn -0.4572 0.8883 -0.0433
vn -0.4572 0.8883 -0.0433
vn -0.4572 0.8883 -0.0433
vn -0.4572 0.8883 -0.0433
vn -0.4572 0.8883 -0.0433
vn -0.1660 0.9075 -0.3859
vn -0.1660 0.9075 -0.3859
vn -0.1660 0.9075 -0.3859
vn -0.1660 0.9075 -0.3859
vn -0.1660 0.9075 -0.3859
vn -0.1660 0.9075 -0.3859
vn -0.6467 0.7102 0.2781
vn -0.6467 0.7102 0.2781
vn -0.6467 0.7102 0.2781
vn -0.6467 0.7102 0.2781
vn -0.6467 0.7102 0.2781
vn -0.6467 0.7102 0.2781
vn -0.2410 0.9395 0.2433
vn -0.2410 0.9395 0.2433
vn -0.2410 0.9395 0.2433
vn -0.2410 0.9395 0.2433
vn -0.2410 0.9395 0.2433
vn -0.2410 0.9395 0.2433
vn 0.4782 0.7395 0.4738
vn 0.4782 0.7395 0.4738
vn 0.4782 0.7395 0.4738
vn 0.4782 0.7395 0.4738
vn 0.4782 0.7395 0.4738
vn 0.4782 0.7395 0.4738
vn 0.3498 0.9305 -0.1087
vn 0.3498 0.9305 -0.1087
vn 0.3498 0.9305 -0.1087
vn 0.3498 0.9305 -0.1087
vn 0.3498 0.9305 -0.1087
vn 0.3498 0.9305 -0.1087
vn -0.1281 0.9022 -0.4120
vn -0.1281 0.9022 -0.4120
vn -0.1281 0.9022 -0.4120
vn -0.1281 0.9022 -0.4120
vn -0.1281 0.9022 -0.4120
vn -0.1281 0.9022 -0.4120
vn 0.1239 0.5240 -0.8427
vn 0.1239 0.5240 -0.8427
vn 0.1239 0.5240 -0.8427
vn 0.1239 0.5240 -0.8427
vn 0.1239 0.5240 -0.8427
vn 0.1239 0.5240 -0.8427
vn -0.6687 0.7370 -0.0983
vn -0.6687 0.7370 -0.0983
vn -0.6687 0.7370 -0.0983
vn -0.6687 0.7370 -0.0983
vn -0.6687 0.7370 -0.0983
vn -0.6687 0.7370 -0.0983
vn 0.6855 0.5631 -0.4615
vn 0.6855 0.5631 -0.4615
vn 0.6855 0.5631 -0.4615
vn 0.6855 0.5631 -0.4615
vn 0.6855 0.5631 -0.4615
vn 0.6855 0.5631 -0.4615
vn -0.4757 0.5238 -0.7066
vn -0.4757 0.5238 -0.7066
vn -0.4757 0.5238 -0.7066
vn -0.4757 0.5238 -0.7066
vn -0.4757 0.5238 -0.7066
vn -0.4757 0.5238 -0.7066
vn 0.3419 0.8679 0.3604
vn 0.3419 0.8679 0.3604
vn 0.3419 0.8679 0.3604
vn 0.3419 0.8679 0.3604
vn 0.3419 0.8679 0.3604
vn 0.3419 0.8679 0.3604
vn 0.4307 0.8047 -0.4085
vn 0.4307 0.8047 -0.4085
vn 0.4307 0.8047 -0.4085
vn 0.4307 0.8047 -0.4085
vn 0.4307 0.8047 -0.4085
vn 0.4307 0.8047 -0.4085
vn -0.4666 0.7334 -0.4944
vn -0.4666 0.7334 -0.4944
vn -0.4666 0.7334 -0.4944
vn -0.4666 0.7334 -0.4944
vn -0.4666 0.7334 -0.4944
vn -0.4666 0.7334 -0.4944
vn -0.5407 0.6688 0.5103
vn -0.5407 0.6688 0.5103
vn -0.5407 0.6688 0.5103
vn -0.5407 0.6688 0.5103
vn -0.5407 0.6688 0.5103
vn -0.5407 0.6688 0.5103
vn -0.6238 0.6813 -0.3830
vn -0.6238 0.6813 -0.3830
vn -0.6238 0.6813 -0.3830
vn -0.6238 0.6813 -0.3830
vn -0.6238 0.6813 -0.3830
vn -0.6238 0.6813 -0.3830
vn -0.2138 0.9127 0.3482
vn -0.2138 0.9127 0.3482
vn -0.2138 0.9127 0.3482
vn -0.2138 0.9127 0.3482
vn -0.2138 0.9127 0.3482
vn -0.2138 0.9127 0.3482
vn -0.7470 0.6628 -0.0518
vn -0.7470 0.6628 -0.0518
vn -0.7470 0.6628 -0.0518
vn -0.7470 0.6628 -0.0518
vn -0.7470 0.6628 -0.0518
vn -0.7470 0.6628 -0.0518
vn -0.0334 0.8757 0.4817
vn -0.0334 0.8757 0.4817
vn -0.0334 0.8757 0.4817
vn -0.0334 0.8757 0.4817
vn -0.0334 0.8757 0.4817
vn -0.0334 0.8757 0.4817
vn -0.7628 0.6466 0.0110
vn -0.7628 0.6466 0.0110
vn -0.7628 0.6466 0.0110
vn -0.7628 0.6466 0.0110
vn -0.7628 0.6466 0.0110
vn -0.7628 0.6466 0.0110
vn 0.0086 0.8038 0.5948
vn 0.0086 0.8038 0.5948
vn 0.0086 0.8038 0.5948
vn 0.0086 0.8038 0.5948
vn 0.0086 0.8038 0.5948
vn 0.0086 0.8038 0.5948
vn -0.7618 0.6074 0.2252
vn -0.7618 0.6074 0.2252
vn -0.7618 0.6074 0.2252
vn -0.7618 0.6074 0.2252
vn -0.7618 0.6074 0.2252
vn -0.7618 0.6074 0.2252
vn 0.1137 0.9160 0.3846
vn 0.1137 0.9160 0.3846
vn 0.1137 0.9160 0.3846
vn 0.1137 0.9160 0.3846
vn 0.1137 0.9160 0.3846
vn 0.1137 0.9160 0.3846
vn -0.0452 0.7955 -0.6043
vn -0.0452 0.7955 -0.6043
vn -0.0452 0.7955 -0.6043
vn -0.0452 0.7955 -0.6043
vn -0.0452 0.7955 -0.6043
vn -0.0452 0.7955 -0.6043
vn -0.7483 0.6610 0.0559
vn -0.7483 0.6610 0.0559
vn -0.7483 0.6610 0.0559
vn -0.7483 0.6610 0.0559
vn -0.7483 0.6610 0.0559
vn -0.7483 0.6610 0.0559
vn -0.4378 0.7427 -0.5067
vn -0.4378 0.7427 -0.5067
vn -0.4378 0.7427 -0.5067
vn -0.4378 0.7427 -0.5067
vn -0.4378 0.7427 -0.5067
vn -0.4378 0.7427 -0.5067
vn -0.6292 0.5555 0.5436
vn -0.6292 0.5555 0.5436
vn -0.6292 0.5555 0.5436
vn -0.6292 0.5555 0.5436
vn -0.6292 0.5555 0.5436
vn -0.6292 0.5555 0.5436
vn 0.7173 0.5773 -0.3901
vn 0.7173 0.5773 -0.3901
vn 0.7173 0.5773 -0.3901
vn 0.7173 0.5773 -0.3901
vn 0.7173 0.5773 -0.3901
vn 0.7173 0.5773 -0.3901
vn -0.2456 0.8578 -0.4515
vn -0.2456 0.8578 -0.4515
vn -0.2456 0.8578 -0.4515
vn -0.2456 0.8578 -0.4515
vn -0.2456 0.8578 -0.4515
vn -0.2456 0.8578 -0.4515
vn -0.0248 0.6029 -0.7974
vn -0.0248 0.6029 -0.7974
vn -0.0248 0.6029 -0.7974
vn -0.0248 0.6029 -0.7974
vn -0.0248 0.6029 -0.7974
vn -0.0248 0.6029 -0.7974
vn -0.6260 0.7796 0.0195
vn -0.6260 0.7796 0.0195
vn -0.6260 0.7796 0.0195
vn -0.6260 0.7796 0.0195
vn -0.6260 0.7796 0.0195
vn -0.6260 0.7796 0.0195
vn 0.7605 0.5763 -0.2992
vn 0.7605 0.5763 -0.2992
vn 0.7605 0.5763 -0.2992
vn 0.7605 0.5763 -0.2992
vn 0.7605 0.5763 -0.2992
vn 0.7605 0.5763 -0.2992
vn -0.2404 0.7543 -0.6109
vn -0.2404 0.7543 -0.6109
vn -0.2404 0.7543 -0.6109
vn -0.2404 0.7543 -0.6109
vn -0.2404 0.7543 -0.6109
vn -0.2404 0.7543 -0.6109
vn -0.1745 0.6374 0.7505
vn -0.1745 0.6374 0.7505
vn -0.1745 0.6374 0.7505
vn -0.1745 0.6374 0.7505
vn -0.1745 0.6374 0.7505
vn -0.1745 0.6374 0.7505
vn 0.7279 0.6644 0.1693
vn 0.7279 0.6644 0.1693
vn 0.7279 0.6644 0.1693
vn 0.7279 0.6644 0.1693
vn 0.7279 0.6644 0.1693
vn 0.7279 0.6644 0.1693
vn -0.5165 0.7514 -0.4107
vn -0.5165 0.7514 -0.4107
vn -0.5165 0.7514 -0.4107
vn -0.5165 0.7514 -0.4107
vn -0.5165 0.7514 -0.4107
vn -0.5165 0.7514 -0.4107
vn -0.3772 0.7955 0.4743
vn -0.3772 0.7955 0.4743
vn -0.3772 0.7955 0.4743
vn -0.3772 0.7955 0.4743
vn -0.3772 0.7955 0.4743
vn -0.3772 0.7955 0.4743
vn 0.2918 0.8558 -0.4271
vn 0.2918 0.8558 -0.4271
vn 0.2918 0.8558 -0.4271
vn 0.2918 0.8558 -0.4271
vn 0.2918 0.8558 -0.4271
vn 0.2918 0.8558 -0.4271
vn -0.6324 0.6429 -0.4321
vn -0.6324 0.6429 -0.4321
vn -0.6324 0.6429 -0.4321
vn -0.6324 0.6429 -0.4321
vn -0.6324 0.6429 -0.4321
vn -0.6324 0.6429 -0.4321
vn 0.0034 0.9370 -0.3493
vn 0.0034 0.9370 -0.3493
vn 0.0034 0.9370 -0.3493
vn 0.0034 0.9370 -0.3493
vn 0.0034 0.9370 -0.3493
vn 0.0034 0.9370 -0.3493
vn -0.7503 0.6611 -0.0073
vn -0.7503 0.6611 -0.0073
vn -0.7503 0.6611 -0.0073
vn -0.7503 0.6611 -0.0073
vn -0.7503 0.6611 -0.0073
vn -0.7503 0.6611 -0.0073
vn 0.7361 0.5692 0.3663
vn 0.7361 0.5692 0.3663
vn 0.7361 0.5692 0.3663
vn 0.7361 0.5692 0.3663
vn 0.7361 0.5692 0.3663
vn 0.7361 0.5692 0.3663
vn 0.3636 0.5778 -0.7307
vn 0.3636 0.5778 -0.7307
vn 0.3636 0.5778 -0.7307
vn 0.3636 0.5778 -0.7307
vn 0.3636 0.5778 -0.7307
vn 0.3636 0.5778 -0.7307
vn 0.4953 0.6758 -0.5458
vn 0.4953 0.6758 -0.5458
vn 0.4953 0.6758 -0.5458
vn 0.4953 0.6758 -0.5458
vn 0.4953 0.6758 -0.5458
vn 0.4953 0.6758 -0.5458
vn -0.4137 0.8294 -0.3754
vn -0.4137 0.8294 -0.3754
vn -0.4137 0.8294 -0.3754
vn -0.4137 0.8294 -0.3754
vn -0.4137 0.8294 -0.3754
vn -0.4137 0.8294 -0.3754
vn 0.2455 0.8127 -0.5284
vn 0.2455 0.8127 -0.5284
vn 0.2455 0.8127 -0.5284
vn 0.2455 0.8127 -0.5284
vn 0.2455 0.8127 -0.5284
vn 0.2455 0.8127 -0.5284
vn -0.5578 0.7885 -0.2591
vn -0.5578 0.7885 -0.2591
vn -0.5578 0.7885 -0.2591
vn -0.5578 0.7885 -0.2591
vn -0.5578 0.7885 -0.2591
vn -0.5578 0.7885 -0.2591
vn -0.3269 0.8998 -0.2891
vn -0.3269 0.8998 -0.2891
vn -0.3269 0.8998 -0.2891
vn -0.3269 0.8998 -0.2891
vn -0.3269 0.8998 -0.2891
vn -0.3269 0.8998 -0.2891
vn -0.5321 0.5956 0.6017
vn -0.5321 0.5956 0.6017
vn -0.5321 0.5956 0.6017
vn -0.5321 0.5956 0.6017
vn -0.5321 0.5956 0.6017
vn -0.5321 0.5956 0.6017
vn -0.3626 -0.9151 0.1762
vn -0.3626 -0.9151 0.1762
vn -0.3626 -0.9151 0.1762
vn -0.3626 -0.9151 0.1762
vn -0.3626 -0.9151 0.1762
vn -0.3626 -0.9151 0.1762
vn 0.3544 -0.5851 0.7294
vn 0.3544 -0.5851 0.7294
vn 0.3544 -0.5851 0.7294
vn 0.3544 -0.5851 0.7294
vn 0.3544 -0.5851 0.7294
vn 0.3544 -0.5851 0.7294
vn 0.2709 -0.6970 0.6640
vn 0.2709 -0.6970 0.6640
vn 0.2709 -0.6970 0.6640
vn 0.2709 -0.6970 0.6640
vn 0.2709 -0.6970 0.6640
vn 0.2709 -0.6970 0.6640
vn 0.5686 -0.7892 -0.2320
vn 0.5686 -0.7892 -0.2320
vn 0.5686 -0.7892 -0.2320
vn 0.5686 -0.7892 -0.2320
vn 0.5686 -0.7892 -0.2320
vn 0.5686 -0.7892 -0.2320
vn 0.7600 -0.6129 -0.2163
vn 0.7600 -0.6129 -0.2163
vn 0.7600 -0.6129 -0.2163
vn 0.7600 -0.6129 -0.2163
vn 0.7600 -0.6129 -0.2163
vn 0.7600 -0.6129 -0.2163
vn -0.1739 -0.7721 -0.6112
vn -0.1739 -0.7721 -0.6112
vn -0.1739 -0.7721 -0.6112
vn -0.1739 -0.7721 -0.6112
vn -0.1739 -0.7721 -0.6112
vn -0.1739 -0.7721 -0.6112
vn 0.2481 -0.5130 -0.8218
vn 0.2481 -0.5130 -0.8218
vn 0.2481 -0.5130 -0.8218
vn 0.2481 -0.5130 -0.8218
vn 0.2481 -0.5130 -0.8218
vn 0.2481 -0.5130 -0.8218
vn -0.5381 -0.8270 -0.1625
vn -0.5381 -0.8270 -0.1625
vn -0.5381 -0.8270 -0.1625
vn -0.5381 -0.8270 -0.1625
vn -0.5381 -0.8270 -0.1625
vn -0.5381 -0.8270 -0.1625
vn 0.2506 -0.8285 -0.5008
vn 0.2506 -0.8285 -0.5008
vn 0.2506 -0.8285 -0.5008
vn 0.2506 -0.8285 -0.5008
vn 0.2506 -0.8285 -0.5008
vn 0.2506 -0.8285 -0.5008
vn -0.4690 -0.8515 -0.2346
vn -0.4690 -0.8515 -0.2346
vn -0.4690 -0.8515 -0.2346
vn -0.4690 -0.8515 -0.2346
vn -0.4690 -0.8515 -0.2346
vn -0.4690 -0.8515 -0.2346
vn -0.2917 -0.7548 -0.5875
vn -0.2917 -0.7548 -0.5875
vn -0.2917 -0.7548 -0.5875
vn -0.2917 -0.7548 -0.5875
vn -0.2917 -0.7548 -0.5875
vn -0.2917 -0.7548 -0.5875
vn -0.4958 -0.8328 0.2462
vn -0.4958 -0.8328 0.2462
vn -0.4958 -0.8328 0.2462
vn -0.4958 -0.8328 0.2462
vn -0.4958 -0.8328 0.2462
vn -0.4958 -0.8328 0.2462
vn 0.5401 -0.8314 -0.1310
vn 0.5401 -0.8314 -0.1310
vn 0.5401 -0.8314 -0.1310
vn 0.5401 -0.8314 -0.1310
vn 0.5401 -0.8314 -0.1310
vn 0.5401 -0.8314 -0.1310
vn -0.1794 -0.6490 -0.7393
vn -0.1794 -0.6490 -0.7393
vn -0.1794 -0.6490 -0.7393
vn -0.1794 -0.6490 -0.7393
vn -0.1794 -0.6490 -0.7393
vn -0.1794 -0.6490 -0.7393
vn 0.0562 -0.8481 0.5268
vn 0.0562 -0.8481 0.5268
vn 0.0562 -0.8481 0.5268
vn 0.0562 -0.8481 0.5268
vn 0.0562 -0.8481 0.5268
vn 0.0562 -0.8481 0.5268
vn 0.6073 -0.7918 -0.0648
vn 0.6073 -0.7918 -0.0648
vn 0.6073 -0.7918 -0.0648
vn 0.6073 -0.7918 -0.0648
vn 0.6073 -0.7918 -0.0648
vn 0.6073 -0.7918 -0.0648
vn -0.3129 -0.8789 0.3601
vn -0.3129 -0.8789 0.3601
vn -0.3129 -0.8789 0.3601
vn -0.3129 -0.8789 0.3601
vn -0.3129 -0.8789 0.3601
vn -0.3129 -0.8789 0.3601
vn 0.5444 -0.6926 0.4732
vn 0.5444 -0.6926 0.4732
vn 0.5444 -0.6926 0.4732
vn 0.5444 -0.6926 0.4732
vn 0.5444 -0.6926 0.4732
vn 0.5444 -0.6926 0.4732
vn -0.4460 -0.7888 0.4229
vn -0.4460 -0.7888 0.4229
vn -0.4460 -0.7888 0.4229
vn -0.4460 -0.7888 0.4229
vn -0.4460 -0.7888 0.4229
vn -0.4460 -0.7888 0.4229
vn 0.2509 -0.9312 0.2646
vn 0.2509 -0.9312 0.2646
vn 0.2509 -0.9312 0.2646
vn 0.2509 -0.9312 0.2646
vn 0.2509 -0.9312 0.2646
vn 0.2509 -0.9312 0.2646
vn -0.6712 -0.7310 -0.1233
vn -0.6712 -0.7310 -0.1233
vn -0.6712 -0.7310 -0.1233
vn -0.6712 -0.7310 -0.1233
vn -0.6712 -0.7310 -0.1233
vn -0.6712 -0.7310 -0.1233
vn -0.1493 -0.5630 0.8129
vn -0.1493 -0.5630 0.8129
vn -0.1493 -0.5630 0.8129
vn -0.1493 -0.5630 0.8129
vn -0.1493 -0.5630 0.8129
vn -0.1493 -0.5630 0.8129
vn -0.5777 -0.7552 0.3098
vn -0.5777 -0.7552 0.3098
vn -0.5777 -0.7552 0.3098
vn -0.5777 -0.7552 0.3098
vn -0.5777 -0.7552 0.3098
vn -0.5777 -0.7552 0.3098
vn 0.2194 -0.8857 0.4092
vn 0.2194 -0.8857 0.4092
vn 0.2194 -0.8857 0.4092
vn 0.2194 -0.8857 0.4092
vn 0.2194 -0.8857 0.4092
vn 0.2194 -0.8857 0.4092
vn -0.0920 -0.7685 0.6332
vn -0.0920 -0.7685 0.6332
vn -0.0920 -0.7685 0.6332
vn -0.0920 -0.7685 0.6332
vn -0.0920 -0.7685 0.6332
vn -0.0920 -0.7685 0.6332
vn 0.5203 -0.8506 0.0756
vn 0.5203 -0.8506 0.0756
vn 0.5203 -0.8506 0.0756
vn 0.5203 -0.8506 0.0756
vn 0.5203 -0.8506 0.0756
vn 0.5203 -0.8506 0.0756
vn 0.1377 -0.8495 0.5092
vn 0.1377 -0.8495 0.5092
vn 0.1377 -0.8495 0.5092
vn 0.1377 -0.8495 0.5092
vn 0.1377 -0.8495 0.5092
vn 0.1377 -0.8495 0.5092
vn 0.6360 -0.7523 -0.1720
vn 0.6360 -0.7523 -0.1720
vn 0.6360 -0.7523 -0.1720
vn 0.6360 -0.7523 -0.1720
vn 0.6360 -0.7523 -0.1720
vn 0.6360 -0.7523 -0.1720
vn 0.4763 -0.8529 -0.2138
vn 0.4763 -0.8529 -0.2138
vn 0.4763 -0.8529 -0.2138
vn 0.4763 -0.8529 -0.2138
vn 0.4763 -0.8529 -0.2138
vn 0.4763 -0.8529 -0.2138
vn -0.3195 -0.6253 -0.7119
vn -0.3195 -0.6253 -0.7119
vn -0.3195 -0.6253 -0.7119
vn -0.3195 -0.6253 -0.7119
vn -0.3195 -0.6253 -0.7119
vn -0.3195 -0.6253 -0.7119
vn 0.1974 -0.8529 0.4834
vn 0.1974 -0.8529 0.4834
vn 0.1974 -0.8529 0.4834
vn 0.1974 -0.8529 0.4834
vn 0.1974 -0.8529 0.4834
vn 0.1974 -0.8529 0.4834
vn 0.5472 -0.8066 -0.2234
vn 0.5472 -0.8066 -0.2234
vn 0.5472 -0.8066 -0.2234
vn 0.5472 -0.8066 -0.2234
vn 0.5472 -0.8066 -0.2234
vn 0.5472 -0.8066 -0.2234
vn -0.2252 -0.7966 0.5609
vn -0.2252 -0.7966 0.5609
vn -0.2252 -0.7966 0.5609
vn -0.2252 -0.7966 0.5609
vn -0.2252 -0.7966 0.5609
vn -0.2252 -0.7966 0.5609
vn 0.4736 -0.8600 0.1901
vn 0.4736 -0.8600 0.1901
vn 0.4736 -0.8600 0.1901
vn 0.4736 -0.8600 0.1901
vn 0.4736 -0.8600 0.1901
vn 0.4736 -0.8600 0.1901
vn 0.6947 -0.6969 0.1781
vn 0.6947 -0.6969 0.1781
vn 0.6947 -0.6969 0.1781
vn 0.6947 -0.6969 0.1781
vn 0.6947 -0.6969 0.1781
vn 0.6947 -0.6969 0.1781
vn 0.0943 -0.9251 -0.3678
vn 0.0943 -0.9251 -0.3678
vn 0.0943 -0.9251 -0.3678
vn 0.0943 -0.9251 -0.3678
vn 0.0943 -0.9251 -0.3678
vn 0.0943 -0.9251 -0.3678
vn 0.3375 -0.8860 -0.3181
vn 0.3375 -0.8860 -0.3181
vn 0.3375 -0.8860 -0.3181
vn 0.3375 -0.8860 -0.3181
vn 0.3375 -0.8860 -0.3181
vn 0.3375 -0.8860 -0.3181
vn -0.5888 -0.5129 -0.6247
vn -0.5888 -0.5129 -0.6247
vn -0.5888 -0.5129 -0.6247
vn -0.5888 -0.5129 -0.6247
vn -0.5888 -0.5129 -0.6247
vn -0.5888 -0.5129 -0.6247
vn 0.3605 -0.7535 0.5498
vn 0.3605 -0.7535 0.5498
vn 0.3605 -0.7535 0.5498
vn 0.3605 -0.7535 0.5498
vn 0.3605 -0.7535 0.5498
vn 0.3605 -0.7535 0.5498
vn 0.6295 -0.6582 -0.4128
vn 0.6295 -0.6582 -0.4128
vn 0.6295 -0.6582 -0.4128
vn 0.6295 -0.6582 -0.4128
vn 0.6295 -0.6582 -0.4128
vn 0.6295 -0.6582 -0.4128
vn 0.6797 -0.6690 0.3007
vn 0.6797 -0.6690 0.3007
vn 0.6797 -0.6690 0.3007
vn 0.6797 -0.6690 0.3007
vn 0.6797 -0.6690 0.3007
vn 0.6797 -0.6690 0.3007
vn 0.3128 -0.6343 -0.7070
vn 0.3128 -0.6343 -0.7070
vn 0.3128 -0.6343 -0.7070
vn 0.3128 -0.6343 -0.7070
vn 0.3128 -0.6343 -0.7070
vn 0.3128 -0.6343 -0.7070
vn 0.8077 -0.5738 -0.1353
vn 0.8077 -0.5738 -0.1353
vn 0.8077 -0.5738 -0.1353
vn 0.8077 -0.5738 -0.1353
vn 0.8077 -0.5738 -0.1353
vn 0.8077 -0.5738 -0.1353
vn -0.1284 -0.6294 -0.7664
vn -0.1284 -0.6294 -0.7664
vn -0.1284 -0.6294 -0.7664
vn -0.1284 -0.6294 -0.7664
vn -0.1284 -0.6294 -0.7664
vn -0.1284 -0.6294 -0.7664
vn -0.5649 -0.8246 0.0324
vn -0.5649 -0.8246 0.0324
vn -0.5649 -0.8246 0.0324
vn -0.5649 -0.8246 0.0324
vn -0.5649 -0.8246 0.0324
vn -0.5649 -0.8246 0.0324
vn 0.0329 -0.8189 0.5729
vn 0.0329 -0.8189 0.5729
vn 0.0329 -0.8189 0.5729
vn 0.0329 -0.8189 0.5729
vn 0.0329 -0.8189 0.5729
vn 0.0329 -0.8189 0.5729
vn 0.2406 -0.6072 -0.7573
vn 0.2406 -0.6072 -0.7573
vn 0.2406 -0.6072 -0.7573
vn 0.2406 -0.6072 -0.7573
vn 0.2406 -0.6072 -0.7573
vn 0.2406 -0.6072 -0.7573
vn -0.7192 -0.6561 -0.2285
vn -0.7192 -0.6561 -0.2285
vn -0.7192 -0.6561 -0.2285
vn -0.7192 -0.6561 -0.2285
vn -0.7192 -0.6561 -0.2285
vn -0.7192 -0.6561 -0.2285
vn -0.7911 -0.5733 -0.2134
vn -0.7911 -0.5733 -0.2134
vn -0.7911 -0.5733 -0.2134
vn -0.7911 -0.5733 -0.2134
vn -0.7911 -0.5733 -0.2134
vn -0.7911 -0.5733 -0.2134
vn -0.2202 -0.5339 0.8164
vn -0.2202 -0.5339 0.8164
vn -0.2202 -0.5339 0.8164
vn -0.2202 -0.5339 0.8164
vn -0.2202 -0.5339 0.8164
vn -0.2202 -0.5339 0.8164
vn 0.3636 -0.9246 -0.1139
vn 0.3636 -0.9246 -0.1139
vn 0.3636 -0.9246 -0.1139
vn 0.3636 -0.9246 -0.1139
vn 0.3636 -0.9246 -0.1139
vn 0.3636 -0.9246 -0.1139
vn -0.2155 -0.6930 -0.6880
vn -0.2155 -0.6930 -0.6880
vn -0.2155 -0.6930 -0.6880
vn -0.2155 -0.6930 -0.6880
vn -0.2155 -0.6930 -0.6880
vn -0.2155 -0.6930 -0.6880
vn 0.0330 -0.5751 -0.8174
vn 0.0330 -0.5751 -0.8174
vn 0.0330 -0.5751 -0.8174
vn 0.0330 -0.5751 -0.8174
vn 0.0330 -0.5751 -0.8174
vn 0.0330 -0.5751 -0.8174
vn -0.3437 -0.9390 -0.0139
vn -0.3437 -0.9390 -0.0139
vn -0.3437 -0.9390 -0.0139
vn -0.3437 -0.9390 -0.0139
vn -0.3437 -0.9390 -0.0139
vn -0.3437 -0.9390 -0.0139
vn 0.3791 -0.7793 -0.4990
vn 0.3791 -0.7793 -0.4990
vn 0.3791 -0.7793 -0.4990
vn 0.3791 -0.7793 -0.4990
vn 0.3791 -0.7793 -0.4990
vn 0.3791 -0.7793 -0.4990
vn -0.3253 -0.9127 -0.2472
vn -0.3253 -0.9127 -0.2472
vn -0.3253 -0.9127 -0.2472
vn -0.3253 -0.9127 -0.2472
vn -0.3253 -0.9127 -0.2472
vn -0.3253 -0.9127 -0.2472
vn -0.7006 -0.6811 0.2127
vn -0.7006 -0.6811 0.2127
vn -0.7006 -0.6811 0.2127
vn -0.7006 -0.6811 0.2127
vn -0.7006 -0.6811 0.2127
vn -0.7006 -0.6811 0.2127
vn 0.2117 -0.6846 0.6975
vn 0.2117 -0.6846 0.6975
vn 0.2117 -0.6846 0.6975
vn 0.2117 -0.6846 0.6975
vn 0.2117 -0.6846 0.6975
vn 0.2117 -0.6846 0.6975
vn 0.6114 -0.6329 0.4750
vn 0.6114 -0.6329 0.4750
vn 0.6114 -0.6329 0.4750
vn 0.6114 -0.6329 0.4750
vn 0.6114 -0.6329 0.4750
vn 0.6114 -0.6329 0.4750
vn 0.4029 -0.7541 -0.5187
vn 0.4029 -0.7541 -0.5187
vn 0.4029 -0.7541 -0.5187
vn 0.4029 -0.7541 -0.5187
vn 0.4029 -0.7541 -0.5187
vn 0.4029 -0.7541 -0.5187
vn 0.3504 -0.9324 0.0890
vn 0.3504 -0.9324 0.0890
vn 0.3504 -0.9324 0.0890
vn 0.3504 -0.9324 0.0890
vn 0.3504 -0.9324 0.0890
vn 0.3504 -0.9324 0.0890
vn 0.2069 -0.5416 -0.8148
vn 0.2069 -0.5416 -0.8148
vn 0.2069 -0.5416 -0.8148
vn 0.2069 -0.5416 -0.8148
vn 0.2069 -0.5416 -0.8148
vn 0.2069 -0.5416 -0.8148
vn -0.0427 -0.9190 0.3920
vn -0.0427 -0.9190 0.3920
vn -0.0427 -0.9190 0.3920
vn -0.0427 -0.9190 0.3920
vn -0.0427 -0.9190 0.3920
vn -0.0427 -0.9190 0.3920
vn 0.8535 -0.5128 0.0930
vn 0.8535 -0.5128 0.0930
vn 0.8535 -0.5128 0.0930
vn 0.8535 -0.5128 0.0930
vn 0.8535 -0.5128 0.0930
vn 0.8535 -0.5128 0.0930
vn 0.3602 -0.5432 0.7585
vn 0.3602 -0.5432 0.7585
vn 0.3602 -0.5432 0.7585
vn 0.3602 -0.5432 0.7585
vn 0.3602 -0.5432 0.7585
vn 0.3602 -0.5432 0.7585
vn 0.3597 -0.9173 -0.1708
vn 0.3597 -0.9173 -0.1708
vn 0.3597 -0.9173 -0.1708
vn 0.3597 -0.9173 -0.1708
vn 0.3597 -0.9173 -0.1708
vn 0.3597 -0.9173 -0.1708
vn 0.5582 -0.8151 0.1552
vn 0.5582 -0.8151 0.1552
vn 0.5582 -0.8151 0.1552
vn 0.5582 -0.8151 0.1552
vn 0.5582 -0.8151 0.1552
vn 0.5582 -0.8151 0.1552
vn 0.2286 -0.5212 -0.8223
vn 0.2286 -0.5212 -0.8223
vn 0.2286 -0.5212 -0.8223
vn 0.2286 -0.5212 -0.8223
vn 0.2286 -0.5212 -0.8223
vn 0.2286 -0.5212 -0.8223
vn -0.4177 -0.7898 -0.4491
vn -0.4177 -0.7898 -0.4491
vn -0.4177 -0.7898 -0.4491
vn -0.4177 -0.7898 -0.4491
vn -0.4177 -0.7898 -0.4491
vn -0.4177 -0.7898 -0.4491
vn -0.6021 -0.5691 0.5600
vn -0.6021 -0.5691 0.5600
vn -0.6021 -0.5691 0.5600
vn -0.6021 -0.5691 0.5600
vn -0.6021 -0.5691 0.5600
vn -0.6021 -0.5691 0.5600
vn 0.3734 -0.8475 0.3773
vn 0.3734 -0.8475 0.3773
vn 0.3734 -0.8475 0.3773
vn 0.3734 -0.8475 0.3773
vn 0.3734 -0.8475 0.3773
vn 0.3734 -0.8475 0.3773
vn 0.3939 -0.8324 -0.3899
vn 0.3939 -0.8324 -0.3899
vn 0.3939 -0.8324 -0.3899
vn 0.3939 -0.8324 -0.3899
vn 0.3939 -0.8324 -0.3899
vn 0.3939 -0.8324 -0.3899
vn 0.2126 -0.8497 -0.4825
vn 0.2126 -0.8497 -0.4825
vn 0.2126 -0.8497 -0.4825
vn 0.2126 -0.8497 -0.4825
vn 0.2126 -0.8497 -0.4825
vn 0.2126 -0.8497 -0.4825
vn -0.6976 -0.6472 -0.3074
vn -0.6976 -0.6472 -0.3074
vn -0.6976 -0.6472 -0.3074
vn -0.6976 -0.6472 -0.3074
vn -0.6976 -0.6472 -0.3074
vn -0.6976 -0.6472 -0.3074
vn -0.0161 -0.9355 0.3530
vn -0.0161 -0.9355 0.3530
vn -0.0161 -0.9355 0.3530
vn -0.0161 -0.9355 0.3530
vn -0.0161 -0.9355 0.3530
vn -0.0161 -0.9355 0.3530
vn 0.8272 -0.5606 0.0377
vn 0.8272 -0.5606 0.0377
vn 0.8272 -0.5606 0.0377
vn 0.8272 -0.5606 0.0377
vn 0.8272 -0.5606 0.0377
vn 0.8272 -0.5606 0.0377
vn -0.1709 -0.6387 0.7502
vn -0.1709 -0.6387 0.7502
vn -0.1709 -0.6387 0.7502
vn -0.1709 -0.6387 0.7502
vn -0.1709 -0.6387 0.7502
vn -0.1709 -0.6387 0.7502
vn 0.6923 -0.7042 0.1577
vn 0.6923 -0.7042 0.1577
vn 0.6923 -0.7042 0.1577
vn 0.6923 -0.7042 0.1577
vn 0.6923 -0.7042 0.1577
vn 0.6923 -0.7042 0.1577
vn 0.3045 -0.7233 -0.6197
vn 0.3045 -0.7233 -0.6197
vn 0.3045 -0.7233 -0.6197
vn 0.3045 -0.7233 -0.6197
vn 0.3045 -0.7233 -0.6197
vn 0.3045 -0.7233 -0.6197
vn -0.7482 -0.5523 -0.3676
vn -0.7482 -0.5523 -0.3676
vn -0.7482 -0.5523 -0.3676
vn -0.7482 -0.5523 -0.3676
vn -0.7482 -0.5523 -0.3676
vn -0.7482 -0.5523 -0.3676
vn -0.4653 -0.8129 0.3503
vn -0.4653 -0.8129 0.3503
vn -0.4653 -0.8129 0.3503
vn -0.4653 -0.8129 0.3503
vn -0.4653 -0.8129 0.3503
vn -0.4653 -0.8129 0.3503
vn 0.2526 -0.9076 0.3355
vn 0.2526 -0.9076 0.3355
vn 0.2526 -0.9076 0.3355
vn 0.2526 -0.9076 0.3355
vn 0.2526 -0.9076 0.3355
vn 0.2526 -0.9076 0.3355
vn -0.5673 -0.7332 -0.3749
vn -0.5673 -0.7332 -0.3749
vn -0.5673 -0.7332 -0.3749
vn -0.5673 -0.7332 -0.3749
vn -0.5673 -0.7332 -0.3749
vn -0.5673 -0.7332 -0.3749
vn -0.3960 -0.6957 0.5993
vn -0.3960 -0.6957 0.5993
vn -0.3960 -0.6957 0.5993
vn -0.3960 -0.6957 0.5993
vn -0.3960 -0.6957 0.5993
vn -0.3960 -0.6957 0.5993
vn 0.7578 -0.6481 -0.0758
vn 0.7578 -0.6481 -0.0758
vn 0.7578 -0.6481 -0.0758
vn 0.7578 -0.6481 -0.0758
vn 0.7578 -0.6481 -0.0758
vn 0.7578 -0.6481 -0.0758
vn -0.0495 -0.8675 -0.4950
vn -0.0495 -0.8675 -0.4950
vn -0.0495 -0.8675 -0.4950
vn -0.0495 -0.8675 -0.4950
vn -0.0495 -0.8675 -0.4950
vn -0.0495 -0.8675 -0.4950
vn -0.0155 -0.9196 -0.3927
vn -0.0155 -0.9196 -0.3927
vn -0.0155 -0.9196 -0.3927
vn -0.0155 -0.9196 -0.3927
vn -0.0155 -0.9196 -0.3927
vn -0.0155 -0.9196 -0.3927
vn -0.3483 -0.9373 0.0137
vn -0.3483 -0.9373 0.0137
vn -0.3483 -0.9373 0.0137
vn -0.3483 -0.9373 0.0137
vn -0.3483 -0.9373 0.0137
vn -0.3483 -0.9373 0.0137
vn -0.7563 -0.6191 -0.2114
vn -0.7563 -0.6191 -0.2114
vn -0.7563 -0.6191 -0.2114
vn -0.7563 -0.6191 -0.2114
vn -0.7563 -0.6191 -0.2114
vn -0.7563 -0.6191 -0.2114
vn -0.1984 -0.6756 0.7101
vn -0.1984 -0.6756 0.7101
vn -0.1984 -0.6756 0.7101
vn -0.1984 -0.6756 0.7101
vn -0.1984 -0.6756 0.7101
vn -0.1984 -0.6756 0.7101
vn -0.0304 -0.7600 0.6492
vn -0.0304 -0.7600 0.6492
vn -0.0304 -0.7600 0.6492
vn -0.0304 -0.7600 0.6492
vn -0.0304 -0.7600 0.6492
vn -0.0304 -0.7600 0.6492
vn 0.8067 -0.5897 0.0378
vn 0.8067 -0.5897 0.0378
vn 0.8067 -0.5897 0.0378
vn 0.8067 -0.5897 0.0378
vn 0.8067 -0.5897 0.0378
vn 0.8067 -0.5897 0.0378
vn 0.3270 -0.6307 -0.7037
vn 0.3270 -0.6307 -0.7037
vn 0.3270 -0.6307 -0.7037
vn 0.3270 -0.6307 -0.7037
vn 0.3270 -0.6307 -0.7037
vn 0.3270 -0.6307 -0.7037
vn -0.3700 -0.9130 -0.1719
vn -0.3700 -0.9130 -0.1719
vn -0.3700 -0.9130 -0.1719
vn -0.3700 -0.9130 -0.1719
vn -0.3700 -0.9130 -0.1719
vn -0.3700 -0.9130 -0.1719
vn 0.4394 -0.8300 -0.3435
vn 0.4394 -0.8300 -0.3435
vn 0.4394 -0.8300 -0.3435
vn 0.4394 -0.8300 -0.3435
vn 0.4394 -0.8300 -0.3435
vn 0.4394 -0.8300 -0.3435
vn -0.2382 -0.9222 -0.3047
vn -0.2382 -0.9222 -0.3047
vn -0.2382 -0.9222 -0.3047
vn -0.2382 -0.9222 -0.3047
vn -0.2382 -0.9222 -0.3047
vn -0.2382 -0.9222 -0.3047
vn 0.2590 -0.6059 0.7522
vn 0.2590 -0.6059 0.7522
vn 0.2590 -0.6059 0.7522
vn 0.2590 -0.6059 0.7522
vn 0.2590 -0.6059 0.7522
vn 0.2590 -0.6059 0.7522
vn 0.7380 -0.6251 -0.2541
vn 0.7380 -0.6251 -0.2541
vn 0.7380 -0.6251 -0.2541
vn 0.7380 -0.6251 -0.2541
vn 0.7380 -0.6251 -0.2541
vn 0.7380 -0.6251 -0.2541
vn 0.7637 -0.6334 -0.1247
vn 0.7637 -0.6334 -0.1247
vn 0.7637 -0.6334 -0.1247
vn 0.7637 -0.6334 -0.1247
vn 0.7637 -0.6334 -0.1247
vn 0.7637 -0.6334 -0.1247
vn -0.0798 -0.8687 -0.4888
vn -0.0798 -0.8687 -0.4888
vn -0.0798 -0.8687 -0.4888
vn -0.0798 -0.8687 -0.4888
vn -0.0798 -0.8687 -0.4888
vn -0.0798 -0.8687 -0.4888
vn 0.1083 -0.9109 -0.3983
vn 0.1083 -0.9109 -0.3983
vn 0.1083 -0.9109 -0.3983
vn 0.1083 -0.9109 -0.3983
vn 0.1083 -0.9109 -0.3983
vn 0.1083 -0.9109 -0.3983
vn -0.7798 -0.5890 -0.2121
vn -0.7798 -0.5890 -0.2121
vn -0.7798 -0.5890 -0.2121
vn -0.7798 -0.5890 -0.2121
vn -0.7798 -0.5890 -0.2121
vn -0.7798 -0.5890 -0.2121
vn -0.2143 -0.5627 0.7984
vn -0.2143 -0.5627 0.7984
vn -0.2143 -0.5627 0.7984
vn -0.2143 -0.5627 0.7984
vn -0.2143 -0.5627 0.7984
vn -0.2143 -0.5627 0.7984
vn 0.6094 -0.7758 0.1636
vn 0.6094 -0.7758 0.1636
vn 0.6094 -0.7758 0.1636
vn 0.6094 -0.7758 0.1636
vn 0.6094 -0.7758 0.1636
vn 0.6094 -0.7758 0.1636
vn -0.1314 -0.5817 0.8027
vn -0.1314 -0.5817 0.8027
vn -0.1314 -0.5817 0.8027
vn -0.1314 -0.5817 0.8027
vn -0.1314 -0.5817 0.8027
vn -0.1314 -0.5817 0.8027
vn 0.7597 -0.6383 0.1244
vn 0.7597 -0.6383 0.1244
vn 0.7597 -0.6383 0.1244
vn 0.7597 -0.6383 0.1244
vn 0.7597 -0.6383 0.1244
vn 0.7597 -0.6383 0.1244
vn 0.1757 -0.5626 -0.8079
vn 0.1757 -0.5626 -0.8079
vn 0.1757 -0.5626 -0.8079
vn 0.1757 -0.5626 -0.8079
vn 0.1757 -0.5626 -0.8079
vn 0.1757 -0.5626 -0.8079
vn -0.7228 -0.6729 -0.1572
vn -0.7228 -0.6729 -0.1572
vn -0.7228 -0.6729 -0.1572
vn -0.7228 -0.6729 -0.1572
vn -0.7228 -0.6729 -0.1572
vn -0.7228 -0.6729 -0.1572
vn 0.4886 -0.8428 0.2258
vn 0.4886 -0.8428 0.2258
vn 0.4886 -0.8428 0.2258
vn 0.4886 -0.8428 0.2258
vn 0.4886 -0.8428 0.2258
vn 0.4886 -0.8428 0.2258
vn 0.3457 -0.5663 -0.7481
vn 0.3457 -0.5663 -0.7481
vn 0.3457 -0.5663 -0.7481
vn 0.3457 -0.5663 -0.7481
vn 0.3457 -0.5663 -0.7481
vn 0.3457 -0.5663 -0.7481
vn 0.8631 -0.5044 -0.0253
vn 0.8631 -0.5044 -0.0253
vn 0.8631 -0.5044 -0.0253
vn 0.8631 -0.5044 -0.0253
vn 0.8631 -0.5044 -0.0253
vn 0.8631 -0.5044 -0.0253
vn -0.0124 -0.9055 -0.4241
vn -0.0124 -0.9055 -0.4241
vn -0.0124 -0.9055 -0.4241
vn -0.0124 -0.9055 -0.4241
vn -0.0124 -0.9055 -0.4241
vn -0.0124 -0.9055 -0.4241
vn -0.2636 -0.9118 -0.3148
vn -0.2636 -0.9118 -0.3148
vn -0.2636 -0.9118 -0.3148
vn -0.2636 -0.9118 -0.3148
vn -0.2636 -0.9118 -0.3148
vn -0.2636 -0.9118 -0.3148
vn -0.3489 -0.8905 0.2921
vn -0.3489 -0.8905 0.2921
vn -0.3489 -0.8905 0.2921
vn -0.3489 -0.8905 0.2921
vn -0.3489 -0.8905 0.2921
vn -0.3489 -0.8905 0.2921
vn 0.3609 -0.6158 -0.7004
vn 0.3609 -0.6158 -0.7004
vn 0.3609 -0.6158 -0.7004
vn 0.3609 -0.6158 -0.7004
vn 0.3609 -0.6158 -0.7004
vn 0.3609 -0.6158 -0.7004
vn -0.6439 -0.6894 -0.3318
vn -0.6439 -0.6894 -0.3318
vn -0.6439 -0.6894 -0.3318
vn -0.6439 -0.6894 -0.3318
vn -0.6439 -0.6894 -0.3318
vn -0.6439 -0.6894 -0.3318
vn -0.0010 -0.9015 -0.4328
vn -0.0010 -0.9015 -0.4328
vn -0.0010 -0.9015 -0.4328
vn -0.0010 -0.9015 -0.4328
vn -0.0010 -0.9015 -0.4328
vn -0.0010 -0.9015 -0.4328
vn -0.3965 -0.9181 0.0009
vn -0.3965 -0.9181 0.0009
vn -0.3965 -0.9181 0.0009
vn -0.3965 -0.9181 0.0009
vn -0.3965 -0.9181 0.0009
vn -0.3965 -0.9181 0.0009
vn 0.5362 -0.8440 0.0118
vn 0.5362 -0.8440 0.0118
vn 0.5362 -0.8440 0.0118
vn 0.5362 -0.8440 0.0118
vn 0.5362 -0.8440 0.0118
vn 0.5362 -0.8440 0.0118
vn 0.0082 -0.9268 -0.3755
vn 0.0082 -0.9268 -0.3755
vn 0.0082 -0.9268 -0.3755
vn 0.0082 -0.9268 -0.3755
vn 0.0082 -0.9268 -0.3755
vn 0.0082 -0.9268 -0.3755
vn 0.4511 -0.6451 -0.6167
vn 0.4511 -0.6451 -0.6167
vn 0.4511 -0.6451 -0.6167
vn 0.4511 -0.6451 -0.6167
vn 0.4511 -0.6451 -0.6167
vn 0.4511 -0.6451 -0.6167
vn -0.4569 -0.8244 -0.3342
vn -0.4569 -0.8244 -0.3342
vn -0.4569 -0.8244 -0.3342
vn -0.4569 -0.8244 -0.3342
vn -0.4569 -0.8244 -0.3342
vn -0.4569 -0.8244 -0.3342
vn 0.3654 -0.9083 0.2036
vn 0.3654 -0.9083 0.2036
vn 0.3654 -0.9083 0.2036
vn 0.3654 -0.9083 0.2036
vn 0.3654 -0.9083 0.2036
vn 0.3654 -0.9083 0.2036
vn 0.3473 -0.7005 -0.6234
vn 0.3473 -0.7005 -0.6234
vn 0.3473 -0.7005 -0.6234
vn 0.3473 -0.7005 -0.6234
vn 0.3473 -0.7005 -0.6234
vn 0.3473 -0.7005 -0.6234
vn -0.4186 -0.8755 -0.2412
vn -0.4186 -0.8755 -0.2412
vn -0.4186 -0.8755 -0.2412
vn -0.4186 -0.8755 -0.2412
vn -0.4186 -0.8755 -0.2412
vn -0.4186 -0.8755 -0.2412
vn -0.3137 -0.7780 0.5444
vn -0.3137 -0.7780 0.5444
vn -0.3137 -0.7780 0.5444
vn -0.3137 -0.7780 0.5444
vn -0.3137 -0.7780 0.5444
vn -0.3137 -0.7780 0.5444
vn 0.8050 -0.5238 -0.2785
vn 0.8050 -0.5238 -0.2785
vn 0.8050 -0.5238 -0.2785
vn 0.8050 -0.5238 -0.2785
vn 0.8050 -0.5238 -0.2785
vn 0.8050 -0.5238 -0.2785
vn -0.2194 -0.7415 -0.6341
vn -0.2194 -0.7415 -0.6341
vn -0.2194 -0.7415 -0.6341
vn -0.2194 -0.7415 -0.6341
vn -0.2194 -0.7415 -0.6341
vn -0.2194 -0.7415 -0.6341
vn 0.1936 -0.7347 -0.6502
vn 0.1936 -0.7347 -0.6502
vn 0.1936 -0.7347 -0.6502
vn 0.1936 -0.7347 -0.6502
vn 0.1936 -0.7347 -0.6502
vn 0.1936 -0.7347 -0.6502
vn -0.4441 -0.8861 -0.1322
vn -0.4441 -0.8861 -0.1322
vn -0.4441 -0.8861 -0.1322
vn -0.4441 -0.8861 -0.1322
vn -0.4441 -0.8861 -0.1322
vn -0.4441 -0.8861 -0.1322
vn -0.3990 -0.9156 0.0500
vn -0.3990 -0.9156 0.0500
vn -0.3990 -0.9156 0.0500
vn -0.3990 -0.9156 0.0500
vn -0.3990 -0.9156 0.0500
vn -0.3990 -0.9156 0.0500
vn 0.0714 -0.8183 0.5704
vn 0.0714 -0.8183 0.5704
vn 0.0714 -0.8183 0.5704
vn 0.0714 -0.8183 0.5704
vn 0.0714 -0.8183 0.5704
vn 0.0714 -0.8183 0.5704
vn -0.7816 -0.5737 0.2447
vn -0.7816 -0.5737 0.2447
vn -0.7816 -0.5737 0.2447
vn -0.7816 -0.5737 0.2447
vn -0.7816 -0.5737 0.2447
vn -0.7816 -0.5737 0.2447
vn 0.2108 -0.7088 0.6732
vn 0.2108 -0.7088 0.6732
vn 0.2108 -0.7088 0.6732
vn 0.2108 -0.7088 0.6732
vn 0.2108 -0.7088 0.6732
vn 0.2108 -0.7088 0.6732
vn 0.5577 -0.5462 0.6250
vn 0.5577 -0.5462 0.6250
vn 0.5577 -0.5462 0.6250
vn 0.5577 -0.5462 0.6250
vn 0.5577 -0.5462 0.6250
vn 0.5577 -0.5462 0.6250
vn 0.5939 -0.6054 -0.5299
vn 0.5939 -0.6054 -0.5299
vn 0.5939 -0.6054 -0.5299
vn 0.5939 -0.6054 -0.5299
vn 0.5939 -0.6054 -0.5299
vn 0.5939 -0.6054 -0.5299
vn -0.0874 -0.9188 0.3848
vn -0.0874 -0.9188 0.3848
vn -0.0874 -0.9188 0.3848
vn -0.0874 -0.9188 0.3848
vn -0.0874 -0.9188 0.3848
vn -0.0874 -0.9188 0.3848
vn 0.4268 -0.8991 0.0969
vn 0.4268 -0.8991 0.0969
vn 0.4268 -0.8991 0.0969
vn 0.4268 -0.8991 0.0969
vn 0.4268 -0.8991 0.0969
vn 0.4268 -0.8991 0.0969
vn -0.3333 -0.8097 -0.4830
vn -0.3333 -0.8097 -0.4830
vn -0.3333 -0.8097 -0.4830
vn -0.3333 -0.8097 -0.4830
vn -0.3333 -0.8097 -0.4830
vn -0.3333 -0.8097 -0.4830
vn -0.5342 -0.7607 0.3687
vn -0.5342 -0.7607 0.3687
vn -0.5342 -0.7607 0.3687
vn -0.5342 -0.7607 0.3687
vn -0.5342 -0.7607 0.3687
vn -0.5342 -0.7607 0.3687
vn 0.3396 -0.5086 -0.7912
vn 0.3396 -0.5086 -0.7912
vn 0.3396 -0.5086 -0.7912
vn 0.3396 -0.5086 -0.7912
vn 0.3396 -0.5086 -0.7912
vn 0.3396 -0.5086 -0.7912
vn -0.7658 -0.5527 -0.3287
vn -0.7658 -0.5527 -0.3287
vn -0.7658 -0.5527 -0.3287
vn -0.7658 -0.5527 -0.3287
vn -0.7658 -0.5527 -0.3287
vn -0.7658 -0.5527 -0.3287
vn 0.3820 -0.9127 -0.1449
vn 0.3820 -0.9127 -0.1449
vn 0.3820 -0.9127 -0.1449
vn 0.3820 -0.9127 -0.1449
vn 0.3820 -0.9127 -0.1449
vn 0.3820 -0.9127 -0.1449
vn -0.1367 -0.9228 -0.3603
vn -0.1367 -0.9228 -0.3603
vn -0.1367 -0.9228 -0.3603
vn -0.1367 -0.9228 -0.3603
vn -0.1367 -0.9228 -0.3603
vn -0.1367 -0.9228 -0.3603
vn -0.3559 -0.9295 0.0968
vn -0.3559 -0.9295 0.0968
vn -0.3559 -0.9295 0.0968
vn -0.3559 -0.9295 0.0968
vn -0.3559 -0.9295 0.0968
vn -0.3559 -0.9295 0.0968
vn 0.1057 -0.9154 0.3885
vn 0.1057 -0.9154 0.3885
vn 0.1057 -0.9154 0.3885
vn 0.1057 -0.9154 0.3885
vn 0.1057 -0.9154 0.3885
vn 0.1057 -0.9154 0.3885
vn -0.4717 -0.5294 0.7052
vn -0.4717 -0.5294 0.7052
vn -0.4717 -0.5294 0.7052
vn -0.4717 -0.5294 0.7052
vn -0.4717 -0.5294 0.7052
vn -0.4717 -0.5294 0.7052
vn 0.5394 -0.7609 0.3608
vn 0.5394 -0.7609 0.3608
vn 0.5394 -0.7609 0.3608
vn 0.5394 -0.7609 0.3608
vn 0.5394 -0.7609 0.3608
vn 0.5394 -0.7609 0.3608
vn -0.0332 -0.8654 -0.5000
vn -0.0332 -0.8654 -0.5000
vn -0.0332 -0.8654 -0.5000
vn -0.0332 -0.8654 -0.5000
vn -0.0332 -0.8654 -0.5000
vn -0.0332 -0.8654 -0.5000
vn -0.8446 -0.5325 0.0560
vn -0.8446 -0.5325 0.0560
vn -0.8446 -0.5325 0.0560
vn -0.8446 -0.5325 0.0560
vn -0.8446 -0.5325 0.0560
vn -0.8446 -0.5325 0.0560
vn 0.2756 -0.8523 0.4446
vn 0.2756 -0.8523 0.4446
vn 0.2756 -0.8523 0.4446
vn 0.2756 -0.8523 0.4446
vn 0.2756 -0.8523 0.4446
vn 0.2756 -0.8523 0.4446
vn 0.4824 -0.8233 -0.2990
vn 0.4824 -0.8233 -0.2990
vn 0.4824 -0.8233 -0.2990
vn 0.4824 -0.8233 -0.2990
vn 0.4824 -0.8233 -0.2990
vn 0.4824 -0.8233 -0.2990
vn -0.8489 -0.5286 -0.0015
vn -0.8489 -0.5286 -0.0015
vn -0.8489 -0.5286 -0.0015
vn -0.8489 -0.5286 -0.0015
vn -0.8489 -0.5286 -0.0015
vn -0.8489 -0.5286 -0.0015
vn -0.0011 -0.7911 0.6117
vn -0.0011 -0.7911 0.6117
vn -0.0011 -0.7911 0.6117
vn -0.0011 -0.7911 0.6117
vn -0.0011 -0.7911 0.6117
vn -0.0011 -0.7911 0.6117
vn 0.7751 -0.5803 0.2499
vn 0.7751 -0.5803 0.2499
vn 0.7751 -0.5803 0.2499
vn 0.7751 -0.5803 0.2499
vn 0.7751 -0.5803 0.2499
vn 0.7751 -0.5803 0.2499
vn 0.2041 -0.7467 -0.6331
vn 0.2041 -0.7467 -0.6331
vn 0.2041 -0.7467 -0.6331
vn 0.2041 -0.7467 -0.6331
vn 0.2041 -0.7467 -0.6331
vn 0.2041 -0.7467 -0.6331
vn -0.6320 -0.5904 -0.5021
vn -0.6320 -0.5904 -0.5021
vn -0.6320 -0.5904 -0.5021
vn -0.6320 -0.5904 -0.5021
vn -0.6320 -0.5904 -0.5021
vn -0.6320 -0.5904 -0.5021
vn -0.5345 -0.5115 0.6728
vn -0.5345 -0.5115 0.6728
vn -0.5345 -0.5115 0.6728
vn -0.5345 -0.5115 0.6728
vn -0.5345 -0.5115 0.6728
vn -0.5345 -0.5115 0.6728
vn 0.4430 -0.8890 0.1159
vn 0.4430 -0.8890 0.1159
vn 0.4430 -0.8890 0.1159
vn 0.4430 -0.8890 0.1159
vn 0.4430 -0.8890 0.1159
vn 0.4430 -0.8890 0.1159
vn 0.1249 -0.8699 -0.4772
vn 0.1249 -0.8699 -0.4772
vn 0.1249 -0.8699 -0.4772
vn 0.1249 -0.8699 -0.4772
vn 0.1249 -0.8699 -0.4772
vn 0.1249 -0.8699 -0.4772
vn -0.7580 -0.5981 -0.2602
vn -0.7580 -0.5981 -0.2602
vn -0.7580 -0.5981 -0.2602
vn -0.7580 -0.5981 -0.2602
vn -0.7580 -0.5981 -0.2602
vn -0.7580 -0.5981 -0.2602
vn -0.1600 -0.8702 0.4660
vn -0.1600 -0.8702 0.4660
vn -0.1600 -0.8702 0.4660
vn -0.1600 -0.8702 0.4660
vn -0.1600 -0.8702 0.4660
vn -0.1600 -0.8702 0.4660
vn 0.3532 -0.5498 0.7569
vn 0.3532 -0.5498 0.7569
vn 0.3532 -0.5498 0.7569
vn 0.3532 -0.5498 0.7569
vn 0.3532 -0.5498 0.7569
vn 0.3532 -0.5498 0.7569
vn 0.7320 -0.5894 -0.3416
vn 0.7320 -0.5894 -0.3416
vn 0.7320 -0.5894 -0.3416
vn 0.7320 -0.5894 -0.3416
vn 0.7320 -0.5894 -0.3416
vn 0.7320 -0.5894 -0.3416
vn 0.3267 -0.7960 -0.5095
vn 0.3267 -0.7960 -0.5095
vn 0.3267 -0.7960 -0.5095
vn 0.3267 -0.7960 -0.5095
vn 0.3267 -0.7960 -0.5095
vn 0.3267 -0.7960 -0.5095
vn -0.6207 -0.6755 -0.3981
vn -0.6207 -0.6755 -0.3981
vn -0.6207 -0.6755 -0.3981
vn -0.6207 -0.6755 -0.3981
vn -0.6207 -0.6755 -0.3981
vn -0.6207 -0.6755 -0.3981
vn -0.0331 -0.5575 0.8295
vn -0.0331 -0.5575 0.8295
vn -0.0331 -0.5575 0.8295
vn -0.0331 -0.5575 0.8295
vn -0.0331 -0.5575 0.8295
vn -0.0331 -0.5575 0.8295
vn 0.6279 -0.7779 0.0250
vn 0.6279 -0.7779 0.0250
vn 0.6279 -0.7779 0.0250
vn 0.6279 -0.7779 0.0250
vn 0.6279 -0.7779 0.0250
vn 0.6279 -0.7779 0.0250
vn -0.3503 -0.8803 0.3198
vn -0.3503 -0.8803 0.3198
vn -0.3503 -0.8803 0.3198
vn -0.3503 -0.8803 0.3198
vn -0.3503 -0.8803 0.3198
vn -0.3503 -0.8803 0.3198
vn 0.4722 -0.7138 0.5172
vn 0.4722 -0.7138 0.5172
vn 0.4722 -0.7138 0.5172
vn 0.4722 -0.7138 0.5172
vn 0.4722 -0.7138 0.5172
vn 0.4722 -0.7138 0.5172
vn -0.0781 -0.7996 -0.5955
vn -0.0781 -0.7996 -0.5955
vn -0.0781 -0.7996 -0.5955
vn -0.0781 -0.7996 -0.5955
vn -0.0781 -0.7996 -0.5955
vn -0.0781 -0.7996 -0.5955
vn -0.4620 -0.8848 0.0606
vn -0.4620 -0.8848 0.0606
vn -0.4620 -0.8848 0.0606
vn -0.4620 -0.8848 0.0606
vn -0.4620 -0.8848 0.0606
vn -0.4620 -0.8848 0.0606
vn 0.1054 -0.9300 -0.3521
vn 0.1054 -0.9300 -0.3521
vn 0.1054 -0.9300 -0.3521
vn 0.1054 -0.9300 -0.3521
vn 0.1054 -0.9300 -0.3521
vn 0.1054 -0.9300 -0.3521
vn -0.7366 -0.6393 -0.2205
vn -0.7366 -0.6393 -0.2205
vn -0.7366 -0.6393 -0.2205
vn -0.7366 -0.6393 -0.2205
vn -0.7366 -0.6393 -0.2205
vn -0.7366 -0.6393 -0.2205
vn 0.4451 -0.8913 0.0861
vn 0.4451 -0.8913 0.0861
vn 0.4451 -0.8913 0.0861
vn 0.4451 -0.8913 0.0861
vn 0.4451 -0.8913 0.0861
vn 0.4451 -0.8913 0.0861
vn 0.1479 -0.6276 -0.7643
vn 0.1479 -0.6276 -0.7643
vn 0.1479 -0.6276 -0.7643
vn 0.1479 -0.6276 -0.7643
vn 0.1479 -0.6276 -0.7643
vn 0.1479 -0.6276 -0.7643
vn 0.1319 -0.9079 -0.3980
vn 0.1319 -0.9079 -0.3980
vn 0.1319 -0.9079 -0.3980
vn 0.1319 -0.9079 -0.3980
vn 0.1319 -0.9079 -0.3980
vn 0.1319 -0.9079 -0.3980
vn -0.8090 -0.5231 -0.2680
vn -0.8090 -0.5231 -0.2680
vn -0.8090 -0.5231 -0.2680
vn -0.8090 -0.5231 -0.2680
vn -0.8090 -0.5231 -0.2680
vn -0.8090 -0.5231 -0.2680
vn -0.2598 -0.5981 -0.7581
vn -0.2598 -0.5981 -0.7581
vn -0.2598 -0.5981 -0.7581
vn -0.2598 -0.5981 -0.7581
vn -0.2598 -0.5981 -0.7581
vn -0.2598 -0.5981 -0.7581
vn -0.7345 -0.6303 0.2517
vn -0.7345 -0.6303 0.2517
vn -0.7345 -0.6303 0.2517
vn -0.7345 -0.6303 0.2517
vn -0.7345 -0.6303 0.2517
vn -0.7345 -0.6303 0.2517
vn 0.4446 -0.8715 0.2069
vn 0.4446 -0.8715 0.2069
vn 0.4446 -0.8715 0.2069
vn 0.4446 -0.8715 0.2069
vn 0.4446 -0.8715 0.2069
vn 0.4446 -0.8715 0.2069
vn 0.3617 -0.5148 -0.7772
vn 0.3617 -0.5148 -0.7772
vn 0.3617 -0.5148 -0.7772
vn 0.3617 -0.5148 -0.7772
vn 0.3617 -0.5148 -0.7772
vn 0.3617 -0.5148 -0.7772
vn -0.3659 -0.7799 0.5078
vn -0.3659 -0.7799 0.5078
vn -0.3659 -0.7799 0.5078
vn -0.3659 -0.7799 0.5078
vn -0.3659 -0.7799 0.5078
vn -0.3659 -0.7799 0.5078
vn 0.3184 -0.9198 0.2294
vn 0.3184 -0.9198 0.2294
vn 0.3184 -0.9198 0.2294
vn 0.3184 -0.9198 0.2294
vn 0.3184 -0.9198 0.2294
vn 0.3184 -0.9198 0.2294
vn -0.1318 -0.7413 0.6581
vn -0.1318 -0.7413 0.6581
vn -0.1318 -0.7413 0.6581
vn -0.1318 -0.7413 0.6581
vn -0.1318 -0.7413 0.6581
vn -0.1318 -0.7413 0.6581
vn 0.7508 -0.6432 0.1504
vn 0.7508 -0.6432 0.1504
vn 0.7508 -0.6432 0.1504
vn 0.7508 -0.6432 0.1504
vn 0.7508 -0.6432 0.1504
vn 0.7508 -0.6432 0.1504
vn 0.5836 -0.5411 0.6055
vn 0.5836 -0.5411 0.6055
vn 0.5836 -0.5411 0.6055
vn 0.5836 -0.5411 0.6055
vn 0.5836 -0.5411 0.6055
vn 0.5836 -0.5411 0.6055
vn 0.4889 -0.7341 -0.4712
vn 0.4889 -0.7341 -0.4712
vn 0.4889 -0.7341 -0.4712
vn 0.4889 -0.7341 -0.4712
vn 0.4889 -0.7341 -0.4712
vn 0.4889 -0.7341 -0.4712
vn -0.7193 -0.6442 -0.2598
vn -0.7193 -0.6442 -0.2598
vn -0.7193 -0.6442 -0.2598
vn -0.7193 -0.6442 -0.2598
vn -0.7193 -0.6442 -0.2598
vn -0.7193 -0.6442 -0.2598
vn -0.2918 -0.5121 0.8079
vn -0.2918 -0.5121 0.8079
vn -0.2918 -0.5121 0.8079
vn -0.2918 -0.5121 0.8079
vn -0.2918 -0.5121 0.8079
vn -0.2918 -0.5121 0.8079
vn 0.3429 -0.8675 -0.3605
vn 0.3429 -0.8675 -0.3605
vn 0.3429 -0.8675 -0.3605
vn 0.3429 -0.8675 -0.3605
vn 0.3429 -0.8675 -0.3605
vn 0.3429 -0.8675 -0.3605
vn -0.5926 -0.5755 -0.5636
vn -0.5926 -0.5755 -0.5636
vn -0.5926 -0.5755 -0.5636
vn -0.5926 -0.5755 -0.5636
vn -0.5926 -0.5755 -0.5636
vn -0.5926 -0.5755 -0.5636
vn 0.4502 -0.6399 -0.6228
vn 0.4502 -0.6399 -0.6228
vn 0.4502 -0.6399 -0.6228
vn 0.4502 -0.6399 -0.6228
vn 0.4502 -0.6399 -0.6228
vn 0.4502 -0.6399 -0.6228
vn -0.6406 -0.6125 -0.4631
vn -0.6406 -0.6125 -0.4631
vn -0.6406 -0.6125 -0.4631
vn -0.6406 -0.6125 -0.4631
vn -0.6406 -0.6125 -0.4631
vn -0.6406 -0.6125 -0.4631
vn -0.1090 -0.8769 -0.4682
vn -0.1090 -0.8769 -0.4682
vn -0.1090 -0.8769 -0.4682
vn -0.1090 -0.8769 -0.4682
vn -0.1090 -0.8769 -0.4682
vn -0.1090 -0.8769 -0.4682
vn -0.7862 -0.5902 0.1831
vn -0.7862 -0.5902 0.1831
vn -0.7862 -0.5902 0.1831
vn -0.7862 -0.5902 0.1831
vn -0.7862 -0.5902 0.1831
vn -0.7862 -0.5902 0.1831
vn 0.5587 -0.5117 0.6527
vn 0.5587 -0.5117 0.6527
vn 0.5587 -0.5117 0.6527
vn 0.5587 -0.5117 0.6527
vn 0.5587 -0.5117 0.6527
vn 0.5587 -0.5117 0.6527
vn 0.3714 -0.8723 -0.3180
vn 0.3714 -0.8723 -0.3180
vn 0.3714 -0.8723 -0.3180
vn 0.3714 -0.8723 -0.3180
vn 0.3714 -0.8723 -0.3180
vn 0.3714 -0.8723 -0.3180
vn -0.6419 -0.7570 0.1224
vn -0.6419 -0.7570 0.1224
vn -0.6419 -0.7570 0.1224
vn -0.6419 -0.7570 0.1224
vn -0.6419 -0.7570 0.1224
vn -0.6419 -0.7570 0.1224
vn 0.1302 -0.7186 0.6831
vn 0.1302 -0.7186 0.6831
vn 0.1302 -0.7186 0.6831
vn 0.1302 -0.7186 0.6831
vn 0.1302 -0.7186 0.6831
vn 0.1302 -0.7186 0.6831
vn 0.0201 -0.7386 0.6738
vn 0.0201 -0.7386 0.6738
vn 0.0201 -0.7386 0.6738
vn 0.0201 -0.7386 0.6738
vn 0.0201 -0.7386 0.6738
vn 0.0201 -0.7386 0.6738
vn 0.3550 -0.9348 -0.0106
vn 0.3550 -0.9348 -0.0106
vn 0.3550 -0.9348 -0.0106
vn 0.3550 -0.9348 -0.0106
vn 0.3550 -0.9348 -0.0106
vn 0.3550 -0.9348 -0.0106
vn 0.2038 -0.6909 -0.6937
vn 0.2038 -0.6909 -0.6937
vn 0.2038 -0.6909 -0.6937
vn 0.2038 -0.6909 -0.6937
vn 0.2038 -0.6909 -0.6937
vn 0.2038 -0.6909 -0.6937
vn -0.7313 -0.6473 -0.2149
vn -0.7313 -0.6473 -0.2149
vn -0.7313 -0.6473 -0.2149
vn -0.7313 -0.6473 -0.2149
vn -0.7313 -0.6473 -0.2149
vn -0.7313 -0.6473 -0.2149
vn -0.1623 -0.9293 -0.3319
vn -0.1623 -0.9293 -0.3319
vn -0.1623 -0.9293 -0.3319
vn -0.1623 -0.9293 -0.3319
vn -0.1623 -0.9293 -0.3319
vn -0.1623 -0.9293 -0.3319
vn -0.5301 -0.8073 0.2592
vn -0.5301 -0.8073 0.2592
vn -0.5301 -0.8073 0.2592
vn -0.5301 -0.8073 0.2592
vn -0.5301 -0.8073 0.2592
vn -0.5301 -0.8073 0.2592
vn -0.2365 -0.8899 0.3901
vn -0.2365 -0.8899 0.3901
vn -0.2365 -0.8899 0.3901
vn -0.2365 -0.8899 0.3901
vn -0.2365 -0.8899 0.3901
vn -0.2365 -0.8899 0.3901
vn 0.5464 -0.7692 0.3313
vn 0.5464 -0.7692 0.3313
vn 0.5464 -0.7692 0.3313
vn 0.5464 -0.7692 0.3313
vn 0.5464 -0.7692 0.3313
vn 0.5464 -0.7692 0.3313
vn 0.5584 -0.8294 0.0172
vn 0.5584 -0.8294 0.0172
vn 0.5584 -0.8294 0.0172
vn 0.5584 -0.8294 0.0172
vn 0.5584 -0.8294 0.0172
vn 0.5584 -0.8294 0.0172
vn 0.0149 -0.8744 -0.4850
vn 0.0149 -0.8744 -0.4850
vn 0.0149 -0.8744 -0.4850
vn 0.0149 -0.8744 -0.4850
vn 0.0149 -0.8744 -0.4850
vn 0.0149 -0.8744 -0.4850
vn -0.1552 -0.8497 -0.5040
vn -0.1552 -0.8497 -0.5040
vn -0.1552 -0.8497 -0.5040
vn -0.1552 -0.8497 -0.5040
vn -0.1552 -0.8497 -0.5040
vn -0.1552 -0.8497 -0.5040
vn -0.8199 -0.5138 0.2524
vn -0.8199 -0.5138 0.2524
vn -0.8199 -0.5138 0.2524
vn -0.8199 -0.5138 0.2524
vn -0.8199 -0.5138 0.2524
vn -0.8199 -0.5138 0.2524
vn -0.5277 -0.6525 -0.5438
vn -0.5277 -0.6525 -0.5438
vn -0.5277 -0.6525 -0.5438
vn -0.5277 -0.6525 -0.5438
vn -0.5277 -0.6525 -0.5438
vn -0.5277 -0.6525 -0.5438
vn -0.4552 -0.7731 0.4417
vn -0.4552 -0.7731 0.4417
vn -0.4552 -0.7731 0.4417
vn -0.4552 -0.7731 0.4417
vn -0.4552 -0.7731 0.4417
vn -0.4552 -0.7731 0.4417
vn 0.5900 -0.6237 0.5128
vn 0.5900 -0.6237 0.5128
vn 0.5900 -0.6237 0.5128
vn 0.5900 -0.6237 0.5128
vn 0.5900 -0.6237 0.5128
vn 0.5900 -0.6237 0.5128
vn 0.4689 -0.6993 -0.5396
vn 0.4689 -0.6993 -0.5396
vn 0.4689 -0.6993 -0.5396
vn 0.4689 -0.6993 -0.5396
vn 0.4689 -0.6993 -0.5396
vn 0.4689 -0.6993 -0.5396
vn -0.3117 -0.8782 -0.3627
vn -0.3117 -0.8782 -0.3627
vn -0.3117 -0.8782 -0.3627
vn -0.3117 -0.8782 -0.3627
vn -0.3117 -0.8782 -0.3627
vn -0.3117 -0.8782 -0.3627
vn -0.4293 -0.8244 0.3690
vn -0.4293 -0.8244 0.3690
vn -0.4293 -0.8244 0.3690
vn -0.4293 -0.8244 0.3690
vn -0.4293 -0.8244 0.3690
vn -0.4293 -0.8244 0.3690
vn -0.6117 -0.5298 -0.5875
vn -0.6117 -0.5298 -0.5875
vn -0.6117 -0.5298 -0.5875
vn -0.6117 -0.5298 -0.5875
vn -0.6117 -0.5298 -0.5875
vn -0.6117 -0.5298 -0.5875
vn -0.3425 -0.8692 0.3566
vn -0.3425 -0.8692 0.3566
vn -0.3425 -0.8692 0.3566
vn -0.3425 -0.8692 0.3566
vn -0.3425 -0.8692 0.3566
vn -0.3425 -0.8692 0.3566
vn -0.1804 -0.5953 -0.7830
vn -0.1804 -0.5953 -0.7830
vn -0.1804 -0.5953 -0.7830
vn -0.1804 -0.5953 -0.7830
vn -0.1804 -0.5953 -0.7830
vn -0.1804 -0.5953 -0.7830
vn -0.6060 -0.7831 0.1396
vn -0.6060 -0.7831 0.1396
vn -0.6060 -0.7831 0.1396
vn -0.6060 -0.7831 0.1396
vn -0.6060 -0.7831 0.1396
vn -0.6060 -0.7831 0.1396
vn -0.2786 -0.5199 0.8076
vn -0.2786 -0.5199 0.8076
vn -0.2786 -0.5199 0.8076
vn -0.2786 -0.5199 0.8076
vn -0.2786 -0.5199 0.8076
vn -0.2786 -0.5199 0.8076
vn 0.7310 -0.6341 0.2522
vn 0.7310 -0.6341 0.2522
vn 0.7310 -0.6341 0.2522
vn 0.7310 -0.6341 0.2522
vn 0.7310 -0.6341 0.2522
vn 0.7310 -0.6341 0.2522
vn -0.5076 -0.7042 0.4965
vn -0.5076 -0.7042 0.4965
vn -0.5076 -0.7042 0.4965
vn -0.5076 -0.7042 0.4965
vn -0.5076 -0.7042 0.4965
vn -0.5076 -0.7042 0.4965
vn 0.3429 -0.8715 0.3505
vn 0.3429 -0.8715 0.3505
vn 0.3429 -0.8715 0.3505
vn 0.3429 -0.8715 0.3505
vn 0.3429 -0.8715 0.3505
vn 0.3429 -0.8715 0.3505
vn 0.1509 -0.5890 -0.7939
vn 0.1509 -0.5890 -0.7939
vn 0.1509 -0.5890 -0.7939
vn 0.1509 -0.5890 -0.7939
vn 0.1509 -0.5890 -0.7939
vn 0.1509 -0.5890 -0.7939
vn -0.3732 -0.9250 -0.0710
vn -0.3732 -0.9250 -0.0710
vn -0.3732 -0.9250 -0.0710
vn -0.3732 -0.9250 -0.0710
vn -0.3732 -0.9250 -0.0710
vn -0.3732 -0.9250 -0.0710
vn 0.5327 -0.7866 -0.3123
vn 0.5327 -0.7866 -0.3123
vn 0.5327 -0.7866 -0.3123
vn 0.5327 -0.7866 -0.3123
vn 0.5327 -0.7866 -0.3123
vn 0.5327 -0.7866 -0.3123
vn -0.3467 -0.7282 -0.5912
vn -0.3467 -0.7282 -0.5912
vn -0.3467 -0.7282 -0.5912
vn -0.3467 -0.7282 -0.5912
vn -0.3467 -0.7282 -0.5912
vn -0.3467 -0.7282 -0.5912
vn 0.1651 -0.8709 0.4628
vn 0.1651 -0.8709 0.4628
vn 0.1651 -0.8709 0.4628
vn 0.1651 -0.8709 0.4628
vn 0.1651 -0.8709 0.4628
vn 0.1651 -0.8709 0.4628
vn 0.6419 -0.7318 -0.2290
vn 0.6419 -0.7318 -0.2290
vn 0.6419 -0.7318 -0.2290
vn 0.6419 -0.7318 -0.2290
vn 0.6419 -0.7318 -0.2290
vn 0.6419 -0.7318 -0.2290
vn 0.7903 -0.6078 0.0781
vn 0.7903 -0.6078 0.0781
vn 0.7903 -0.6078 0.0781
vn 0.7903 -0.6078 0.0781
vn 0.7903 -0.6078 0.0781
vn 0.7903 -0.6078 0.0781
vn 0.0434 -0.8971 -0.4398
vn 0.0434 -0.8971 -0.4398
vn 0.0434 -0.8971 -0.4398
vn 0.0434 -0.8971 -0.4398
vn 0.0434 -0.8971 -0.4398
vn 0.0434 -0.8971 -0.4398
vn 0.5189 -0.7934 0.3181
vn 0.5189 -0.7934 0.3181
vn 0.5189 -0.7934 0.3181
vn 0.5189 -0.7934 0.3181
vn 0.5189 -0.7934 0.3181
vn 0.5189 -0.7934 0.3181
vn 0.2026 -0.9218 -0.3306
vn 0.2026 -0.9218 -0.3306
vn 0.2026 -0.9218 -0.3306
vn 0.2026 -0.9218 -0.3306
vn 0.2026 -0.9218 -0.3306
vn 0.2026 -0.9218 -0.3306
vn -0.4116 -0.8879 0.2053
vn -0.4116 -0.8879 0.2053
vn -0.4116 -0.8879 0.2053
vn -0.4116 -0.8879 0.2053
vn -0.4116 -0.8879 0.2053
vn -0.4116 -0.8879 0.2053
vn 0.3785 -0.5302 0.7587
vn 0.3785 -0.5302 0.7587
vn 0.3785 -0.5302 0.7587
vn 0.3785 -0.5302 0.7587
vn 0.3785 -0.5302 0.7587
vn 0.3785 -0.5302 0.7587
vn -0.1544 -0.5190 0.8407
vn -0.1544 -0.5190 0.8407
vn -0.1544 -0.5190 0.8407
vn -0.1544 -0.5190 0.8407
vn -0.1544 -0.5190 0.8407
vn -0.1544 -0.5190 0.8407
vn 0.6739 -0.7284 0.1237
vn 0.6739 -0.7284 0.1237
vn 0.6739 -0.7284 0.1237
vn 0.6739 -0.7284 0.1237
vn 0.6739 -0.7284 0.1237
vn 0.6739 -0.7284 0.1237
vn -0.0805 -0.8666 0.4925
vn -0.0805 -0.8666 0.4925
vn -0.0805 -0.8666 0.4925
vn -0.0805 -0.8666 0.4925
vn -0.0805 -0.8666 0.4925
vn -0.0805 -0.8666 0.4925
vn 0.4003 -0.9140 0.0654
vn 0.4003 -0.9140 0.0654
vn 0.4003 -0.9140 0.0654
vn 0.4003 -0.9140 0.0654
vn 0.4003 -0.9140 0.0654
vn 0.4003 -0.9140 0.0654
vn -0.8135 -0.5716 0.1072
vn -0.8135 -0.5716 0.1072
vn -0.8135 -0.5716 0.1072
vn -0.8135 -0.5716 0.1072
vn -0.8135 -0.5716 0.1072
vn -0.8135 -0.5716 0.1072
vn 0.0916 -0.7130 0.6951
vn 0.0916 -0.7130 0.6951
vn 0.0916 -0.7130 0.6951
vn 0.0916 -0.7130 0.6951
vn 0.0916 -0.7130 0.6951
vn 0.0916 -0.7130 0.6951
vn -0.5988 -0.5955 0.5355
vn -0.5988 -0.5955 0.5355
vn -0.5988 -0.5955 0.5355
vn -0.5988 -0.5955 0.5355
vn -0.5988 -0.5955 0.5355
vn -0.5988 -0.5955 0.5355
vn 0.2855 -0.9036 0.3193
vn 0.2855 -0.9036 0.3193
vn 0.2855 -0.9036 0.3193
vn 0.2855 -0.9036 0.3193
vn 0.2855 -0.9036 0.3193
vn 0.2855 -0.9036 0.3193
vn -0.2205 -0.8320 0.5090
vn -0.2205 -0.8320 0.5090
vn -0.2205 -0.8320 0.5090
vn -0.2205 -0.8320 0.5090
vn -0.2205 -0.8320 0.5090
vn -0.2205 -0.8320 0.5090
vn 0.6499 -0.7060 0.2815
vn 0.6499 -0.7060 0.2815
vn 0.6499 -0.7060 0.2815
vn 0.6499 -0.7060 0.2815
vn 0.6499 -0.7060 0.2815
vn 0.6499 -0.7060 0.2815
vn -0.0595 -0.9022 0.4272
vn -0.0595 -0.9022 0.4272
vn -0.0595 -0.9022 0.4272
vn -0.0595 -0.9022 0.4272
vn -0.0595 -0.9022 0.4272
vn -0.0595 -0.9022 0.4272
vn 0.5171 -0.8529 0.0721
vn 0.5171 -0.8529 0.0721
vn 0.5171 -0.8529 0.0721
vn 0.5171 -0.8529 0.0721
vn 0.5171 -0.8529 0.0721
vn 0.5171 -0.8529 0.0721
vn -0.6484 -0.7608 0.0275
vn -0.6484 -0.7608 0.0275
vn -0.6484 -0.7608 0.0275
vn -0.6484 -0.7608 0.0275
vn -0.6484 -0.7608 0.0275
vn -0.6484 -0.7608 0.0275
vn 0.0315 -0.6690 0.7426
vn 0.0315 -0.6690 0.7426
vn 0.0315 -0.6690 0.7426
vn 0.0315 -0.6690 0.7426
vn 0.0315 -0.6690 0.7426
vn 0.0315 -0.6690 0.7426
vn -0.2891 -0.7742 -0.5631
vn -0.2891 -0.7742 -0.5631
vn -0.2891 -0.7742 -0.5631
vn -0.2891 -0.7742 -0.5631
vn -0.2891 -0.7742 -0.5631
vn -0.2891 -0.7742 -0.5631
vn -0.6172 -0.7202 0.3169
vn -0.6172 -0.7202 0.3169
vn -0.6172 -0.7202 0.3169
vn -0.6172 -0.7202 0.3169
vn -0.6172 -0.7202 0.3169
vn -0.6172 -0.7202 0.3169
vn -0.2473 -0.9177 0.3110
vn -0.2473 -0.9177 0.3110
vn -0.2473 -0.9177 0.3110
vn -0.2473 -0.9177 0.3110
vn -0.2473 -0.9177 0.3110
vn -0.2473 -0.9177 0.3110
vn 0.6371 -0.5809 0.5067
vn 0.6371 -0.5809 0.5067
vn 0.6371 -0.5809 0.5067
vn 0.6371 -0.5809 0.5067
vn 0.6371 -0.5809 0.5067
vn 0.6371 -0.5809 0.5067
vn 0.2309 -0.8203 0.5232
vn 0.2309 -0.8203 0.5232
vn 0.2309 -0.8203 0.5232
vn 0.2309 -0.8203 0.5232
vn 0.2309 -0.8203 0.5232
vn 0.2309 -0.8203 0.5232
vn 0.5570 -0.7933 -0.2458
vn 0.5570 -0.7933 -0.2458
vn 0.5570 -0.7933 -0.2458
vn 0.5570 -0.7933 -0.2458
vn 0.5570 -0.7933 -0.2458
vn 0.5570 -0.7933 -0.2458
vn 0.3810 -0.6323 -0.6746
vn 0.3810 -0.6323 -0.6746
vn 0.3810 -0.6323 -0.6746
vn 0.3810 -0.6323 -0.6746
vn 0.3810 -0.6323 -0.6746
vn 0.3810 -0.6323 -0.6746
vn -0.7212 -0.5604 -0.4073
vn -0.7212 -0.5604 -0.4073
vn -0.7212 -0.5604 -0.4073
vn -0.7212 -0.5604 -0.4073
vn -0.7212 -0.5604 -0.4073
vn -0.7212 -0.5604 -0.4073
vn -0.1401 -0.5301 0.8363
vn -0.1401 -0.5301 0.8363
vn -0.1401 -0.5301 0.8363
vn -0.1401 -0.5301 0.8363
vn -0.1401 -0.5301 0.8363
vn -0.1401 -0.5301 0.8363
vn 0.6689 -0.7349 0.1120
vn 0.6689 -0.7349 0.1120
vn 0.6689 -0.7349 0.1120
vn 0.6689 -0.7349 0.1120
vn 0.6689 -0.7349 0.1120
vn 0.6689 -0.7349 0.1120
vn -0.0309 -0.7123 0.7012
vn -0.0309 -0.7123 0.7012
vn -0.0309 -0.7123 0.7012
vn -0.0309 -0.7123 0.7012
vn -0.0309 -0.7123 0.7012
vn -0.0309 -0.7123 0.7012
vn 0.8032 -0.5947 0.0354
vn 0.8032 -0.5947 0.0354
vn 0.8032 -0.5947 0.0354
vn 0.8032 -0.5947 0.0354
vn 0.8032 -0.5947 0.0354
vn 0.8032 -0.5947 0.0354
vn -0.7376 -0.5406 0.4045
vn -0.7376 -0.5406 0.4045
vn -0.7376 -0.5406 0.4045
vn -0.7376 -0.5406 0.4045
vn -0.7376 -0.5406 0.4045
vn -0.7376 -0.5406 0.4045
vn 0.2050 -0.9046 0.3738
vn 0.2050 -0.9046 0.3738
vn 0.2050 -0.9046 0.3738
vn 0.2050 -0.9046 0.3738
vn 0.2050 -0.9046 0.3738
vn 0.2050 -0.9046 0.3738
vn 0.4063 -0.7366 0.5406
vn 0.4063 -0.7366 0.5406
vn 0.4063 -0.7366 0.5406
vn 0.4063 -0.7366 0.5406
vn 0.4063 -0.7366 0.5406
vn 0.4063 -0.7366 0.5406
vn 0.2926 -0.9306 -0.2199
vn 0.2926 -0.9306 -0.2199
vn 0.2926 -0.9306 -0.2199
vn 0.2926 -0.9306 -0.2199
vn 0.2926 -0.9306 -0.2199
vn 0.2926 -0.9306 -0.2199
vn -0.5063 -0.8125 -0.2889
vn -0.5063 -0.8125 -0.2889
vn -0.5063 -0.8125 -0.2889
vn -0.5063 -0.8125 -0.2889
vn -0.5063 -0.8125 -0.2889
vn -0.5063 -0.8125 -0.2889
vn -0.3096 -0.7809 0.5426
vn -0.3096 -0.7809 0.5426
vn -0.3096 -0.7809 0.5426
vn -0.3096 -0.7809 0.5426
vn -0.3096 -0.7809 0.5426
vn -0.3096 -0.7809 0.5426
vn 0.0916 -0.8790 0.4679
vn 0.0916 -0.8790 0.4679
vn 0.0916 -0.8790 0.4679
vn 0.0916 -0.8790 0.4679
vn 0.0916 -0.8790 0.4679
vn 0.0916 -0.8790 0.4679
vn 0.5975 -0.7933 -0.1170
vn 0.5975 -0.7933 -0.1170
vn 0.5975 -0.7933 -0.1170
vn 0.5975 -0.7933 -0.1170
vn 0.5975 -0.7933 -0.1170
vn 0.5975 -0.7933 -0.1170
vn 0.7439 -0.5830 -0.3267
vn 0.7439 -0.5830 -0.3267
vn 0.7439 -0.5830 -0.3267
vn 0.7439 -0.5830 -0.3267
vn 0.7439 -0.5830 -0.3267
vn 0.7439 -0.5830 -0.3267
vn -0.3224 -0.5976 -0.7342
vn -0.3224 -0.5976 -0.7342
vn -0.3224 -0.5976 -0.7342
vn -0.3224 -0.5976 -0.7342
vn -0.3224 -0.5976 -0.7342
vn -0.3224 -0.5976 -0.7342
vn -0.3228 -0.9320 0.1650
vn -0.3228 -0.9320 0.1650
vn -0.3228 -0.9320 0.1650
vn -0.3228 -0.9320 0.1650
vn -0.3228 -0.9320 0.1650
vn -0.3228 -0.9320 0.1650
vn 0.1594 -0.9367 0.3117
vn 0.1594 -0.9367 0.3117
vn 0.1594 -0.9367 0.3117
vn 0.1594 -0.9367 0.3117
vn 0.1594 -0.9367 0.3117
vn 0.1594 -0.9367 0.3117
vn -0.1801 -0.8256 0.5348
vn -0.1801 -0.8256 0.5348
vn -0.1801 -0.8256 0.5348
vn -0.1801 -0.8256 0.5348
vn -0.1801 -0.8256 0.5348
vn -0.1801 -0.8256 0.5348
vn 0.5777 -0.7927 0.1946
vn 0.5777 -0.7927 0.1946
vn 0.5777 -0.7927 0.1946
vn 0.5777 -0.7927 0.1946
vn 0.5777 -0.7927 0.1946
vn 0.5777 -0.7927 0.1946
vn -0.1926 -0.5006 -0.8440
vn -0.1926 -0.5006 -0.8440
vn -0.1926 -0.5006 -0.8440
vn -0.1926 -0.5006 -0.8440
vn -0.1926 -0.5006 -0.8440
vn -0.1926 -0.5006 -0.8440
vn -0.7624 -0.6233 0.1740
vn -0.7624 -0.6233 0.1740
vn -0.7624 -0.6233 0.1740
vn -0.7624 -0.6233 0.1740
vn -0.7624 -0.6233 0.1740
vn -0.7624 -0.6233 0.1740
vn -0.3027 -0.7177 -0.6272
vn -0.3027 -0.7177 -0.6272
vn -0.3027 -0.7177 -0.6272
vn -0.3027 -0.7177 -0.6272
vn -0.3027 -0.7177 -0.6272
vn -0.3027 -0.7177 -0.6272
vn -0.5743 -0.7703 0.2772
vn -0.5743 -0.7703 0.2772
vn -0.5743 -0.7703 0.2772
vn -0.5743 -0.7703 0.2772
vn -0.5743 -0.7703 0.2772
vn -0.5743 -0.7703 0.2772
vn 0.4536 -0.7789 -0.4330
vn 0.4536 -0.7789 -0.4330
vn 0.4536 -0.7789 -0.4330
vn 0.4536 -0.7789 -0.4330
vn 0.4536 -0.7789 -0.4330
vn 0.4536 -0.7789 -0.4330
vn -0.3876 -0.8276 -0.4060
vn -0.3876 -0.8276 -0.4060
vn -0.3876 -0.8276 -0.4060
vn -0.3876 -0.8276 -0.4060
vn -0.3876 -0.8276 -0.4060
vn -0.3876 -0.8276 -0.4060
vn -0.0276 -0.8658 -0.4996
vn -0.0276 -0.8658 -0.4996
vn -0.0276 -0.8658 -0.4996
vn -0.0276 -0.8658 -0.4996
vn -0.0276 -0.8658 -0.4996
vn -0.0276 -0.8658 -0.4996
vn -0.4817 -0.8759 0.0266
vn -0.4817 -0.8759 0.0266
vn -0.4817 -0.8759 0.0266
vn -0.4817 -0.8759 0.0266
vn -0.4817 -0.8759 0.0266
vn -0.4817 -0.8759 0.0266
vn -0.3710 -0.6565 -0.6568
vn -0.3710 -0.6565 -0.6568
vn -0.3710 -0.6565 -0.6568
vn -0.3710 -0.6565 -0.6568
vn -0.3710 -0.6565 -0.6568
vn -0.3710 -0.6565 -0.6568
vn -0.5355 -0.7885 0.3025
vn -0.5355 -0.7885 0.3025
vn -0.5355 -0.7885 0.3025
vn -0.5355 -0.7885 0.3025
vn -0.5355 -0.7885 0.3025
vn -0.5355 -0.7885 0.3025
vn -0.1639 -0.6505 0.7416
vn -0.1639 -0.6505 0.7416
vn -0.1639 -0.6505 0.7416
vn -0.1639 -0.6505 0.7416
vn -0.1639 -0.6505 0.7416
vn -0.1639 -0.6505 0.7416
vn 0.7525 -0.6372 0.1663
vn 0.7525 -0.6372 0.1663
vn 0.7525 -0.6372 0.1663
vn 0.7525 -0.6372 0.1663
vn 0.7525 -0.6372 0.1663
vn 0.7525 -0.6372 0.1663
vn -0.2240 -0.9134 0.3399
vn -0.2240 -0.9134 0.3399
vn -0.2240 -0.9134 0.3399
vn -0.2240 -0.9134 0.3399
vn -0.2240 -0.9134 0.3399
vn -0.2240 -0.9134 0.3399
vn 0.4881 -0.8113 0.3217
vn 0.4881 -0.8113 0.3217
vn 0.4881 -0.8113 0.3217
vn 0.4881 -0.8113 0.3217
vn 0.4881 -0.8113 0.3217
vn 0.4881 -0.8113 0.3217
vn -0.3744 -0.9188 0.1247
vn -0.3744 -0.9188 0.1247
vn -0.3744 -0.9188 0.1247
vn -0.3744 -0.9188 0.1247
vn -0.3744 -0.9188 0.1247
vn -0.3744 -0.9188 0.1247
vn 0.1917 -0.7949 0.5756
vn 0.1917 -0.7949 0.5756
vn 0.1917 -0.7949 0.5756
vn 0.1917 -0.7949 0.5756
vn 0.1917 -0.7949 0.5756
vn 0.1917 -0.7949 0.5756
vn -0.1373 -0.7074 -0.6933
vn -0.1373 -0.7074 -0.6933
vn -0.1373 -0.7074 -0.6933
vn -0.1373 -0.7074 -0.6933
vn -0.1373 -0.7074 -0.6933
vn -0.1373 -0.7074 -0.6933
vn -0.4446 -0.8914 0.0881
vn -0.4446 -0.8914 0.0881
vn -0.4446 -0.8914 0.0881
vn -0.4446 -0.8914 0.0881
vn -0.4446 -0.8914 0.0881
vn -0.4446 -0.8914 0.0881
vn -0.1314 -0.5412 0.8306
vn -0.1314 -0.5412 0.8306
vn -0.1314 -0.5412 0.8306
vn -0.1314 -0.5412 0.8306
vn -0.1314 -0.5412 0.8306
vn -0.1314 -0.5412 0.8306
vn 0.6159 -0.7818 0.0975
vn 0.6159 -0.7818 0.0975
vn 0.6159 -0.7818 0.0975
vn 0.6159 -0.7818 0.0975
vn 0.6159 -0.7818 0.0975
vn 0.6159 -0.7818 0.0975
vn 0.4315 -0.7747 -0.4622
vn 0.4315 -0.7747 -0.4622
vn 0.4315 -0.7747 -0.4622
vn 0.4315 -0.7747 -0.4622
vn 0.4315 -0.7747 -0.4622
vn 0.4315 -0.7747 -0.4622
vn -0.3316 -0.8912 -0.3095
vn -0.3316 -0.8912 -0.3095
vn -0.3316 -0.8912 -0.3095
vn -0.3316 -0.8912 -0.3095
vn -0.3316 -0.8912 -0.3095
vn -0.3316 -0.8912 -0.3095
vn -0.4063 -0.9136 0.0179
vn -0.4063 -0.9136 0.0179
vn -0.4063 -0.9136 0.0179
vn -0.4063 -0.9136 0.0179
vn -0.4063 -0.9136 0.0179
vn -0.4063 -0.9136 0.0179
vn 0.0158 -0.9332 0.3589
vn 0.0158 -0.9332 0.3589
vn 0.0158 -0.9332 0.3589
vn 0.0158 -0.9332 0.3589
vn 0.0158 -0.9332 0.3589
vn 0.0158 -0.9332 0.3589
vn -0.3629 -0.9229 -0.1290
vn -0.3629 -0.9229 -0.1290
vn -0.3629 -0.9229 -0.1290
vn -0.3629 -0.9229 -0.1290
vn -0.3629 -0.9229 -0.1290
vn -0.3629 -0.9229 -0.1290
vn -0.2495 -0.6675 0.7016
vn -0.2495 -0.6675 0.7016
vn -0.2495 -0.6675 0.7016
vn -0.2495 -0.6675 0.7016
vn -0.2495 -0.6675 0.7016
vn -0.2495 -0.6675 0.7016
vn -0.6431 -0.7457 -0.1740
vn -0.6431 -0.7457 -0.1740
vn -0.6431 -0.7457 -0.1740
vn -0.6431 -0.7457 -0.1740
vn -0.6431 -0.7457 -0.1740
vn -0.6431 -0.7457 -0.1740
vn -0.1130 -0.9015 0.4177
vn -0.1130 -0.9015 0.4177
vn -0.1130 -0.9015 0.4177
vn -0.1130 -0.9015 0.4177
vn -0.1130 -0.9015 0.4177
vn -0.1130 -0.9015 0.4177
vn -0.1217 -0.9267 0.3555
vn -0.1217 -0.9267 0.3555
vn -0.1217 -0.9267 0.3555
vn -0.1217 -0.9267 0.3555
vn -0.1217 -0.9267 0.3555
vn -0.1217 -0.9267 0.3555
vn 0.6491 -0.7275 0.2223
vn 0.6491 -0.7275 0.2223
vn 0.6491 -0.7275 0.2223
vn 0.6491 -0.7275 0.2223
vn 0.6491 -0.7275 0.2223
vn 0.6491 -0.7275 0.2223
vn -0.3448 -0.9356 -0.0756
vn -0.3448 -0.9356 -0.0756
vn -0.3448 -0.9356 -0.0756
vn -0.3448 -0.9356 -0.0756
vn -0.3448 -0.9356 -0.0756
vn -0.3448 -0.9356 -0.0756
vn -0.0767 -0.9337 0.3498
vn -0.0767 -0.9337 0.3498
vn -0.0767 -0.9337 0.3498
vn -0.0767 -0.9337 0.3498
vn -0.0767 -0.9337 0.3498
vn -0.0767 -0.9337 0.3498
vn 0.7685 -0.6010 -0.2197
vn 0.7685 -0.6010 -0.2197
vn 0.7685 -0.6010 -0.2197
vn 0.7685 -0.6010 -0.2197
vn 0.7685 -0.6010 -0.2197
vn 0.7685 -0.6010 -0.2197
vn -0.1250 -0.8906 -0.4372
vn -0.1250 -0.8906 -0.4372
vn -0.1250 -0.8906 -0.4372
vn -0.1250 -0.8906 -0.4372
vn -0.1250 -0.8906 -0.4372
vn -0.1250 -0.8906 -0.4372
vn 0.0556 -0.8514 0.5216
vn 0.0556 -0.8514 0.5216
vn 0.0556 -0.8514 0.5216
vn 0.0556 -0.8514 0.5216
vn 0.0556 -0.8514 0.5216
vn 0.0556 -0.8514 0.5216
vn 0.3641 -0.9306 -0.0388
vn 0.3641 -0.9306 -0.0388
vn 0.3641 -0.9306 -0.0388
vn 0.3641 -0.9306 -0.0388
vn 0.3641 -0.9306 -0.0388
vn 0.3641 -0.9306 -0.0388
vn 0.3608 -0.9093 0.2074
vn 0.3608 -0.9093 0.2074
vn 0.3608 -0.9093 0.2074
vn 0.3608 -0.9093 0.2074
vn 0.3608 -0.9093 0.2074
vn 0.3608 -0.9093 0.2074
vn 0.2043 -0.9121 -0.3554
vn 0.2043 -0.9121 -0.3554
vn 0.2043 -0.9121 -0.3554
vn 0.2043 -0.9121 -0.3554
vn 0.2043 -0.9121 -0.3554
vn 0.2043 -0.9121 -0.3554
vn -0.2566 -0.6480 -0.7171
vn -0.2566 -0.6480 -0.7171
vn -0.2566 -0.6480 -0.7171
vn -0.2566 -0.6480 -0.7171
vn -0.2566 -0.6480 -0.7171
vn -0.2566 -0.6480 -0.7171
vn -0.5218 -0.8324 0.1867
vn -0.5218 -0.8324 0.1867
vn -0.5218 -0.8324 0.1867
vn -0.5218 -0.8324 0.1867
vn -0.5218 -0.8324 0.1867
vn -0.5218 -0.8324 0.1867
vn 0.3024 -0.9389 -0.1641
vn 0.3024 -0.9389 -0.1641
vn 0.3024 -0.9389 -0.1641
vn 0.3024 -0.9389 -0.1641
vn 0.3024 -0.9389 -0.1641
vn 0.3024 -0.9389 -0.1641
vn -0.3140 -0.7527 -0.5787
vn -0.3140 -0.7527 -0.5787
vn -0.3140 -0.7527 -0.5787
vn -0.3140 -0.7527 -0.5787
vn -0.3140 -0.7527 -0.5787
vn -0.3140 -0.7527 -0.5787
vn -0.0404 -0.9039 0.4257
vn -0.0404 -0.9039 0.4257
vn -0.0404 -0.9039 0.4257
vn -0.0404 -0.9039 0.4257
vn -0.0404 -0.9039 0.4257
vn -0.0404 -0.9039 0.4257
vn 0.4572 -0.8883 0.0433
vn 0.4572 -0.8883 0.0433
vn 0.4572 -0.8883 0.0433
vn 0.4572 -0.8883 0.0433
vn 0.4572 -0.8883 0.0433
vn 0.4572 -0.8883 0.0433
vn 0.1660 -0.9075 0.3859
vn 0.1660 -0.9075 0.3859
vn 0.1660 -0.9075 0.3859
vn 0.1660 -0.9075 0.3859
vn 0.1660 -0.9075 0.3859
vn 0.1660 -0.9075 0.3859
vn 0.6467 -0.7102 -0.2781
vn 0.6467 -0.7102 -0.2781
vn 0.6467 -0.7102 -0.2781
vn 0.6467 -0.7102 -0.2781
vn 0.6467 -0.7102 -0.2781
vn 0.6467 -0.7102 -0.2781
vn 0.2410 -0.9395 -0.2433
vn 0.2410 -0.9395 -0.2433
vn 0.2410 -0.9395 -0.2433
vn 0.2410 -0.9395 -0.2433
vn 0.2410 -0.9395 -0.2433
vn 0.2410 -0.9395 -0.2433
vn -0.4782 -0.7395 -0.4738
vn -0.4782 -0.7395 -0.4738
vn -0.4782 -0.7395 -0.4738
vn -0.4782 -0.7395 -0.4738
vn -0.4782 -0.7395 -0.4738
vn -0.4782 -0.7395 -0.4738
vn -0.3498 -0.9305 0.1087
vn -0.3498 -0.9305 0.1087
vn -0.3498 -0.9305 0.1087
vn -0.3498 -0.9305 0.1087
vn -0.3498 -0.9305 0.1087
vn -0.3498 -0.9305 0.1087
vn 0.1281 -0.9022 0.4120
vn 0.1281 -0.9022 0.4120
vn 0.1281 -0.9022 0.4120
vn 0.1281 -0.9022 0.4120
vn 0.1281 -0.9022 0.4120
vn 0.1281 -0.9022 0.4120
vn -0.1239 -0.5240 0.8427
vn -0.1239 -0.5240 0.8427
vn -0.1239 -0.5240 0.8427
vn -0.1239 -0.5240 0.8427
vn -0.1239 -0.5240 0.8427
vn -0.1239 -0.5240 0.8427
vn 0.6687 -0.7370 0.0983
vn 0.6687 -0.7370 0.0983
vn 0.6687 -0.7370 0.0983
vn 0.6687 -0.7370 0.0983
vn 0.6687 -0.7370 0.0983
vn 0.6687 -0.7370 0.0983
vn -0.6855 -0.5631 0.4615
vn -0.6855 -0.5631 0.4615
vn -0.6855 -0.5631 0.4615
vn -0.6855 -0.5631 0.4615
vn -0.6855 -0.5631 0.4615
vn -0.6855 -0.5631 0.4615
vn 0.4757 -0.5238 0.7066
vn 0.4757 -0.5238 0.7066
vn 0.4757 -0.5238 0.7066
vn 0.4757 -0.5238 0.7066
vn 0.4757 -0.5238 0.7066
vn 0.4757 -0.5238 0.7066
vn -0.3419 -0.8679 -0.3604
vn -0.3419 -0.8679 -0.3604
vn -0.3419 -0.8679 -0.3604
vn -0.3419 -0.8679 -0.3604
vn -0.3419 -0.8679 -0.3604
vn -0.3419 -0.8679 -0.3604
vn -0.4307 -0.8047 0.4085
vn -0.4307 -0.8047 0.4085
vn -0.4307 -0.8047 0.4085
vn -0.4307 -0.8047 0.4085
vn -0.4307 -0.8047 0.4085
vn -0.4307 -0.8047 0.4085
vn 0.4666 -0.7334 0.4944
vn 0.4666 -0.7334 0.4944
vn 0.4666 -0.7334 0.4944
vn 0.4666 -0.7334 0.4944
vn 0.4666 -0.7334 0.4944
vn 0.4666 -0.7334 0.4944
vn 0.5407 -0.6688 -0.5103
vn 0.5407 -0.6688 -0.5103
vn 0.5407 -0.6688 -0.5103
vn 0.5407 -0.6688 -0.5103
vn 0.5407 -0.6688 -0.5103
vn 0.5407 -0.6688 -0.5103
vn 0.6238 -0.6813 0.3830
vn 0.6238 -0.6813 0.3830
vn 0.6238 -0.6813 0.3830
vn 0.6238 -0.6813 0.3830
vn 0.6238 -0.6813 0.3830
vn 0.6238 -0.6813 0.3830
vn 0.2138 -0.9127 -0.3482
vn 0.2138 -0.9127 -0.3482
vn 0.2138 -0.9127 -0.3482
vn 0.2138 -0.9127 -0.3482
vn 0.2138 -0.9127 -0.3482
vn 0.2138 -0.9127 -0.3482
vn 0.7470 -0.6628 0.0518
vn 0.7470 -0.6628 0.0518
vn 0.7470 -0.6628 0.0518
vn 0.7470 -0.6628 0.0518
vn 0.7470 -0.6628 0.0518
vn 0.7470 -0.6628 0.0518
vn 0.0334 -0.8757 -0.4817
vn 0.0334 -0.8757 -0.4817
vn 0.0334 -0.8757 -0.4817
vn 0.0334 -0.8757 -0.4817
vn 0.0334 -0.8757 -0.4817
vn 0.0334 -0.8757 -0.4817
vn 0.7628 -0.6466 -0.0110
vn 0.7628 -0.6466 -0.0110
vn 0.7628 -0.6466 -0.0110
vn 0.7628 -0.6466 -0.0110
vn 0.7628 -0.6466 -0.0110
vn 0.7628 -0.6466 -0.0110
vn -0.0086 -0.8038 -0.5948
vn -0.0086 -0.8038 -0.5948
vn -0.0086 -0.8038 -0.5948
vn -0.0086 -0.8038 -0.5948
vn -0.0086 -0.8038 -0.5948
vn -0.0086 -0.8038 -0.5948
vn 0.7618 -0.6074 -0.2252
vn 0.7618 -0.6074 -0.2252
vn 0.7618 -0.6074 -0.2252
vn 0.7618 -0.6074 -0.2252
vn 0.7618 -0.6074 -0.2252
vn 0.7618 -0.6074 -0.2252
vn -0.1137 -0.9160 -0.3846
vn -0.1137 -0.9160 -0.3846
vn -0.1137 -0.9160 -0.3846
vn -0.1137 -0.9160 -0.3846
vn -0.1137 -0.9160 -0.3846
vn -0.1137 -0.9160 -0.3846
vn 0.0452 -0.7955 0.6043
vn 0.0452 -0.7955 0.6043
vn 0.0452 -0.7955 0.6043
vn 0.0452 -0.7955 0.6043
vn 0.0452 -0.7955 0.6043
vn 0.0452 -0.7955 0.6043
vn 0.7483 -0.6610 -0.0559
vn 0.7483 -0.6610 -0.0559
vn 0.7483 -0.6610 -0.0559
vn 0.7483 -0.6610 -0.0559
vn 0.7483 -0.6610 -0.0559
vn 0.7483 -0.6610 -0.0559
vn 0.4378 -0.7427 0.5067
vn 0.4378 -0.7427 0.5067
vn 0.4378 -0.7427 0.5067
vn 0.4378 -0.7427 0.5067
vn 0.4378 -0.7427 0.5067
vn 0.4378 -0.7427 0.5067
vn 0.6292 -0.5555 -0.5436
vn 0.6292 -0.5555 -0.5436
vn 0.6292 -0.5555 -0.5436
vn 0.6292 -0.5555 -0.5436
vn 0.6292 -0.5555 -0.5436
vn 0.6292 -0.5555 -0.5436
vn -0.7173 -0.5773 0.3901
vn -0.7173 -0.5773 0.3901
vn -0.7173 -0.5773 0.3901
vn -0.7173 -0.5773 0.3901
vn -0.7173 -0.5773 0.3901
vn -0.7173 -0.5773 0.3901
vn 0.2456 -0.8578 0.4515
vn 0.2456 -0.8578 0.4515
vn 0.2456 -0.8578 0.4515
vn 0.2456 -0.8578 0.4515
vn 0.2456 -0.8578 0.4515
vn 0.2456 -0.8578 0.4515
vn 0.0248 -0.6029 0.7974
vn 0.0248 -0.6029 0.7974
vn 0.0248 -0.6029 0.7974
vn 0.0248 -0.6029 0.7974
vn 0.0248 -0.6029 0.7974
vn 0.0248 -0.6029 0.7974
vn 0.6260 -0.7796 -0.0195
vn 0.6260 -0.7796 -0.0195
vn 0.6260 -0.7796 -0.0195
vn 0.6260 -0.7796 -0.0195
vn 0.6260 -0.7796 -0.0195
vn 0.6260 -0.7796 -0.0195
vn -0.7605 -0.5763 0.2992
vn -0.7605 -0.5763 0.2992
vn -0.7605 -0.5763 0.2992
vn -0.7605 -0.5763 0.2992
vn -0.7605 -0.5763 0.2992
vn -0.7605 -0.5763 0.2992
vn 0.2404 -0.7543 0.6109
vn 0.2404 -0.7543 0.6109
vn 0.2404 -0.7543 0.6109
vn 0.2404 -0.7543 0.6109
vn 0.2404 -0.7543 0.6109
vn 0.2404 -0.7543 0.6109
vn 0.1745 -0.6374 -0.7505
vn 0.1745 -0.6374 -0.7505
vn 0.1745 -0.6374 -0.7505
vn 0.1745 -0.6374 -0.7505
vn 0.1745 -0.6374 -0.7505
vn 0.1745 -0.6374 -0.7505
vn -0.7279 -0.6644 -0.1693
vn -0.7279 -0.6644 -0.1693
vn -0.7279 -0.6644 -0.1693
vn -0.7279 -0.6644 -0.1693
vn -0.7279 -0.6644 -0.1693
vn -0.7279 -0.6644 -0.1693
vn 0.5165 -0.7514 0.4107
vn 0.5165 -0.7514 0.4107
vn 0.5165 -0.7514 0.4107
vn 0.5165 -0.7514 0.4107
vn 0.5165 -0.7514 0.4107
vn 0.5165 -0.7514 0.4107
vn 0.3772 -0.7955 -0.4743
vn 0.3772 -0.7955 -0.4743
vn 0.3772 -0.7955 -0.4743
vn 0.3772 -0.7955 -0.4743
vn 0.3772 -0.7955 -0.4743
vn 0.3772 -0.7955 -0.4743
vn -0.2918 -0.8558 0.4271
vn -0.2918 -0.8558 0.4271
vn -0.2918 -0.8558 0.4271
vn -0.2918 -0.8558 0.4271
vn -0.2918 -0.8558 0.4271
vn -0.2918 -0.8558 0.4271
vn 0.6324 -0.6429 0.4321
vn 0.6324 -0.6429 0.4321
vn 0.6324 -0.6429 0.4321
vn 0.6324 -0.6429 0.4321
vn 0.6324 -0.6429 0.4321
vn 0.6324 -0.6429 0.4321
vn -0.0034 -0.9370 0.3493
vn -0.0034 -0.9370 0.3493
vn -0.0034 -0.9370 0.3493
vn -0.0034 -0.9370 0.3493
vn -0.0034 -0.9370 0.3493
vn -0.0034 -0.9370 0.3493
vn 0.7503 -0.6611 0.0073
vn 0.7503 -0.6611 0.0073
vn 0.7503 -0.6611 0.0073
vn 0.7503 -0.6611 0.0073
vn 0.7503 -0.6611 0.0073
vn 0.7503 -0.6611 0.0073
vn -0.7361 -0.5692 -0.3663
vn -0.7361 -0.5692 -0.3663
vn -0.7361 -0.5692 -0.3663
vn -0.7361 -0.5692 -0.3663
vn -0.7361 -0.5692 -0.3663
vn -0.7361 -0.5692 -0.3663
vn -0.3636 -0.5778 0.7307
vn -0.3636 -0.5778 0.7307
vn -0.3636 -0.5778 0.7307
vn -0.3636 -0.5778 0.7307
vn -0.3636 -0.5778 0.7307
vn -0.3636 -0.5778 0.7307
vn -0.4953 -0.6758 0.5458
vn -0.4953 -0.6758 0.5458
vn -0.4953 -0.6758 0.5458
vn -0.4953 -0.6758 0.5458
vn -0.4953 -0.6758 0.5458
vn -0.4953 -0.6758 0.5458
vn 0.4137 -0.8294 0.3754
vn 0.4137 -0.8294 0.3754
vn 0.4137 -0.8294 0.3754
vn 0.4137 -0.8294 0.3754
vn 0.4137 -0.8294 0.3754
vn 0.4137 -0.8294 0.3754
vn -0.2455 -0.8127 0.5284
vn -0.2455 -0.8127 0.5284
vn -0.2455 -0.8127 0.5284
vn -0.2455 -0.8127 0.5284
vn -0.2455 -0.8127 0.5284
vn -0.2455 -0.8127 0.5284
vn 0.5578 -0.7885 0.2591
vn 0.5578 -0.7885 0.2591
vn 0.5578 -0.7885 0.2591
vn 0.5578 -0.7885 0.2591
vn 0.5578 -0.7885 0.2591
vn 0.5578 -0.7885 0.2591
vn 0.3269 -0.8998 0.2891
vn 0.3269 -0.8998 0.2891
vn 0.3269 -0.8998 0.2891
vn 0.3269 -0.8998 0.2891
vn 0.3269 -0.8998 0.2891
vn 0.3269 -0.8998 0.2891
vn 0.5321 -0.5956 -0.6017
vn 0.5321 -0.5956 -0.6017
vn 0.5321 -0.5956 -0.6017
vn 0.5321 -0.5956 -0.6017
vn 0.5321 -0.5956 -0.6017
vn 0.5321 -0.5956 -0.6017
usemtl leaves
s off
f 289/1336/289 290/1337/290 291/1338/291
f 292/1339/292 293/1340/293 294/1341/294
f 295/1342/295 296/1343/296 297/1344/297
f 298/1345/298 299/1346/299 300/1347/300
f 301/1348/301 302/1349/302 303/1350/303
f 304/1351/304 305/1352/305 306/1353/306
f 307/1354/307 308/1355/308 309/1356/309
f 310/1357/310 311/1358/311 312/1359/312
f 313/1360/313 314/1361/314 315/1362/315
f 316/1363/316 317/1364/317 318/1365/318
f 319/1366/319 320/1367/320 321/1368/321
f 322/1369/322 323/1370/323 324/1371/324
f 325/1372/325 326/1373/326 327/1374/327
f 328/1375/328 329/1376/329 330/1377/330
f 331/1378/331 332/1379/332 333/1380/333
f 334/1381/334 335/1382/335 336/1383/336
f 337/1384/337 338/1385/338 339/1386/339
f 340/1387/340 341/1388/341 342/1389/342
f 343/1390/343 344/1391/344 345/1392/345
f 346/1393/346 347/1394/347 348/1395/348
f 349/1396/349 350/1397/350 351/1398/351
f 352/1399/352 353/1400/353 354/1401/354
f 355/1402/355 356/1403/356 357/1404/357
f 358/1405/358 359/1406/359 360/1407/360
f 361/1408/361 362/1409/362 363/1410/363
f 364/1411/364 365/1412/365 366/1413/366
f 367/1414/367 368/1415/368 369/1416/369
f 370/1417/370 371/1418/371 372/1419/372
f 373/1420/373 374/1421/374 375/1422/375
f 376/1423/376 377/1424/377 378/1425/378
f 379/1426/379 380/1427/380 381/1428/381
f 382/1429/382 383/1430/383 384/1431/384
f 385/1432/385 386/1433/386 387/1434/387
f 388/1435/388 389/1436/389 390/1437/390
f 391/1438/391 392/1439/392 393/1440/393
f 394/1441/394 395/1442/395 396/1443/396
f 397/1444/397 398/1445/398 399/1446/399
f 400/1447/400 401/1448/401 402/1449/402
f 403/1450/403 404/1451/404 405/1452/405
f 406/1453/406 407/1454/407 408/1455/408
f 409/1456/409 410/1457/410 411/1458/411
f 412/1459/412 413/1460/413 414/1461/414
f 415/1462/415 416/1463/416 417/1464/417
f 418/1465/418 419/1466/419 420/1467/420
f 421/1468/421 422/1469/422 423/1470/423
f 424/1471/424 425/1472/425 426/1473/426
f 427/1474/427 428/1475/428 429/1476/429
f 430/1477/430 431/1478/431 432/1479/432
f 433/1480/433 434/1481/434 435/1482/435
f 436/1483/436 437/1484/437 438/1485/438
f 439/1486/439 440/1487/440 441/1488/441
f 442/1489/442 443/1490/443 444/1491/444
f 445/1492/445 446/1493/446 447/1494/447
f 448/1495/448 449/1496/449 450/1497/450
f 451/1498/451 452/1499/452 453/1500/453
f 454/1501/454 455/1502/455 456/1503/456
f 457/1504/457 458/1505/458 459/1506/459
f 460/1507/460 461/1508/461 462/1509/462
f 463/1510/463 464/1511/464 465/1512/465
f 466/1513/466 467/1514/467 468/1515/468
f 469/1516/469 470/1517/470 471/1518/471
f 472/1519/472 473/1520/473 474/1521/474
f 475/1522/475 476/1523/476 477/1524/477
f 478/1525/478 479/1526/479 480/1527/480
f 481/1528/481 482/1529/482 483/1530/483
f 484/1531/484 485/1532/485 486/1533/486
f 487/1534/487 488/1535/488 489/1536/489
f 490/1537/490 491/1538/491 492/1539/492
f 493/1540/493 494/1541/494 495/1542/495
f 496/1543/496 497/1544/497 498/1545/498
f 499/1546/499 500/1547/500 501/1548/501
f 502/1549/502 503/1550/503 504/1551/504
f 505/1552/505 506/1553/506 507/1554/507
f 508/1555/508 509/1556/509 510/1557/510
f 511/1558/511 512/1559/512 513/1560/513
f 514/1561/514 515/1562/515 516/1563/516
f 517/1564/517 518/1565/518 519/1566/519
f 520/1567/520 521/1568/521 522/1569/522
f 523/1570/523 524/1571/524 525/1572/525
f 526/1573/526 527/1574/527 528/1575/528
f 529/1576/529 530/1577/530 531/1578/531
f 532/1579/532 533/1580/533 534/1581/534
f 535/1582/535 536/1583/536 537/1584/537
f 538/1585/538 539/1586/539 540/1587/540
f 541/1588/541 542/1589/542 543/1590/543
f 544/1591/544 545/1592/545 546/1593/546
f 547/1594/547 548/1595/548 549/1596/549
f 550/1597/550 551/1598/551 552/1599/552
f 553/1600/553 554/1601/554 555/1602/555
f 556/1603/556 557/1604/557 558/1605/558
f 559/1606/559 560/1607/560 561/1608/561
f 562/1609/562 563/1610/563 564/1611/564
f 565/1612/565 566/1613/566 567/1614/567
f 568/1615/568 569/1616/569 570/1617/570
f 571/1618/571 572/1619/572 573/1620/573
f 574/1621/574 575/1622/575 576/1623/576
f 577/1624/577 578/1625/578 579/1626/579
f 580/1627/580 581/1628/581 582/1629/582
f 583/1630/583 584/1631/584 585/1632/585
f 586/1633/586 587/1634/587 588/1635/588
f 589/1636/589 590/1637/590 591/1638/591
f 592/1639/592 593/1640/593 594/1641/594
f 595/1642/595 596/1643/596 597/1644/597
f 598/1645/598 599/1646/599 600/1647/600
f 601/1648/601 602/1649/602 603/1650/603
f 604/1651/604 605/1652/605 606/1653/606
f 607/1654/607 608/1655/608 609/1656/609
f 610/1657/610 611/1658/611 612/1659/612
f 613/1660/613 614/1661/614 615/1662/615
f 616/1663/616 617/1664/617 618/1665/618
f 619/1666/619 620/1667/620 621/1668/621
f 622/1669/622 623/1670/623 624/1671/624
f 625/1672/625 626/1673/626 627/1674/627
f 628/1675/628 629/1676/629 630/1677/630
f 631/1678/631 632/1679/632 633/1680/633
f 634/1681/634 635/1682/635 636/1683/636
f 637/1684/637 638/1685/638 639/1686/639
f 640/1687/640 641/1688/641 642/1689/642
f 643/1690/643 644/1691/644 645/1692/645
f 646/1693/646 647/1694/647 648/1695/648
f 649/1696/649 650/1697/650 651/1698/651
f 652/1699/652 653/1700/653 654/1701/654
f 655/1702/655 656/1703/656 657/1704/657
f 658/1705/658 659/1706/659 660/1707/660
f 661/1708/661 662/1709/662 663/1710/663
f 664/1711/664 665/1712/665 666/1713/666
f 667/1714/667 668/1715/668 669/1716/669
f 670/1717/670 671/1718/671 672/1719/672
f 673/1720/673 674/1721/674 675/1722/675
f 676/1723/676 677/1724/677 678/1725/678
f 679/1726/679 680/1727/680 681/1728/681
f 682/1729/682 683/1730/683 684/1731/684
f 685/1732/685 686/1733/686 687/1734/687
f 688/1735/688 689/1736/689 690/1737/690
f 691/1738/691 692/1739/692 693/1740/693
f 694/1741/694 695/1742/695 696/1743/696
f 697/1744/697 698/1745/698 699/1746/699
f 700/1747/700 701/1748/701 702/1749/702
f 703/1750/703 704/1751/704 705/1752/705
f 706/1753/706 707/1754/707 708/1755/708
f 709/1756/709 710/1757/710 711/1758/711
f 712/1759/712 713/1760/713 714/1761/714
f 715/1762/715 716/1763/716 717/1764/717
f 718/1765/718 719/1766/719 720/1767/720
f 721/1768/721 722/1769/722 723/1770/723
f 724/1771/724 725/1772/725 726/1773/726
f 727/1774/727 728/1775/728 729/1776/729
f 730/1777/730 731/1778/731 732/1779/732
f 733/1780/733 734/1781/734 735/1782/735
f 736/1783/736 737/1784/737 738/1785/738
f 739/1786/739 740/1787/740 741/1788/741
f 742/1789/742 743/1790/743 744/1791/744
f 745/1792/745 746/1793/746 747/1794/747
f 748/1795/748 749/1796/749 750/1797/750
f 751/1798/751 752/1799/752 753/1800/753
f 754/1801/754 755/1802/755 756/1803/756
f 757/1804/757 758/1805/758 759/1806/759
f 760/1807/760 761/1808/761 762/1809/762
f 763/1810/763 764/1811/764 765/1812/765
f 766/1813/766 767/1814/767 768/1815/768
f 769/1816/769 770/1817/770 771/1818/771
f 772/1819/772 773/1820/773 774/1821/774
f 775/1822/775 776/1823/776 777/1824/777
f 778/1825/778 779/1826/779 780/1827/780
f 781/1828/781 782/1829/782 783/1830/783
f 784/1831/784 785/1832/785 786/1833/786
f 787/1834/787 788/1835/788 789/1836/789
f 790/1837/790 791/1838/791 792/1839/792
f 793/1840/793 794/1841/794 795/1842/795
f 796/1843/796 797/1844/797 798/1845/798
f 799/1846/799 800/1847/800 801/1848/801
f 802/1849/802 803/1850/803 804/1851/804
f 805/1852/805 806/1853/806 807/1854/807
f 808/1855/808 809/1856/809 810/1857/810
f 811/1858/811 812/1859/812 813/1860/813
f 814/1861/814 815/1862/815 816/1863/816
f 817/1864/817 818/1865/818 819/1866/819
f 820/1867/820 821/1868/821 822/1869/822
f 823/1870/823 824/1871/824 825/1872/825
f 826/1873/826 827/1874/827 828/1875/828
f 829/1876/829 830/1877/830 831/1878/831
f 832/1879/832 833/1880/833 834/1881/834
f 835/1882/835 836/1883/836 837/1884/837
f 838/1885/838 839/1886/839 840/1887/840
f 841/1888/841 842/1889/842 843/1890/843
f 844/1891/844 845/1892/845 846/1893/846
f 847/1894/847 848/1895/848 849/1896/849
f 850/1897/850 851/1898/851 852/1899/852
f 853/1900/853 854/1901/854 855/1902/855
f 856/1903/856 857/1904/857 858/1905/858
f 859/1906/859 860/1907/860 861/1908/861
f 862/1909/862 863/1910/863 864/1911/864
f 865/1912/865 866/1913/866 867/1914/867
f 868/1915/868 869/1916/869 870/1917/870
f 871/1918/871 872/1919/872 873/1920/873
f 874/1921/874 875/1922/875 876/1923/876
f 877/1924/877 878/1925/878 879/1926/879
f 880/1927/880 881/1928/881 882/1929/882
f 883/1930/883 884/1931/884 885/1932/885
f 886/1933/886 887/1934/887 888/1935/888
f 889/1936/889 890/1937/890 891/1938/891
f 892/1939/892 893/1940/893 894/1941/894
f 895/1942/895 896/1943/896 897/1944/897
f 898/1945/898 899/1946/899 900/1947/900
f 901/1948/901 902/1949/902 903/1950/903
f 904/1951/904 905/1952/905 906/1953/906
f 907/1954/907 908/1955/908 909/1956/909
f 910/1957/910 911/1958/911 912/1959/912
f 913/1960/913 914/1961/914 915/1962/915
f 916/1963/916 917/1964/917 918/1965/918
f 919/1966/919 920/1967/920 921/1968/921
f 922/1969/922 923/1970/923 924/1971/924
f 925/1972/925 926/1973/926 927/1974/927
f 928/1975/928 929/1976/929 930/1977/930
f 931/1978/931 932/1979/932 933/1980/933
f 934/1981/934 935/1982/935 936/1983/936
f 937/1984/937 938/1985/938 939/1986/939
f 940/1987/940 941/1988/941 942/1989/942
f 943/1990/943 944/1991/944 945/1992/945
f 946/1993/946 947/1994/947 948/1995/948
f 949/1996/949 950/1997/950 951/1998/951
f 952/1999/952 953/2000/953 954/2001/954
f 955/2002/955 956/2003/956 957/2004/957
f 958/2005/958 959/2006/959 960/2007/960
f 961/2008/961 962/2009/962 963/2010/963
f 964/2011/964 965/2012/965 966/2013/966
f 967/2014/967 968/2015/968 969/2016/969
f 970/2017/970 971/2018/971 972/2019/972
f 973/2020/973 974/2021/974 975/2022/975
f 976/2023/976 977/2024/977 978/2025/978
f 979/2026/979 980/2027/980 981/2028/981
f 982/2029/982 983/2030/983 984/2031/984
f 985/2032/985 986/2033/986 987/2034/987
f 988/2035/988 989/2036/989 990/2037/990
f 991/2038/991 992/2039/992 993/2040/993
f 994/2041/994 995/2042/995 996/2043/996
f 997/2044/997 998/2045/998 999/2046/999
f 1000/2047/1000 1001/2048/1001 1002/2049/1002
f 1003/2050/1003 1004/2051/1004 1005/2052/1005
f 1006/2053/1006 1007/2054/1007 1008/2055/1008
f 1009/2056/1009 1010/2057/1010 1011/2058/1011
f 1012/2059/1012 1013/2060/1013 1014/2061/1014
f 1015/2062/1015 1016/2063/1016 1017/2064/1017
f 1018/2065/1018 1019/2066/1019 1020/2067/1020
f 1021/2068/1021 1022/2069/1022 1023/2070/1023
f 1024/2071/1024 1025/2072/1025 1026/2073/1026
f 1027/2074/1027 1028/2075/1028 1029/2076/1029
f 1030/2077/1030 1031/2078/1031 1032/2079/1032
f 1033/2080/1033 1034/2081/1034 1035/2082/1035
f 1036/2083/1036 1037/2084/1037 1038/2085/1038
f 1039/2086/1039 1040/2087/1040 1041/2088/1041
f 1042/2089/1042 1043/2090/1043 1044/2091/1044
f 1045/2092/1045 1046/2093/1046 1047/2094/1047
f 1048/2095/1048 1049/2096/1049 1050/2097/1050
f 1051/2098/1051 1052/2099/1052 1053/2100/1053
f 1054/2101/1054 1055/2102/1055 1056/2103/1056
f 1057/2104/1057 1058/2105/1058 1059/2106/1059
f 1060/2107/1060 1061/2108/1061 1062/2109/1062
f 1063/2110/1063 1064/2111/1064 1065/2112/1065
f 1066/2113/1066 1067/2114/1067 1068/2115/1068
f 1069/2116/1069 1070/2117/1070 1071/2118/1071
f 1072/2119/1072 1073/2120/1073 1074/2121/1074
f 1075/2122/1075 1076/2123/1076 1077/2124/1077
f 1078/2125/1078 1079/2126/1079 1080/2127/1080
f 1081/2128/1081 1082/2129/1082 1083/2130/1083
f 1084/2131/1084 1085/2132/1085 1086/2133/1086
f 1087/2134/1087 1088/2135/1088 1089/2136/1089
f 1090/2137/1090 1091/2138/1091 1092/2139/1092
f 1093/2140/1093 1094/2141/1094 1095/2142/1095
f 1096/2143/1096 1097/2144/1097 1098/2145/1098
f 1099/2146/1099 1100/2147/1100 1101/2148/1101
f 1102/2149/1102 1103/2150/1103 1104/2151/1104
f 1105/2152/1105 1106/2153/1106 1107/2154/1107
f 1108/2155/1108 1109/2156/1109 1110/2157/1110
f 1111/2158/1111 1112/2159/1112 1113/2160/1113
f 1114/2161/1114 1115/2162/1115 1116/2163/1116
f 1117/2164/1117 1118/2165/1118 1119/2166/1119
f 1120/2167/1120 1121/2168/1121 1122/2169/1122
f 1123/2170/1123 1124/2171/1124 1125/2172/1125
f 1126/2173/1126 1127/2174/1127 1128/2175/1128
f 1129/2176/1129 1130/2177/1130 1131/2178/1131
f 1132/2179/1132 1133/2180/1133 1134/2181/1134
f 1135/2182/1135 1136/2183/1136 1137/2184/1137
f 1138/2185/1138 1139/2186/1139 1140/2187/1140
f 1141/2188/1141 1142/2189/1142 1143/2190/1143
f 1144/2191/1144 1145/2192/1145 1146/2193/1146
f 1147/2194/1147 1148/2195/1148 1149/2196/1149
f 1150/2197/1150 1151/2198/1151 1152/2199/1152
f 1153/2200/1153 1154/2201/1154 1155/2202/1155
f 1156/2203/1156 1157/2204/1157 1158/2205/1158
f 1159/2206/1159 1160/2207/1160 1161/2208/1161
f 1162/2209/1162 1163/2210/1163 1164/2211/1164
f 1165/2212/1165 1166/2213/1166 1167/2214/1167
f 1168/2215/1168 1169/2216/1169 1170/2217/1170
f 1171/2218/1171 1172/2219/1172 1173/2220/1173
f 1174/2221/1174 1175/2222/1175 1176/2223/1176
f 1177/2224/1177 1178/2225/1178 1179/2226/1179
f 1180/2227/1180 1181/2228/1181 1182/2229/1182
f 1183/2230/1183 1184/2231/1184 1185/2232/1185
f 1186/2233/1186 1187/2234/1187 1188/2235/1188
f 1189/2236/1189 1190/2237/1190 1191/2238/1191
f 1192/2239/1192 1193/2240/1193 1194/2241/1194
f 1195/2242/1195 1196/2243/1196 1197/2244/1197
f 1198/2245/1198 1199/2246/1199 1200/2247/1200
f 1201/2248/1201 1202/2249/1202 1203/2250/1203
f 1204/2251/1204 1205/2252/1205 1206/2253/1206
f 1207/2254/1207 1208/2255/1208 1209/2256/1209
f 1210/2257/1210 1211/2258/1211 1212/2259/1212
f 1213/2260/1213 1214/2261/1214 1215/2262/1215
f 1216/2263/1216 1217/2264/1217 1218/2265/1218
f 1219/2266/1219 1220/2267/1220 1221/2268/1221
f 1222/2269/1222 1223/2270/1223 1224/2271/1224
f 1225/2272/1225 1226/2273/1226 1227/2274/1227
f 1228/2275/1228 1229/2276/1229 1230/2277/1230
f 1231/2278/1231 1232/2279/1232 1233/2280/1233
f 1234/2281/1234 1235/2282/1235 1236/2283/1236
f 1237/2284/1237 1238/2285/1238 1239/2286/1239
f 1240/2287/1240 1241/2288/1241 1242/2289/1242
f 1243/2290/1243 1244/2291/1244 1245/2292/1245
f 1246/2293/1246 1247/2294/1247 1248/2295/1248
f 1249/2296/1249 1250/2297/1250 1251/2298/1251
f 1252/2299/1252 1253/2300/1253 1254/2301/1254
f 1255/2302/1255 1256/2303/1256 1257/2304/1257
f 1258/2305/1258 1259/2306/1259 1260/2307/1260
f 1261/2308/1261 1262/2309/1262 1263/2310/1263
f 1264/2311/1264 1265/2312/1265 1266/2313/1266
f 1267/2314/1267 1268/2315/1268 1269/2316/1269
f 1270/2317/1270 1271/2318/1271 1272/2319/1272
f 1273/2320/1273 1274/2321/1274 1275/2322/1275
f 1276/2323/1276 1277/2324/1277 1278/2325/1278
f 1279/2326/1279 1280/2327/1280 1281/2328/1281
f 1282/2329/1282 1283/2330/1283 1284/2331/1284
f 1285/2332/1285 1286/2333/1286 1287/2334/1287
f 1288/2335/1288 1289/2336/1289 1290/2337/1290
f 1291/2338/1291 1292/2339/1292 1293/2340/1293
f 1294/2341/1294 1295/2342/1295 1296/2343/1296
f 1297/2344/1297 1298/2345/1298 1299/2346/1299
f 1300/2347/1300 1301/2348/1301 1302/2349/1302
f 1303/2350/1303 1304/2351/1304 1305/2352/1305
f 1306/2353/1306 1307/2354/1307 1308/2355/1308
f 1309/2356/1309 1310/2357/1310 1311/2358/1311
f 1312/2359/1312 1313/2360/1313 1314/2361/1314
f 1315/2362/1315 1316/2363/1316 1317/2364/1317
f 1318/2365/1318 1319/2366/1319 1320/2367/1320
f 1321/2368/1321 1322/2369/1322 1323/2370/1323
f 1324/2371/1324 1325/2372/1325 1326/2373/1326
f 1327/2374/1327 1328/2375/1328 1329/2376/1329
f 1330/2377/1330 1331/2378/1331 1332/2379/1332
f 1333/2380/1333 1334/2381/1334 1335/2382/1335
f 1336/2383/1336 1337/2384/1337 1338/2385/1338
f 1339/2386/1339 1340/2387/1340 1341/2388/1341
f 1342/2389/1342 1343/2390/1343 1344/2391/1344
f 1345/2392/1345 1346/2393/1346 1347/2394/1347
f 1348/2395/1348 1349/2396/1349 1350/2397/1350
f 1351/2398/1351 1352/2399/1352 1353/2400/1353
f 1354/2401/1354 1355/2402/1355 1356/2403/1356
f 1357/2404/1357 1358/2405/1358 1359/2406/1359
f 1360/2407/1360 1361/2408/1361 1362/2409/1362
f 1363/2410/1363 1364/2411/1364 1365/2412/1365
f 1366/2413/1366 1367/2414/1367 1368/2415/1368
f 1369/2416/1369 1370/2417/1370 1371/2418/1371
f 1372/2419/1372 1373/2420/1373 1374/2421/1374
f 1375/2422/1375 1376/2423/1376 1377/2424/1377
f 1378/2425/1378 1379/2426/1379 1380/2427/1380
f 1381/2428/1381 1382/2429/1382 1383/2430/1383
f 1384/2431/1384 1385/2432/1385 1386/2433/1386
f 1387/2434/1387 1388/2435/1388 1389/2436/1389
f 1390/2437/1390 1391/2438/1391 1392/2439/1392
f 1393/2440/1393 1394/2441/1394 1395/2442/1395
f 1396/2443/1396 1397/2444/1397 1398/2445/1398
f 1399/2446/1399 1400/2447/1400 1401/2448/1401
f 1402/2449/1402 1403/2450/1403 1404/2451/1404
f 1405/2452/1405 1406/2453/1406 1407/2454/1407
f 1408/2455/1408 1409/2456/1409 1410/2457/1410
f 1411/2458/1411 1412/2459/1412 1413/2460/1413
f 1414/2461/1414 1415/2462/1415 1416/2463/1416
f 1417/2464/1417 1418/2465/1418 1419/2466/1419
f 1420/2467/1420 1421/2468/1421 1422/2469/1422
f 1423/2470/1423 1424/2471/1424 1425/2472/1425
f 1426/2473/1426 1427/2474/1427 1428/2475/1428
f 1429/2476/1429 1430/2477/1430 1431/2478/1431
f 1432/2479/1432 1433/2480/1433 1434/2481/1434
f 1435/2482/1435 1436/2483/1436 1437/2484/1437
f 1438/2485/1438 1439/2486/1439 1440/2487/1440
f 1441/2488/1441 1442/2489/1442 1443/2490/1443
f 1444/2491/1444 1445/2492/1445 1446/2493/1446
f 1447/2494/1447 1448/2495/1448 1449/2496/1449
f 1450/2497/1450 1451/2498/1451 1452/2499/1452
f 1453/2500/1453 1454/2501/1454 1455/2502/1455
f 1456/2503/1456 1457/2504/1457 1458/2505/1458
f 1459/2506/1459 1460/2507/1460 1461/2508/1461
f 1462/2509/1462 1463/2510/1463 1464/2511/1464
f 1465/2512/1465 1466/2513/1466 1467/2514/1467
f 1468/2515/1468 1469/2516/1469 1470/2517/1470
f 1471/2518/1471 1472/2519/1472 1473/2520/1473
f 1474/2521/1474 1475/2522/1475 1476/2523/1476
f 1477/2524/1477 1478/2525/1478 1479/2526/1479
f 1480/2527/1480 1481/2528/1481 1482/2529/1482
f 1483/2530/1483 1484/2531/1484 1485/2532/1485
f 1486/2533/1486 1487/2534/1487 1488/2535/1488
f 1489/2536/1489 1490/2537/1490 1491/2538/1491
f 1492/2539/1492 1493/2540/1493 1494/2541/1494
f 1495/2542/1495 1496/2543/1496 1497/2544/1497
f 1498/2545/1498 1499/2546/1499 1500/2547/1500
f 1501/2548/1501 1502/2549/1502 1503/2550/1503
f 1504/2551/1504 1505/2552/1505 1506/2553/1506
f 1507/2554/1507 1508/2555/1508 1509/2556/1509
f 1510/2557/1510 1511/2558/1511 1512/2559/1512
f 1513/2560/1513 1514/2561/1514 1515/2562/1515
f 1516/2563/1516 1517/2564/1517 1518/2565/1518
f 1519/2566/1519 1520/2567/1520 1521/2568/1521
f 1522/2569/1522 1523/2570/1523 1524/2571/1524
f 1525/2572/1525 1526/2573/1526 1527/2574/1527
f 1528/2575/1528 1529/2576/1529 1530/2577/1530
f 1531/2578/1531 1532/2579/1532 1533/2580/1533
f 1534/2581/1534 1535/2582/1535 1536/2583/1536
f 1537/2584/1537 1538/2585/1538 1539/2586/1539
f 1540/2587/1540 1541/2588/1541 1542/2589/1542
f 1543/2590/1543 1544/2591/1544 1545/2592/1545
f 1546/2593/1546 1547/2594/1547 1548/2595/1548
f 1549/2596/1549 1550/2597/1550 1551/2598/1551
f 1552/2599/1552 1553/2600/1553 1554/2601/1554
f 1555/2602/1555 1556/2603/1556 1557/2604/1557
f 1558/2605/1558 1559/2606/1559 1560/2607/1560
f 1561/2608/1561 1562/2609/1562 1563/2610/1563
f 1564/2611/1564 1565/2612/1565 1566/2613/1566
f 1567/2614/1567 1568/2615/1568 1569/2616/1569
f 1570/2617/1570 1571/2618/1571 1572/2619/1572
f 1573/2620/1573 1574/2621/1574 1575/2622/1575
f 1576/2623/1576 1577/2624/1577 1578/2625/1578
f 1579/2626/1579 1580/2627/1580 1581/2628/1581
f 1582/2629/1582 1583/2630/1583 1584/2631/1584
f 1585/2632/1585 1586/2633/1586 1587/2634/1587
f 1588/2635/1588 1589/2636/1589 1590/2637/1590
f 1591/2638/1591 1592/2639/1592 1593/2640/1593
f 1594/2641/1594 1595/2642/1595 1596/2643/1596
f 1597/2644/1597 1598/2645/1598 1599/2646/1599
f 1600/2647/1600 1601/2648/1601 1602/2649/1602
f 1603/2650/1603 1604/2651/1604 1605/2652/1605
f 1606/2653/1606 1607/2654/1607 1608/2655/1608
f 1609/2656/1609 1610/2657/1610 1611/2658/1611
f 1612/2659/1612 1613/2660/1613 1614/2661/1614
f 1615/2662/1615 1616/2663/1616 1617/2664/1617
f 1618/2665/1618 1619/2666/1619 1620/2667/1620
f 1621/2668/1621 1622/2669/1622 1623/2670/1623
f 1624/2671/1624 1625/2672/1625 1626/2673/1626
f 1627/2674/1627 1628/2675/1628 1629/2676/1629
f 1630/2677/1630 1631/2678/1631 1632/2679/1632
f 1633/2680/1633 1634/2681/1634 1635/2682/1635
f 1636/2683/1636 1637/2684/1637 1638/2685/1638
f 1639/2686/1639 1640/2687/1640 1641/2688/1641
f 1642/2689/1642 1643/2690/1643 1644/2691/1644
f 1645/2692/1645 1646/2693/1646 1647/2694/1647
f 1648/2695/1648 1649/2696/1649 1650/2697/1650
f 1651/2698/1651 1652/2699/1652 1653/2700/1653
f 1654/2701/1654 1655/2702/1655 1656/2703/1656
f 1657/2704/1657 1658/2705/1658 1659/2706/1659
f 1660/2707/1660 1661/2708/1661 1662/2709/1662
f 1663/2710/1663 1664/2711/1664 1665/2712/1665
f 1666/2713/1666 1667/2714/1667 1668/2715/1668
f 1669/2716/1669 1670/2717/1670 1671/2718/1671
f 1672/2719/1672 1673/2720/1673 1674/2721/1674
f 1675/2722/1675 1676/2723/1676 1677/2724/1677
f 1678/2725/1678 1679/2726/1679 1680/2727/1680
f 1681/2728/1681 1682/2729/1682 1683/2730/1683
f 1684/2731/1684 1685/2732/1685 1686/2733/1686
f 1687/2734/1687 1688/2735/1688 1689/2736/1689
f 1690/2737/1690 1691/2738/1691 1692/2739/1692
f 1693/2740/1693 1694/2741/1694 1695/2742/1695
f 1696/2743/1696 1697/2744/1697 1698/2745/1698
f 1699/2746/1699 1700/2747/1700 1701/2748/1701
f 1702/2749/1702 1703/2750/1703 1704/2751/1704
f 1705/2752/1705 1706/2753/1706 1707/2754/1707
f 1708/2755/1708 1709/2756/1709 1710/2757/1710
f 1711/2758/1711 1712/2759/1712 1713/2760/1713
f 1714/2761/1714 1715/2762/1715 1716/2763/1716
f 1717/2764/1717 1718/2765/1718 1719/2766/1719
f 1720/2767/1720 1721/2768/1721 1722/2769/1722
f 1723/2770/1723 1724/2771/1724 1725/2772/1725
f 1726/2773/1726 1727/2774/1727 1728/2775/1728
f 1729/2776/1729 1730/2777/1730 1731/2778/1731
f 1732/2779/1732 1733/2780/1733 1734/2781/1734
f 1735/2782/1735 1736/2783/1736 1737/2784/1737
f 1738/2785/1738 1739/2786/1739 1740/2787/1740
f 1741/2788/1741 1742/2789/1742 1743/2790/1743
f 1744/2791/1744 1745/2792/1745 1746/2793/1746
f 1747/2794/1747 1748/2795/1748 1749/2796/1749
f 1750/2797/1750 1751/2798/1751 1752/2799/1752
f 1753/2800/1753 1754/2801/1754 1755/2802/1755
f 1756/2803/1756 1757/2804/1757 1758/2805/1758
f 1759/2806/1759 1760/2807/1760 1761/2808/1761
f 1762/2809/1762 1763/2810/1763 1764/2811/1764
f 1765/2812/1765 1766/2813/1766 1767/2814/1767
f 1768/2815/1768 1769/2816/1769 1770/2817/1770
f 1771/2818/1771 1772/2819/1772 1773/2820/1773
f 1774/2821/1774 1775/2822/1775 1776/2823/1776
f 1777/2824/1777 1778/2825/1778 1779/2826/1779
f 1780/2827/1780 1781/2828/1781 1782/2829/1782
f 1783/2830/1783 1784/2831/1784 1785/2832/1785
f 1786/2833/1786 1787/2834/1787 1788/2835/1788
f 1789/2836/1789 1790/2837/1790 1791/2838/1791
f 1792/2839/1792 1793/2840/1793 1794/2841/1794
f 1795/2842/1795 1796/2843/1796 1797/2844/1797
f 1798/2845/1798 1799/2846/1799 1800/2847/1800
f 1801/2848/1801 1802/2849/1802 1803/2850/1803
f 1804/2851/1804 1805/2852/1805 1806/2853/1806
f 1807/2854/1807 1808/2855/1808 1809/2856/1809
f 1810/2857/1810 1811/2858/1811 1812/2859/1812
f 1813/2860/1813 1814/2861/1814 1815/2862/1815
f 1816/2863/1816 1817/2864/1817 1818/2865/1818
f 1819/2866/1819 1820/2867/1820 1821/2868/1821
f 1822/2869/1822 1823/2870/1823 1824/2871/1824
f 1825/2872/1825 1826/2873/1826 1827/2874/1827
f 1828/2875/1828 1829/2876/1829 1830/2877/1830
f 1831/2878/1831 1832/2879/1832 1833/2880/1833
f 1834/2881/1834 1835/2882/1835 1836/2883/1836
f 1837/2884/1837 1838/2885/1838 1839/2886/1839
f 1840/2887/1840 1841/2888/1841 1842/2889/1842
f 1843/2890/1843 1844/2891/1844 1845/2892/1845
f 1846/2893/1846 1847/2894/1847 1848/2895/1848
f 1849/2896/1849 1850/2897/1850 1851/2898/1851
f 1852/2899/1852 1853/2900/1853 1854/2901/1854
f 1855/2902/1855 1856/2903/1856 1857/2904/1857
f 1858/2905/1858 1859/2906/1859 1860/2907/1860
f 1861/2908/1861 1862/2909/1862 1863/2910/1863
f 1864/2911/1864 1865/2912/1865 1866/2913/1866
f 1867/2914/1867 1868/2915/1868 1869/2916/1869
f 1870/2917/1870 1871/2918/1871 1872/2919/1872
f 1873/2920/1873 1874/2921/1874 1875/2922/1875
f 1876/2923/1876 1877/2924/1877 1878/2925/1878
f 1879/2926/1879 1880/2927/1880 1881/2928/1881
f 1882/2929/1882 1883/2930/1883 1884/2931/1884
f 1885/2932/1885 1886/2933/1886 1887/2934/1887
f 1888/2935/1888 1889/2936/1889 1890/2937/1890
f 1891/2938/1891 1892/2939/1892 1893/2940/1893
f 1894/2941/1894 1895/2942/1895 1896/2943/1896
f 1897/2944/1897 1898/2945/1898 1899/2946/1899
f 1900/2947/1900 1901/2948/1901 1902/2949/1902
f 1903/2950/1903 1904/2951/1904 1905/2952/1905
f 1906/2953/1906 1907/2954/1907 1908/2955/1908
f 1909/2956/1909 1910/2957/1910 1911/2958/1911
f 1912/2959/1912 1913/2960/1913 1914/2961/1914
f 1915/2962/1915 1916/2963/1916 1917/2964/1917
f 1918/2965/1918 1919/2966/1919 1920/2967/1920
f 1921/2968/1921 1922/2969/1922 1923/2970/1923
f 1924/2971/1924 1925/2972/1925 1926/2973/1926
f 1927/2974/1927 1928/2975/1928 1929/2976/1929
f 1930/2977/1930 1931/2978/1931 1932/2979/1932
f 1933/2980/1933 1934/2981/1934 1935/2982/1935
f 1936/2983/1936 1937/2984/1937 1938/2985/1938
f 1939/2986/1939 1940/2987/1940 1941/2988/1941
f 1942/2989/1942 1943/2990/1943 1944/2991/1944
f 1945/2992/1945 1946/2993/1946 1947/2994/1947
f 1948/2995/1948 1949/2996/1949 1950/2997/1950
f 1951/2998/1951 1952/2999/1952 1953/3000/1953
f 1954/3001/1954 1955/3002/1955 1956/3003/1956
f 1957/3004/1957 1958/3005/1958 1959/3006/1959
f 1960/3007/1960 1961/3008/1961 1962/3009/1962
f 1963/3010/1963 1964/3011/1964 1965/3012/1965
f 1966/3013/1966 1967/3014/1967 1968/3015/1968
f 1969/3016/1969 1970/3017/1970 1971/3018/1971
f 1972/3019/1972 1973/3020/1973 1974/3021/1974
f 1975/3022/1975 1976/3023/1976 1977/3024/1977
f 1978/3025/1978 1979/3026/1979 1980/3027/1980
f 1981/3028/1981 1982/3029/1982 1983/3030/1983
f 1984/3031/1984 1985/3032/1985 1986/3033/1986
f 1987/3034/1987 1988/3035/1988 1989/3036/1989
f 1990/3037/1990 1991/3038/1991 1992/3039/1992
f 1993/3040/1993 1994/3041/1994 1995/3042/1995
f 1996/3043/1996 1997/3044/1997 1998/3045/1998
f 1999/3046/1999 2000/3047/2000 2001/3048/2001
f 2002/3049/2002 2003/3050/2003 2004/3051/2004
f 2005/3052/2005 2006/3053/2006 2007/3054/2007
f 2008/3055/2008 2009/3056/2009 2010/3057/2010
f 2011/3058/2011 2012/3059/2012 2013/3060/2013
f 2014/3061/2014 2015/3062/2015 2016/3063/2016
f 2017/3064/2017 2018/3065/2018 2019/3066/2019
f 2020/3067/2020 2021/3068/2021 2022/3069/2022
f 2023/3070/2023 2024/3071/2024 2025/3072/2025
f 2026/3073/2026 2027/3074/2027 2028/3075/2028
f 2029/3076/2029 2030/3077/2030 2031/3078/2031
f 2032/3079/2032 2033/3080/2033 2034/3081/2034
f 2035/3082/2035 2036/3083/2036 2037/3084/2037
f 2038/3085/2038 2039/3086/2039 2040/3087/2040
f 2041/3088/2041 2042/3089/2042 2043/3090/2043
f 2044/3091/2044 2045/3092/2045 2046/3093/2046
f 2047/3094/2047 2048/3095/2048 2049/3096/2049
f 2050/3097/2050 2051/3098/2051 2052/3099/2052
f 2053/3100/2053 2054/3101/2054 2055/3102/2055
f 2056/3103/2056 2057/3104/2057 2058/3105/2058
f 2059/3106/2059 2060/3107/2060 2061/3108/2061
f 2062/3109/2062 2063/3110/2063 2064/3111/2064
f 2065/3112/2065 2066/3113/2066 2067/3114/2067
f 2068/3115/2068 2069/3116/2069 2070/3117/2070
f 2071/3118/2071 2072/3119/2072 2073/3120/2073
f 2074/3121/2074 2075/3122/2075 2076/3123/2076
f 2077/3124/2077 2078/3125/2078 2079/3126/2079
f 2080/3127/2080 2081/3128/2081 2082/3129/2082
f 2083/3130/2083 2084/3131/2084 2085/3132/2085
f 2086/3133/2086 2087/3134/2087 2088/3135/2088
f 2089/3136/2089 2090/3137/2090 2091/3138/2091
f 2092/3139/2092 2093/3140/2093 2094/3141/2094
f 2095/3142/2095 2096/3143/2096 2097/3144/2097
f 2098/3145/2098 2099/3146/2099 2100/3147/2100
f 2101/3148/2101 2102/3149/2102 2103/3150/2103
f 2104/3151/2104 2105/3152/2105 2106/3153/2106
f 2107/3154/2107 2108/3155/2108 2109/3156/2109
f 2110/3157/2110 2111/3158/2111 2112/3159/2112
f 2113/3160/2113 2114/3161/2114 2115/3162/2115
f 2116/3163/2116 2117/3164/2117 2118/3165/2118
f 2119/3166/2119 2120/3167/2120 2121/3168/2121
f 2122/3169/2122 2123/3170/2123 2124/3171/2124
f 2125/3172/2125 2126/3173/2126 2127/3174/2127
f 2128/3175/2128 2129/3176/2129 2130/3177/2130
f 2131/3178/2131 2132/3179/2132 2133/3180/2133
f 2134/3181/2134 2135/3182/2135 2136/3183/2136
f 2137/3184/2137 2138/3185/2138 2139/3186/2139
f 2140/3187/2140 2141/3188/2141 2142/3189/2142
f 2143/3190/2143 2144/3191/2144 2145/3192/2145
f 2146/3193/2146 2147/3194/2147 2148/3195/2148
f 2149/3196/2149 2150/3197/2150 2151/3198/2151
f 2152/3199/2152 2153/3200/2153 2154/3201/2154
f 2155/3202/2155 2156/3203/2156 2157/3204/2157
f 2158/3205/2158 2159/3206/2159 2160/3207/2160
f 2161/3208/2161 2162/3209/2162 2163/3210/2163
f 2164/3211/2164 2165/3212/2165 2166/3213/2166
f 2167/3214/2167 2168/3215/2168 2169/3216/2169
f 2170/3217/2170 2171/3218/2171 2172/3219/2172
f 2173/3220/2173 2174/3221/2174 2175/3222/2175
f 2176/3223/2176 2177/3224/2177 2178/3225/2178
f 2179/3226/2179 2180/3227/2180 2181/3228/2181
f 2182/3229/2182 2183/3230/2183 2184/3231/2184
f 2185/3232/2185 2186/3233/2186 2187/3234/2187
f 2188/3235/2188 2189/3236/2189 2190/3237/2190
f 2191/3238/2191 2192/3239/2192 2193/3240/2193
f 2194/3241/2194 2195/3242/2195 2196/3243/2196
f 2197/3244/2197 2198/3245/2198 2199/3246/2199
f 2200/3247/2200 2201/3248/2201 2202/3249/2202
f 2203/3250/2203 2204/3251/2204 2205/3252/2205
f 2206/3253/2206 2207/3254/2207 2208/3255/2208
f 2209/3256/2209 2210/3257/2210 2211/3258/2211
f 2212/3259/2212 2213/3260/2213 2214/3261/2214
f 2215/3262/2215 2216/3263/2216 2217/3264/2217
f 2218/3265/2218 2219/3266/2219 2220/3267/2220
f 2221/3268/2221 2222/3269/2222 2223/3270/2223
f 2224/3271/2224 2225/3272/2225 2226/3273/2226
f 2227/3274/2227 2228/3275/2228 2229/3276/2229
f 2230/3277/2230 2231/3278/2231 2232/3279/2232
f 2233/3280/2233 2234/3281/2234 2235/3282/2235
f 2236/3283/2236 2237/3284/2237 2238/3285/2238
f 2239/3286/2239 2240/3287/2240 2241/3288/2241
f 2242/3289/2242 2243/3290/2243 2244/3291/2244
f 2245/3292/2245 2246/3293/2246 2247/3294/2247
f 2248/3295/2248 2249/3296/2249 2250/3297/2250
f 2251/3298/2251 2252/3299/2252 2253/3300/2253
f 2254/3301/2254 2255/3302/2255 2256/3303/2256
f 2257/3304/2257 2258/3305/2258 2259/3306/2259
f 2260/3307/2260 2261/3308/2261 2262/3309/2262
f 2263/3310/2263 2264/3311/2264 2265/3312/2265
f 2266/3313/2266 2267/3314/2267 2268/3315/2268
f 2269/3316/2269 2270/3317/2270 2271/3318/2271
f 2272/3319/2272 2273/3320/2273 2274/3321/2274
f 2275/3322/2275 2276/3323/2276 2277/3324/2277
f 2278/3325/2278 2279/3326/2279 2280/3327/2280
f 2281/3328/2281 2282/3329/2282 2283/3330/2283
f 2284/3331/2284 2285/3332/2285 2286/3333/2286
f 2287/3334/2287 2288/3335/2288 2289/3336/2289
f 2290/3337/2290 2291/3338/2291 2292/3339/2292
f 2293/3340/2293 2294/3341/2294 2295/3342/2295
f 2296/3343/2296 2297/3344/2297 2298/3345/2298
f 2299/3346/2299 2300/3347/2300 2301/3348/2301
f 2302/3349/2302 2303/3350/2303 2304/3351/2304
f 2305/3352/2305 2306/3353/2306 2307/3354/2307
f 2308/3355/2308 2309/3356/2309 2310/3357/2310
f 2311/3358/2311 2312/3359/2312 2313/3360/2313
f 2314/3361/2314 2315/3362/2315 2316/3363/2316
f 2317/3364/2317 2318/3365/2318 2319/3366/2319
f 2320/3367/2320 2321/3368/2321 2322/3369/2322
f 2323/3370/2323 2324/3371/2324 2325/3372/2325
f 2326/3373/2326 2327/3374/2327 2328/3375/2328
f 2329/3376/2329 2330/3377/2330 2331/3378/2331
f 2332/3379/2332 2333/3380/2333 2334/3381/2334
f 2335/3382/2335 2336/3383/2336 2337/3384/2337
f 2338/3385/2338 2339/3386/2339 2340/3387/2340
f 2341/3388/2341 2342/3389/2342 2343/3390/2343
f 2344/3391/2344 2345/3392/2345 2346/3393/2346
f 2347/3394/2347 2348/3395/2348 2349/3396/2349
f 2350/3397/2350 2351/3398/2351 2352/3399/2352
f 2353/3400/2353 2354/3401/2354 2355/3402/2355
f 2356/3403/2356 2357/3404/2357 2358/3405/2358
f 2359/3406/2359 2360/3407/2360 2361/3408/2361
f 2362/3409/2362 2363/3410/2363 2364/3411/2364
f 2365/3412/2365 2366/3413/2366 2367/3414/2367
f 2368/3415/2368 2369/3416/2369 2370/3417/2370
f 2371/3418/2371 2372/3419/2372 2373/3420/2373
f 2374/3421/2374 2375/3422/2375 2376/3423/2376
f 2377/3424/2377 2378/3425/2378 2379/3426/2379
f 2380/3427/2380 2381/3428/2381 2382/3429/2382
f 2383/3430/2383 2384/3431/2384 2385/3432/2385
f 2386/3433/2386 2387/3434/2387 2388/3435/2388
f 2389/3436/2389 2390/3437/2390 2391/3438/2391
f 2392/3439/2392 2393/3440/2393 2394/3441/2394
f 2395/3442/2395 2396/3443/2396 2397/3444/2397
f 2398/3445/2398 2399/3446/2399 2400/3447/2400
f 2401/3448/2401 2402/3449/2402 2403/3450/2403
f 2404/3451/2404 2405/3452/2405 2406/3453/2406
f 2407/3454/2407 2408/3455/2408 2409/3456/2409
f 2410/3457/2410 2411/3458/2411 2412/3459/2412
f 2413/3460/2413 2414/3461/2414 2415/3462/2415
f 2416/3463/2416 2417/3464/2417 2418/3465/2418
f 2419/3466/2419 2420/3467/2420 2421/3468/2421
f 2422/3469/2422 2423/3470/2423 2424/3471/2424
f 2425/3472/2425 2426/3473/2426 2427/3474/2427
f 2428/3475/2428 2429/3476/2429 2430/3477/2430
f 2431/3478/2431 2432/3479/2432 2433/3480/2433
f 2434/3481/2434 2435/3482/2435 2436/3483/2436
f 2437/3484/2437 2438/3485/2438 2439/3486/2439
f 2440/3487/2440 2441/3488/2441 2442/3489/2442
f 2443/3490/2443 2444/3491/2444 2445/3492/2445
f 2446/3493/2446 2447/3494/2447 2448/3495/2448
f 2449/3496/2449 2450/3497/2450 2451/3498/2451
f 2452/3499/2452 2453/3500/2453 2454/3501/2454
f 2455/3502/2455 2456/3503/2456 2457/3504/2457
f 2458/3505/2458 2459/3506/2459 2460/3507/2460
f 2461/3508/2461 2462/3509/2462 2463/3510/2463
f 2464/3511/2464 2465/3512/2465 2466/3513/2466
f 2467/3514/2467 2468/3515/2468 2469/3516/2469
f 2470/3517/2470 2471/3518/2471 2472/3519/2472
f 2473/3520/2473 2474/3521/2474 2475/3522/2475
f 2476/3523/2476 2477/3524/2477 2478/3525/2478
f 2479/3526/2479 2480/3527/2480 2481/3528/2481
f 2482/3529/2482 2483/3530/2483 2484/3531/2484
f 2485/3532/2485 2486/3533/2486 2487/3534/2487
f 2488/3535/2488 2489/3536/2489 2490/3537/2490
f 2491/3538/2491 2492/3539/2492 2493/3540/2493
f 2494/3541/2494 2495/3542/2495 2496/3543/2496
f 2497/3544/2497 2498/3545/2498 2499/3546/2499
f 2500/3547/2500 2501/3548/2501 2502/3549/2502
f 2503/3550/2503 2504/3551/2504 2505/3552/2505
f 2506/3553/2506 2507/3554/2507 2508/3555/2508
f 2511/3558/2511 2510/3557/2510 2509/3556/2509
f 2514/3561/2514 2513/3560/2513 2512/3559/2512
f 2517/3564/2517 2516/3563/2516 2515/3562/2515
f 2520/3567/2520 2519/3566/2519 2518/3565/2518
f 2523/3570/2523 2522/3569/2522 2521/3568/2521
f 2526/3573/2526 2525/3572/2525 2524/3571/2524
f 2529/3576/2529 2528/3575/2528 2527/3574/2527
f 2532/3579/2532 2531/3578/2531 2530/3577/2530
f 2535/3582/2535 2534/3581/2534 2533/3580/2533
f 2538/3585/2538 2537/3584/2537 2536/3583/2536
f 2541/3588/2541 2540/3587/2540 2539/3586/2539
f 2544/3591/2544 2543/3590/2543 2542/3589/2542
f 2547/3594/2547 2546/3593/2546 2545/3592/2545
f 2550/3597/2550 2549/3596/2549 2548/3595/2548
f 2553/3600/2553 2552/3599/2552 2551/3598/2551
f 2556/3603/2556 2555/3602/2555 2554/3601/2554
f 2559/3606/2559 2558/3605/2558 2557/3604/2557
f 2562/3609/2562 2561/3608/2561 2560/3607/2560
f 2565/3612/2565 2564/3611/2564 2563/3610/2563
f 2568/3615/2568 2567/3614/2567 2566/3613/2566
f 2571/3618/2571 2570/3617/2570 2569/3616/2569
f 2574/3621/2574 2573/3620/2573 2572/3619/2572
f 2577/3624/2577 2576/3623/2576 2575/3622/2575
f 2580/3627/2580 2579/3626/2579 2578/3625/2578
f 2583/3630/2583 2582/3629/2582 2581/3628/2581
f 2586/3633/2586 2585/3632/2585 2584/3631/2584
f 2589/3636/2589 2588/3635/2588 2587/3634/2587
f 2592/3639/2592 2591/3638/2591 2590/3637/2590
f 2595/3642/2595 2594/3641/2594 2593/3640/2593
f 2598/3645/2598 2597/3644/2597 2596/3643/2596
f 2601/3648/2601 2600/3647/2600 2599/3646/2599
f 2604/3651/2604 2603/3650/2603 2602/3649/2602
f 2607/3654/2607 2606/3653/2606 2605/3652/2605
f 2610/3657/2610 2609/3656/2609 2608/3655/2608
f 2613/3660/2613 2612/3659/2612 2611/3658/2611
f 2616/3663/2616 2615/3662/2615 2614/3661/2614
f 2619/3666/2619 2618/3665/2618 2617/3664/2617
f 2622/3669/2622 2621/3668/2621 2620/3667/2620
f 2625/3672/2625 2624/3671/2624 2623/3670/2623
f 2628/3675/2628 2627/3674/2627 2626/3673/2626
f 2631/3678/2631 2630/3677/2630 2629/3676/2629
f 2634/3681/2634 2633/3680/2633 2632/3679/2632
f 2637/3684/2637 2636/3683/2636 2635/3682/2635
f 2640/3687/2640 2639/3686/2639 2638/3685/2638
f 2643/3690/2643 2642/3689/2642 2641/3688/2641
f 2646/3693/2646 2645/3692/2645 2644/3691/2644
f 2649/3696/2649 2648/3695/2648 2647/3694/2647
f 2652/3699/2652 2651/3698/2651 2650/3697/2650
f 2655/3702/2655 2654/3701/2654 2653/3700/2653
f 2658/3705/2658 2657/3704/2657 2656/3703/2656
f 2661/3708/2661 2660/3707/2660 2659/3706/2659
f 2664/3711/2664 2663/3710/2663 2662/3709/2662
f 2667/3714/2667 2666/3713/2666 2665/3712/2665
f 2670/3717/2670 2669/3716/2669 2668/3715/2668
f 2673/3720/2673 2672/3719/2672 2671/3718/2671
f 2676/3723/2676 2675/3722/2675 2674/3721/2674
f 2679/3726/2679 2678/3725/2678 2677/3724/2677
f 2682/3729/2682 2681/3728/2681 2680/3727/2680
f 2685/3732/2685 2684/3731/2684 2683/3730/2683
f 2688/3735/2688 2687/3734/2687 2686/3733/2686
f 2691/3738/2691 2690/3737/2690 2689/3736/2689
f 2694/3741/2694 2693/3740/2693 2692/3739/2692
f 2697/3744/2697 2696/3743/2696 2695/3742/2695
f 2700/3747/2700 2699/3746/2699 2698/3745/2698
f 2703/3750/2703 2702/3749/2702 2701/3748/2701
f 2706/3753/2706 2705/3752/2705 2704/3751/2704
f 2709/3756/2709 2708/3755/2708 2707/3754/2707
f 2712/3759/2712 2711/3758/2711 2710/3757/2710
f 2715/3762/2715 2714/3761/2714 2713/3760/2713
f 2718/3765/2718 2717/3764/2717 2716/3763/2716
f 2721/3768/2721 2720/3767/2720 2719/3766/2719
f 2724/3771/2724 2723/3770/2723 2722/3769/2722
f 2727/3774/2727 2726/3773/2726 2725/3772/2725
f 2730/3777/2730 2729/3776/2729 2728/3775/2728
f 2733/3780/2733 2732/3779/2732 2731/3778/2731
f 2736/3783/2736 2735/3782/2735 2734/3781/2734
f 2739/3786/2739 2738/3785/2738 2737/3784/2737
f 2742/3789/2742 2741/3788/2741 2740/3787/2740
f 2745/3792/2745 2744/3791/2744 2743/3790/2743
f 2748/3795/2748 2747/3794/2747 2746/3793/2746
f 2751/3798/2751 2750/3797/2750 2749/3796/2749
f 2754/3801/2754 2753/3800/2753 2752/3799/2752
f 2757/3804/2757 2756/3803/2756 2755/3802/2755
f 2760/3807/2760 2759/3806/2759 2758/3805/2758
f 2763/3810/2763 2762/3809/2762 2761/3808/2761
f 2766/3813/2766 2765/3812/2765 2764/3811/2764
f 2769/3816/2769 2768/3815/2768 2767/3814/2767
f 2772/3819/2772 2771/3818/2771 2770/3817/2770
f 2775/3822/2775 2774/3821/2774 2773/3820/2773
f 2778/3825/2778 2777/3824/2777 2776/3823/2776
f 2781/3828/2781 2780/3827/2780 2779/3826/2779
f 2784/3831/2784 2783/3830/2783 2782/3829/2782
f 2787/3834/2787 2786/3833/2786 2785/3832/2785
f 2790/3837/2790 2789/3836/2789 2788/3835/2788
f 2793/3840/2793 2792/3839/2792 2791/3838/2791
f 2796/3843/2796 2795/3842/2795 2794/3841/2794
f 2799/3846/2799 2798/3845/2798 2797/3844/2797
f 2802/3849/2802 2801/3848/2801 2800/3847/2800
f 2805/3852/2805 2804/3851/2804 2803/3850/2803
f 2808/3855/2808 2807/3854/2807 2806/3853/2806
f 2811/3858/2811 2810/3857/2810 2809/3856/2809
f 2814/3861/2814 2813/3860/2813 2812/3859/2812
f 2817/3864/2817 2816/3863/2816 2815/3862/2815
f 2820/3867/2820 2819/3866/2819 2818/3865/2818
f 2823/3870/2823 2822/3869/2822 2821/3868/2821
f 2826/3873/2826 2825/3872/2825 2824/3871/2824
f 2829/3876/2829 2828/3875/2828 2827/3874/2827
f 2832/3879/2832 2831/3878/2831 2830/3877/2830
f 2835/3882/2835 2834/3881/2834 2833/3880/2833
f 2838/3885/2838 2837/3884/2837 2836/3883/2836
f 2841/3888/2841 2840/3887/2840 2839/3886/2839
f 2844/3891/2844 2843/3890/2843 2842/3889/2842
f 2847/3894/2847 2846/3893/2846 2845/3892/2845
f 2850/3897/2850 2849/3896/2849 2848/3895/2848
f 2853/3900/2853 2852/3899/2852 2851/3898/2851
f 2856/3903/2856 2855/3902/2855 2854/3901/2854
f 2859/3906/2859 2858/3905/2858 2857/3904/2857
f 2862/3909/2862 2861/3908/2861 2860/3907/2860
f 2865/3912/2865 2864/3911/2864 2863/3910/2863
f 2868/3915/2868 2867/3914/2867 2866/3913/2866
f 2871/3918/2871 2870/3917/2870 2869/3916/2869
f 2874/3921/2874 2873/3920/2873 2872/3919/2872
f 2877/3924/2877 2876/3923/2876 2875/3922/2875
f 2880/3927/2880 2879/3926/2879 2878/3925/2878
f 2883/3930/2883 2882/3929/2882 2881/3928/2881
f 2886/3933/2886 2885/3932/2885 2884/3931/2884
f 2889/3936/2889 2888/3935/2888 2887/3934/2887
f 2892/3939/2892 2891/3938/2891 2890/3937/2890
f 2895/3942/2895 2894/3941/2894 2893/3940/2893
f 2898/3945/2898 2897/3944/2897 2896/3943/2896
f 2901/3948/2901 2900/3947/2900 2899/3946/2899
f 2904/3951/2904 2903/3950/2903 2902/3949/2902
f 2907/3954/2907 2906/3953/2906 2905/3952/2905
f 2910/3957/2910 2909/3956/2909 2908/3955/2908
f 2913/3960/2913 2912/3959/2912 2911/3958/2911
f 2916/3963/2916 2915/3962/2915 2914/3961/2914
f 2919/3966/2919 2918/3965/2918 2917/3964/2917
f 2922/3969/2922 2921/3968/2921 2920/3967/2920
f 2925/3972/2925 2924/3971/2924 2923/3970/2923
f 2928/3975/2928 2927/3974/2927 2926/3973/2926
f 2931/3978/2931 2930/3977/2930 2929/3976/2929
f 2934/3981/2934 2933/3980/2933 2932/3979/2932
f 2937/3984/2937 2936/3983/2936 2935/3982/2935
f 2940/3987/2940 2939/3986/2939 2938/3985/2938
f 2943/3990/2943 2942/3989/2942 2941/3988/2941
f 2946/3993/2946 2945/3992/2945 2944/3991/2944
f 2949/3996/2949 2948/3995/2948 2947/3994/2947
f 2952/3999/2952 2951/3998/2951 2950/3997/2950
f 2955/4002/2955 2954/4001/2954 2953/4000/2953
f 2958/4005/2958 2957/4004/2957 2956/4003/2956
f 2961/4008/2961 2960/4007/2960 2959/4006/2959
f 2964/4011/2964 2963/4010/2963 2962/4009/2962
f 2967/4014/2967 2966/4013/2966 2965/4012/2965
f 2970/4017/2970 2969/4016/2969 2968/4015/2968
f 2973/4020/2973 2972/4019/2972 2971/4018/2971
f 2976/4023/2976 2975/4022/2975 2974/4021/2974
f 2979/4026/2979 2978/4025/2978 2977/4024/2977
f 2982/4029/2982 2981/4028/2981 2980/4027/2980
f 2985/4032/2985 2984/4031/2984 2983/4030/2983
f 2988/4035/2988 2987/4034/2987 2986/4033/2986
f 2991/4038/2991 2990/4037/2990 2989/4036/2989
f 2994/4041/2994 2993/4040/2993 2992/4039/2992
f 2997/4044/2997 2996/4043/2996 2995/4042/2995
f 3000/4047/3000 2999/4046/2999 2998/4045/2998
f 3003/4050/3003 3002/4049/3002 3001/4048/3001
f 3006/4053/3006 3005/4052/3005 3004/4051/3004
f 3009/4056/3009 3008/4055/3008 3007/4054/3007
f 3012/4059/3012 3011/4058/3011 3010/4057/3010
f 3015/4062/3015 3014/4061/3014 3013/4060/3013
f 3018/4065/3018 3017/4064/3017 3016/4063/3016
f 3021/4068/3021 3020/4067/3020 3019/4066/3019
f 3024/4071/3024 3023/4070/3023 3022/4069/3022
f 3027/4074/3027 3026/4073/3026 3025/4072/3025
f 3030/4077/3030 3029/4076/3029 3028/4075/3028
f 3033/4080/3033 3032/4079/3032 3031/4078/3031
f 3036/4083/3036 3035/4082/3035 3034/4081/3034
f 3039/4086/3039 3038/4085/3038 3037/4084/3037
f 3042/4089/3042 3041/4088/3041 3040/4087/3040
f 3045/4092/3045 3044/4091/3044 3043/4090/3043
f 3048/4095/3048 3047/4094/3047 3046/4093/3046
f 3051/4098/3051 3050/4097/3050 3049/4096/3049
f 3054/4101/3054 3053/4100/3053 3052/4099/3052
f 3057/4104/3057 3056/4103/3056 3055/4102/3055
f 3060/4107/3060 3059/4106/3059 3058/4105/3058
f 3063/4110/3063 3062/4109/3062 3061/4108/3061
f 3066/4113/3066 3065/4112/3065 3064/4111/3064
f 3069/4116/3069 3068/4115/3068 3067/4114/3067
f 3072/4119/3072 3071/4118/3071 3070/4117/3070
f 3075/4122/3075 3074/4121/3074 3073/4120/3073
f 3078/4125/3078 3077/4124/3077 3076/4123/3076
f 3081/4128/3081 3080/4127/3080 3079/4126/3079
f 3084/4131/3084 3083/4130/3083 3082/4129/3082
f 3087/4134/3087 3086/4133/3086 3085/4132/3085
f 3090/4137/3090 3089/4136/3089 3088/4135/3088
f 3093/4140/3093 3092/4139/3092 3091/4138/3091
f 3096/4143/3096 3095/4142/3095 3094/4141/3094
f 3099/4146/3099 3098/4145/3098 3097/4144/3097
f 3102/4149/3102 3101/4148/3101 3100/4147/3100
f 3105/4152/3105 3104/4151/3104 3103/4150/3103
f 3108/4155/3108 3107/4154/3107 3106/4153/3106
f 3111/4158/3111 3110/4157/3110 3109/4156/3109
f 3114/4161/3114 3113/4160/3113 3112/4159/3112
f 3117/4164/3117 3116/4163/3116 3115/4162/3115
f 3120/4167/3120 3119/4166/3119 3118/4165/3118
f 3123/4170/3123 3122/4169/3122 3121/4168/3121
f 3126/4173/3126 3125/4172/3125 3124/4171/3124
f 3129/4176/3129 3128/4175/3128 3127/4174/3127
f 3132/4179/3132 3131/4178/3131 3130/4177/3130
f 3135/4182/3135 3134/4181/3134 3133/4180/3133
f 3138/4185/3138 3137/4184/3137 3136/4183/3136
f 3141/4188/3141 3140/4187/3140 3139/4186/3139
f 3144/4191/3144 3143/4190/3143 3142/4189/3142
f 3147/4194/3147 3146/4193/3146 3145/4192/3145
f 3150/4197/3150 3149/4196/3149 3148/4195/3148
f 3153/4200/3153 3152/4199/3152 3151/4198/3151
f 3156/4203/3156 3155/4202/3155 3154/4201/3154
f 3159/4206/3159 3158/4205/3158 3157/4204/3157
f 3162/4209/3162 3161/4208/3161 3160/4207/3160
f 3165/4212/3165 3164/4211/3164 3163/4210/3163
f 3168/4215/3168 3167/4214/3167 3166/4213/3166
f 3171/4218/3171 3170/4217/3170 3169/4216/3169
f 3174/4221/3174 3173/4220/3173 3172/4219/3172
f 3177/4224/3177 3176/4223/3176 3175/4222/3175
f 3180/4227/3180 3179/4226/3179 3178/4225/3178
f 3183/4230/3183 3182/4229/3182 3181/4228/3181
f 3186/4233/3186 3185/4232/3185 3184/4231/3184
f 3189/4236/3189 3188/4235/3188 3187/4234/3187
f 3192/4239/3192 3191/4238/3191 3190/4237/3190
f 3195/4242/3195 3194/4241/3194 3193/4240/3193
f 3198/4245/3198 3197/4244/3197 3196/4243/3196
f 3201/4248/3201 3200/4247/3200 3199/4246/3199
f 3204/4251/3204 3203/4250/3203 3202/4249/3202
f 3207/4254/3207 3206/4253/3206 3205/4252/3205
f 3210/4257/3210 3209/4256/3209 3208/4255/3208
f 3213/4260/3213 3212/4259/3212 3211/4258/3211
f 3216/4263/3216 3215/4262/3215 3214/4261/3214
f 3219/4266/3219 3218/4265/3218 3217/4264/3217
f 3222/4269/3222 3221/4268/3221 3220/4267/3220
f 3225/4272/3225 3224/4271/3224 3223/4270/3223
f 3228/4275/3228 3227/4274/3227 3226/4273/3226
f 3231/4278/3231 3230/4277/3230 3229/4276/3229
f 3234/4281/3234 3233/4280/3233 3232/4279/3232
f 3237/4284/3237 3236/4283/3236 3235/4282/3235
f 3240/4287/3240 3239/4286/3239 3238/4285/3238
f 3243/4290/3243 3242/4289/3242 3241/4288/3241
f 3246/4293/3246 3245/4292/3245 3244/4291/3244
f 3249/4296/3249 3248/4295/3248 3247/4294/3247
f 3252/4299/3252 3251/4298/3251 3250/4297/3250
f 3255/4302/3255 3254/4301/3254 3253/4300/3253
f 3258/4305/3258 3257/4304/3257 3256/4303/3256
f 3261/4308/3261 3260/4307/3260 3259/4306/3259
f 3264/4311/3264 3263/4310/3263 3262/4309/3262
f 3267/4314/3267 3266/4313/3266 3265/4312/3265
f 3270/4317/3270 3269/4316/3269 3268/4315/3268
f 3273/4320/3273 3272/4319/3272 3271/4318/3271
f 3276/4323/3276 3275/4322/3275 3274/4321/3274
f 3279/4326/3279 3278/4325/3278 3277/4324/3277
f 3282/4329/3282 3281/4328/3281 3280/4327/3280
f 3285/4332/3285 3284/4331/3284 3283/4330/3283
f 3288/4335/3288 3287/4334/3287 3286/4333/3286
f 3291/4338/3291 3290/4337/3290 3289/4336/3289
f 3294/4341/3294 3293/4340/3293 3292/4339/3292
f 3297/4344/3297 3296/4343/3296 3295/4342/3295
f 3300/4347/3300 3299/4346/3299 3298/4345/3298
f 3303/4350/3303 3302/4349/3302 3301/4348/3301
f 3306/4353/3306 3305/4352/3305 3304/4351/3304
f 3309/4356/3309 3308/4355/3308 3307/4354/3307
f 3312/4359/3312 3311/4358/3311 3310/4357/3310
f 3315/4362/3315 3314/4361/3314 3313/4360/3313
f 3318/4365/3318 3317/4364/3317 3316/4363/3316
f 3321/4368/3321 3320/4367/3320 3319/4366/3319
f 3324/4371/3324 3323/4370/3323 3322/4369/3322
f 3327/4374/3327 3326/4373/3326 3325/4372/3325
f 3330/4377/3330 3329/4376/3329 3328/4375/3328
f 3333/4380/3333 3332/4379/3332 3331/4378/3331
f 3336/4383/3336 3335/4382/3335 3334/4381/3334
f 3339/4386/3339 3338/4385/3338 3337/4384/3337
f 3342/4389/3342 3341/4388/3341 3340/4387/3340
f 3345/4392/3345 3344/4391/3344 3343/4390/3343
f 3348/4395/3348 3347/4394/3347 3346/4393/3346
f 3351/4398/3351 3350/4397/3350 3349/4396/3349
f 3354/4401/3354 3353/4400/3353 3352/4399/3352
f 3357/4404/3357 3356/4403/3356 3355/4402/3355
f 3360/4407/3360 3359/4406/3359 3358/4405/3358
f 3363/4410/3363 3362/4409/3362 3361/4408/3361
f 3366/4413/3366 3365/4412/3365 3364/4411/3364
f 3369/4416/3369 3368/4415/3368 3367/4414/3367
f 3372/4419/3372 3371/4418/3371 3370/4417/3370
f 3375/4422/3375 3374/4421/3374 3373/4420/3373
f 3378/4425/3378 3377/4424/3377 3376/4423/3376
f 3381/4428/3381 3380/4427/3380 3379/4426/3379
f 3384/4431/3384 3383/4430/3383 3382/4429/3382
f 3387/4434/3387 3386/4433/3386 3385/4432/3385
f 3390/4437/3390 3389/4436/3389 3388/4435/3388
f 3393/4440/3393 3392/4439/3392 3391/4438/3391
f 3396/4443/3396 3395/4442/3395 3394/4441/3394
f 3399/4446/3399 3398/4445/3398 3397/4444/3397
f 3402/4449/3402 3401/4448/3401 3400/4447/3400
f 3405/4452/3405 3404/4451/3404 3403/4450/3403
f 3408/4455/3408 3407/4454/3407 3406/4453/3406
f 3411/4458/3411 3410/4457/3410 3409/4456/3409
f 3414/4461/3414 3413/4460/3413 3412/4459/3412
f 3417/4464/3417 3416/4463/3416 3415/4462/3415
f 3420/4467/3420 3419/4466/3419 3418/4465/3418
f 3423/4470/3423 3422/4469/3422 3421/4468/3421
f 3426/4473/3426 3425/4472/3425 3424/4471/3424
f 3429/4476/3429 3428/4475/3428 3427/4474/3427
f 3432/4479/3432 3431/4478/3431 3430/4477/3430
f 3435/4482/3435 3434/4481/3434 3433/4480/3433
f 3438/4485/3438 3437/4484/3437 3436/4483/3436
f 3441/4488/3441 3440/4487/3440 3439/4486/3439
f 3444/4491/3444 3443/4490/3443 3442/4489/3442
f 3447/4494/3447 3446/4493/3446 3445/4492/3445
f 3450/4497/3450 3449/4496/3449 3448/4495/3448
f 3453/4500/3453 3452/4499/3452 3451/4498/3451
f 3456/4503/3456 3455/4502/3455 3454/4501/3454
f 3459/4506/3459 3458/4505/3458 3457/4504/3457
f 3462/4509/3462 3461/4508/3461 3460/4507/3460
f 3465/4512/3465 3464/4511/3464 3463/4510/3463
f 3468/4515/3468 3467/4514/3467 3466/4513/3466
f 3471/4518/3471 3470/4517/3470 3469/4516/3469
f 3474/4521/3474 3473/4520/3473 3472/4519/3472
f 3477/4524/3477 3476/4523/3476 3475/4522/3475
f 3480/4527/3480 3479/4526/3479 3478/4525/3478
f 3483/4530/3483 3482/4529/3482 3481/4528/3481
f 3486/4533/3486 3485/4532/3485 3484/4531/3484
f 3489/4536/3489 3488/4535/3488 3487/4534/3487
f 3492/4539/3492 3491/4538/3491 3490/4537/3490
f 3495/4542/3495 3494/4541/3494 3493/4540/3493
f 3498/4545/3498 3497/4544/3497 3496/4543/3496
f 3501/4548/3501 3500/4547/3500 3499/4546/3499
f 3504/4551/3504 3503/4550/3503 3502/4549/3502
f 3507/4554/3507 3506/4553/3506 3505/4552/3505
f 3510/4557/3510 3509/4556/3509 3508/4555/3508
f 3513/4560/3513 3512/4559/3512 3511/4558/3511
f 3516/4563/3516 3515/4562/3515 3514/4561/3514
f 3519/4566/3519 3518/4565/3518 3517/4564/3517
f 3522/4569/3522 3521/4568/3521 3520/4567/3520
f 3525/4572/3525 3524/4571/3524 3523/4570/3523
f 3528/4575/3528 3527/4574/3527 3526/4573/3526
f 3531/4578/3531 3530/4577/3530 3529/4576/3529
f 3534/4581/3534 3533/4580/3533 3532/4579/3532
f 3537/4584/3537 3536/4583/3536 3535/4582/3535
f 3540/4587/3540 3539/4586/3539 3538/4585/3538
f 3543/4590/3543 3542/4589/3542 3541/4588/3541
f 3546/4593/3546 3545/4592/3545 3544/4591/3544
f 3549/4596/3549 3548/4595/3548 3547/4594/3547
f 3552/4599/3552 3551/4598/3551 3550/4597/3550
f 3555/4602/3555 3554/4601/3554 3553/4600/3553
f 3558/4605/3558 3557/4604/3557 3556/4603/3556
f 3561/4608/3561 3560/4607/3560 3559/4606/3559
f 3564/4611/3564 3563/4610/3563 3562/4609/3562
f 3567/4614/3567 3566/4613/3566 3565/4612/3565
f 3570/4617/3570 3569/4616/3569 3568/4615/3568
f 3573/4620/3573 3572/4619/3572 3571/4618/3571
f 3576/4623/3576 3575/4622/3575 3574/4621/3574
f 3579/4626/3579 3578/4625/3578 3577/4624/3577
f 3582/4629/3582 3581/4628/3581 3580/4627/3580
f 3585/4632/3585 3584/4631/3584 3583/4630/3583
f 3588/4635/3588 3587/4634/3587 3586/4633/3586
f 3591/4638/3591 3590/4637/3590 3589/4636/3589
f 3594/4641/3594 3593/4640/3593 3592/4639/3592
f 3597/4644/3597 3596/4643/3596 3595/4642/3595
f 3600/4647/3600 3599/4646/3599 3598/4645/3598
f 3603/4650/3603 3602/4649/3602 3601/4648/3601
f 3606/4653/3606 3605/4652/3605 3604/4651/3604
f 3609/4656/3609 3608/4655/3608 3607/4654/3607
f 3612/4659/3612 3611/4658/3611 3610/4657/3610
f 3615/4662/3615 3614/4661/3614 3613/4660/3613
f 3618/4665/3618 3617/4664/3617 3616/4663/3616
f 3621/4668/3621 3620/4667/3620 3619/4666/3619
f 3624/4671/3624 3623/4670/3623 3622/4669/3622
f 3627/4674/3627 3626/4673/3626 3625/4672/3625
f 3630/4677/3630 3629/4676/3629 3628/4675/3628
f 3633/4680/3633 3632/4679/3632 3631/4678/3631
f 3636/4683/3636 3635/4682/3635 3634/4681/3634
f 3639/4686/3639 3638/4685/3638 3637/4684/3637
f 3642/4689/3642 3641/4688/3641 3640/4687/3640
f 3645/4692/3645 3644/4691/3644 3643/4690/3643
f 3648/4695/3648 3647/4694/3647 3646/4693/3646
f 3651/4698/3651 3650/4697/3650 3649/4696/3649
f 3654/4701/3654 3653/4700/3653 3652/4699/3652
f 3657/4704/3657 3656/4703/3656 3655/4702/3655
f 3660/4707/3660 3659/4706/3659 3658/4705/3658
f 3663/4710/3663 3662/4709/3662 3661/4708/3661
f 3666/4713/3666 3665/4712/3665 3664/4711/3664
f 3669/4716/3669 3668/4715/3668 3667/4714/3667
f 3672/4719/3672 3671/4718/3671 3670/4717/3670
f 3675/4722/3675 3674/4721/3674 3673/4720/3673
f 3678/4725/3678 3677/4724/3677 3676/4723/3676
f 3681/4728/3681 3680/4727/3680 3679/4726/3679
f 3684/4731/3684 3683/4730/3683 3682/4729/3682
f 3687/4734/3687 3686/4733/3686 3685/4732/3685
f 3690/4737/3690 3689/4736/3689 3688/4735/3688
f 3693/4740/3693 3692/4739/3692 3691/4738/3691
f 3696/4743/3696 3695/4742/3695 3694/4741/3694
f 3699/4746/3699 3698/4745/3698 3697/4744/3697
f 3702/4749/3702 3701/4748/3701 3700/4747/3700
f 3705/4752/3705 3704/4751/3704 3703/4750/3703
f 3708/4755/3708 3707/4754/3707 3706/4753/3706
f 3711/4758/3711 3710/4757/3710 3709/4756/3709
f 3714/4761/3714 3713/4760/3713 3712/4759/3712
f 3717/4764/3717 3716/4763/3716 3715/4762/3715
f 3720/4767/3720 3719/4766/3719 3718/4765/3718
f 3723/4770/3723 3722/4769/3722 3721/4768/3721
f 3726/4773/3726 3725/4772/3725 3724/4771/3724
f 3729/4776/3729 3728/4775/3728 3727/4774/3727
f 3732/4779/3732 3731/4778/3731 3730/4777/3730
f 3735/4782/3735 3734/4781/3734 3733/4780/3733
f 3738/4785/3738 3737/4784/3737 3736/4783/3736
f 3741/4788/3741 3740/4787/3740 3739/4786/3739
f 3744/4791/3744 3743/4790/3743 3742/4789/3742
f 3747/4794/3747 3746/4793/3746 3745/4792/3745
f 3750/4797/3750 3749/4796/3749 3748/4795/3748
f 3753/4800/3753 3752/4799/3752 3751/4798/3751
f 3756/4803/3756 3755/4802/3755 3754/4801/3754
f 3759/4806/3759 3758/4805/3758 3757/4804/3757
f 3762/4809/3762 3761/4808/3761 3760/4807/3760
f 3765/4812/3765 3764/4811/3764 3763/4810/3763
f 3768/4815/3768 3767/4814/3767 3766/4813/3766
f 3771/4818/3771 3770/4817/3770 3769/4816/3769
f 3774/4821/3774 3773/4820/3773 3772/4819/3772
f 3777/4824/3777 3776/4823/3776 3775/4822/3775
f 3780/4827/3780 3779/4826/3779 3778/4825/3778
f 3783/4830/3783 3782/4829/3782 3781/4828/3781
f 3786/4833/3786 3785/4832/3785 3784/4831/3784
f 3789/4836/3789 3788/4835/3788 3787/4834/3787
f 3792/4839/3792 3791/4838/3791 3790/4837/3790
f 3795/4842/3795 3794/4841/3794 3793/4840/3793
f 3798/4845/3798 3797/4844/3797 3796/4843/3796
f 3801/4848/3801 3800/4847/3800 3799/4846/3799
f 3804/4851/3804 3803/4850/3803 3802/4849/3802
f 3807/4854/3807 3806/4853/3806 3805/4852/3805
f 3810/4857/3810 3809/4856/3809 3808/4855/3808
f 3813/4860/3813 3812/4859/3812 3811/4858/3811
f 3816/4863/3816 3815/4862/3815 3814/4861/3814
f 3819/4866/3819 3818/4865/3818 3817/4864/3817
f 3822/4869/3822 3821/4868/3821 3820/4867/3820
f 3825/4872/3825 3824/4871/3824 3823/4870/3823
f 3828/4875/3828 3827/4874/3827 3826/4873/3826
f 3831/4878/3831 3830/4877/3830 3829/4876/3829
f 3834/4881/3834 3833/4880/3833 3832/4879/3832
f 3837/4884/3837 3836/4883/3836 3835/4882/3835
f 3840/4887/3840 3839/4886/3839 3838/4885/3838
f 3843/4890/3843 3842/4889/3842 3841/4888/3841
f 3846/4893/3846 3845/4892/3845 3844/4891/3844
f 3849/4896/3849 3848/4895/3848 3847/4894/3847
f 3852/4899/3852 3851/4898/3851 3850/4897/3850
f 3855/4902/3855 3854/4901/3854 3853/4900/3853
f 3858/4905/3858 3857/4904/3857 3856/4903/3856
f 3861/4908/3861 3860/4907/3860 3859/4906/3859
f 3864/4911/3864 3863/4910/3863 3862/4909/3862
f 3867/4914/3867 3866/4913/3866 3865/4912/3865
f 3870/4917/3870 3869/4916/3869 3868/4915/3868
f 3873/4920/3873 3872/4919/3872 3871/4918/3871
f 3876/4923/3876 3875/4922/3875 3874/4921/3874
f 3879/4926/3879 3878/4925/3878 3877/4924/3877
f 3882/4929/3882 3881/4928/3881 3880/4927/3880
f 3885/4932/3885 3884/4931/3884 3883/4930/3883
f 3888/4935/3888 3887/4934/3887 3886/4933/3886
f 3891/4938/3891 3890/4937/3890 3889/4936/3889
f 3894/4941/3894 3893/4940/3893 3892/4939/3892
f 3897/4944/3897 3896/4943/3896 3895/4942/3895
f 3900/4947/3900 3899/4946/3899 3898/4945/3898
f 3903/4950/3903 3902/4949/3902 3901/4948/3901
f 3906/4953/3906 3905/4952/3905 3904/4951/3904
f 3909/4956/3909 3908/4955/3908 3907/4954/3907
f 3912/4959/3912 3911/4958/3911 3910/4957/3910
f 3915/4962/3915 3914/4961/3914 3913/4960/3913
f 3918/4965/3918 3917/4964/3917 3916/4963/3916
f 3921/4968/3921 3920/4967/3920 3919/4966/3919
f 3924/4971/3924 3923/4970/3923 3922/4969/3922
f 3927/4974/3927 3926/4973/3926 3925/4972/3925
f 3930/4977/3930 3929/4976/3929 3928/4975/3928
f 3933/4980/3933 3932/4979/3932 3931/4978/3931
f 3936/4983/3936 3935/4982/3935 3934/4981/3934
f 3939/4986/3939 3938/4985/3938 3937/4984/3937
f 3942/4989/3942 3941/4988/3941 3940/4987/3940
f 3945/4992/3945 3944/4991/3944 3943/4990/3943
f 3948/4995/3948 3947/4994/3947 3946/4993/3946
f 3951/4998/3951 3950/4997/3950 3949/4996/3949
f 3954/5001/3954 3953/5000/3953 3952/4999/3952
f 3957/5004/3957 3956/5003/3956 3955/5002/3955
f 3960/5007/3960 3959/5006/3959 3958/5005/3958
f 3963/5010/3963 3962/5009/3962 3961/5008/3961
f 3966/5013/3966 3965/5012/3965 3964/5011/3964
f 3969/5016/3969 3968/5015/3968 3967/5014/3967
f 3972/5019/3972 3971/5018/3971 3970/5017/3970
f 3975/5022/3975 3974/5021/3974 3973/5020/3973
f 3978/5025/3978 3977/5024/3977 3976/5023/3976
f 3981/5028/3981 3980/5027/3980 3979/5026/3979
f 3984/5031/3984 3983/5030/3983 3982/5029/3982
f 3987/5034/3987 3986/5033/3986 3985/5032/3985
f 3990/5037/3990 3989/5036/3989 3988/5035/3988
f 3993/5040/3993 3992/5039/3992 3991/5038/3991
f 3996/5043/3996 3995/5042/3995 3994/5041/3994
f 3999/5046/3999 3998/5045/3998 3997/5044/3997
f 4002/5049/4002 4001/5048/4001 4000/5047/4000
f 4005/5052/4005 4004/5051/4004 4003/5050/4003
f 4008/5055/4008 4007/5054/4007 4006/5053/4006
f 4011/5058/4011 4010/5057/4010 4009/5056/4009
f 4014/5061/4014 4013/5060/4013 4012/5059/4012
f 4017/5064/4017 4016/5063/4016 4015/5062/4015
f 4020/5067/4020 4019/5066/4019 4018/5065/4018
f 4023/5070/4023 4022/5069/4022 4021/5068/4021
f 4026/5073/4026 4025/5072/4025 4024/5071/4024
f 4029/5076/4029 4028/5075/4028 4027/5074/4027
f 4032/5079/4032 4031/5078/4031 4030/5077/4030
f 4035/5082/4035 4034/5081/4034 4033/5080/4033
f 4038/5085/4038 4037/5084/4037 4036/5083/4036
f 4041/5088/4041 4040/5087/4040 4039/5086/4039
f 4044/5091/4044 4043/5090/4043 4042/5089/4042
f 4047/5094/4047 4046/5093/4046 4045/5092/4045
f 4050/5097/4050 4049/5096/4049 4048/5095/4048
f 4053/5100/4053 4052/5099/4052 4051/5098/4051
f 4056/5103/4056 4055/5102/4055 4054/5101/4054
f 4059/5106/4059 4058/5105/4058 4057/5104/4057
f 4062/5109/4062 4061/5108/4061 4060/5107/4060
f 4065/5112/4065 4064/5111/4064 4063/5110/4063
f 4068/5115/4068 4067/5114/4067 4066/5113/4066
f 4071/5118/4071 4070/5117/4070 4069/5116/4069
f 4074/5121/4074 4073/5120/4073 4072/5119/4072
f 4077/5124/4077 4076/5123/4076 4075/5122/4075
f 4080/5127/4080 4079/5126/4079 4078/5125/4078
f 4083/5130/4083 4082/5129/4082 4081/5128/4081
f 4086/5133/4086 4085/5132/4085 4084/5131/4084
f 4089/5136/4089 4088/5135/4088 4087/5134/4087
f 4092/5139/4092 4091/5138/4091 4090/5137/4090
f 4095/5142/4095 4094/5141/4094 4093/5140/4093
f 4098/5145/4098 4097/5144/4097 4096/5143/4096
f 4101/5148/4101 4100/5147/4100 4099/5146/4099
f 4104/5151/4104 4103/5150/4103 4102/5149/4102
f 4107/5154/4107 4106/5153/4106 4105/5152/4105
f 4110/5157/4110 4109/5156/4109 4108/5155/4108
f 4113/5160/4113 4112/5159/4112 4111/5158/4111
f 4116/5163/4116 4115/5162/4115 4114/5161/4114
f 4119/5166/4119 4118/5165/4118 4117/5164/4117
f 4122/5169/4122 4121/5168/4121 4120/5167/4120
f 4125/5172/4125 4124/5171/4124 4123/5170/4123
f 4128/5175/4128 4127/5174/4127 4126/5173/4126
f 4131/5178/4131 4130/5177/4130 4129/5176/4129
f 4134/5181/4134 4133/5180/4133 4132/5179/4132
f 4137/5184/4137 4136/5183/4136 4135/5182/4135
f 4140/5187/4140 4139/5186/4139 4138/5185/4138
f 4143/5190/4143 4142/5189/4142 4141/5188/4141
f 4146/5193/4146 4145/5192/4145 4144/5191/4144
f 4149/5196/4149 4148/5195/4148 4147/5194/4147
f 4152/5199/4152 4151/5198/4151 4150/5197/4150
f 4155/5202/4155 4154/5201/4154 4153/5200/4153
f 4158/5205/4158 4157/5204/4157 4156/5203/4156
f 4161/5208/4161 4160/5207/4160 4159/5206/4159
f 4164/5211/4164 4163/5210/4163 4162/5209/4162
f 4167/5214/4167 4166/5213/4166 4165/5212/4165
f 4170/5217/4170 4169/5216/4169 4168/5215/4168
f 4173/5220/4173 4172/5219/4172 4171/5218/4171
f 4176/5223/4176 4175/5222/4175 4174/5221/4174
f 4179/5226/4179 4178/5225/4178 4177/5224/4177
f 4182/5229/4182 4181/5228/4181 4180/5227/4180
f 4185/5232/4185 4184/5231/4184 4183/5230/4183
f 4188/5235/4188 4187/5234/4187 4186/5233/4186
f 4191/5238/4191 4190/5237/4190 4189/5236/4189
f 4194/5241/4194 4193/5240/4193 4192/5239/4192
f 4197/5244/4197 4196/5243/4196 4195/5242/4195
f 4200/5247/4200 4199/5246/4199 4198/5245/4198
f 4203/5250/4203 4202/5249/4202 4201/5248/4201
f 4206/5253/4206 4205/5252/4205 4204/5251/4204
f 4209/5256/4209 4208/5255/4208 4207/5254/4207
f 4212/5259/4212 4211/5258/4211 4210/5257/4210
f 4215/5262/4215 4214/5261/4214 4213/5260/4213
f 4218/5265/4218 4217/5264/4217 4216/5263/4216
f 4221/5268/4221 4220/5267/4220 4219/5266/4219
f 4224/5271/4224 4223/5270/4223 4222/5269/4222
f 4227/5274/4227 4226/5273/4226 4225/5272/4225
f 4230/5277/4230 4229/5276/4229 4228/5275/4228
f 4233/5280/4233 4232/5279/4232 4231/5278/4231
f 4236/5283/4236 4235/5282/4235 4234/5281/4234
f 4239/5286/4239 4238/5285/4238 4237/5284/4237
f 4242/5289/4242 4241/5288/4241 4240/5287/4240
f 4245/5292/4245 4244/5291/4244 4243/5290/4243
f 4248/5295/4248 4247/5294/4247 4246/5293/4246
f 4251/5298/4251 4250/5297/4250 4249/5296/4249
f 4254/5301/4254 4253/5300/4253 4252/5299/4252
f 4257/5304/4257 4256/5303/4256 4255/5302/4255
f 4260/5307/4260 4259/5306/4259 4258/5305/4258
f 4263/5310/4263 4262/5309/4262 4261/5308/4261
f 4266/5313/4266 4265/5312/4265 4264/5311/4264
f 4269/5316/4269 4268/5315/4268 4267/5314/4267
f 4272/5319/4272 4271/5318/4271 4270/5317/4270
f 4275/5322/4275 4274/5321/4274 4273/5320/4273
f 4278/5325/4278 4277/5324/4277 4276/5323/4276
f 4281/5328/4281 4280/5327/4280 4279/5326/4279
f 4284/5331/4284 4283/5330/4283 4282/5329/4282
f 4287/5334/4287 4286/5333/4286 4285/5332/4285
f 4290/5337/4290 4289/5336/4289 4288/5335/4288
f 4293/5340/4293 4292/5339/4292 4291/5338/4291
f 4296/5343/4296 4295/5342/4295 4294/5341/4294
f 4299/5346/4299 4298/5345/4298 4297/5344/4297
f 4302/5349/4302 4301/5348/4301 4300/5347/4300
f 4305/5352/4305 4304/5351/4304 4303/5350/4303
f 4308/5355/4308 4307/5354/4307 4306/5353/4306
f 4311/5358/4311 4310/5357/4310 4309/5356/4309
f 4314/5361/4314 4313/5360/4313 4312/5359/4312
f 4317/5364/4317 4316/5363/4316 4315/5362/4315
f 4320/5367/4320 4319/5366/4319 4318/5365/4318
f 4323/5370/4323 4322/5369/4322 4321/5368/4321
f 4326/5373/4326 4325/5372/4325 4324/5371/4324
f 4329/5376/4329 4328/5375/4328 4327/5374/4327
f 4332/5379/4332 4331/5378/4331 4330/5377/4330
f 4335/5382/4335 4334/5381/4334 4333/5380/4333
f 4338/5385/4338 4337/5384/4337 4336/5383/4336
f 4341/5388/4341 4340/5387/4340 4339/5386/4339
f 4344/5391/4344 4343/5390/4343 4342/5389/4342
f 4347/5394/4347 4346/5393/4346 4345/5392/4345
f 4350/5397/4350 4349/5396/4349 4348/5395/4348
f 4353/5400/4353 4352/5399/4352 4351/5398/4351
f 4356/5403/4356 4355/5402/4355 4354/5401/4354
f 4359/5406/4359 4358/5405/4358 4357/5404/4357
f 4362/5409/4362 4361/5408/4361 4360/5407/4360
f 4365/5412/4365 4364/5411/4364 4363/5410/4363
f 4368/5415/4368 4367/5414/4367 4366/5413/4366
f 4371/5418/4371 4370/5417/4370 4369/5416/4369
f 4374/5421/4374 4373/5420/4373 4372/5419/4372
f 4377/5424/4377 4376/5423/4376 4375/5422/4375
f 4380/5427/4380 4379/5426/4379 4378/5425/4378
f 4383/5430/4383 4382/5429/4382 4381/5428/4381
f 4386/5433/4386 4385/5432/4385 4384/5431/4384
f 4389/5436/4389 4388/5435/4388 4387/5434/4387
f 4392/5439/4392 4391/5438/4391 4390/5437/4390
f 4395/5442/4395 4394/5441/4394 4393/5440/4393
f 4398/5445/4398 4397/5444/4397 4396/5443/4396
f 4401/5448/4401 4400/5447/4400 4399/5446/4399
f 4404/5451/4404 4403/5450/4403 4402/5449/4402
f 4407/5454/4407 4406/5453/4406 4405/5452/4405
f 4410/5457/4410 4409/5456/4409 4408/5455/4408
f 4413/5460/4413 4412/5459/4412 4411/5458/4411
f 4416/5463/4416 4415/5462/4415 4414/5461/4414
f 4419/5466/4419 4418/5465/4418 4417/5464/4417
f 4422/5469/4422 4421/5468/4421 4420/5467/4420
f 4425/5472/4425 4424/5471/4424 4423/5470/4423
f 4428/5475/4428 4427/5474/4427 4426/5473/4426
f 4431/5478/4431 4430/5477/4430 4429/5476/4429
f 4434/5481/4434 4433/5480/4433 4432/5479/4432
f 4437/5484/4437 4436/5483/4436 4435/5482/4435
f 4440/5487/4440 4439/5486/4439 4438/5485/4438
f 4443/5490/4443 4442/5489/4442 4441/5488/4441
f 4446/5493/4446 4445/5492/4445 4444/5491/4444
f 4449/5496/4449 4448/5495/4448 4447/5494/4447
f 4452/5499/4452 4451/5498/4451 4450/5497/4450
f 4455/5502/4455 4454/5501/4454 4453/5500/4453
f 4458/5505/4458 4457/5504/4457 4456/5503/4456
f 4461/5508/4461 4460/5507/4460 4459/5506/4459
f 4464/5511/4464 4463/5510/4463 4462/5509/4462
f 4467/5514/4467 4466/5513/4466 4465/5512/4465
f 4470/5517/4470 4469/5516/4469 4468/5515/4468
f 4473/5520/4473 4472/5519/4472 4471/5518/4471
f 4476/5523/4476 4475/5522/4475 4474/5521/4474
f 4479/5526/4479 4478/5525/4478 4477/5524/4477
f 4482/5529/4482 4481/5528/4481 4480/5527/4480
f 4485/5532/4485 4484/5531/4484 4483/5530/4483
f 4488/5535/4488 4487/5534/4487 4486/5533/4486
f 4491/5538/4491 4490/5537/4490 4489/5536/4489
f 4494/5541/4494 4493/5540/4493 4492/5539/4492
f 4497/5544/4497 4496/5543/4496 4495/5542/4495
f 4500/5547/4500 4499/5546/4499 4498/5545/4498
f 4503/5550/4503 4502/5549/4502 4501/5548/4501
f 4506/5553/4506 4505/5552/4505 4504/5551/4504
f 4509/5556/4509 4508/5555/4508 4507/5554/4507
f 4512/5559/4512 4511/5558/4511 4510/5557/4510
f 4515/5562/4515 4514/5561/4514 4513/5560/4513
f 4518/5565/4518 4517/5564/4517 4516/5563/4516
f 4521/5568/4521 4520/5567/4520 4519/5566/4519
f 4524/5571/4524 4523/5570/4523 4522/5569/4522
f 4527/5574/4527 4526/5573/4526 4525/5572/4525
f 4530/5577/4530 4529/5576/4529 4528/5575/4528
f 4533/5580/4533 4532/5579/4532 4531/5578/4531
f 4536/5583/4536 4535/5582/4535 4534/5581/4534
f 4539/5586/4539 4538/5585/4538 4537/5584/4537
f 4542/5589/4542 4541/5588/4541 4540/5587/4540
f 4545/5592/4545 4544/5591/4544 4543/5590/4543
f 4548/5595/4548 4547/5594/4547 4546/5593/4546
f 4551/5598/4551 4550/5597/4550 4549/5596/4549
f 4554/5601/4554 4553/5600/4553 4552/5599/4552
f 4557/5604/4557 4556/5603/4556 4555/5602/4555
f 4560/5607/4560 4559/5606/4559 4558/5605/4558
f 4563/5610/4563 4562/5609/4562 4561/5608/4561
f 4566/5613/4566 4565/5612/4565 4564/5611/4564
f 4569/5616/4569 4568/5615/4568 4567/5614/4567
f 4572/5619/4572 4571/5618/4571 4570/5617/4570
f 4575/5622/4575 4574/5621/4574 4573/5620/4573
f 4578/5625/4578 4577/5624/4577 4576/5623/4576
f 4581/5628/4581 4580/5627/4580 4579/5626/4579
f 4584/5631/4584 4583/5630/4583 4582/5629/4582
f 4587/5634/4587 4586/5633/4586 4585/5632/4585
f 4590/5637/4590 4589/5636/4589 4588/5635/4588
f 4593/5640/4593 4592/5639/4592 4591/5638/4591
f 4596/5643/4596 4595/5642/4595 4594/5641/4594
f 4599/5646/4599 4598/5645/4598 4597/5644/4597
f 4602/5649/4602 4601/5648/4601 4600/5647/4600
f 4605/5652/4605 4604/5651/4604 4603/5650/4603
f 4608/5655/4608 4607/5654/4607 4606/5653/4606
f 4611/5658/4611 4610/5657/4610 4609/5656/4609
f 4614/5661/4614 4613/5660/4613 4612/5659/4612
f 4617/5664/4617 4616/5663/4616 4615/5662/4615
f 4620/5667/4620 4619/5666/4619 4618/5665/4618
f 4623/5670/4623 4622/5669/4622 4621/5668/4621
f 4626/5673/4626 4625/5672/4625 4624/5671/4624
f 4629/5676/4629 4628/5675/4628 4627/5674/4627
f 4632/5679/4632 4631/5678/4631 4630/5677/4630
f 4635/5682/4635 4634/5681/4634 4633/5680/4633
f 4638/5685/4638 4637/5684/4637 4636/5683/4636
f 4641/5688/4641 4640/5687/4640 4639/5686/4639
f 4644/5691/4644 4643/5690/4643 4642/5689/4642
f 4647/5694/4647 4646/5693/4646 4645/5692/4645
f 4650/5697/4650 4649/5696/4649 4648/5695/4648
f 4653/5700/4653 4652/5699/4652 4651/5698/4651
f 4656/5703/4656 4655/5702/4655 4654/5701/4654
f 4659/5706/4659 4658/5705/4658 4657/5704/4657
f 4662/5709/4662 4661/5708/4661 4660/5707/4660
f 4665/5712/4665 4664/5711/4664 4663/5710/4663
f 4668/5715/4668 4667/5714/4667 4666/5713/4666
f 4671/5718/4671 4670/5717/4670 4669/5716/4669
f 4674/5721/4674 4673/5720/4673 4672/5719/4672
f 4677/5724/4677 4676/5723/4676 4675/5722/4675
f 4680/5727/4680 4679/5726/4679 4678/5725/4678
f 4683/5730/4683 4682/5729/4682 4681/5728/4681
f 4686/5733/4686 4685/5732/4685 4684/5731/4684
f 4689/5736/4689 4688/5735/4688 4687/5734/4687
f 4692/5739/4692 4691/5738/4691 4690/5737/4690
f 4695/5742/4695 4694/5741/4694 4693/5740/4693
f 4698/5745/4698 4697/5744/4697 4696/5743/4696
f 4701/5748/4701 4700/5747/4700 4699/5746/4699
f 4704/5751/4704 4703/5750/4703 4702/5749/4702
f 4707/5754/4707 4706/5753/4706 4705/5752/4705
f 4710/5757/4710 4709/5756/4709 4708/5755/4708
f 4713/5760/4713 4712/5759/4712 4711/5758/4711
f 4716/5763/4716 4715/5762/4715 4714/5761/4714
f 4719/5766/4719 4718/5765/4718 4717/5764/4717
f 4722/5769/4722 4721/5768/4721 4720/5767/4720
f 4725/5772/4725 4724/5771/4724 4723/5770/4723
f 4728/5775/4728 4727/5774/4727 4726/5773/4726
