# Duck Pond sugar maple -- units: studs (1 stud = 0.28 m), Y up, pivot at trunk base
mtllib sugar_maple_2.mtl
o Trunk
v 0.0000 0.0202 -0.4985
v -0.4316 -0.0103 -0.2501
v -0.4316 -0.0304 0.2484
v -0.0000 -0.0202 0.4985
v 0.4316 0.0103 0.2501
v 0.4316 0.0304 -0.2484
v -0.0772 1.6551 -0.4324
v -0.5088 1.6250 -0.1839
v -0.5088 1.6045 0.3146
v -0.0771 1.6140 0.5646
v 0.3545 1.6441 0.3162
v 0.3545 1.6646 -0.1823
v -0.1500 3.2878 -0.3639
v -0.5816 3.2562 -0.1155
v -0.5817 3.2376 0.3830
v -0.1502 3.2505 0.6332
v 0.2813 3.2821 0.3848
v 0.2814 3.3008 -0.1137
v -0.2456 4.9151 -0.3104
v -0.6771 4.8823 -0.0621
v -0.6776 4.8702 0.4367
v -0.2466 4.8910 0.6872
v 0.1849 4.9239 0.4389
v 0.1854 4.9360 -0.0599
v -0.3025 5.7778 -0.2591
v -0.7011 5.7480 -0.0298
v -0.7019 5.7419 0.4310
v -0.3041 5.7656 0.6625
v 0.0945 5.7954 0.4331
v 0.0953 5.8015 -0.0277
v -0.3590 6.5991 -0.2336
v -0.7432 6.5715 -0.0125
v -0.7441 6.5676 0.4317
v -0.3608 6.5913 0.6548
v 0.0235 6.6189 0.4337
v 0.0244 6.6228 -0.0105
v -0.3838 6.9798 -0.1981
v -0.7398 6.9586 0.0066
v -0.7408 6.9578 0.4178
v -0.3858 6.9782 0.6243
v -0.0298 6.9995 0.4196
v -0.0288 7.0003 0.0084
v -0.4024 7.3318 -0.1765
v -0.7396 7.3241 0.0169
v -0.7411 7.3373 0.4055
v -0.4055 7.3580 0.6006
v -0.0683 7.3657 0.4072
v -0.0668 7.3525 0.0186
v -0.4692 9.4122 -0.2319
v -0.7371 9.4164 -0.0788
v -0.7386 9.4388 0.2290
v -0.4722 9.4569 0.3837
v -0.2043 9.4527 0.2306
v -0.2028 9.4303 -0.0772
v -0.4900 10.4606 -0.2842
v -0.7299 10.4596 -0.1466
v -0.7313 10.4800 0.1292
v -0.4927 10.5013 0.2675
v -0.2528 10.5022 0.1300
v -0.2514 10.4819 -0.1459
v -0.5965 11.9180 -0.3526
v -0.8094 11.9041 -0.2290
v -0.8104 11.9205 0.0170
v -0.5986 11.9509 0.1394
v -0.3858 11.9648 0.0158
v -0.3847 11.9484 -0.2302
v -0.6961 12.6514 -0.3646
v -0.8768 12.6370 -0.2594
v -0.8776 12.6500 -0.0501
v -0.6977 12.6773 0.0538
v -0.5170 12.6917 -0.0514
v -0.5162 12.6788 -0.2606
v -0.8506 14.2570 -0.4257
v -1.0270 14.2358 -0.2468
v -0.8493 14.2561 -0.0692
v -0.6729 14.2773 -0.2481
v -1.0713 15.8432 -0.2954
v -1.2154 15.8066 -0.1462
v -1.0669 15.8257 0.0020
v -0.9227 15.8624 -0.1472
v -1.4373 17.3506 -0.1790
v -1.5543 17.3150 -0.0570
v -1.4339 17.3370 0.0649
v -1.3169 17.3726 -0.0570
vt 0.00000 0.00000
vt 0.16667 0.00000
vt 0.00000 0.45855
vt 0.16667 0.00000
vt 0.16667 0.45855
vt 0.00000 0.45855
vt 0.16667 0.00000
vt 0.33333 0.00000
vt 0.16667 0.45855
vt 0.33333 0.00000
vt 0.33333 0.45855
vt 0.16667 0.45855
vt 0.33333 0.00000
vt 0.50000 0.00000
vt 0.33333 0.45855
vt 0.50000 0.00000
vt 0.50000 0.45855
vt 0.33333 0.45855
vt 0.50000 0.00000
vt 0.66667 0.00000
vt 0.50000 0.45855
vt 0.66667 0.00000
vt 0.66667 0.45855
vt 0.50000 0.45855
vt 0.66667 0.00000
vt 0.83333 0.00000
vt 0.66667 0.45855
vt 0.83333 0.00000
vt 0.83333 0.45855
vt 0.66667 0.45855
vt 0.83333 0.00000
vt 1.00000 0.00000
vt 0.83333 0.45855
vt 1.00000 0.00000
vt 1.00000 0.45855
vt 0.83333 0.45855
vt 0.00000 0.45855
vt 0.16667 0.45855
vt 0.00000 0.91711
vt 0.16667 0.45855
vt 0.16667 0.91711
vt 0.00000 0.91711
vt 0.16667 0.45855
vt 0.33333 0.45855
vt 0.16667 0.91711
vt 0.33333 0.45855
vt 0.33333 0.91711
vt 0.16667 0.91711
vt 0.33333 0.45855
vt 0.50000 0.45855
vt 0.33333 0.91711
vt 0.50000 0.45855
vt 0.50000 0.91711
vt 0.33333 0.91711
vt 0.50000 0.45855
vt 0.66667 0.45855
vt 0.50000 0.91711
vt 0.66667 0.45855
vt 0.66667 0.91711
vt 0.50000 0.91711
vt 0.66667 0.45855
vt 0.83333 0.45855
vt 0.66667 0.91711
vt 0.83333 0.45855
vt 0.83333 0.91711
vt 0.66667 0.91711
vt 0.83333 0.45855
vt 1.00000 0.45855
vt 0.83333 0.91711
vt 1.00000 0.45855
vt 1.00000 0.91711
vt 0.83333 0.91711
vt 0.00000 0.91711
vt 0.16667 0.91711
vt 0.00000 1.37564
vt 0.16667 0.91711
vt 0.16667 1.37564
vt 0.00000 1.37564
vt 0.16667 0.91711
vt 0.33333 0.91711
vt 0.16667 1.37564
vt 0.33333 0.91711
vt 0.33333 1.37564
vt 0.16667 1.37564
vt 0.33333 0.91711
vt 0.50000 0.91711
vt 0.33333 1.37564
vt 0.50000 0.91711
vt 0.50000 1.37564
vt 0.33333 1.37564
vt 0.50000 0.91711
vt 0.66667 0.91711
vt 0.50000 1.37564
vt 0.66667 0.91711
vt 0.66667 1.37564
vt 0.50000 1.37564
vt 0.66667 0.91711
vt 0.83333 0.91711
vt 0.66667 1.37564
vt 0.83333 0.91711
vt 0.83333 1.37564
vt 0.66667 1.37564
vt 0.83333 0.91711
vt 1.00000 0.91711
vt 0.83333 1.37564
vt 1.00000 0.91711
vt 1.00000 1.37564
vt 0.83333 1.37564
vt 0.00000 1.37564
vt 0.16667 1.37564
vt 0.00000 1.61940
vt 0.16667 1.37564
vt 0.16667 1.61940
vt 0.00000 1.61940
vt 0.16667 1.37564
vt 0.33333 1.37564
vt 0.16667 1.61940
vt 0.33333 1.37564
vt 0.33333 1.61940
vt 0.16667 1.61940
vt 0.33333 1.37564
vt 0.50000 1.37564
vt 0.33333 1.61940
vt 0.50000 1.37564
vt 0.50000 1.61940
vt 0.33333 1.61940
vt 0.50000 1.37564
vt 0.66667 1.37564
vt 0.50000 1.61940
vt 0.66667 1.37564
vt 0.66667 1.61940
vt 0.50000 1.61940
vt 0.66667 1.37564
vt 0.83333 1.37564
vt 0.66667 1.61940
vt 0.83333 1.37564
vt 0.83333 1.61940
vt 0.66667 1.61940
vt 0.83333 1.37564
vt 1.00000 1.37564
vt 0.83333 1.61940
vt 1.00000 1.37564
vt 1.00000 1.61940
vt 0.83333 1.61940
vt 0.00000 1.61940
vt 0.16667 1.61940
vt 0.00000 1.85054
vt 0.16667 1.61940
vt 0.16667 1.85054
vt 0.00000 1.85054
vt 0.16667 1.61940
vt 0.33333 1.61940
vt 0.16667 1.85054
vt 0.33333 1.61940
vt 0.33333 1.85054
vt 0.16667 1.85054
vt 0.33333 1.61940
vt 0.50000 1.61940
vt 0.33333 1.85054
vt 0.50000 1.61940
vt 0.50000 1.85054
vt 0.33333 1.85054
vt 0.50000 1.61940
vt 0.66667 1.61940
vt 0.50000 1.85054
vt 0.66667 1.61940
vt 0.66667 1.85054
vt 0.50000 1.85054
vt 0.66667 1.61940
vt 0.83333 1.61940
vt 0.66667 1.85054
vt 0.83333 1.61940
vt 0.83333 1.85054
vt 0.66667 1.85054
vt 0.83333 1.61940
vt 1.00000 1.61940
vt 0.83333 1.85054
vt 1.00000 1.61940
vt 1.00000 1.85054
vt 0.83333 1.85054
vt 0.00000 1.85054
vt 0.16667 1.85054
vt 0.00000 1.95825
vt 0.16667 1.85054
vt 0.16667 1.95825
vt 0.00000 1.95825
vt 0.16667 1.85054
vt 0.33333 1.85054
vt 0.16667 1.95825
vt 0.33333 1.85054
vt 0.33333 1.95825
vt 0.16667 1.95825
vt 0.33333 1.85054
vt 0.50000 1.85054
vt 0.33333 1.95825
vt 0.50000 1.85054
vt 0.50000 1.95825
vt 0.33333 1.95825
vt 0.50000 1.85054
vt 0.66667 1.85054
vt 0.50000 1.95825
vt 0.66667 1.85054
vt 0.66667 1.95825
vt 0.50000 1.95825
vt 0.66667 1.85054
vt 0.83333 1.85054
vt 0.66667 1.95825
vt 0.83333 1.85054
vt 0.83333 1.95825
vt 0.66667 1.95825
vt 0.83333 1.85054
vt 1.00000 1.85054
vt 0.83333 1.95825
vt 1.00000 1.85054
vt 1.00000 1.95825
vt 0.83333 1.95825
vt 0.00000 1.95825
vt 0.16667 1.95825
vt 0.00000 2.06083
vt 0.16667 1.95825
vt 0.16667 2.06083
vt 0.00000 2.06083
vt 0.16667 1.95825
vt 0.33333 1.95825
vt 0.16667 2.06083
vt 0.33333 1.95825
vt 0.33333 2.06083
vt 0.16667 2.06083
vt 0.33333 1.95825
vt 0.50000 1.95825
vt 0.33333 2.06083
vt 0.50000 1.95825
vt 0.50000 2.06083
vt 0.33333 2.06083
vt 0.50000 1.95825
vt 0.66667 1.95825
vt 0.50000 2.06083
vt 0.66667 1.95825
vt 0.66667 2.06083
vt 0.50000 2.06083
vt 0.66667 1.95825
vt 0.83333 1.95825
vt 0.66667 2.06083
vt 0.83333 1.95825
vt 0.83333 2.06083
vt 0.66667 2.06083
vt 0.83333 1.95825
vt 1.00000 1.95825
vt 0.83333 2.06083
vt 1.00000 1.95825
vt 1.00000 2.06083
vt 0.83333 2.06083
vt 0.00000 2.06083
vt 0.16667 2.06083
vt 0.00000 2.64747
vt 0.16667 2.06083
vt 0.16667 2.64747
vt 0.00000 2.64747
vt 0.16667 2.06083
vt 0.33333 2.06083
vt 0.16667 2.64747
vt 0.33333 2.06083
vt 0.33333 2.64747
vt 0.16667 2.64747
vt 0.33333 2.06083
vt 0.50000 2.06083
vt 0.33333 2.64747
vt 0.50000 2.06083
vt 0.50000 2.64747
vt 0.33333 2.64747
vt 0.50000 2.06083
vt 0.66667 2.06083
vt 0.50000 2.64747
vt 0.66667 2.06083
vt 0.66667 2.64747
vt 0.50000 2.64747
vt 0.66667 2.06083
vt 0.83333 2.06083
vt 0.66667 2.64747
vt 0.83333 2.06083
vt 0.83333 2.64747
vt 0.66667 2.64747
vt 0.83333 2.06083
vt 1.00000 2.06083
vt 0.83333 2.64747
vt 1.00000 2.06083
vt 1.00000 2.64747
vt 0.83333 2.64747
vt 0.00000 2.64747
vt 0.16667 2.64747
vt 0.00000 2.94146
vt 0.16667 2.64747
vt 0.16667 2.94146
vt 0.00000 2.94146
vt 0.16667 2.64747
vt 0.33333 2.64747
vt 0.16667 2.94146
vt 0.33333 2.64747
vt 0.33333 2.94146
vt 0.16667 2.94146
vt 0.33333 2.64747
vt 0.50000 2.64747
vt 0.33333 2.94146
vt 0.50000 2.64747
vt 0.50000 2.94146
vt 0.33333 2.94146
vt 0.50000 2.64747
vt 0.66667 2.64747
vt 0.50000 2.94146
vt 0.66667 2.64747
vt 0.66667 2.94146
vt 0.50000 2.94146
vt 0.66667 2.64747
vt 0.83333 2.64747
vt 0.66667 2.94146
vt 0.83333 2.64747
vt 0.83333 2.94146
vt 0.66667 2.94146
vt 0.83333 2.64747
vt 1.00000 2.64747
vt 0.83333 2.94146
vt 1.00000 2.64747
vt 1.00000 2.94146
vt 0.83333 2.94146
vt 0.00000 2.94146
vt 0.16667 2.94146
vt 0.00000 3.35045
vt 0.16667 2.94146
vt 0.16667 3.35045
vt 0.00000 3.35045
vt 0.16667 2.94146
vt 0.33333 2.94146
vt 0.16667 3.35045
vt 0.33333 2.94146
vt 0.33333 3.35045
vt 0.16667 3.35045
vt 0.33333 2.94146
vt 0.50000 2.94146
vt 0.33333 3.35045
vt 0.50000 2.94146
vt 0.50000 3.35045
vt 0.33333 3.35045
vt 0.50000 2.94146
vt 0.66667 2.94146
vt 0.50000 3.35045
vt 0.66667 2.94146
vt 0.66667 3.35045
vt 0.50000 3.35045
vt 0.66667 2.94146
vt 0.83333 2.94146
vt 0.66667 3.35045
vt 0.83333 2.94146
vt 0.83333 3.35045
vt 0.66667 3.35045
vt 0.83333 2.94146
vt 1.00000 2.94146
vt 0.83333 3.35045
vt 1.00000 2.94146
vt 1.00000 3.35045
vt 0.83333 3.35045
vt 0.00000 3.35045
vt 0.16667 3.35045
vt 0.00000 3.55717
vt 0.16667 3.35045
vt 0.16667 3.55717
vt 0.00000 3.55717
vt 0.16667 3.35045
vt 0.33333 3.35045
vt 0.16667 3.55717
vt 0.33333 3.35045
vt 0.33333 3.55717
vt 0.16667 3.55717
vt 0.33333 3.35045
vt 0.50000 3.35045
vt 0.33333 3.55717
vt 0.50000 3.35045
vt 0.50000 3.55717
vt 0.33333 3.55717
vt 0.50000 3.35045
vt 0.66667 3.35045
vt 0.50000 3.55717
vt 0.66667 3.35045
vt 0.66667 3.55717
vt 0.50000 3.55717
vt 0.66667 3.35045
vt 0.83333 3.35045
vt 0.66667 3.55717
vt 0.83333 3.35045
vt 0.83333 3.55717
vt 0.66667 3.55717
vt 0.83333 3.35045
vt 1.00000 3.35045
vt 0.83333 3.55717
vt 1.00000 3.35045
vt 1.00000 3.55717
vt 0.83333 3.55717
vt 0.00000 3.55717
vt 0.16667 3.55717
vt 0.00000 4.00578
vt 0.16667 3.55717
vt 0.25000 4.00578
vt 0.00000 4.00578
vt 0.16667 3.55717
vt 0.33333 3.55717
vt 0.25000 4.00578
vt 0.33333 3.55717
vt 0.50000 3.55717
vt 0.25000 4.00578
vt 0.50000 3.55717
vt 0.50000 4.00578
vt 0.25000 4.00578
vt 0.50000 3.55717
vt 0.66667 3.55717
vt 0.50000 4.00578
vt 0.66667 3.55717
vt 0.75000 4.00578
vt 0.50000 4.00578
vt 0.66667 3.55717
vt 0.83333 3.55717
vt 0.75000 4.00578
vt 0.83333 3.55717
vt 1.00000 3.55717
vt 0.75000 4.00578
vt 1.00000 3.55717
vt 1.00000 4.00578
vt 0.75000 4.00578
vt 0.00000 4.00578
vt 0.25000 4.00578
vt 0.00000 4.45273
vt 0.25000 4.00578
vt 0.25000 4.45273
vt 0.00000 4.45273
vt 0.25000 4.00578
vt 0.50000 4.00578
vt 0.25000 4.45273
vt 0.50000 4.00578
vt 0.50000 4.45273
vt 0.25000 4.45273
vt 0.50000 4.00578
vt 0.75000 4.00578
vt 0.50000 4.45273
vt 0.75000 4.00578
vt 0.75000 4.45273
vt 0.50000 4.45273
vt 0.75000 4.00578
vt 1.00000 4.00578
vt 0.75000 4.45273
vt 1.00000 4.00578
vt 1.00000 4.45273
vt 0.75000 4.45273
vt 0.00000 4.45273
vt 0.25000 4.45273
vt 0.00000 4.88835
vt 0.25000 4.45273
vt 0.25000 4.88835
vt 0.00000 4.88835
vt 0.25000 4.45273
vt 0.50000 4.45273
vt 0.25000 4.88835
vt 0.50000 4.45273
vt 0.50000 4.88835
vt 0.25000 4.88835
vt 0.50000 4.45273
vt 0.75000 4.45273
vt 0.50000 4.88835
vt 0.75000 4.45273
vt 0.75000 4.88835
vt 0.50000 4.88835
vt 0.75000 4.45273
vt 1.00000 4.45273
vt 0.75000 4.88835
vt 1.00000 4.45273
vt 1.00000 4.88835
vt 0.75000 4.88835
vn 0.1887 0.0486 -0.9808
vn -0.7551 -0.0091 -0.6555
vn -0.9439 -0.0577 0.3252
vn -0.1888 -0.0486 0.9808
vn 0.7551 0.0091 0.6556
vn 0.9439 0.0577 -0.3253
vn 0.0000 0.0409 -0.9992
vn -0.8652 -0.0191 -0.5011
vn -0.8650 -0.0600 0.4981
vn 0.0001 -0.0409 0.9992
vn 0.8651 0.0191 0.5013
vn 0.8652 0.0600 -0.4978
vn 0.0004 0.0388 -0.9992
vn -0.8649 -0.0260 -0.5012
vn -0.8646 -0.0648 0.4983
vn 0.0002 -0.0387 0.9993
vn 0.8646 0.0260 0.5017
vn 0.8652 0.0648 -0.4973
vn -0.0642 0.0385 -0.9972
vn -0.8954 -0.0288 -0.4444
vn -0.8313 -0.0524 0.5534
vn 0.0628 -0.0087 0.9980
vn 0.8931 0.0585 0.4460
vn 0.8302 0.0821 -0.5513
vn -0.0166 0.0450 -0.9988
vn -0.8733 -0.0199 -0.4868
vn -0.8579 -0.0324 0.5128
vn 0.0130 0.0198 0.9997
vn 0.8685 0.0846 0.4883
vn 0.8543 0.0972 -0.5106
vn -0.0805 0.0443 -0.9958
vn -0.9022 -0.0168 -0.4309
vn -0.8251 -0.0209 0.5646
vn 0.0736 0.0361 0.9966
vn 0.8963 0.0973 0.4326
vn 0.8194 0.1015 -0.5642
vn -0.0235 0.0751 -0.9969
vn -0.8762 0.0222 -0.4814
vn -0.8584 0.0211 0.5125
vn 0.0071 0.0725 0.9973
vn 0.8629 0.1250 0.4896
vn 0.8503 0.1266 -0.5109
vn 0.1083 -0.0100 -0.9941
vn -0.8077 -0.0223 -0.5891
vn -0.9146 0.0291 0.4032
vn -0.1109 0.0928 0.9895
vn 0.8015 0.1055 0.5886
vn 0.9137 0.0540 -0.4027
vn -0.0947 -0.0374 -0.9948
vn -0.9097 -0.0205 -0.4148
vn -0.8148 0.0524 0.5774
vn 0.0926 0.1084 0.9898
vn 0.9067 0.0918 0.4118
vn 0.8139 0.0188 -0.5806
vn 0.0148 -0.0424 -0.9990
vn -0.8582 -0.0514 -0.5108
vn -0.8728 0.0161 0.4878
vn -0.0145 0.0922 0.9956
vn 0.8565 0.1010 0.5062
vn 0.8711 0.0339 -0.4899
vn -0.0846 -0.0399 -0.9956
vn -0.9028 -0.0796 -0.4225
vn -0.8201 -0.0101 0.5722
vn 0.0814 0.0992 0.9917
vn 0.8982 0.1386 0.4172
vn 0.8149 0.0691 -0.5754
vn 0.1475 -0.0087 -0.9890
vn -0.8572 -0.0905 -0.5070
vn -0.8185 -0.0144 0.5743
vn -0.1553 0.0878 0.9840
vn 0.8505 0.1572 0.5019
vn 0.8094 0.0954 -0.5795
vn 0.0343 0.0372 -0.9987
vn -0.9975 -0.0653 0.0287
vn -0.0393 0.0168 0.9991
vn 0.9911 0.1283 -0.0350
vn -0.0830 0.0807 -0.9933
vn -0.9829 -0.1704 0.0696
vn 0.0808 -0.0452 0.9957
vn 0.9763 0.2052 -0.0693
vn -0.3603 -0.0154 -0.9327
vn -0.9072 -0.2249 0.3555
vn 0.3545 0.0472 0.9339
vn 0.9005 0.2561 -0.3515
usemtl bark
s off
f 1/1/1 2/2/2 7/3/7
f 2/4/2 8/5/8 7/6/7
f 2/7/2 3/8/3 8/9/8
f 3/10/3 9/11/9 8/12/8
f 3/13/3 4/14/4 9/15/9
f 4/16/4 10/17/10 9/18/9
f 4/19/4 5/20/5 10/21/10
f 5/22/5 11/23/11 10/24/10
f 5/25/5 6/26/6 11/27/11
f 6/28/6 12/29/12 11/30/11
f 6/31/6 1/32/1 12/33/12
f 1/34/1 7/35/7 12/36/12
f 7/37/7 8/38/8 13/39/13
f 8/40/8 14/41/14 13/42/13
f 8/43/8 9/44/9 14/45/14
f 9/46/9 15/47/15 14/48/14
f 9/49/9 10/50/10 15/51/15
f 10/52/10 16/53/16 15/54/15
f 10/55/10 11/56/11 16/57/16
f 11/58/11 17/59/17 16/60/16
f 11/61/11 12/62/12 17/63/17
f 12/64/12 18/65/18 17/66/17
f 12/67/12 7/68/7 18/69/18
f 7/70/7 13/71/13 18/72/18
f 13/73/13 14/74/14 19/75/19
f 14/76/14 20/77/20 19/78/19
f 14/79/14 15/80/15 20/81/20
f 15/82/15 21/83/21 20/84/20
f 15/85/15 16/86/16 21/87/21
f 16/88/16 22/89/22 21/90/21
f 16/91/16 17/92/17 22/93/22
f 17/94/17 23/95/23 22/96/22
f 17/97/17 18/98/18 23/99/23
f 18/100/18 24/101/24 23/102/23
f 18/103/18 13/104/13 24/105/24
f 13/106/13 19/107/19 24/108/24
f 19/109/19 20/110/20 25/111/25
f 20/112/20 26/113/26 25/114/25
f 20/115/20 21/116/21 26/117/26
f 21/118/21 27/119/27 26/120/26
f 21/121/21 22/122/22 27/123/27
f 22/124/22 28/125/28 27/126/27
f 22/127/22 23/128/23 28/129/28
f 23/130/23 29/131/29 28/132/28
f 23/133/23 24/134/24 29/135/29
f 24/136/24 30/137/30 29/138/29
f 24/139/24 19/140/19 30/141/30
f 19/142/19 25/143/25 30/144/30
f 25/145/25 26/146/26 31/147/31
f 26/148/26 32/149/32 31/150/31
f 26/151/26 27/152/27 32/153/32
f 27/154/27 33/155/33 32/156/32
f 27/157/27 28/158/28 33/159/33
f 28/160/28 34/161/34 33/162/33
f 28/163/28 29/164/29 34/165/34
f 29/166/29 35/167/35 34/168/34
f 29/169/29 30/170/30 35/171/35
f 30/172/30 36/173/36 35/174/35
f 30/175/30 25/176/25 36/177/36
f 25/178/25 31/179/31 36/180/36
f 31/181/31 32/182/32 37/183/37
f 32/184/32 38/185/38 37/186/37
f 32/187/32 33/188/33 38/189/38
f 33/190/33 39/191/39 38/192/38
f 33/193/33 34/194/34 39/195/39
f 34/196/34 40/197/40 39/198/39
f 34/199/34 35/200/35 40/201/40
f 35/202/35 41/203/41 40/204/40
f 35/205/35 36/206/36 41/207/41
f 36/208/36 42/209/42 41/210/41
f 36/211/36 31/212/31 42/213/42
f 31/214/31 37/215/37 42/216/42
f 37/217/37 38/218/38 43/219/43
f 38/220/38 44/221/44 43/222/43
f 38/223/38 39/224/39 44/225/44
f 39/226/39 45/227/45 44/228/44
f 39/229/39 40/230/40 45/231/45
f 40/232/40 46/233/46 45/234/45
f 40/235/40 41/236/41 46/237/46
f 41/238/41 47/239/47 46/240/46
f 41/241/41 42/242/42 47/243/47
f 42/244/42 48/245/48 47/246/47
f 42/247/42 37/248/37 48/249/48
f 37/250/37 43/251/43 48/252/48
f 43/253/43 44/254/44 49/255/49
f 44/256/44 50/257/50 49/258/49
f 44/259/44 45/260/45 50/261/50
f 45/262/45 51/263/51 50/264/50
f 45/265/45 46/266/46 51/267/51
f 46/268/46 52/269/52 51/270/51
f 46/271/46 47/272/47 52/273/52
f 47/274/47 53/275/53 52/276/52
f 47/277/47 48/278/48 53/279/53
f 48/280/48 54/281/54 53/282/53
f 48/283/48 43/284/43 54/285/54
f 43/286/43 49/287/49 54/288/54
f 49/289/49 50/290/50 55/291/55
f 50/292/50 56/293/56 55/294/55
f 50/295/50 51/296/51 56/297/56
f 51/298/51 57/299/57 56/300/56
f 51/301/51 52/302/52 57/303/57
f 52/304/52 58/305/58 57/306/57
f 52/307/52 53/308/53 58/309/58
f 53/310/53 59/311/59 58/312/58
f 53/313/53 54/314/54 59/315/59
f 54/316/54 60/317/60 59/318/59
f 54/319/54 49/320/49 60/321/60
f 49/322/49 55/323/55 60/324/60
f 55/325/55 56/326/56 61/327/61
f 56/328/56 62/329/62 61/330/61
f 56/331/56 57/332/57 62/333/62
f 57/334/57 63/335/63 62/336/62
f 57/337/57 58/338/58 63/339/63
f 58/340/58 64/341/64 63/342/63
f 58/343/58 59/344/59 64/345/64
f 59/346/59 65/347/65 64/348/64
f 59/349/59 60/350/60 65/351/65
f 60/352/60 66/353/66 65/354/65
f 60/355/60 55/356/55 66/357/66
f 55/358/55 61/359/61 66/360/66
f 61/361/61 62/362/62 67/363/67
f 62/364/62 68/365/68 67/366/67
f 62/367/62 63/368/63 68/369/68
f 63/370/63 69/371/69 68/372/68
f 63/373/63 64/374/64 69/375/69
f 64/376/64 70/377/70 69/378/69
f 64/379/64 65/380/65 70/381/70
f 65/382/65 71/383/71 70/384/70
f 65/385/65 66/386/66 71/387/71
f 66/388/66 72/389/72 71/390/71
f 66/391/66 61/392/61 72/393/72
f 61/394/61 67/395/67 72/396/72
f 67/397/67 68/398/68 73/399/73
f 68/400/68 74/401/74 73/402/73
f 68/403/68 69/404/69 74/405/74
f 69/406/69 70/407/70 74/408/74
f 70/409/70 75/410/75 74/411/74
f 70/412/70 71/413/71 75/414/75
f 71/415/71 76/416/76 75/417/75
f 71/418/71 72/419/72 76/420/76
f 72/421/72 67/422/67 76/423/76
f 67/424/67 73/425/73 76/426/76
f 73/427/73 74/428/74 77/429/77
f 74/430/74 78/431/78 77/432/77
f 74/433/74 75/434/75 78/435/78
f 75/436/75 79/437/79 78/438/78
f 75/439/75 76/440/76 79/441/79
f 76/442/76 80/443/80 79/444/79
f 76/445/76 73/446/73 80/447/80
f 73/448/73 77/449/77 80/450/80
f 77/451/77 78/452/78 81/453/81
f 78/454/78 82/455/82 81/456/81
f 78/457/78 79/458/79 82/459/82
f 79/460/79 83/461/83 82/462/82
f 79/463/79 80/464/80 83/465/83
f 80/466/80 84/467/84 83/468/83
f 80/469/80 77/470/77 84/471/84
f 77/472/77 81/473/81 84/474/84
o Branches
v -0.2773 4.7301 0.0282
v -0.4645 4.8525 0.1090
v -0.4333 5.0255 0.2692
v -0.2150 5.0760 0.3486
v -0.0278 4.9537 0.2678
v -0.0589 4.7807 0.1076
v -0.1154 5.6569 -1.0033
v -0.3036 5.7728 -0.9156
v -0.2720 5.9549 -0.7661
v -0.0522 6.0212 -0.7042
v 0.1360 5.9053 -0.7918
v 0.1044 5.7232 -0.9414
v -0.1958 6.4861 -2.1037
v -0.3735 6.5891 -2.0133
v -0.3436 6.7576 -1.8682
v -0.1361 6.8231 -1.8135
v 0.0415 6.7201 -1.9039
v 0.0117 6.5516 -2.0490
v -0.1277 7.5015 -3.0934
v -0.2926 7.5964 -3.0093
v -0.2655 7.7422 -2.8633
v -0.0734 7.7931 -2.8015
v 0.0915 7.6982 -2.8857
v 0.0644 7.5524 -3.0316
v -0.0618 8.4571 -4.0483
v -0.2181 8.5300 -3.9575
v -0.2039 8.6968 -3.8577
v -0.0333 8.7906 -3.8486
v 0.1230 8.7177 -3.9394
v 0.1087 8.5510 -4.0392
v -0.0303 8.6363 -4.0848
v -0.1832 8.6446 -3.9637
v -0.0648 8.6114 -3.8121
v 0.0880 8.6031 -3.9332
v 0.1094 9.6303 -3.9764
v -0.0435 9.6386 -3.8553
v 0.0749 9.6054 -3.7037
v 0.2278 9.5971 -3.8248
v -0.4476 8.7109 -4.6900
v -0.5790 8.8187 -4.5787
v -0.4596 8.9821 -4.5961
v -0.3282 8.8743 -4.7074
v -0.3939 5.8603 0.1059
v -0.4135 5.6572 0.2000
v -0.2127 5.6831 0.2974
v -0.1932 5.8861 0.2034
v -1.1900 6.6085 1.5738
v -1.1938 6.3875 1.6140
v -0.9716 6.3896 1.6468
v -0.9677 6.6105 1.6065
v -0.8607 6.4430 3.3257
v -0.8660 6.2708 3.3121
v -0.6960 6.2680 3.2815
v -0.6907 6.4401 3.2951
v -0.3198 6.6368 0.0141
v -0.4656 6.7411 0.1132
v -0.5057 6.6994 0.3097
v -0.4000 6.5535 0.4072
v -0.2541 6.4492 0.3081
v -0.2140 6.4909 0.1115
v 0.8667 7.8136 0.5158
v 0.7231 7.9239 0.6116
v 0.7203 7.9329 0.8162
v 0.8611 7.8315 0.9251
v 1.0047 7.7211 0.8294
v 1.0076 7.7122 0.6247
v 0.9818 8.0266 0.4575
v 0.8461 8.1470 0.6153
v 1.0148 8.1164 0.7838
v 1.1506 7.9960 0.6261
v 0.8874 7.8909 0.6100
v 0.7375 7.8605 0.7171
v 0.8404 7.7541 0.8309
v 0.9903 7.7845 0.7239
v 1.2598 9.2096 1.5061
v 1.1099 9.1792 1.6131
v 1.2128 9.0728 1.7270
v 1.3627 9.1032 1.6199
v 1.7396 9.6195 0.0983
v 1.6380 9.6976 0.2142
v 1.7575 9.6720 0.3362
v 1.8591 9.5939 0.2204
v 1.0029 8.0449 0.5015
v 0.9566 8.1832 0.5941
v 0.9938 8.0981 0.7398
v 1.0400 7.9598 0.6472
v 2.1991 8.4792 0.4506
v 2.1529 8.6175 0.5432
v 2.1900 8.5324 0.6888
v 2.2362 8.3941 0.5962
v -0.3486 6.9623 0.0394
v -0.4617 6.8182 0.2126
v -0.4210 6.9958 0.3868
v -0.3080 7.1398 0.2136
v -1.6446 7.5861 -0.2898
v -1.7614 7.4424 -0.1187
v -1.6818 7.5960 0.0646
v -1.5651 7.7397 -0.1065
v -2.7465 8.5600 -0.2447
v -2.8586 8.4273 -0.0875
v -2.7490 8.5403 0.0861
v -2.6369 8.6730 -0.0711
v -3.8257 9.5509 -0.1705
v -3.9394 9.4280 -0.0207
v -3.8049 9.5030 0.1429
v -3.6912 9.6259 -0.0070
v -4.5026 10.7196 0.2395
v -4.5943 10.6297 0.3550
v -4.4740 10.6611 0.4750
v -4.3822 10.7510 0.3594
v -0.4977 7.4295 -0.0132
v -0.6069 7.2270 0.1042
v -0.5131 7.1424 0.3295
v -0.3102 7.2603 0.4374
v -0.2010 7.4628 0.3199
v -0.2948 7.5474 0.0946
v -1.3717 8.2970 0.6785
v -1.5034 8.1212 0.8142
v -1.4281 8.0596 1.0534
v -1.2209 8.1739 1.1570
v -1.0891 8.3498 1.0213
v -1.1645 8.4113 0.7821
v -2.1163 9.4318 1.0612
v -2.2468 9.3223 1.1885
v -2.1931 9.2876 1.3914
v -2.0090 9.3624 1.4670
v -1.8785 9.4720 1.3397
v -1.9321 9.5067 1.1368
v -2.6669 10.7453 1.4953
v -2.7949 10.6406 1.6189
v -2.7347 10.5881 1.8093
v -2.5464 10.6403 1.8761
v -2.4184 10.7450 1.7525
v -2.4786 10.7975 1.5621
v -3.1780 11.9647 2.1431
v -3.2692 11.8284 2.3148
v -3.0643 11.8415 2.4341
v -2.9731 11.9778 2.2624
v -3.5609 13.0038 2.8869
v -3.6250 12.8987 3.0082
v -3.4732 12.9011 3.0905
v -3.4091 13.0061 2.9693
v -1.3281 8.2648 0.7674
v -1.3768 8.1016 0.9087
v -1.2645 8.2061 1.0681
v -1.2158 8.3693 0.9269
v -2.6052 9.0028 1.1822
v -2.6237 8.8259 1.3139
v -2.5186 8.9350 1.4752
v -2.5001 9.1119 1.3435
v -3.9807 9.3035 1.7951
v -3.9963 9.1281 1.9234
v -3.8803 9.2302 2.0770
v -3.8647 9.4055 1.9487
v -5.1082 10.0734 2.3905
v -5.1402 9.9455 2.5020
v -5.0333 10.0185 2.6164
v -5.0014 10.1465 2.5049
v -0.4977 9.4163 -0.0418
v -0.5108 9.5496 0.0673
v -0.4436 9.4527 0.1936
v -0.4306 9.3195 0.0844
v 0.1221 9.6194 -0.2157
v 0.1091 9.7527 -0.1066
v 0.1762 9.6558 0.0197
v 0.1893 9.5226 -0.0894
v -0.4070 10.5626 -0.0911
v -0.5950 10.5801 -0.0162
v -0.5757 10.3993 0.0744
v -0.3877 10.3818 -0.0005
v -0.0268 11.0277 0.7812
v -0.1841 11.0819 0.8979
v -0.1327 10.9394 1.0333
v 0.0246 10.8852 0.9166
v 0.7278 11.8448 0.8116
v 0.5917 11.9248 0.9332
v 0.6781 11.8352 1.0888
v 0.8142 11.7552 0.9672
v 1.3660 12.9457 1.1224
v 1.2315 12.9958 1.2269
v 1.3082 12.9141 1.3647
v 1.4427 12.8640 1.2602
v -0.5617 12.0050 -0.2041
v -0.7116 11.9869 -0.1106
v -0.6334 11.8639 -0.0091
v -0.4835 11.8820 -0.1026
v -0.0211 13.2647 0.9060
v -0.1710 13.2466 0.9995
v -0.0928 13.1236 1.1010
v 0.0571 13.1417 1.0075
v -0.5983 12.7175 -0.2042
v -0.6365 12.5584 -0.1486
v -0.7955 12.6112 -0.1066
v -0.7574 12.7703 -0.1622
v -0.7095 12.6339 -0.5196
v -0.7476 12.4748 -0.4640
v -0.9066 12.5276 -0.4220
v -0.8685 12.6867 -0.4776
vt 0.00000 0.00000
vt 0.06972 0.00000
vt 0.00000 0.39483
vt 0.06972 0.00000
vt 0.06972 0.39483
vt 0.00000 0.39483
vt 0.06972 0.00000
vt 0.13943 0.00000
vt 0.06972 0.39483
vt 0.13943 0.00000
vt 0.13943 0.39483
vt 0.06972 0.39483
vt 0.13943 0.00000
vt 0.20915 0.00000
vt 0.13943 0.39483
vt 0.20915 0.00000
vt 0.20915 0.39483
vt 0.13943 0.39483
vt 0.20915 0.00000
vt 0.27887 0.00000
vt 0.20915 0.39483
vt 0.27887 0.00000
vt 0.27887 0.39483
vt 0.20915 0.39483
vt 0.27887 0.00000
vt 0.34859 0.00000
vt 0.27887 0.39483
vt 0.34859 0.00000
vt 0.34859 0.39483
vt 0.27887 0.39483
vt 0.34859 0.00000
vt 0.41830 0.00000
vt 0.34859 0.39483
vt 0.41830 0.00000
vt 0.41830 0.39483
vt 0.34859 0.39483
vt 0.00000 0.39483
vt 0.06972 0.39483
vt 0.00000 0.78003
vt 0.06972 0.39483
vt 0.06972 0.78003
vt 0.00000 0.78003
vt 0.06972 0.39483
vt 0.13943 0.39483
vt 0.06972 0.78003
vt 0.13943 0.39483
vt 0.13943 0.78003
vt 0.06972 0.78003
vt 0.13943 0.39483
vt 0.20915 0.39483
vt 0.13943 0.78003
vt 0.20915 0.39483
vt 0.20915 0.78003
vt 0.13943 0.78003
vt 0.20915 0.39483
vt 0.27887 0.39483
vt 0.20915 0.78003
vt 0.27887 0.39483
vt 0.27887 0.78003
vt 0.20915 0.78003
vt 0.27887 0.39483
vt 0.34859 0.39483
vt 0.27887 0.78003
vt 0.34859 0.39483
vt 0.34859 0.78003
vt 0.27887 0.78003
vt 0.34859 0.39483
vt 0.41830 0.39483
vt 0.34859 0.78003
vt 0.41830 0.39483
vt 0.41830 0.78003
vt 0.34859 0.78003
vt 0.00000 0.78003
vt 0.06972 0.78003
vt 0.00000 1.17278
vt 0.06972 0.78003
vt 0.06972 1.17278
vt 0.00000 1.17278
vt 0.06972 0.78003
vt 0.13943 0.78003
vt 0.06972 1.17278
vt 0.13943 0.78003
vt 0.13943 1.17278
vt 0.06972 1.17278
vt 0.13943 0.78003
vt 0.20915 0.78003
vt 0.13943 1.17278
vt 0.20915 0.78003
vt 0.20915 1.17278
vt 0.13943 1.17278
vt 0.20915 0.78003
vt 0.27887 0.78003
vt 0.20915 1.17278
vt 0.27887 0.78003
vt 0.27887 1.17278
vt 0.20915 1.17278
vt 0.27887 0.78003
vt 0.34859 0.78003
vt 0.27887 1.17278
vt 0.34859 0.78003
vt 0.34859 1.17278
vt 0.27887 1.17278
vt 0.34859 0.78003
vt 0.41830 0.78003
vt 0.34859 1.17278
vt 0.41830 0.78003
vt 0.41830 1.17278
vt 0.34859 1.17278
vt 0.00000 1.17278
vt 0.06972 1.17278
vt 0.00000 1.56464
vt 0.06972 1.17278
vt 0.06972 1.56464
vt 0.00000 1.56464
vt 0.06972 1.17278
vt 0.13943 1.17278
vt 0.06972 1.56464
vt 0.13943 1.17278
vt 0.13943 1.56464
vt 0.06972 1.56464
vt 0.13943 1.17278
vt 0.20915 1.17278
vt 0.13943 1.56464
vt 0.20915 1.17278
vt 0.20915 1.56464
vt 0.13943 1.56464
vt 0.20915 1.17278
vt 0.27887 1.17278
vt 0.20915 1.56464
vt 0.27887 1.17278
vt 0.27887 1.56464
vt 0.20915 1.56464
vt 0.27887 1.17278
vt 0.34859 1.17278
vt 0.27887 1.56464
vt 0.34859 1.17278
vt 0.34859 1.56464
vt 0.27887 1.56464
vt 0.34859 1.17278
vt 0.41830 1.17278
vt 0.34859 1.56464
vt 0.41830 1.17278
vt 0.41830 1.56464
vt 0.34859 1.56464
vt 0.00000 0.00000
vt 0.06071 0.00000
vt 0.00000 0.28269
vt 0.06071 0.00000
vt 0.06071 0.28269
vt 0.00000 0.28269
vt 0.06071 0.00000
vt 0.12141 0.00000
vt 0.06071 0.28269
vt 0.12141 0.00000
vt 0.12141 0.28269
vt 0.06071 0.28269
vt 0.12141 0.00000
vt 0.18212 0.00000
vt 0.12141 0.28269
vt 0.18212 0.00000
vt 0.18212 0.28269
vt 0.12141 0.28269
vt 0.18212 0.00000
vt 0.24283 0.00000
vt 0.18212 0.28269
vt 0.24283 0.00000
vt 0.24283 0.28269
vt 0.18212 0.28269
vt 0.00000 1.56464
vt 0.06972 1.56464
vt 0.00000 1.79838
vt 0.06972 1.56464
vt 0.10458 1.79838
vt 0.00000 1.79838
vt 0.06972 1.56464
vt 0.13943 1.56464
vt 0.10458 1.79838
vt 0.13943 1.56464
vt 0.20915 1.56464
vt 0.10458 1.79838
vt 0.20915 1.56464
vt 0.20915 1.79838
vt 0.10458 1.79838
vt 0.20915 1.56464
vt 0.27887 1.56464
vt 0.20915 1.79838
vt 0.27887 1.56464
vt 0.31373 1.79838
vt 0.20915 1.79838
vt 0.27887 1.56464
vt 0.34859 1.56464
vt 0.31373 1.79838
vt 0.34859 1.56464
vt 0.41830 1.56464
vt 0.31373 1.79838
vt 0.41830 1.56464
vt 0.41830 1.79838
vt 0.31373 1.79838
vt 0.00000 0.00000
vt 0.06987 0.00000
vt 0.00000 0.49439
vt 0.06987 0.00000
vt 0.06987 0.49439
vt 0.00000 0.49439
vt 0.06987 0.00000
vt 0.13974 0.00000
vt 0.06987 0.49439
vt 0.13974 0.00000
vt 0.13974 0.49439
vt 0.06987 0.49439
vt 0.13974 0.00000
vt 0.20961 0.00000
vt 0.13974 0.49439
vt 0.20961 0.00000
vt 0.20961 0.49439
vt 0.13974 0.49439
vt 0.20961 0.00000
vt 0.27948 0.00000
vt 0.20961 0.49439
vt 0.27948 0.00000
vt 0.27948 0.49439
vt 0.20961 0.49439
vt 0.00000 0.49439
vt 0.06987 0.49439
vt 0.00000 0.97770
vt 0.06987 0.49439
vt 0.06987 0.97770
vt 0.00000 0.97770
vt 0.06987 0.49439
vt 0.13974 0.49439
vt 0.06987 0.97770
vt 0.13974 0.49439
vt 0.13974 0.97770
vt 0.06987 0.97770
vt 0.13974 0.49439
vt 0.20961 0.49439
vt 0.13974 0.97770
vt 0.20961 0.49439
vt 0.20961 0.97770
vt 0.13974 0.97770
vt 0.20961 0.49439
vt 0.27948 0.49439
vt 0.20961 0.97770
vt 0.27948 0.49439
vt 0.27948 0.97770
vt 0.20961 0.97770
vt 0.00000 0.00000
vt 0.06007 0.00000
vt 0.00000 0.50586
vt 0.06007 0.00000
vt 0.06007 0.50586
vt 0.00000 0.50586
vt 0.06007 0.00000
vt 0.12015 0.00000
vt 0.06007 0.50586
vt 0.12015 0.00000
vt 0.12015 0.50586
vt 0.06007 0.50586
vt 0.12015 0.00000
vt 0.18022 0.00000
vt 0.12015 0.50586
vt 0.18022 0.00000
vt 0.18022 0.50586
vt 0.12015 0.50586
vt 0.18022 0.00000
vt 0.24029 0.00000
vt 0.18022 0.50586
vt 0.24029 0.00000
vt 0.24029 0.50586
vt 0.18022 0.50586
vt 0.24029 0.00000
vt 0.30036 0.00000
vt 0.24029 0.50586
vt 0.30036 0.00000
vt 0.30036 0.50586
vt 0.24029 0.50586
vt 0.30036 0.00000
vt 0.36044 0.00000
vt 0.30036 0.50586
vt 0.36044 0.00000
vt 0.36044 0.50586
vt 0.30036 0.50586
vt 0.00000 0.50586
vt 0.06007 0.50586
vt 0.00000 0.58987
vt 0.06007 0.50586
vt 0.09011 0.58987
vt 0.00000 0.58987
vt 0.06007 0.50586
vt 0.12015 0.50586
vt 0.09011 0.58987
vt 0.12015 0.50586
vt 0.18022 0.50586
vt 0.09011 0.58987
vt 0.18022 0.50586
vt 0.18022 0.58987
vt 0.09011 0.58987
vt 0.18022 0.50586
vt 0.24029 0.50586
vt 0.18022 0.58987
vt 0.24029 0.50586
vt 0.27033 0.58987
vt 0.18022 0.58987
vt 0.24029 0.50586
vt 0.30036 0.50586
vt 0.27033 0.58987
vt 0.30036 0.50586
vt 0.36044 0.50586
vt 0.27033 0.58987
vt 0.36044 0.50586
vt 0.36044 0.58987
vt 0.27033 0.58987
vt 0.00000 0.00000
vt 0.05807 0.00000
vt 0.00000 0.45841
vt 0.05807 0.00000
vt 0.05807 0.45841
vt 0.00000 0.45841
vt 0.05807 0.00000
vt 0.11613 0.00000
vt 0.05807 0.45841
vt 0.11613 0.00000
vt 0.11613 0.45841
vt 0.05807 0.45841
vt 0.11613 0.00000
vt 0.17420 0.00000
vt 0.11613 0.45841
vt 0.17420 0.00000
vt 0.17420 0.45841
vt 0.11613 0.45841
vt 0.17420 0.00000
vt 0.23226 0.00000
vt 0.17420 0.45841
vt 0.23226 0.00000
vt 0.23226 0.45841
vt 0.17420 0.45841
vt 0.00000 0.58987
vt 0.09011 0.58987
vt 0.00000 1.09106
vt 0.09011 0.58987
vt 0.09011 1.09106
vt 0.00000 1.09106
vt 0.09011 0.58987
vt 0.18022 0.58987
vt 0.09011 1.09106
vt 0.18022 0.58987
vt 0.18022 1.09106
vt 0.09011 1.09106
vt 0.18022 0.58987
vt 0.27033 0.58987
vt 0.18022 1.09106
vt 0.27033 0.58987
vt 0.27033 1.09106
vt 0.18022 1.09106
vt 0.27033 0.58987
vt 0.36044 0.58987
vt 0.27033 1.09106
vt 0.36044 0.58987
vt 0.36044 1.09106
vt 0.27033 1.09106
vt 0.00000 0.00000
vt 0.05373 0.00000
vt 0.00000 0.35662
vt 0.05373 0.00000
vt 0.05373 0.35662
vt 0.00000 0.35662
vt 0.05373 0.00000
vt 0.10745 0.00000
vt 0.05373 0.35662
vt 0.10745 0.00000
vt 0.10745 0.35662
vt 0.05373 0.35662
vt 0.10745 0.00000
vt 0.16118 0.00000
vt 0.10745 0.35662
vt 0.16118 0.00000
vt 0.16118 0.35662
vt 0.10745 0.35662
vt 0.16118 0.00000
vt 0.21491 0.00000
vt 0.16118 0.35662
vt 0.21491 0.00000
vt 0.21491 0.35662
vt 0.16118 0.35662
vt 0.00000 0.00000
vt 0.07839 0.00000
vt 0.00000 0.40720
vt 0.07839 0.00000
vt 0.07839 0.40720
vt 0.00000 0.40720
vt 0.07839 0.00000
vt 0.15678 0.00000
vt 0.07839 0.40720
vt 0.15678 0.00000
vt 0.15678 0.40720
vt 0.07839 0.40720
vt 0.15678 0.00000
vt 0.23517 0.00000
vt 0.15678 0.40720
vt 0.23517 0.00000
vt 0.23517 0.40720
vt 0.15678 0.40720
vt 0.23517 0.00000
vt 0.31356 0.00000
vt 0.23517 0.40720
vt 0.31356 0.00000
vt 0.31356 0.40720
vt 0.23517 0.40720
vt 0.00000 0.40720
vt 0.07839 0.40720
vt 0.00000 0.81269
vt 0.07839 0.40720
vt 0.07839 0.81269
vt 0.00000 0.81269
vt 0.07839 0.40720
vt 0.15678 0.40720
vt 0.07839 0.81269
vt 0.15678 0.40720
vt 0.15678 0.81269
vt 0.07839 0.81269
vt 0.15678 0.40720
vt 0.23517 0.40720
vt 0.15678 0.81269
vt 0.23517 0.40720
vt 0.23517 0.81269
vt 0.15678 0.81269
vt 0.23517 0.40720
vt 0.31356 0.40720
vt 0.23517 0.81269
vt 0.31356 0.40720
vt 0.31356 0.81269
vt 0.23517 0.81269
vt 0.00000 0.81269
vt 0.07839 0.81269
vt 0.00000 1.21826
vt 0.07839 0.81269
vt 0.07839 1.21826
vt 0.00000 1.21826
vt 0.07839 0.81269
vt 0.15678 0.81269
vt 0.07839 1.21826
vt 0.15678 0.81269
vt 0.15678 1.21826
vt 0.07839 1.21826
vt 0.15678 0.81269
vt 0.23517 0.81269
vt 0.15678 1.21826
vt 0.23517 0.81269
vt 0.23517 1.21826
vt 0.15678 1.21826
vt 0.23517 0.81269
vt 0.31356 0.81269
vt 0.23517 1.21826
vt 0.31356 0.81269
vt 0.31356 1.21826
vt 0.23517 1.21826
vt 0.00000 1.21826
vt 0.07839 1.21826
vt 0.00000 1.60867
vt 0.07839 1.21826
vt 0.07839 1.60867
vt 0.00000 1.60867
vt 0.07839 1.21826
vt 0.15678 1.21826
vt 0.07839 1.60867
vt 0.15678 1.21826
vt 0.15678 1.60867
vt 0.07839 1.60867
vt 0.15678 1.21826
vt 0.23517 1.21826
vt 0.15678 1.60867
vt 0.23517 1.21826
vt 0.23517 1.60867
vt 0.15678 1.60867
vt 0.23517 1.21826
vt 0.31356 1.21826
vt 0.23517 1.60867
vt 0.31356 1.21826
vt 0.31356 1.60867
vt 0.23517 1.60867
vt 0.00000 0.00000
vt 0.07573 0.00000
vt 0.00000 0.40454
vt 0.07573 0.00000
vt 0.07573 0.40454
vt 0.00000 0.40454
vt 0.07573 0.00000
vt 0.15146 0.00000
vt 0.07573 0.40454
vt 0.15146 0.00000
vt 0.15146 0.40454
vt 0.07573 0.40454
vt 0.15146 0.00000
vt 0.22719 0.00000
vt 0.15146 0.40454
vt 0.22719 0.00000
vt 0.22719 0.40454
vt 0.15146 0.40454
vt 0.22719 0.00000
vt 0.30292 0.00000
vt 0.22719 0.40454
vt 0.30292 0.00000
vt 0.30292 0.40454
vt 0.22719 0.40454
vt 0.30292 0.00000
vt 0.37865 0.00000
vt 0.30292 0.40454
vt 0.37865 0.00000
vt 0.37865 0.40454
vt 0.30292 0.40454
vt 0.37865 0.00000
vt 0.45438 0.00000
vt 0.37865 0.40454
vt 0.45438 0.00000
vt 0.45438 0.40454
vt 0.37865 0.40454
vt 0.00000 0.40454
vt 0.07573 0.40454
vt 0.00000 0.80609
vt 0.07573 0.40454
vt 0.07573 0.80609
vt 0.00000 0.80609
vt 0.07573 0.40454
vt 0.15146 0.40454
vt 0.07573 0.80609
vt 0.15146 0.40454
vt 0.15146 0.80609
vt 0.07573 0.80609
vt 0.15146 0.40454
vt 0.22719 0.40454
vt 0.15146 0.80609
vt 0.22719 0.40454
vt 0.22719 0.80609
vt 0.15146 0.80609
vt 0.22719 0.40454
vt 0.30292 0.40454
vt 0.22719 0.80609
vt 0.30292 0.40454
vt 0.30292 0.80609
vt 0.22719 0.80609
vt 0.30292 0.40454
vt 0.37865 0.40454
vt 0.30292 0.80609
vt 0.37865 0.40454
vt 0.37865 0.80609
vt 0.30292 0.80609
vt 0.37865 0.40454
vt 0.45438 0.40454
vt 0.37865 0.80609
vt 0.45438 0.40454
vt 0.45438 0.80609
vt 0.37865 0.80609
vt 0.00000 0.80609
vt 0.07573 0.80609
vt 0.00000 1.21689
vt 0.07573 0.80609
vt 0.07573 1.21689
vt 0.00000 1.21689
vt 0.07573 0.80609
vt 0.15146 0.80609
vt 0.07573 1.21689
vt 0.15146 0.80609
vt 0.15146 1.21689
vt 0.07573 1.21689
vt 0.15146 0.80609
vt 0.22719 0.80609
vt 0.15146 1.21689
vt 0.22719 0.80609
vt 0.22719 1.21689
vt 0.15146 1.21689
vt 0.22719 0.80609
vt 0.30292 0.80609
vt 0.22719 1.21689
vt 0.30292 0.80609
vt 0.30292 1.21689
vt 0.22719 1.21689
vt 0.30292 0.80609
vt 0.37865 0.80609
vt 0.30292 1.21689
vt 0.37865 0.80609
vt 0.37865 1.21689
vt 0.30292 1.21689
vt 0.37865 0.80609
vt 0.45438 0.80609
vt 0.37865 1.21689
vt 0.45438 0.80609
vt 0.45438 1.21689
vt 0.37865 1.21689
vt 0.00000 1.21689
vt 0.07573 1.21689
vt 0.00000 1.62197
vt 0.07573 1.21689
vt 0.11359 1.62197
vt 0.00000 1.62197
vt 0.07573 1.21689
vt 0.15146 1.21689
vt 0.11359 1.62197
vt 0.15146 1.21689
vt 0.22719 1.21689
vt 0.11359 1.62197
vt 0.22719 1.21689
vt 0.22719 1.62197
vt 0.11359 1.62197
vt 0.22719 1.21689
vt 0.30292 1.21689
vt 0.22719 1.62197
vt 0.30292 1.21689
vt 0.34078 1.62197
vt 0.22719 1.62197
vt 0.30292 1.21689
vt 0.37865 1.21689
vt 0.34078 1.62197
vt 0.37865 1.21689
vt 0.45438 1.21689
vt 0.34078 1.62197
vt 0.45438 1.21689
vt 0.45438 1.62197
vt 0.34078 1.62197
vt 0.00000 1.62197
vt 0.11359 1.62197
vt 0.00000 1.99216
vt 0.11359 1.62197
vt 0.11359 1.99216
vt 0.00000 1.99216
vt 0.11359 1.62197
vt 0.22719 1.62197
vt 0.11359 1.99216
vt 0.22719 1.62197
vt 0.22719 1.99216
vt 0.11359 1.99216
vt 0.22719 1.62197
vt 0.34078 1.62197
vt 0.22719 1.99216
vt 0.34078 1.62197
vt 0.34078 1.99216
vt 0.22719 1.99216
vt 0.34078 1.62197
vt 0.45438 1.62197
vt 0.34078 1.99216
vt 0.45438 1.62197
vt 0.45438 1.99216
vt 0.34078 1.99216
vt 0.00000 0.00000
vt 0.06882 0.00000
vt 0.00000 0.42544
vt 0.06882 0.00000
vt 0.06882 0.42544
vt 0.00000 0.42544
vt 0.06882 0.00000
vt 0.13764 0.00000
vt 0.06882 0.42544
vt 0.13764 0.00000
vt 0.13764 0.42544
vt 0.06882 0.42544
vt 0.13764 0.00000
vt 0.20647 0.00000
vt 0.13764 0.42544
vt 0.20647 0.00000
vt 0.20647 0.42544
vt 0.13764 0.42544
vt 0.20647 0.00000
vt 0.27529 0.00000
vt 0.20647 0.42544
vt 0.27529 0.00000
vt 0.27529 0.42544
vt 0.20647 0.42544
vt 0.00000 0.42544
vt 0.06882 0.42544
vt 0.00000 0.85290
vt 0.06882 0.42544
vt 0.06882 0.85290
vt 0.00000 0.85290
vt 0.06882 0.42544
vt 0.13764 0.42544
vt 0.06882 0.85290
vt 0.13764 0.42544
vt 0.13764 0.85290
vt 0.06882 0.85290
vt 0.13764 0.42544
vt 0.20647 0.42544
vt 0.13764 0.85290
vt 0.20647 0.42544
vt 0.20647 0.85290
vt 0.13764 0.85290
vt 0.20647 0.42544
vt 0.27529 0.42544
vt 0.20647 0.85290
vt 0.27529 0.42544
vt 0.27529 0.85290
vt 0.20647 0.85290
vt 0.00000 0.85290
vt 0.06882 0.85290
vt 0.00000 1.27095
vt 0.06882 0.85290
vt 0.06882 1.27095
vt 0.00000 1.27095
vt 0.06882 0.85290
vt 0.13764 0.85290
vt 0.06882 1.27095
vt 0.13764 0.85290
vt 0.13764 1.27095
vt 0.06882 1.27095
vt 0.13764 0.85290
vt 0.20647 0.85290
vt 0.13764 1.27095
vt 0.20647 0.85290
vt 0.20647 1.27095
vt 0.13764 1.27095
vt 0.20647 0.85290
vt 0.27529 0.85290
vt 0.20647 1.27095
vt 0.27529 0.85290
vt 0.27529 1.27095
vt 0.20647 1.27095
vt 0.00000 0.00000
vt 0.05373 0.00000
vt 0.00000 0.18902
vt 0.05373 0.00000
vt 0.05373 0.18902
vt 0.00000 0.18902
vt 0.05373 0.00000
vt 0.10745 0.00000
vt 0.05373 0.18902
vt 0.10745 0.00000
vt 0.10745 0.18902
vt 0.05373 0.18902
vt 0.10745 0.00000
vt 0.16118 0.00000
vt 0.10745 0.18902
vt 0.16118 0.00000
vt 0.16118 0.18902
vt 0.10745 0.18902
vt 0.16118 0.00000
vt 0.21491 0.00000
vt 0.16118 0.18902
vt 0.21491 0.00000
vt 0.21491 0.18902
vt 0.16118 0.18902
vt 0.00000 0.00000
vt 0.06319 0.00000
vt 0.00000 0.31435
vt 0.06319 0.00000
vt 0.06319 0.31435
vt 0.00000 0.31435
vt 0.06319 0.00000
vt 0.12637 0.00000
vt 0.06319 0.31435
vt 0.12637 0.00000
vt 0.12637 0.31435
vt 0.06319 0.31435
vt 0.12637 0.00000
vt 0.18956 0.00000
vt 0.12637 0.31435
vt 0.18956 0.00000
vt 0.18956 0.31435
vt 0.12637 0.31435
vt 0.18956 0.00000
vt 0.25275 0.00000
vt 0.18956 0.31435
vt 0.25275 0.00000
vt 0.25275 0.31435
vt 0.18956 0.31435
vt 0.00000 0.31435
vt 0.06319 0.31435
vt 0.00000 0.63944
vt 0.06319 0.31435
vt 0.06319 0.63944
vt 0.00000 0.63944
vt 0.06319 0.31435
vt 0.12637 0.31435
vt 0.06319 0.63944
vt 0.12637 0.31435
vt 0.12637 0.63944
vt 0.06319 0.63944
vt 0.12637 0.31435
vt 0.18956 0.31435
vt 0.12637 0.63944
vt 0.18956 0.31435
vt 0.18956 0.63944
vt 0.12637 0.63944
vt 0.18956 0.31435
vt 0.25275 0.31435
vt 0.18956 0.63944
vt 0.25275 0.31435
vt 0.25275 0.63944
vt 0.18956 0.63944
vt 0.00000 0.63944
vt 0.06319 0.63944
vt 0.00000 1.00192
vt 0.06319 0.63944
vt 0.06319 1.00192
vt 0.00000 1.00192
vt 0.06319 0.63944
vt 0.12637 0.63944
vt 0.06319 1.00192
vt 0.12637 0.63944
vt 0.12637 1.00192
vt 0.06319 1.00192
vt 0.12637 0.63944
vt 0.18956 0.63944
vt 0.12637 1.00192
vt 0.18956 0.63944
vt 0.18956 1.00192
vt 0.12637 1.00192
vt 0.18956 0.63944
vt 0.25275 0.63944
vt 0.18956 1.00192
vt 0.25275 0.63944
vt 0.25275 1.00192
vt 0.18956 1.00192
vt 0.00000 0.00000
vt 0.05523 0.00000
vt 0.00000 0.49390
vt 0.05523 0.00000
vt 0.05523 0.49390
vt 0.00000 0.49390
vt 0.05523 0.00000
vt 0.11046 0.00000
vt 0.05523 0.49390
vt 0.11046 0.00000
vt 0.11046 0.49390
vt 0.05523 0.49390
vt 0.11046 0.00000
vt 0.16569 0.00000
vt 0.11046 0.49390
vt 0.16569 0.00000
vt 0.16569 0.49390
vt 0.11046 0.49390
vt 0.16569 0.00000
vt 0.22092 0.00000
vt 0.16569 0.49390
vt 0.22092 0.00000
vt 0.22092 0.49390
vt 0.16569 0.49390
vt 0.00000 0.00000
vt 0.05373 0.00000
vt 0.00000 0.09652
vt 0.05373 0.00000
vt 0.05373 0.09652
vt 0.00000 0.09652
vt 0.05373 0.00000
vt 0.10745 0.00000
vt 0.05373 0.09652
vt 0.10745 0.00000
vt 0.10745 0.09652
vt 0.05373 0.09652
vt 0.10745 0.00000
vt 0.16118 0.00000
vt 0.10745 0.09652
vt 0.16118 0.00000
vt 0.16118 0.09652
vt 0.10745 0.09652
vt 0.16118 0.00000
vt 0.21491 0.00000
vt 0.16118 0.09652
vt 0.21491 0.00000
vt 0.21491 0.09652
vt 0.16118 0.09652
vn 0.0596 -0.7471 -0.6620
vn -0.8295 -0.3445 -0.4396
vn -0.8876 0.4029 0.2231
vn -0.0554 0.7473 0.6622
vn 0.8306 0.3444 0.4376
vn 0.8888 -0.4009 -0.2222
vn -0.1377 -0.7518 -0.6448
vn -0.9270 -0.2706 -0.2596
vn -0.7857 0.4859 0.3828
vn 0.1425 0.7572 0.6375
vn 0.9280 0.2748 0.2517
vn 0.7875 -0.4783 -0.3887
vn -0.1431 -0.7491 -0.6469
vn -0.9283 -0.2728 -0.2529
vn -0.7860 0.4832 0.3858
vn 0.1440 0.7630 0.6301
vn 0.9296 0.2845 0.2342
vn 0.7846 -0.4708 -0.4035
vn -0.1466 -0.6894 -0.7094
vn -0.9279 -0.2247 -0.2975
vn -0.7861 0.4692 0.4024
vn 0.1468 0.7065 0.6923
vn 0.9266 0.2499 0.2810
vn 0.7907 -0.4487 -0.4165
vn -0.1249 -0.7534 -0.6456
vn -0.9345 -0.3479 -0.0753
vn -0.7085 0.5074 0.4904
vn 0.1178 0.8021 0.5855
vn 0.9194 0.3926 0.0219
vn 0.7034 -0.4643 -0.5382
vn 0.4294 0.0380 -0.9023
vn -0.8925 0.1710 -0.4175
vn -0.4294 -0.0380 0.9023
vn 0.8925 -0.1710 0.4175
vn -0.1920 0.1330 -0.9723
vn -0.9716 0.1140 0.2074
vn 0.1920 -0.1330 0.9723
vn 0.9716 -0.1140 -0.2074
vn -0.1888 -0.9392 -0.2867
vn -0.8818 0.1415 0.4498
vn 0.1294 0.9796 0.1538
vn 0.8116 -0.0161 -0.5839
vn -0.3501 0.7428 -0.5707
vn -0.8458 -0.4905 -0.2098
vn 0.3332 -0.7466 0.5758
vn 0.8391 0.5029 0.2074
vn -0.7145 0.6517 -0.2544
vn -0.7009 -0.6934 0.1673
vn 0.7107 -0.6475 0.2750
vn 0.6843 0.7130 -0.1526
vn -0.8747 0.4380 0.2076
vn -0.4141 -0.9101 0.0148
vn 0.8861 -0.4273 -0.1795
vn 0.4023 0.9152 0.0233
vn 0.3272 0.0716 -0.9423
vn -0.3981 0.6672 -0.6296
vn -0.7334 0.6033 0.3133
vn -0.3167 -0.0711 0.9459
vn 0.4055 -0.6592 0.6332
vn 0.7357 -0.6049 -0.3048
vn 0.0894 0.2599 -0.9615
vn -0.6207 0.6882 -0.3757
vn -0.6558 0.4323 0.6189
vn -0.0520 -0.2078 0.9768
vn 0.6569 -0.6431 0.3935
vn 0.6822 -0.4045 -0.6090
vn 0.1227 -0.2648 -0.9565
vn -0.8706 0.4540 -0.1897
vn -0.0600 0.3419 0.9378
vn 0.9229 -0.3393 0.1819
vn 0.4719 0.4005 -0.7855
vn -0.8518 0.4369 -0.2890
vn -0.4719 -0.4005 0.7855
vn 0.8518 -0.4369 0.2890
vn -0.1336 0.5825 -0.8017
vn -0.9646 0.1093 0.2401
vn 0.1336 -0.5825 0.8017
vn 0.9646 -0.1093 -0.2401
vn -0.3987 -0.0170 -0.9169
vn -0.7991 0.4960 0.3397
vn 0.4223 0.0586 0.9045
vn 0.8191 -0.4527 -0.3523
vn 0.1435 -0.4957 -0.8566
vn -0.3119 0.7987 -0.5145
vn -0.1435 0.4957 0.8566
vn 0.3119 -0.7987 0.5145
vn -0.0724 0.0827 -0.9939
vn -0.3356 0.9364 0.1023
vn 0.0724 -0.0827 0.9939
vn 0.3356 -0.9364 -0.1023
vn 0.3263 0.1912 -0.9257
vn -0.3455 -0.8845 -0.3134
vn -0.3324 -0.2018 0.9213
vn 0.3422 0.8858 0.3136
vn 0.1322 -0.0650 -0.9891
vn -0.5861 -0.8098 -0.0282
vn -0.1458 0.0606 0.9875
vn 0.5801 0.8143 0.0173
vn -0.0132 0.0407 -0.9991
vn -0.6769 -0.7351 -0.0371
vn -0.0041 -0.0411 0.9991
vn 0.6665 0.7450 0.0274
vn -0.0835 0.0833 -0.9930
vn -0.7998 -0.6001 0.0150
vn 0.0575 -0.0664 0.9961
vn 0.7811 0.6241 -0.0188
vn -0.4430 0.0565 -0.8948
vn -0.7792 -0.5296 0.3353
vn 0.4187 -0.0193 0.9079
vn 0.7504 0.5695 -0.3354
vn -0.2273 0.4565 -0.8602
vn -0.7661 -0.3309 -0.5510
vn -0.5364 -0.7837 0.3132
vn 0.2245 -0.4553 0.8615
vn 0.7648 0.3261 0.5557
vn 0.5380 0.7848 -0.3076
vn -0.3114 0.2233 -0.9237
vn -0.7965 -0.4641 -0.3876
vn -0.4990 -0.6784 0.5392
vn 0.2887 -0.2049 0.9352
vn 0.7767 0.4831 0.4041
vn 0.4800 0.7015 -0.5267
vn -0.2677 0.1546 -0.9510
vn -0.8758 -0.3488 -0.3338
vn -0.6156 -0.4876 0.6191
vn 0.2453 -0.1262 0.9612
vn 0.8581 0.3772 0.3483
vn 0.6000 0.5163 -0.6111
vn -0.2523 0.2991 -0.9203
vn -0.9290 -0.2447 -0.2778
vn -0.5476 -0.4734 0.6899
vn 0.2339 -0.2599 0.9369
vn 0.9158 0.2782 0.2898
vn 0.5318 0.5063 -0.6788
vn -0.3402 0.3958 -0.8530
vn -0.8797 -0.4145 0.2332
vn 0.3143 -0.3314 0.8896
vn 0.8466 0.4918 -0.2037
vn -0.6736 0.2498 -0.6956
vn -0.6936 -0.5397 0.4772
vn 0.6571 -0.1972 0.7275
vn 0.6714 0.5914 -0.4466
vn -0.0307 0.4486 -0.8932
vn -0.5528 -0.7527 -0.3576
vn 0.0310 -0.4464 0.8943
vn 0.5519 0.7571 0.3497
vn -0.3172 0.2328 -0.9193
vn -0.4199 -0.9034 -0.0867
vn 0.3174 -0.2291 0.9202
vn 0.4175 0.9049 0.0826
vn -0.3085 0.1816 -0.9337
vn -0.4090 -0.9114 -0.0460
vn 0.2871 -0.1781 0.9412
vn 0.3888 0.9198 0.0533
vn -0.5078 -0.0813 -0.8576
vn -0.4380 -0.8395 0.3217
vn 0.4739 0.0935 0.8756
vn 0.4057 0.8586 -0.3135
vn -0.1064 -0.4392 -0.8921
vn -0.3815 0.8465 -0.3712
vn 0.1064 0.4392 0.8921
vn 0.3815 -0.8465 0.3712
vn -0.3140 0.1566 -0.9364
vn -0.2414 0.9407 0.2383
vn 0.3140 -0.1566 0.9364
vn 0.2414 -0.9407 -0.2383
vn 0.7786 0.3413 -0.5266
vn -0.4962 0.8370 -0.2307
vn -0.7612 -0.3514 0.5451
vn 0.4821 -0.8398 0.2498
vn 0.3794 0.2982 -0.8759
vn -0.8135 0.5669 -0.1299
vn -0.3755 -0.3035 0.8757
vn 0.8013 -0.5761 0.1613
vn 0.2040 0.0607 -0.9771
vn -0.7698 0.6303 -0.1009
vn -0.1925 -0.0582 0.9796
vn 0.7753 -0.6214 0.1132
vn -0.0541 0.3007 -0.9522
vn -0.8640 0.4611 0.2020
vn 0.0731 -0.2866 0.9553
vn 0.8744 -0.4431 -0.1979
vn 0.5580 0.4008 -0.7266
vn -0.7711 0.5739 -0.2757
vn -0.5580 -0.4008 0.7266
vn 0.7711 -0.5739 0.2757
vn -0.0163 0.6650 -0.7467
vn -0.9517 0.2186 0.2154
vn 0.0163 -0.6650 0.7467
vn 0.9517 -0.2186 -0.2154
vn 0.6090 0.6868 -0.3966
vn 0.7247 -0.6851 -0.0737
vn -0.6090 -0.6868 0.3966
vn -0.7247 0.6851 0.0737
vn 0.9220 0.1384 -0.3615
vn 0.2143 -0.9602 0.1790
vn -0.9220 -0.1384 0.3615
vn -0.2143 0.9602 -0.1790
usemtl bark
s off
f 85/475/85 86/476/86 91/477/91
f 86/478/86 92/479/92 91/480/91
f 86/481/86 87/482/87 92/483/92
f 87/484/87 93/485/93 92/486/92
f 87/487/87 88/488/88 93/489/93
f 88/490/88 94/491/94 93/492/93
f 88/493/88 89/494/89 94/495/94
f 89/496/89 95/497/95 94/498/94
f 89/499/89 90/500/90 95/501/95
f 90/502/90 96/503/96 95/504/95
f 90/505/90 85/506/85 96/507/96
f 85/508/85 91/509/91 96/510/96
f 91/511/91 92/512/92 97/513/97
f 92/514/92 98/515/98 97/516/97
f 92/517/92 93/518/93 98/519/98
f 93/520/93 99/521/99 98/522/98
f 93/523/93 94/524/94 99/525/99
f 94/526/94 100/527/100 99/528/99
f 94/529/94 95/530/95 100/531/100
f 95/532/95 101/533/101 100/534/100
f 95/535/95 96/536/96 101/537/101
f 96/538/96 102/539/102 101/540/101
f 96/541/96 91/542/91 102/543/102
f 91/544/91 97/545/97 102/546/102
f 97/547/97 98/548/98 103/549/103
f 98/550/98 104/551/104 103/552/103
f 98/553/98 99/554/99 104/555/104
f 99/556/99 105/557/105 104/558/104
f 99/559/99 100/560/100 105/561/105
f 100/562/100 106/563/106 105/564/105
f 100/565/100 101/566/101 106/567/106
f 101/568/101 107/569/107 106/570/106
f 101/571/101 102/572/102 107/573/107
f 102/574/102 108/575/108 107/576/107
f 102/577/102 97/578/97 108/579/108
f 97/580/97 103/581/103 108/582/108
f 103/583/103 104/584/104 109/585/109
f 104/586/104 110/587/110 109/588/109
f 104/589/104 105/590/105 110/591/110
f 105/592/105 111/593/111 110/594/110
f 105/595/105 106/596/106 111/597/111
f 106/598/106 112/599/112 111/600/111
f 106/601/106 107/602/107 112/603/112
f 107/604/107 113/605/113 112/606/112
f 107/607/107 108/608/108 113/609/113
f 108/610/108 114/611/114 113/612/113
f 108/613/108 103/614/103 114/615/114
f 103/616/103 109/617/109 114/618/114
f 115/619/115 116/620/116 119/621/119
f 116/622/116 120/623/120 119/624/119
f 116/625/116 117/626/117 120/627/120
f 117/628/117 121/629/121 120/630/120
f 117/631/117 118/632/118 121/633/121
f 118/634/118 122/635/122 121/636/121
f 118/637/118 115/638/115 122/639/122
f 115/640/115 119/641/119 122/642/122
f 109/643/109 110/644/110 123/645/123
f 110/646/110 124/647/124 123/648/123
f 110/649/110 111/650/111 124/651/124
f 111/652/111 112/653/112 124/654/124
f 112/655/112 125/656/125 124/657/124
f 112/658/112 113/659/113 125/660/125
f 113/661/113 126/662/126 125/663/125
f 113/664/113 114/665/114 126/666/126
f 114/667/114 109/668/109 126/669/126
f 109/670/109 123/671/123 126/672/126
f 127/673/127 128/674/128 131/675/131
f 128/676/128 132/677/132 131/678/131
f 128/679/128 129/680/129 132/681/132
f 129/682/129 133/683/133 132/684/132
f 129/685/129 130/686/130 133/687/133
f 130/688/130 134/689/134 133/690/133
f 130/691/130 127/692/127 134/693/134
f 127/694/127 131/695/131 134/696/134
f 131/697/131 132/698/132 135/699/135
f 132/700/132 136/701/136 135/702/135
f 132/703/132 133/704/133 136/705/136
f 133/706/133 137/707/137 136/708/136
f 133/709/133 134/710/134 137/711/137
f 134/712/134 138/713/138 137/714/137
f 134/715/134 131/716/131 138/717/138
f 131/718/131 135/719/135 138/720/138
f 139/721/139 140/722/140 145/723/145
f 140/724/140 146/725/146 145/726/145
f 140/727/140 141/728/141 146/729/146
f 141/730/141 147/731/147 146/732/146
f 141/733/141 142/734/142 147/735/147
f 142/736/142 148/737/148 147/738/147
f 142/739/142 143/740/143 148/741/148
f 143/742/143 149/743/149 148/744/148
f 143/745/143 144/746/144 149/747/149
f 144/748/144 150/749/150 149/750/149
f 144/751/144 139/752/139 150/753/150
f 139/754/139 145/755/145 150/756/150
f 145/757/145 146/758/146 151/759/151
f 146/760/146 152/761/152 151/762/151
f 146/763/146 147/764/147 152/765/152
f 147/766/147 148/767/148 152/768/152
f 148/769/148 153/770/153 152/771/152
f 148/772/148 149/773/149 153/774/153
f 149/775/149 154/776/154 153/777/153
f 149/778/149 150/779/150 154/780/154
f 150/781/150 145/782/145 154/783/154
f 145/784/145 151/785/151 154/786/154
f 155/787/155 156/788/156 159/789/159
f 156/790/156 160/791/160 159/792/159
f 156/793/156 157/794/157 160/795/160
f 157/796/157 161/797/161 160/798/160
f 157/799/157 158/800/158 161/801/161
f 158/802/158 162/803/162 161/804/161
f 158/805/158 155/806/155 162/807/162
f 155/808/155 159/809/159 162/810/162
f 151/811/151 152/812/152 163/813/163
f 152/814/152 164/815/164 163/816/163
f 152/817/152 153/818/153 164/819/164
f 153/820/153 165/821/165 164/822/164
f 153/823/153 154/824/154 165/825/165
f 154/826/154 166/827/166 165/828/165
f 154/829/154 151/830/151 166/831/166
f 151/832/151 163/833/163 166/834/166
f 167/835/167 168/836/168 171/837/171
f 168/838/168 172/839/172 171/840/171
f 168/841/168 169/842/169 172/843/172
f 169/844/169 173/845/173 172/846/172
f 169/847/169 170/848/170 173/849/173
f 170/850/170 174/851/174 173/852/173
f 170/853/170 167/854/167 174/855/174
f 167/856/167 171/857/171 174/858/174
f 175/859/175 176/860/176 179/861/179
f 176/862/176 180/863/180 179/864/179
f 176/865/176 177/866/177 180/867/180
f 177/868/177 181/869/181 180/870/180
f 177/871/177 178/872/178 181/873/181
f 178/874/178 182/875/182 181/876/181
f 178/877/178 175/878/175 182/879/182
f 175/880/175 179/881/179 182/882/182
f 179/883/179 180/884/180 183/885/183
f 180/886/180 184/887/184 183/888/183
f 180/889/180 181/890/181 184/891/184
f 181/892/181 185/893/185 184/894/184
f 181/895/181 182/896/182 185/897/185
f 182/898/182 186/899/186 185/900/185
f 182/901/182 179/902/179 186/903/186
f 179/904/179 183/905/183 186/906/186
f 183/907/183 184/908/184 187/909/187
f 184/910/184 188/911/188 187/912/187
f 184/913/184 185/914/185 188/915/188
f 185/916/185 189/917/189 188/918/188
f 185/919/185 186/920/186 189/921/189
f 186/922/186 190/923/190 189/924/189
f 186/925/186 183/926/183 190/927/190
f 183/928/183 187/929/187 190/930/190
f 187/931/187 188/932/188 191/933/191
f 188/934/188 192/935/192 191/936/191
f 188/937/188 189/938/189 192/939/192
f 189/940/189 193/941/193 192/942/192
f 189/943/189 190/944/190 193/945/193
f 190/946/190 194/947/194 193/948/193
f 190/949/190 187/950/187 194/951/194
f 187/952/187 191/953/191 194/954/194
f 195/955/195 196/956/196 201/957/201
f 196/958/196 202/959/202 201/960/201
f 196/961/196 197/962/197 202/963/202
f 197/964/197 203/965/203 202/966/202
f 197/967/197 198/968/198 203/969/203
f 198/970/198 204/971/204 203/972/203
f 198/973/198 199/974/199 204/975/204
f 199/976/199 205/977/205 204/978/204
f 199/979/199 200/980/200 205/981/205
f 200/982/200 206/983/206 205/984/205
f 200/985/200 195/986/195 206/987/206
f 195/988/195 201/989/201 206/990/206
f 201/991/201 202/992/202 207/993/207
f 202/994/202 208/995/208 207/996/207
f 202/997/202 203/998/203 208/999/208
f 203/1000/203 209/1001/209 208/1002/208
f 203/1003/203 204/1004/204 209/1005/209
f 204/1006/204 210/1007/210 209/1008/209
f 204/1009/204 205/1010/205 210/1011/210
f 205/1012/205 211/1013/211 210/1014/210
f 205/1015/205 206/1016/206 211/1017/211
f 206/1018/206 212/1019/212 211/1020/211
f 206/1021/206 201/1022/201 212/1023/212
f 201/1024/201 207/1025/207 212/1026/212
f 207/1027/207 208/1028/208 213/1029/213
f 208/1030/208 214/1031/214 213/1032/213
f 208/1033/208 209/1034/209 214/1035/214
f 209/1036/209 215/1037/215 214/1038/214
f 209/1039/209 210/1040/210 215/1041/215
f 210/1042/210 216/1043/216 215/1044/215
f 210/1045/210 211/1046/211 216/1047/216
f 211/1048/211 217/1049/217 216/1050/216
f 211/1051/211 212/1052/212 217/1053/217
f 212/1054/212 218/1055/218 217/1056/217
f 212/1057/212 207/1058/207 218/1059/218
f 207/1060/207 213/1061/213 218/1062/218
f 213/1063/213 214/1064/214 219/1065/219
f 214/1066/214 220/1067/220 219/1068/219
f 214/1069/214 215/1070/215 220/1071/220
f 215/1072/215 216/1073/216 220/1074/220
f 216/1075/216 221/1076/221 220/1077/220
f 216/1078/216 217/1079/217 221/1080/221
f 217/1081/217 222/1082/222 221/1083/221
f 217/1084/217 218/1085/218 222/1086/222
f 218/1087/218 213/1088/213 222/1089/222
f 213/1090/213 219/1091/219 222/1092/222
f 219/1093/219 220/1094/220 223/1095/223
f 220/1096/220 224/1097/224 223/1098/223
f 220/1099/220 221/1100/221 224/1101/224
f 221/1102/221 225/1103/225 224/1104/224
f 221/1105/221 222/1106/222 225/1107/225
f 222/1108/222 226/1109/226 225/1110/225
f 222/1111/222 219/1112/219 226/1113/226
f 219/1114/219 223/1115/223 226/1116/226
f 227/1117/227 228/1118/228 231/1119/231
f 228/1120/228 232/1121/232 231/1122/231
f 228/1123/228 229/1124/229 232/1125/232
f 229/1126/229 233/1127/233 232/1128/232
f 229/1129/229 230/1130/230 233/1131/233
f 230/1132/230 234/1133/234 233/1134/233
f 230/1135/230 227/1136/227 234/1137/234
f 227/1138/227 231/1139/231 234/1140/234
f 231/1141/231 232/1142/232 235/1143/235
f 232/1144/232 236/1145/236 235/1146/235
f 232/1147/232 233/1148/233 236/1149/236
f 233/1150/233 237/1151/237 236/1152/236
f 233/1153/233 234/1154/234 237/1155/237
f 234/1156/234 238/1157/238 237/1158/237
f 234/1159/234 231/1160/231 238/1161/238
f 231/1162/231 235/1163/235 238/1164/238
f 235/1165/235 236/1166/236 239/1167/239
f 236/1168/236 240/1169/240 239/1170/239
f 236/1171/236 237/1172/237 240/1173/240
f 237/1174/237 241/1175/241 240/1176/240
f 237/1177/237 238/1178/238 241/1179/241
f 238/1180/238 242/1181/242 241/1182/241
f 238/1183/238 235/1184/235 242/1185/242
f 235/1186/235 239/1187/239 242/1188/242
f 243/1189/243 244/1190/244 247/1191/247
f 244/1192/244 248/1193/248 247/1194/247
f 244/1195/244 245/1196/245 248/1197/248
f 245/1198/245 249/1199/249 248/1200/248
f 245/1201/245 246/1202/246 249/1203/249
f 246/1204/246 250/1205/250 249/1206/249
f 246/1207/246 243/1208/243 250/1209/250
f 243/1210/243 247/1211/247 250/1212/250
f 251/1213/251 252/1214/252 255/1215/255
f 252/1216/252 256/1217/256 255/1218/255
f 252/1219/252 253/1220/253 256/1221/256
f 253/1222/253 257/1223/257 256/1224/256
f 253/1225/253 254/1226/254 257/1227/257
f 254/1228/254 258/1229/258 257/1230/257
f 254/1231/254 251/1232/251 258/1233/258
f 251/1234/251 255/1235/255 258/1236/258
f 255/1237/255 256/1238/256 259/1239/259
f 256/1240/256 260/1241/260 259/1242/259
f 256/1243/256 257/1244/257 260/1245/260
f 257/1246/257 261/1247/261 260/1248/260
f 257/1249/257 258/1250/258 261/1251/261
f 258/1252/258 262/1253/262 261/1254/261
f 258/1255/258 255/1256/255 262/1257/262
f 255/1258/255 259/1259/259 262/1260/262
f 259/1261/259 260/1262/260 263/1263/263
f 260/1264/260 264/1265/264 263/1266/263
f 260/1267/260 261/1268/261 264/1269/264
f 261/1270/261 265/1271/265 264/1272/264
f 261/1273/261 262/1274/262 265/1275/265
f 262/1276/262 266/1277/266 265/1278/265
f 262/1279/262 259/1280/259 266/1281/266
f 259/1282/259 263/1283/263 266/1284/266
f 267/1285/267 268/1286/268 271/1287/271
f 268/1288/268 272/1289/272 271/1290/271
f 268/1291/268 269/1292/269 272/1293/272
f 269/1294/269 273/1295/273 272/1296/272
f 269/1297/269 270/1298/270 273/1299/273
f 270/1300/270 274/1301/274 273/1302/273
f 270/1303/270 267/1304/267 274/1305/274
f 267/1306/267 271/1307/271 274/1308/274
f 275/1309/275 276/1310/276 279/1311/279
f 276/1312/276 280/1313/280 279/1314/279
f 276/1315/276 277/1316/277 280/1317/280
f 277/1318/277 281/1319/281 280/1320/280
f 277/1321/277 278/1322/278 281/1323/281
f 278/1324/278 282/1325/282 281/1326/281
f 278/1327/278 275/1328/275 282/1329/282
f 275/1330/275 279/1331/279 282/1332/282
o Leaves
v 0.7728 7.5733 -4.6627
v 0.0923 7.5733 -7.0704
v -2.1012 9.2091 -6.4504
v 0.7728 7.5733 -4.6627
v -2.1012 9.2091 -6.4504
v -1.4207 9.2091 -4.0428
v 0.1919 7.8141 -7.1272
v -2.2158 7.8141 -6.4467
v -1.5203 8.9683 -3.9859
v 0.1919 7.8141 -7.1272
v -1.5203 8.9683 -3.9859
v 0.8874 8.9683 -4.6664
v 2.6279 13.6595 3.9703
v 3.0224 13.6595 0.9941
v 1.0814 15.1980 0.7368
v 2.6279 13.6595 3.9703
v 1.0814 15.1980 0.7368
v 0.6869 15.1980 3.7130
v 3.4335 13.3930 1.8660
v 0.4573 13.3930 1.4714
v 0.2757 15.4645 2.8412
v 3.4335 13.3930 1.8660
v 0.2757 15.4645 2.8412
v 3.2520 15.4645 3.2357
v -5.3486 12.0665 0.1874
v -4.3048 12.0665 2.8163
v -2.3359 13.2790 2.0345
v -5.3486 12.0665 0.1874
v -2.3359 13.2790 2.0345
v -3.3798 13.2790 -0.5943
v -4.7821 11.9952 2.5763
v -2.1533 11.9952 1.5324
v -2.9024 13.3503 -0.3543
v -4.7821 11.9952 2.5763
v -2.9024 13.3503 -0.3543
v -5.5313 13.3503 0.6895
v -3.2008 17.0288 -1.6823
v -5.4114 17.0288 0.2777
v -3.7174 18.0200 2.1883
v -3.2008 17.0288 -1.6823
v -3.7174 18.0200 2.1883
v -1.5068 18.0200 0.2282
v -5.0323 16.4076 -0.3264
v -3.0723 16.4076 1.8842
v -1.8859 18.6411 0.8324
v -5.0323 16.4076 -0.3264
v -1.8859 18.6411 0.8324
v -3.8460 18.6411 -1.3783
v 2.4534 9.6686 -0.3642
v 2.7469 9.6686 -3.4457
v 0.9270 10.8832 -3.6190
v 2.4534 9.6686 -0.3642
v 0.9270 10.8832 -3.6190
v 0.6335 10.8832 -0.5376
v 3.2838 9.3308 -2.4001
v 0.2024 9.3308 -2.6936
v 0.0966 11.2210 -1.5831
v 3.2838 9.3308 -2.4001
v 0.0966 11.2210 -1.5831
v 3.1781 11.2210 -1.2897
v 0.6482 6.1670 5.7653
v 0.8303 6.1670 3.1120
v -1.5214 7.2764 2.9506
v 0.6482 6.1670 5.7653
v -1.5214 7.2764 2.9506
v -1.7035 7.2764 5.6039
v 0.9427 5.6702 3.6820
v -1.7106 5.6702 3.4999
v -1.8159 7.7732 5.0340
v 0.9427 5.6702 3.6820
v -1.8159 7.7732 5.0340
v 0.8374 7.7732 5.2161
v -5.4858 9.4362 1.1358
v -6.9143 9.4362 3.2550
v -5.5512 11.0903 4.1738
v -5.4858 9.4362 1.1358
v -5.5512 11.0903 4.1738
v -4.1227 11.0903 2.0546
v -7.0574 9.4732 2.6517
v -4.9382 9.4732 4.0802
v -3.9795 11.0533 2.6579
v -7.0574 9.4732 2.6517
v -3.9795 11.0533 2.6579
v -6.0988 11.0533 1.2294
v 4.4128 8.0546 1.3475
v 1.3094 8.0546 0.8356
v 1.0870 10.2874 2.1839
v 4.4128 8.0546 1.3475
v 1.0870 10.2874 2.1839
v 4.1903 10.2874 2.6958
v 2.3574 8.0391 0.1071
v 1.8455 8.0391 3.2104
v 3.1424 10.3030 3.4244
v 2.3574 8.0391 0.1071
v 3.1424 10.3030 3.4244
v 3.6543 10.3030 0.3210
v -3.5841 9.5471 -2.6974
v -6.4601 9.5471 -3.0768
v -6.8150 10.6954 -0.3875
v -3.5841 9.5471 -2.6974
v -6.8150 10.6954 -0.3875
v -3.9390 10.6954 -0.0080
v -5.8431 8.9118 -3.0904
v -6.2226 8.9118 -0.2144
v -4.5560 11.3307 0.0055
v -5.8431 8.9118 -3.0904
v -4.5560 11.3307 0.0055
v -4.1765 11.3307 -2.8705
v -1.2255 10.4616 -3.8886
v -2.5503 10.4616 -6.1559
v -4.5365 11.3271 -4.9953
v -1.2255 10.4616 -3.8886
v -4.5365 11.3271 -4.9953
v -3.2116 11.3271 -2.7280
v -2.3136 10.3938 -6.0734
v -4.5809 10.3938 -4.7485
v -3.4484 11.3949 -2.8105
v -2.3136 10.3938 -6.0734
v -3.4484 11.3949 -2.8105
v -1.1811 11.3949 -4.1353
v -1.2301 16.0836 -0.7955
v 0.8819 16.0836 0.9226
v 1.6761 18.1853 -0.0536
v -1.2301 16.0836 -0.7955
v 1.6761 18.1853 -0.0536
v -0.4359 18.1853 -1.7717
v 0.2222 16.6090 1.3297
v 1.9403 16.6090 -0.7823
v 0.2237 17.6599 -2.1788
v 0.2222 16.6090 1.3297
v 0.2237 17.6599 -2.1788
v -1.4944 17.6599 -0.0668
v 4.0165 12.9857 1.5048
v 5.3743 12.9857 -1.1848
v 3.3444 14.4427 -2.2095
v 4.0165 12.9857 1.5048
v 3.3444 14.4427 -2.2095
v 1.9866 14.4427 0.4801
v 5.4720 12.7972 -0.5583
v 2.7824 12.7972 -1.9161
v 1.8890 14.6312 -0.1464
v 5.4720 12.7972 -0.5583
v 1.8890 14.6312 -0.1464
v 4.5786 14.6312 1.2114
v -4.9785 9.8412 3.5621
v -2.7081 9.8412 4.4814
v -2.0924 12.3683 2.9607
v -4.9785 9.8412 3.5621
v -2.0924 12.3683 2.9607
v -4.3628 12.3683 2.0414
v -2.7505 10.4217 4.9005
v -1.8312 10.4217 2.6301
v -4.3204 11.7877 1.6222
v -2.7505 10.4217 4.9005
v -4.3204 11.7877 1.6222
v -5.2397 11.7877 3.8927
v 0.1007 13.8285 -4.6344
v -2.4877 13.8285 -4.7025
v -2.5519 15.3027 -2.2598
v 0.1007 13.8285 -4.6344
v -2.5519 15.3027 -2.2598
v 0.0365 15.3027 -2.1917
v -2.2160 13.5727 -4.7682
v -2.2841 13.5727 -2.1798
v -0.2352 15.5585 -2.1260
v -2.2160 13.5727 -4.7682
v -0.2352 15.5585 -2.1260
v -0.1672 15.5585 -4.7144
v -1.3739 6.0727 -0.7689
v -4.1846 6.0727 -1.5097
v -4.6445 8.5900 0.2355
v -1.3739 6.0727 -0.7689
v -4.6445 8.5900 0.2355
v -1.8339 8.5900 0.9762
v -3.5742 6.1219 -1.9186
v -4.3150 6.1219 0.8921
v -2.4442 8.5408 1.3851
v -3.5742 6.1219 -1.9186
v -2.4442 8.5408 1.3851
v -1.7034 8.5408 -1.4255
v -0.6670 12.0866 -4.7028
v -0.2317 12.0866 -2.0468
v 1.9215 14.3472 -2.3997
v -0.6670 12.0866 -4.7028
v 1.9215 14.3472 -2.3997
v 1.4862 14.3472 -5.0557
v -0.5065 12.2044 -2.1483
v 2.1495 12.2044 -2.5835
v 1.7610 14.2293 -4.9542
v -0.5065 12.2044 -2.1483
v 1.7610 14.2293 -4.9542
v -0.8950 14.2293 -4.5190
v -4.6749 20.0497 -1.9715
v -5.0559 20.0497 0.9319
v -3.1803 21.7545 1.1780
v -4.6749 20.0497 -1.9715
v -3.1803 21.7545 1.1780
v -2.7993 21.7545 -1.7253
v -5.4672 19.8232 0.0830
v -2.5639 19.8232 0.4641
v -2.3880 21.9810 -0.8765
v -5.4672 19.8232 0.0830
v -2.3880 21.9810 -0.8765
v -5.2913 21.9810 -1.2575
v -2.9101 20.5193 1.1937
v -0.1763 20.5193 0.0730
v -1.0047 21.7504 -1.9478
v -2.9101 20.5193 1.1937
v -1.0047 21.7504 -1.9478
v -3.7386 21.7504 -0.8271
v -0.6370 20.1880 0.6783
v -1.7577 20.1880 -2.0556
v -3.2779 22.0817 -1.4324
v -0.6370 20.1880 0.6783
v -3.2779 22.0817 -1.4324
v -2.1572 22.0817 1.3015
v -2.7740 13.1455 5.1340
v -3.2806 13.1455 2.4705
v -4.7954 15.2840 2.7585
v -2.7740 13.1455 5.1340
v -4.7954 15.2840 2.7585
v -4.2888 15.2840 5.4221
v -2.6423 13.3720 2.6972
v -5.3058 13.3720 3.2037
v -4.9271 15.0575 5.1953
v -2.6423 13.3720 2.6972
v -4.9271 15.0575 5.1953
v -2.2636 15.0575 4.6888
v 1.1339 11.4924 4.8357
v 2.5948 11.4924 2.4279
v 1.2253 13.9136 1.5970
v 1.1339 11.4924 4.8357
v 1.2253 13.9136 1.5970
v -0.2356 13.9136 4.0048
v 2.8151 11.5136 3.2353
v 0.4073 11.5136 1.7745
v -0.4559 13.8924 3.1974
v 2.8151 11.5136 3.2353
v -0.4559 13.8924 3.1974
v 1.9519 13.8924 4.6582
v 3.7936 13.0876 4.9811
v 6.0360 13.0876 4.0358
v 5.0987 14.4656 1.8123
v 3.7936 13.0876 4.9811
v 5.0987 14.4656 1.8123
v 2.8563 14.4656 2.7575
v 5.7310 12.7026 4.1755
v 4.7858 12.7026 1.9331
v 3.1613 14.8506 2.6179
v 5.7310 12.7026 4.1755
v 3.1613 14.8506 2.6179
v 4.1065 14.8506 4.8603
v -1.7951 17.1910 -3.4409
v -1.6472 17.1910 -0.4589
v 0.1885 19.3305 -0.5500
v -1.7951 17.1910 -3.4409
v 0.1885 19.3305 -0.5500
v 0.0406 19.3305 -3.5319
v -2.2346 17.5288 -0.7175
v 0.7474 17.5288 -0.8654
v 0.6280 18.9927 -3.2734
v -2.2346 17.5288 -0.7175
v 0.6280 18.9927 -3.2734
v -2.3540 18.9927 -3.1255
v 0.2638 6.8685 -5.6900
v -1.2554 6.8685 -3.4676
v 0.5832 8.3788 -2.2108
v 0.2638 6.8685 -5.6900
v 0.5832 8.3788 -2.2108
v 2.1024 8.3788 -4.4332
v -1.3885 7.1061 -3.6847
v 0.8339 7.1061 -2.1655
v 2.2356 8.1412 -4.2161
v -1.3885 7.1061 -3.6847
v 2.2356 8.1412 -4.2161
v 0.0131 8.1412 -5.7352
v -1.1872 19.9267 1.4893
v 1.8323 19.9267 0.9619
v 1.5446 21.9033 -0.6846
v -1.1872 19.9267 1.4893
v 1.5446 21.9033 -0.6846
v -1.4748 21.9033 -0.1571
v 1.5731 20.3168 1.7146
v 1.0456 20.3168 -1.3049
v -1.2156 21.5132 -0.9098
v 1.5731 20.3168 1.7146
v -1.2156 21.5132 -0.9098
v -0.6882 21.5132 2.1096
v 3.6203 13.8890 -4.8908
v 2.0118 13.8890 -2.5144
v 4.1184 14.8644 -1.0885
v 3.6203 13.8890 -4.8908
v 4.1184 14.8644 -1.0885
v 5.7269 14.8644 -3.4649
v 2.2522 13.2498 -3.1602
v 4.6286 13.2498 -1.5517
v 5.4865 15.5037 -2.8191
v 2.2522 13.2498 -3.1602
v 5.4865 15.5037 -2.8191
v 3.1100 15.5037 -4.4276
v 7.6454 9.4592 -1.4100
v 5.3216 9.4592 -2.5519
v 4.4016 10.9058 -0.6796
v 7.6454 9.4592 -1.4100
v 4.4016 10.9058 -0.6796
v 6.7254 10.9058 0.4623
v 5.8111 9.2610 -2.5916
v 4.6692 9.2610 -0.2678
v 6.2359 11.1041 0.5020
v 5.8111 9.2610 -2.5916
v 6.2359 11.1041 0.5020
v 7.3778 11.1041 -1.8218
v 0.2871 11.8360 -6.1422
v -1.6231 11.8360 -8.4357
v -3.5002 12.9970 -6.8723
v 0.2871 11.8360 -6.1422
v -3.5002 12.9970 -6.8723
v -1.5900 12.9970 -4.5789
v -1.1926 11.6971 -8.3422
v -3.4861 11.6971 -6.4321
v -2.0205 13.1360 -4.6723
v -1.1926 11.6971 -8.3422
v -2.0205 13.1360 -4.6723
v 0.2730 13.1360 -6.5825
v -5.4240 11.5348 -3.7106
v -3.7289 11.5348 -1.3948
v -2.4479 13.9324 -2.3325
v -5.4240 11.5348 -3.7106
v -2.4479 13.9324 -2.3325
v -4.1431 13.9324 -4.6482
v -4.4577 11.7811 -1.3049
v -2.1420 11.7811 -3.0001
v -3.4142 13.6861 -4.7381
v -4.4577 11.7811 -1.3049
v -3.4142 13.6861 -4.7381
v -5.7300 13.6861 -3.0429
v -9.0343 9.1551 5.4641
v -6.4925 9.1551 5.8421
v -6.1342 10.2108 3.4332
v -9.0343 9.1551 5.4641
v -6.1342 10.2108 3.4332
v -8.6761 10.2108 3.0552
v -6.6736 8.9581 5.8831
v -6.2956 8.9581 3.3413
v -8.4949 10.4078 3.0142
v -6.6736 8.9581 5.8831
v -8.4949 10.4078 3.0142
v -8.8730 10.4078 5.5561
v 0.6880 7.6482 0.5203
v -1.9229 7.6482 -0.6220
v -2.8529 9.0158 1.5035
v 0.6880 7.6482 0.5203
v -2.8529 9.0158 1.5035
v -0.2421 9.0158 2.6458
v -1.3246 7.3195 -0.6494
v -2.4670 7.3195 1.9614
v -0.8404 9.3445 2.6732
v -1.3246 7.3195 -0.6494
v -0.8404 9.3445 2.6732
v 0.3020 9.3445 0.0624
v -1.1426 9.5697 -5.4513
v 1.4010 9.5697 -4.8432
v 1.8724 11.3445 -6.8154
v -1.1426 9.5697 -5.4513
v 1.8724 11.3445 -6.8154
v -0.6712 11.3445 -7.4235
v 1.2482 9.8868 -4.5777
v 1.8562 9.8868 -7.1213
v -0.5184 11.0274 -7.6890
v 1.2482 9.8868 -4.5777
v -0.5184 11.0274 -7.6890
v -1.1264 11.0274 -5.1454
v 1.1357 4.6140 6.0548
v -0.5548 4.6140 4.1560
v -1.7232 6.9563 5.1963
v 1.1357 4.6140 6.0548
v -1.7232 6.9563 5.1963
v -0.0327 6.9563 7.0950
v -0.1794 5.1475 3.8424
v -2.0781 5.1475 5.5329
v -0.4081 6.4228 7.4086
v -0.1794 5.1475 3.8424
v -0.4081 6.4228 7.4086
v 1.4906 6.4228 5.7181
v -4.0301 5.2477 1.8555
v -2.4633 5.2477 4.0155
v -0.9885 6.6916 2.9456
v -4.0301 5.2477 1.8555
v -0.9885 6.6916 2.9456
v -2.5552 6.6916 0.7857
v -3.0573 5.2413 3.9172
v -0.8974 5.2413 2.3505
v -1.9612 6.6980 0.8839
v -3.0573 5.2413 3.9172
v -1.9612 6.6980 0.8839
v -4.1211 6.6980 2.4507
v 3.2680 7.1265 4.8883
v 3.7732 7.1265 2.0784
v 2.2358 9.3882 1.8020
v 3.2680 7.1265 4.8883
v 2.2358 9.3882 1.8020
v 1.7307 9.3882 4.6119
v 4.2936 7.1208 2.8373
v 1.4837 7.1208 2.3321
v 1.2102 9.3939 3.8530
v 4.2936 7.1208 2.8373
v 1.2102 9.3939 3.8530
v 4.0202 9.3939 4.3582
v -6.6789 10.1477 -1.1064
v -4.7034 10.1477 -3.0819
v -6.2466 11.8490 -4.6250
v -6.6789 10.1477 -1.1064
v -6.2466 11.8490 -4.6250
v -8.2220 11.8490 -2.6495
v -4.6125 10.3454 -2.7405
v -6.5880 10.3454 -4.7159
v -8.3130 11.6514 -2.9909
v -4.6125 10.3454 -2.7405
v -8.3130 11.6514 -2.9909
v -6.3375 11.6514 -1.0155
v -0.9024 14.4193 2.7484
v 0.3836 14.4193 0.4704
v -1.5237 15.4257 -0.6063
v -0.9024 14.4193 2.7484
v -1.5237 15.4257 -0.6063
v -2.8097 15.4257 1.6717
v 0.2275 13.8851 1.1798
v -2.0505 13.8851 -0.1062
v -2.6536 15.9599 0.9622
v 0.2275 13.8851 1.1798
v -2.6536 15.9599 0.9622
v -0.3756 15.9599 2.2482
v 2.3629 14.0230 4.5861
v 1.0868 14.0230 2.4252
v -1.0970 15.8919 3.7149
v 2.3629 14.0230 4.5861
v -1.0970 15.8919 3.7149
v 0.1791 15.8919 5.8758
v 1.1827 13.7775 2.6139
v -0.9781 13.7775 3.8900
v 0.0832 16.1374 5.6871
v 1.1827 13.7775 2.6139
v 0.0832 16.1374 5.6871
v 2.2440 16.1374 4.4110
v -7.2813 9.9873 0.0933
v -9.8076 9.9873 1.2067
v -8.8420 11.4425 3.3975
v -7.2813 9.9873 0.0933
v -8.8420 11.4425 3.3975
v -6.3157 11.4425 2.2840
v -9.4303 9.6309 0.8401
v -8.3168 9.6309 3.3663
v -6.6930 11.7989 2.6506
v -9.4303 9.6309 0.8401
v -6.6930 11.7989 2.6506
v -7.8065 11.7989 0.1244
v 2.6444 5.6968 1.0402
v 0.6163 5.6968 -0.7172
v -0.7274 7.8298 0.8334
v 2.6444 5.6968 1.0402
v -0.7274 7.8298 0.8334
v 1.3007 7.8298 2.5908
v 1.1351 5.6114 -0.6856
v -0.6223 5.6114 1.3424
v 0.7819 7.9151 2.5592
v 1.1351 5.6114 -0.6856
v 0.7819 7.9151 2.5592
v 2.5393 7.9151 0.5311
v -6.7676 12.8160 4.6773
v -4.2486 12.8160 4.2501
v -4.6723 14.4456 1.7517
v -6.7676 12.8160 4.6773
v -4.6723 14.4456 1.7517
v -7.1913 14.4456 2.1789
v -4.2110 12.8938 4.2543
v -4.6382 12.8938 1.7353
v -7.2289 14.3678 2.1747
v -4.2110 12.8938 4.2543
v -7.2289 14.3678 2.1747
v -6.8016 14.3678 4.6937
v 0.6092 10.9707 5.9628
v -0.4911 10.9707 3.7335
v -1.9418 12.7642 4.4494
v 0.6092 10.9707 5.9628
v -1.9418 12.7642 4.4494
v -0.8415 12.7642 6.6788
v 0.0393 11.0901 3.8272
v -2.1900 11.0901 4.9275
v -1.3719 12.6448 6.5851
v 0.0393 11.0901 3.8272
v -1.3719 12.6448 6.5851
v 0.8574 12.6448 5.4848
v 3.9915 9.2603 0.8647
v 6.3354 9.2603 -0.4162
v 5.2375 10.4294 -2.4253
v 3.9915 9.2603 0.8647
v 5.2375 10.4294 -2.4253
v 2.8936 10.4294 -1.1444
v 5.8958 8.7871 0.0414
v 4.6149 8.7871 -2.3025
v 3.3332 10.9025 -1.6020
v 5.8958 8.7871 0.0414
v 3.3332 10.9025 -1.6020
v 4.6141 10.9025 0.7419
v 2.1116 3.0210 2.8855
v -0.7073 3.0210 4.4239
v 0.0745 5.1026 5.8565
v 2.1116 3.0210 2.8855
v 0.0745 5.1026 5.8565
v 2.8935 5.1026 4.3182
v -0.5989 3.2591 3.4651
v 0.9395 3.2591 6.2841
v 2.7850 4.8644 5.2770
v -0.5989 3.2591 3.4651
v 2.7850 4.8644 5.2770
v 1.2466 4.8644 2.4580
v -3.8418 5.6522 1.2746
v -6.0909 5.6522 1.3117
v -6.0555 7.2928 3.4628
v -3.8418 5.6522 1.2746
v -6.0555 7.2928 3.4628
v -3.8064 7.2928 3.4258
v -6.1456 5.8084 1.2636
v -6.1086 5.8084 3.5127
v -3.7517 7.1366 3.4739
v -6.1456 5.8084 1.2636
v -3.7517 7.1366 3.4739
v -3.7887 7.1366 1.2247
v -5.2591 13.2379 -1.7700
v -6.6611 13.2379 0.5085
v -4.4880 14.9730 1.8456
v -5.2591 13.2379 -1.7700
v -4.4880 14.9730 1.8456
v -3.0860 14.9730 -0.4329
v -6.7041 13.3055 0.4604
v -4.4256 13.3055 1.8624
v -3.0429 14.9053 -0.3847
v -6.7041 13.3055 0.4604
v -3.0429 14.9053 -0.3847
v -5.3215 14.9053 -1.7868
v 3.6117 15.4265 -1.5433
v 0.8373 15.4265 -2.7653
v 0.1340 17.5080 -1.1686
v 3.6117 15.4265 -1.5433
v 0.1340 17.5080 -1.1686
v 2.9084 17.5080 0.0534
v 1.3856 15.8317 -3.2269
v 0.1635 15.8317 -0.4525
v 2.3601 17.1028 0.5150
v 1.3856 15.8317 -3.2269
v 2.3601 17.1028 0.5150
v 3.5822 17.1028 -2.2594
v -1.1302 18.3510 -0.8740
v -1.4430 18.3510 1.7632
v 0.2166 20.2798 1.9600
v -1.1302 18.3510 -0.8740
v 0.2166 20.2798 1.9600
v 0.5294 20.2798 -0.6772
v -1.8986 18.5843 1.4253
v 0.7386 18.5843 1.7380
v 0.9850 20.0464 -0.3393
v -1.8986 18.5843 1.4253
v 0.9850 20.0464 -0.3393
v -1.6522 20.0464 -0.6520
v -0.5549 6.9975 4.2976
v -2.2546 6.9975 6.7973
v -1.0239 9.2274 7.6341
v -0.5549 6.9975 4.2976
v -1.0239 9.2274 7.6341
v 0.6757 9.2274 5.1343
v -2.5836 7.1853 5.9166
v -0.0838 7.1853 7.6162
v 1.0048 9.0397 6.0151
v -2.5836 7.1853 5.9166
v 1.0048 9.0397 6.0151
v -1.4950 9.0397 4.3155
v 5.8828 13.5548 -4.3726
v 3.7721 13.5548 -2.7381
v 5.3774 14.7221 -0.6651
v 5.8828 13.5548 -4.3726
v 5.3774 14.7221 -0.6651
v 7.4881 14.7221 -2.2996
v 3.8768 13.3276 -2.8493
v 5.5113 13.3276 -0.7386
v 7.3834 14.9494 -2.1883
v 3.8768 13.3276 -2.8493
v 7.3834 14.9494 -2.1883
v 5.7489 14.9494 -4.2990
v 2.5903 12.4379 2.5192
v 3.1444 12.4379 -0.2479
v 0.5873 13.5975 -0.7599
v 2.5903 12.4379 2.5192
v 0.5873 13.5975 -0.7599
v 0.0332 13.5975 2.0072
v 3.1644 11.9785 0.1977
v 0.3973 11.9785 -0.3564
v 0.0132 14.0569 1.5616
v 3.1644 11.9785 0.1977
v 0.0132 14.0569 1.5616
v 2.7803 14.0569 2.1157
v 0.0954 12.8117 4.7999
v 2.1544 12.8117 6.5520
v 3.8221 13.9676 4.5923
v 0.0954 12.8117 4.7999
v 3.8221 13.9676 4.5923
v 1.7632 13.9676 2.8401
v 2.0359 12.7394 6.5368
v 3.7881 12.7394 4.4778
v 1.8816 14.0399 2.8554
v 2.0359 12.7394 6.5368
v 1.8816 14.0399 2.8554
v 0.1295 14.0399 4.9144
v -2.2461 18.9664 -1.2506
v -0.0728 18.9664 -3.0034
v -1.6694 20.7745 -4.9831
v -2.2461 18.9664 -1.2506
v -1.6694 20.7745 -4.9831
v -3.8427 20.7745 -3.2302
v -0.0278 19.0944 -2.8799
v -1.7806 19.0944 -5.0532
v -3.8877 20.6466 -3.3538
v -0.0278 19.0944 -2.8799
v -3.8877 20.6466 -3.3538
v -2.1349 20.6466 -1.1805
v 0.4495 8.2074 -3.3455
v 2.1188 8.2074 -1.2979
v 3.6832 9.4420 -2.5733
v 0.4495 8.2074 -3.3455
v 3.6832 9.4420 -2.5733
v 2.0139 9.4420 -4.6208
v 1.5228 7.9181 -1.5356
v 3.5704 7.9181 -3.2049
v 2.6099 9.7313 -4.3831
v 1.5228 7.9181 -1.5356
v 2.6099 9.7313 -4.3831
v 0.5623 9.7313 -2.7138
v -3.0025 8.7597 -2.5525
v -2.5627 8.7597 0.1681
v -0.2627 11.3219 -0.2038
v -3.0025 8.7597 -2.5525
v -0.2627 11.3219 -0.2038
v -0.7026 11.3219 -2.9244
v -2.7863 8.8905 0.1194
v -0.0658 8.8905 -0.3205
v -0.4789 11.1911 -2.8757
v -2.7863 8.8905 0.1194
v -0.4789 11.1911 -2.8757
v -3.1995 11.1911 -2.4358
v 3.1624 9.9819 -5.0685
v 2.3080 9.9819 -7.2811
v 0.0368 10.9258 -6.4041
v 3.1624 9.9819 -5.0685
v 0.0368 10.9258 -6.4041
v 0.8911 10.9258 -4.1915
v 2.2988 9.7999 -7.2176
v 0.0862 9.7999 -6.3633
v 0.9003 11.1079 -4.2550
v 2.2988 9.7999 -7.2176
v 0.9003 11.1079 -4.2550
v 3.1129 11.1079 -5.1093
v -7.3657 10.7961 1.8627
v -4.6702 10.7961 0.6158
v -5.2730 13.2041 -0.6872
v -7.3657 10.7961 1.8627
v -5.2730 13.2041 -0.6872
v -7.9685 13.2041 0.5598
v -5.0116 10.8184 1.6189
v -6.2585 10.8184 -1.0765
v -7.6271 13.1818 -0.4434
v -5.0116 10.8184 1.6189
v -7.6271 13.1818 -0.4434
v -6.3802 13.1818 2.2521
v -3.3003 12.4154 -0.1517
v -2.6202 12.4154 2.7709
v -0.5788 14.5495 2.2959
v -3.3003 12.4154 -0.1517
v -0.5788 14.5495 2.2959
v -1.2589 14.5495 -0.6268
v -3.2141 12.2345 2.2150
v -0.2914 12.2345 1.5349
v -0.6650 14.7304 -0.0708
v -3.2141 12.2345 2.2150
v -0.6650 14.7304 -0.0708
v -3.5877 14.7304 0.6093
v 7.3081 7.7831 2.6112
v 6.1598 7.7831 0.4302
v 4.1343 8.9327 1.4966
v 7.3081 7.7831 2.6112
v 4.1343 8.9327 1.4966
v 5.2826 8.9327 3.6776
v 6.4311 7.3716 0.7569
v 4.2501 7.3716 1.9052
v 5.0113 9.3443 3.3509
v 6.4311 7.3716 0.7569
v 5.0113 9.3443 3.3509
v 7.1923 9.3443 2.2026
v -2.0506 10.0238 -6.9689
v -4.7154 10.0238 -7.8694
v -5.2304 12.6437 -6.3451
v -2.0506 10.0238 -6.9689
v -5.2304 12.6437 -6.3451
v -2.5656 12.6437 -5.4447
v -4.0311 10.0786 -8.2735
v -4.9315 10.0786 -5.6087
v -3.2500 12.5889 -5.0405
v -4.0311 10.0786 -8.2735
v -3.2500 12.5889 -5.0405
v -2.3495 12.5889 -7.7053
v -1.0486 18.1806 0.5448
v -1.6559 18.1806 3.1734
v 0.4233 19.0864 3.6538
v -1.0486 18.1806 0.5448
v 0.4233 19.0864 3.6538
v 1.0306 19.0864 1.0252
v -1.8311 17.9113 2.6789
v 0.7976 17.9113 3.2863
v 1.2058 19.3558 1.5197
v -1.8311 17.9113 2.6789
v 1.2058 19.3558 1.5197
v -1.4229 19.3558 0.9123
v -1.7438 5.5273 -0.8729
v 1.2074 5.5273 -0.4164
v 1.6173 7.3257 -3.0666
v -1.7438 5.5273 -0.8729
v 1.6173 7.3257 -3.0666
v -1.3339 7.3257 -3.5231
v 0.7724 5.2234 -0.3296
v 1.2289 5.2234 -3.2808
v -0.8990 7.6296 -3.6099
v 0.7724 5.2234 -0.3296
v -0.8990 7.6296 -3.6099
v -1.3554 7.6296 -0.6587
v -3.3999 17.3163 -2.5906
v -6.0962 17.3163 -1.1389
v -5.2139 19.3496 0.4999
v -3.3999 17.3163 -2.5906
v -5.2139 19.3496 0.4999
v -2.5176 19.3496 -0.9517
v -6.1420 17.7740 -1.7963
v -4.6904 17.7740 0.9000
v -2.4717 18.8919 -0.2944
v -6.1420 17.7740 -1.7963
v -2.4717 18.8919 -0.2944
v -3.9234 18.8919 -2.9907
v -1.5542 7.8646 1.8282
v -0.2985 7.8646 4.3670
v 1.6272 9.9144 3.4145
v -1.5542 7.8646 1.8282
v 1.6272 9.9144 3.4145
v 0.3715 9.9144 0.8757
v -0.6811 8.0800 4.3648
v 1.8577 8.0800 3.1091
v 0.7541 9.6989 0.8779
v -0.6811 8.0800 4.3648
v 0.7541 9.6989 0.8779
v -1.7847 9.6989 2.1336
v 1.4324 12.2204 -2.2071
v 3.5658 12.2204 -0.1771
v 5.2184 13.2973 -1.9138
v 1.4324 12.2204 -2.2071
v 5.2184 13.2973 -1.9138
v 3.0851 13.2973 -3.9439
v 2.8824 11.7084 -0.4496
v 4.9124 11.7084 -2.5829
v 3.7685 13.8093 -3.6714
v 2.8824 11.7084 -0.4496
v 3.7685 13.8093 -3.6714
v 1.7385 13.8093 -1.5381
v 1.2212 13.4326 -2.3786
v -1.3842 13.4326 -0.7941
v -0.3566 14.7651 0.8957
v 1.2212 13.4326 -2.3786
v -0.3566 14.7651 0.8957
v 2.2488 14.7651 -0.6887
v -1.1286 13.3163 -1.5767
v 0.4558 13.3163 1.0287
v 1.9932 14.8815 0.0938
v -1.1286 13.3163 -1.5767
v 1.9932 14.8815 0.0938
v 0.4088 14.8815 -2.5116
v 0.0025 12.6871 4.1781
v -1.6093 12.6871 1.9241
v -3.3985 14.7811 3.2036
v 0.0025 12.6871 4.1781
v -3.3985 14.7811 3.2036
v -1.7867 14.7811 5.4576
v -1.2834 12.8365 1.8887
v -3.5374 12.8365 3.5005
v -2.1126 14.6317 5.4930
v -1.2834 12.8365 1.8887
v -2.1126 14.6317 5.4930
v 0.1414 14.6317 3.8812
v 0.8432 10.1718 1.2943
v 3.3322 10.1718 1.9895
v 4.0257 11.6933 -0.4935
v 0.8432 10.1718 1.2943
v 4.0257 11.6933 -0.4935
v 1.5367 11.6933 -1.1886
v 3.3689 10.2483 2.0030
v 4.0641 10.2483 -0.4860
v 1.4999 11.6168 -1.2021
v 3.3689 10.2483 2.0030
v 1.4999 11.6168 -1.2021
v 0.8048 11.6168 1.2869
v 0.3385 15.0236 0.8622
v 2.9307 15.0236 1.8747
v 3.8905 16.4778 -0.5824
v 0.3385 15.0236 0.8622
v 3.8905 16.4778 -0.5824
v 1.2983 16.4778 -1.5950
v 2.7526 14.8796 1.8830
v 3.7652 14.8796 -0.7092
v 1.4763 16.6217 -1.6033
v 2.7526 14.8796 1.8830
v 1.4763 16.6217 -1.6033
v 0.4638 16.6217 0.9889
v 2.9247 14.4011 3.2290
v 5.4516 14.4011 2.0575
v 4.5896 15.7014 0.1983
v 2.9247 14.4011 3.2290
v 4.5896 15.7014 0.1983
v 2.0628 15.7014 1.3698
v 5.0304 14.1034 2.6584
v 3.8589 14.1034 0.1315
v 2.4839 15.9990 0.7690
v 5.0304 14.1034 2.6584
v 2.4839 15.9990 0.7690
v 3.6554 15.9990 3.2959
v 0.5247 5.8525 -2.5463
v -1.0083 5.8525 -4.9693
v -3.2441 6.8948 -3.5547
v 0.5247 5.8525 -2.5463
v -3.2441 6.8948 -3.5547
v -1.7110 6.8948 -1.1317
v -0.7956 5.6283 -4.8402
v -3.2185 5.6283 -3.3071
v -1.9238 7.1190 -1.2608
v -0.7956 5.6283 -4.8402
v -1.9238 7.1190 -1.2608
v 0.4992 7.1190 -2.7938
v 2.3249 9.7904 5.0273
v 5.0068 9.7904 5.3319
v 5.2320 11.8539 3.3488
v 2.3249 9.7904 5.0273
v 5.2320 11.8539 3.3488
v 2.5501 11.8539 3.0443
v 4.8701 10.1201 5.6703
v 5.1746 10.1201 2.9884
v 2.6867 11.5242 2.7059
v 4.8701 10.1201 5.6703
v 2.6867 11.5242 2.7059
v 2.3822 11.5242 5.3877
v -4.4831 9.3753 -0.0499
v -7.3948 9.3753 -0.6938
v -7.9107 10.7580 1.6391
v -4.4831 9.3753 -0.0499
v -7.9107 10.7580 1.6391
v -4.9991 10.7580 2.2830
v -6.9468 9.2299 -0.8983
v -7.5907 9.2299 2.0134
v -5.4470 10.9034 2.4874
v -6.9468 9.2299 -0.8983
v -5.4470 10.9034 2.4874
v -4.8031 10.9034 -0.4242
v 1.3841 4.9935 0.4546
v 3.9280 4.9935 -0.9222
v 3.1947 7.6070 -2.2773
v 1.3841 4.9935 0.4546
v 3.1947 7.6070 -2.2773
v 0.6508 7.6070 -0.9005
v 4.1371 5.5496 -0.2668
v 2.7604 5.5496 -2.8107
v 0.4417 7.0508 -1.5559
v 4.1371 5.5496 -0.2668
v 0.4417 7.0508 -1.5559
v 1.8184 7.0508 0.9881
v -3.4154 3.9930 -0.4289
v -6.2539 3.9930 0.0175
v -6.0573 6.0968 1.2679
v -3.4154 3.9930 -0.4289
v -6.0573 6.0968 1.2679
v -3.2188 6.0968 0.8215
v -5.6502 4.0358 -0.8911
v -5.2037 4.0358 1.9474
v -3.8225 6.0540 1.7301
v -5.6502 4.0358 -0.8911
v -3.8225 6.0540 1.7301
v -4.2690 6.0540 -1.1083
v -2.8511 8.7141 -0.6130
v -4.9074 8.7141 1.2767
v -3.3297 9.8392 2.9935
v -2.8511 8.7141 -0.6130
v -3.3297 9.8392 2.9935
v -1.2734 9.8392 1.1038
v -4.7043 8.3547 0.7769
v -2.8146 8.3547 2.8332
v -1.4765 10.1986 1.6035
v -4.7043 8.3547 0.7769
v -1.4765 10.1986 1.6035
v -3.3662 10.1986 -0.4528
v -0.5929 13.8775 -1.5411
v -2.9752 13.8775 -0.4662
v -2.3285 16.4287 0.9672
v -0.5929 13.8775 -1.5411
v -2.3285 16.4287 0.9672
v 0.0538 16.4287 -0.1076
v -3.2002 14.4417 -0.9357
v -2.1254 14.4417 1.4466
v 0.2788 15.8646 0.3619
v -3.2002 14.4417 -0.9357
v 0.2788 15.8646 0.3619
v -0.7960 15.8646 -2.0204
v 1.9635 10.1003 -3.1371
v 1.9170 10.1003 -5.8079
v 0.5625 12.2436 -5.7843
v 1.9635 10.1003 -3.1371
v 0.5625 12.2436 -5.7843
v 0.6090 12.2436 -3.1135
v 2.5847 10.1745 -5.2663
v -0.0860 10.1745 -5.2198
v -0.0588 12.1695 -3.6551
v 2.5847 10.1745 -5.2663
v -0.0588 12.1695 -3.6551
v 2.6120 12.1695 -3.7016
v 3.1863 12.1504 4.6858
v 4.1999 12.1504 2.3469
v 2.3295 13.6461 1.5363
v 3.1863 12.1504 4.6858
v 2.3295 13.6461 1.5363
v 1.3158 13.6461 3.8752
v 4.2011 11.8379 2.9861
v 1.8622 11.8379 1.9725
v 1.3147 13.9586 3.2359
v 4.2011 11.8379 2.9861
v 1.3147 13.9586 3.2359
v 3.6536 13.9586 4.2495
v -2.0686 16.2493 1.6091
v -1.0728 16.2493 3.9148
v 0.8959 17.7285 3.0647
v -2.0686 16.2493 1.6091
v 0.8959 17.7285 3.0647
v -0.0998 17.7285 0.7589
v -1.3659 16.0890 3.6993
v 0.9399 16.0890 2.7036
v 0.1932 17.8889 0.9745
v -1.3659 16.0890 3.6993
v 0.1932 17.8889 0.9745
v -2.1126 17.8889 1.9702
v -0.1743 9.7917 -2.6548
v -0.1347 9.7917 -5.4598
v -2.4333 10.7318 -5.4922
v -0.1743 9.7917 -2.6548
v -2.4333 10.7318 -5.4922
v -2.4729 10.7318 -2.6873
v 0.1078 9.2008 -4.6991
v -2.6972 9.2008 -4.7387
v -2.7154 11.3227 -3.4480
v 0.1078 9.2008 -4.6991
v -2.7154 11.3227 -3.4480
v 0.0895 11.3227 -3.4084
v -4.4091 13.1988 -4.7518
v -3.2191 13.1988 -2.5838
v -1.8500 15.7456 -3.3353
v -4.4091 13.1988 -4.7518
v -1.8500 15.7456 -3.3353
v -3.0400 15.7456 -5.5033
v -3.7046 13.4176 -2.5212
v -1.5366 13.4176 -3.7112
v -2.5546 15.5269 -5.5658
v -3.7046 13.4176 -2.5212
v -2.5546 15.5269 -5.5658
v -4.7226 15.5269 -4.3758
v 3.6173 9.4882 -0.8944
v 3.1056 9.4882 1.7972
v 4.8261 11.7566 2.1243
v 3.6173 9.4882 -0.8944
v 4.8261 11.7566 2.1243
v 5.3378 11.7566 -0.5674
v 2.7100 9.4978 1.2315
v 5.4017 9.4978 1.7432
v 5.7334 11.7470 -0.0016
v 2.7100 9.4978 1.2315
v 5.7334 11.7470 -0.0016
v 3.0417 11.7470 -0.5133
v -6.2811 7.6493 2.3081
v -7.1984 7.6493 4.8553
v -5.7549 9.8865 5.3752
v -6.2811 7.6493 2.3081
v -5.7549 9.8865 5.3752
v -4.8376 9.8865 2.8280
v -7.7232 8.3016 4.5814
v -5.1760 8.3016 5.4987
v -4.3128 9.2343 3.1020
v -7.7232 8.3016 4.5814
v -4.3128 9.2343 3.1020
v -6.8600 9.2343 2.1847
v -5.5722 18.9968 -3.0837
v -4.7625 18.9968 -0.4648
v -2.4032 20.3573 -1.1942
v -5.5722 18.9968 -3.0837
v -2.4032 20.3573 -1.1942
v -3.2129 20.3573 -3.8131
v -4.9184 19.0915 -0.5089
v -2.2995 19.0915 -1.3186
v -3.0570 20.2626 -3.7689
v -4.9184 19.0915 -0.5089
v -3.0570 20.2626 -3.7689
v -5.6759 20.2626 -2.9593
v -1.6627 6.3528 -1.2324
v -2.8684 6.3528 -3.7873
v -4.6095 8.2692 -2.9657
v -1.6627 6.3528 -1.2324
v -4.6095 8.2692 -2.9657
v -3.4038 8.2692 -0.4108
v -2.2787 6.3752 -3.5920
v -4.8336 6.3752 -2.3864
v -3.9935 8.2469 -0.6060
v -2.2787 6.3752 -3.5920
v -3.9935 8.2469 -0.6060
v -1.4386 8.2469 -1.8117
v 4.1789 11.0977 -2.4461
v 3.2976 11.0977 0.4885
v 5.2053 12.8701 1.0614
v 4.1789 11.0977 -2.4461
v 5.2053 12.8701 1.0614
v 6.0866 12.8701 -1.8732
v 2.9335 11.1169 -0.1631
v 5.8681 11.1169 0.7182
v 6.4507 12.8508 -1.2217
v 2.9335 11.1169 -0.1631
v 6.4507 12.8508 -1.2217
v 3.5160 12.8508 -2.1030
v 4.0508 14.4378 1.1072
v 5.1105 14.4378 -1.5172
v 3.6349 16.1962 -2.1130
v 4.0508 14.4378 1.1072
v 3.6349 16.1962 -2.1130
v 2.5752 16.1962 0.5114
v 5.5310 14.6864 -0.9042
v 2.9066 14.6864 -1.9639
v 2.1546 15.9477 -0.1016
v 5.5310 14.6864 -0.9042
v 2.1546 15.9477 -0.1016
v 4.7791 15.9477 0.9580
v -3.6322 17.7424 0.6260
v -3.9432 17.7424 3.2832
v -1.6600 19.4373 3.5504
v -3.6322 17.7424 0.6260
v -1.6600 19.4373 3.5504
v -1.3490 19.4373 0.8932
v -4.1134 17.8056 3.1180
v -1.4562 17.8056 3.4290
v -1.1788 19.3742 1.0583
v -4.1134 17.8056 3.1180
v -1.1788 19.3742 1.0583
v -3.8360 19.3742 0.7474
v -1.5745 5.6311 8.0287
v -0.6509 5.6311 5.6364
v -2.6000 7.5429 4.8839
v -1.5745 5.6311 8.0287
v -2.6000 7.5429 4.8839
v -3.5236 7.5429 7.2761
v -0.4345 5.9562 5.7354
v -2.8268 5.9562 4.8118
v -3.7400 7.2177 7.1772
v -0.4345 5.9562 5.7354
v -3.7400 7.2177 7.1772
v -1.3478 7.2177 8.1008
v 2.0616 14.7724 2.0206
v 0.0090 14.7724 3.0596
v 1.1189 15.8708 5.2523
v 2.0616 14.7724 2.0206
v 1.1189 15.8708 5.2523
v 3.1715 15.8708 4.2133
v 0.2692 14.3193 3.0159
v 1.3082 14.3193 5.0685
v 2.9112 16.3238 4.2570
v 0.2692 14.3193 3.0159
v 2.9112 16.3238 4.2570
v 1.8723 16.3238 2.2044
v -0.0281 19.2210 0.1446
v 0.4944 19.2210 -2.5026
v -1.6691 21.2178 -2.9297
v -0.0281 19.2210 0.1446
v -1.6691 21.2178 -2.9297
v -2.1916 21.2178 -0.2825
v 0.7069 19.3375 -2.3065
v -1.9403 19.3375 -2.8290
v -2.4042 21.1012 -0.4786
v 0.7069 19.3375 -2.3065
v -2.4042 21.1012 -0.4786
v 0.2430 21.1012 0.0439
v -2.8242 9.3305 -5.4708
v -0.3291 9.3305 -4.7306
v 0.1240 11.3075 -6.2580
v -2.8242 9.3305 -5.4708
v 0.1240 11.3075 -6.2580
v -2.3710 11.3075 -6.9982
v -0.9532 9.3333 -4.3893
v -0.2131 9.3333 -6.8844
v -1.7469 11.3048 -7.3394
v -0.9532 9.3333 -4.3893
v -1.7469 11.3048 -7.3394
v -2.4871 11.3048 -4.8444
v -2.6631 9.7850 -5.0653
v -4.5299 9.7850 -6.8966
v -6.1697 12.1230 -5.2249
v -2.6631 9.7850 -5.0653
v -6.1697 12.1230 -5.2249
v -4.3028 12.1230 -3.3936
v -4.1703 9.5910 -6.7354
v -6.0016 9.5910 -4.8685
v -4.6625 12.3169 -3.5549
v -4.1703 9.5910 -6.7354
v -4.6625 12.3169 -3.5549
v -2.8312 12.3169 -5.4218
v -8.9775 9.0559 2.0376
v -9.8488 9.0559 4.4534
v -7.9003 10.9933 5.1562
v -8.9775 9.0559 2.0376
v -7.9003 10.9933 5.1562
v -7.0290 10.9933 2.7404
v -9.9156 8.8483 3.9064
v -7.4997 8.8483 4.7777
v -6.9623 11.2009 3.2874
v -9.9156 8.8483 3.9064
v -6.9623 11.2009 3.2874
v -9.3781 11.2009 2.4161
v -3.4094 14.4383 2.5994
v -2.9778 14.4383 0.0717
v -5.1599 16.2475 -0.3009
v -3.4094 14.4383 2.5994
v -5.1599 16.2475 -0.3009
v -5.5915 16.2475 2.2267
v -2.8900 14.1431 0.5990
v -5.4176 14.1431 0.1673
v -5.6793 16.5427 1.6995
v -2.8900 14.1431 0.5990
v -5.6793 16.5427 1.6995
v -3.1517 16.5427 2.1311
v 3.0886 7.0190 1.5896
v 5.0471 7.0190 3.2840
v 6.4001 8.8595 1.7200
v 3.0886 7.0190 1.5896
v 6.4001 8.8595 1.7200
v 4.4417 8.8595 0.0256
v 4.5986 6.9117 3.2408
v 6.2929 6.9117 1.2824
v 4.8902 8.9669 0.0688
v 4.5986 6.9117 3.2408
v 4.8902 8.9669 0.0688
v 3.1958 8.9669 2.0272
v -3.4709 6.9650 4.2784
v -1.0665 6.9650 3.2078
v -1.7326 9.3139 1.7119
v -3.4709 6.9650 4.2784
v -1.7326 9.3139 1.7119
v -4.1369 9.3139 2.7825
v -1.2365 7.0329 3.8278
v -2.3071 7.0329 1.4234
v -3.9669 9.2460 2.1625
v -1.2365 7.0329 3.8278
v -3.9669 9.2460 2.1625
v -2.8963 9.2460 4.5669
v -1.3358 15.4577 2.8834
v 1.1556 15.4577 4.0177
v 2.0627 16.5029 2.0253
v -1.3358 15.4577 2.8834
v 2.0627 16.5029 2.0253
v -0.4288 16.5029 0.8910
v 0.8030 15.4826 4.1584
v 1.9372 15.4826 1.6669
v -0.0761 16.4780 0.7503
v 0.8030 15.4826 4.1584
v -0.0761 16.4780 0.7503
v -1.2104 16.4780 3.2418
v -1.7537 15.7444 0.6790
v -0.0362 15.7444 -1.5711
v -2.4007 16.9693 -3.3760
v -1.7537 15.7444 0.6790
v -2.4007 16.9693 -3.3760
v -4.1182 16.9693 -1.1259
v -0.1901 15.3520 -1.4881
v -2.4401 15.3520 -3.2057
v -3.9643 17.3617 -1.2089
v -0.1901 15.3520 -1.4881
v -3.9643 17.3617 -1.2089
v -1.7143 17.3617 0.5087
v 3.4385 11.8462 -4.3802
v 4.3792 11.8462 -1.6644
v 6.4830 13.5956 -2.3931
v 3.4385 11.8462 -4.3802
v 6.4830 13.5956 -2.3931
v 5.5423 13.5956 -5.1089
v 3.9703 11.8584 -1.8554
v 6.6861 11.8584 -2.7962
v 5.9512 13.5835 -4.9179
v 3.9703 11.8584 -1.8554
v 5.9512 13.5835 -4.9179
v 3.2354 13.5835 -3.9771
v -1.2045 10.2586 -6.5758
v -3.6214 10.2586 -7.0230
v -3.9436 12.5015 -5.2814
v -1.2045 10.2586 -6.5758
v -3.9436 12.5015 -5.2814
v -1.5267 12.5015 -4.8343
v -3.1275 10.1895 -7.2809
v -3.5746 10.1895 -4.8639
v -2.0206 12.5706 -4.5764
v -3.1275 10.1895 -7.2809
v -2.0206 12.5706 -4.5764
v -1.5735 12.5706 -6.9934
v -1.7290 10.6971 1.4193
v -2.0746 10.6971 4.0021
v 0.1245 12.8976 4.2964
v -1.7290 10.6971 1.4193
v 0.1245 12.8976 4.2964
v 0.4701 12.8976 1.7136
v -2.2857 11.2111 4.1206
v 0.2970 11.2111 4.4662
v 0.6812 12.3835 1.5951
v -2.2857 11.2111 4.1206
v 0.6812 12.3835 1.5951
v -1.9015 12.3835 1.2495
v -1.9600 10.6795 0.1565
v 0.9029 10.6795 0.0437
v 0.8384 13.3696 -1.5947
v -1.9600 10.6795 0.1565
v 0.8384 13.3696 -1.5947
v -2.0245 13.3696 -1.4819
v 0.6997 11.0101 0.6649
v 0.5869 11.0101 -2.1980
v -1.8213 13.0390 -2.1031
v 0.6997 11.0101 0.6649
v -1.8213 13.0390 -2.1031
v -1.7085 13.0390 0.7598
v 1.9161 13.5956 -0.6823
v 3.8953 13.5956 -2.9184
v 2.1162 15.2255 -4.4930
v 1.9161 13.5956 -0.6823
v 2.1162 15.2255 -4.4930
v 0.1371 15.2255 -2.2569
v 3.9707 13.7159 -2.5431
v 1.7346 13.7159 -4.5222
v 0.0617 15.1053 -2.6322
v 3.9707 13.7159 -2.5431
v 0.0617 15.1053 -2.6322
v 2.2978 15.1053 -0.6531
v -3.0421 10.3774 -1.2869
v -1.9216 10.3774 -4.0927
v -4.4691 11.4707 -5.1100
v -3.0421 10.3774 -1.2869
v -4.4691 11.4707 -5.1100
v -5.5895 11.4707 -2.3042
v -2.0683 9.6623 -3.3503
v -4.8741 9.6623 -4.4708
v -5.4428 12.1858 -3.0466
v -2.0683 9.6623 -3.3503
v -5.4428 12.1858 -3.0466
v -2.6371 12.1858 -1.9261
v -1.1663 9.8383 -8.9387
v -2.7491 9.8383 -6.6633
v -1.5455 12.0766 -5.8261
v -1.1663 9.8383 -8.9387
v -1.5455 12.0766 -5.8261
v 0.0373 12.0766 -8.1015
v -3.1144 10.1776 -7.2814
v -0.8391 10.1776 -5.6986
v 0.4026 11.7373 -7.4834
v -3.1144 10.1776 -7.2814
v 0.4026 11.7373 -7.4834
v -1.8728 11.7373 -9.0662
v 7.4694 12.3712 -1.8708
v 4.5358 12.3712 -2.5181
v 4.1857 13.9640 -0.9310
v 7.4694 12.3712 -1.8708
v 4.1857 13.9640 -0.9310
v 7.1192 13.9640 -0.2837
v 5.1246 12.7323 -3.0942
v 4.4773 12.7323 -0.1606
v 6.5305 13.6029 0.2924
v 5.1246 12.7323 -3.0942
v 6.5305 13.6029 0.2924
v 7.1778 13.6029 -2.6412
v -0.9429 17.6450 -2.1428
v 0.2604 17.6450 0.6108
v 2.2484 19.4851 -0.2579
v -0.9429 17.6450 -2.1428
v 2.2484 19.4851 -0.2579
v 1.0451 19.4851 -3.0115
v -0.2850 17.6592 0.4062
v 2.4687 17.6592 -0.7971
v 1.5904 19.4708 -2.8069
v -0.2850 17.6592 0.4062
v 1.5904 19.4708 -2.8069
v -1.1632 19.4708 -1.6036
v 1.5769 5.1495 6.0935
v -0.8854 5.1495 5.9468
v -1.0163 7.4493 8.1436
v 1.5769 5.1495 6.0935
v -1.0163 7.4493 8.1436
v 1.4461 7.4493 8.2903
v -1.0261 5.5104 5.8052
v -1.1728 5.5104 8.2675
v 1.5868 7.0884 8.4319
v -1.0261 5.5104 5.8052
v 1.5868 7.0884 8.4319
v 1.7335 7.0884 5.9696
v -5.0157 7.7154 3.0629
v -4.1181 7.7154 0.8877
v -5.8511 8.4530 0.1725
v -5.0157 7.7154 3.0629
v -5.8511 8.4530 0.1725
v -6.7488 8.4530 2.3476
v -4.1537 7.2119 1.6008
v -6.3288 7.2119 0.7031
v -6.7132 8.9565 1.6345
v -4.1537 7.2119 1.6008
v -6.7132 8.9565 1.6345
v -4.5380 8.9565 2.5322
v 3.4063 14.5905 5.4948
v 2.0709 14.5905 3.0911
v 0.1115 16.9303 4.1796
v 3.4063 14.5905 5.4948
v 0.1115 16.9303 4.1796
v 1.4469 16.9303 6.5833
v 2.2416 15.1032 2.8750
v -0.1621 15.1032 4.2104
v 1.2762 16.4176 6.7994
v 2.2416 15.1032 2.8750
v 1.2762 16.4176 6.7994
v 3.6799 16.4176 5.4640
v -4.3559 12.5034 5.8619
v -1.8265 12.5034 5.7874
v -1.8858 14.2062 3.7734
v -4.3559 12.5034 5.8619
v -1.8858 14.2062 3.7734
v -4.4152 14.2062 3.8478
v -2.3329 12.2705 6.0602
v -2.4074 12.2705 3.5308
v -3.9088 14.4392 3.5751
v -2.3329 12.2705 6.0602
v -3.9088 14.4392 3.5751
v -3.8343 14.4392 6.1044
v 0.0932 19.4352 0.3719
v -1.8659 19.4352 2.2949
v -0.5320 21.1401 3.6538
v 0.0932 19.4352 0.3719
v -0.5320 21.1401 3.6538
v 1.4271 21.1401 1.7308
v -1.8906 19.4849 1.7300
v 0.0325 19.4849 3.6890
v 1.4518 21.0903 2.2958
v -1.8906 19.4849 1.7300
v 1.4518 21.0903 2.2958
v -0.4713 21.0903 0.3368
v -4.4710 12.6975 3.2435
v -1.9033 12.6975 2.6747
v -2.2429 14.8708 1.1417
v -4.4710 12.6975 3.2435
v -2.2429 14.8708 1.1417
v -4.8105 14.8708 1.7105
v -2.1656 12.8176 3.2755
v -2.7344 12.8176 0.7079
v -4.5482 14.7507 1.1097
v -2.1656 12.8176 3.2755
v -4.5482 14.7507 1.1097
v -3.9795 14.7507 3.6773
v 1.6600 16.1675 2.4150
v 1.8253 16.1675 -0.0346
v -0.3295 18.4310 -0.1800
v 1.6600 16.1675 2.4150
v -0.3295 18.4310 -0.1800
v -0.4948 18.4310 2.2696
v 1.9661 16.2176 0.0727
v -0.4835 16.2176 -0.0926
v -0.6356 18.3810 2.1623
v 1.9661 16.2176 0.0727
v -0.6356 18.3810 2.1623
v 1.8139 18.3810 2.3275
v -1.8638 6.9024 -8.1367
v -0.7756 6.9024 -5.4034
v 0.7060 9.0947 -5.9933
v -1.8638 6.9024 -8.1367
v 0.7060 9.0947 -5.9933
v -0.3823 9.0947 -8.7266
v -1.4789 7.5027 -5.3488
v 1.2544 7.5027 -6.4370
v 0.3211 8.4944 -8.7812
v -1.4789 7.5027 -5.3488
v 0.3211 8.4944 -8.7812
v -2.4122 8.4944 -7.6930
v 3.3976 7.0292 -5.0842
v 0.7830 7.0292 -6.2970
v 0.1095 9.0054 -4.8450
v 3.3976 7.0292 -5.0842
v 0.1095 9.0054 -4.8450
v 2.7241 9.0054 -3.6323
v 1.5783 7.0822 -6.6345
v 0.3655 7.0822 -4.0200
v 1.9288 8.9524 -3.2948
v 1.5783 7.0822 -6.6345
v 1.9288 8.9524 -3.2948
v 3.1416 8.9524 -5.9093
v -0.9769 14.9139 -0.5992
v 1.6748 14.9139 -0.6220
v 1.6518 16.0192 -3.2978
v -0.9769 14.9139 -0.5992
v 1.6518 16.0192 -3.2978
v -0.9998 16.0192 -3.2750
v 1.2079 14.3014 -0.6300
v 1.1851 14.3014 -3.2817
v -0.5329 16.6317 -3.2670
v 1.2079 14.3014 -0.6300
v -0.5329 16.6317 -3.2670
v -0.5101 16.6317 -0.6153
v -3.8074 4.5804 0.8133
v -3.2051 4.5804 3.4868
v -1.1414 5.7073 3.0220
v -3.8074 4.5804 0.8133
v -1.1414 5.7073 3.0220
v -1.7436 5.7073 0.3484
v -3.6729 4.1239 2.8326
v -0.9993 4.1239 2.2304
v -1.2759 6.1638 1.0027
v -3.6729 4.1239 2.8326
v -1.2759 6.1638 1.0027
v -3.9494 6.1638 1.6049
v -5.3471 12.9268 3.5232
v -3.5179 12.9268 1.6524
v -4.5873 15.2758 0.6068
v -5.3471 12.9268 3.5232
v -4.5873 15.2758 0.6068
v -6.4165 15.2758 2.4777
v -3.3989 13.0434 2.3324
v -5.2698 13.0434 0.5032
v -6.5355 15.1593 1.7977
v -3.3989 13.0434 2.3324
v -6.5355 15.1593 1.7977
v -4.6646 15.1593 3.6269
v -6.0107 10.6583 4.7369
v -3.4930 10.6583 3.6189
v -4.2394 12.2144 1.9380
v -6.0107 10.6583 4.7369
v -4.2394 12.2144 1.9380
v -6.7571 12.2144 3.0559
v -3.7781 10.5952 4.2464
v -4.8960 10.5952 1.7287
v -6.4721 12.2776 2.4285
v -3.7781 10.5952 4.2464
v -6.4721 12.2776 2.4285
v -5.3541 12.2776 4.9462
v -0.1067 16.2751 -1.0109
v -2.5528 16.2751 -0.7306
v -2.3850 18.6623 0.7344
v -0.1067 16.2751 -1.0109
v -2.3850 18.6623 0.7344
v 0.0612 18.6623 0.4541
v -2.5442 16.6882 -1.2286
v -2.2639 16.6882 1.2176
v 0.0526 18.2492 0.9521
v -2.5442 16.6882 -1.2286
v 0.0526 18.2492 0.9521
v -0.2278 18.2492 -1.4941
v -4.1967 14.6922 1.6502
v -1.7574 14.6922 2.9694
v -0.9253 16.7258 1.4307
v -4.1967 14.6922 1.6502
v -0.9253 16.7258 1.4307
v -3.3646 16.7258 0.1116
v -2.4141 14.7302 3.1962
v -1.0950 14.7302 0.7570
v -2.7079 16.6879 -0.1153
v -2.4141 14.7302 3.1962
v -2.7079 16.6879 -0.1153
v -4.0271 16.6879 2.3239
v -1.7477 13.6354 -2.0289
v -3.0445 13.6354 -4.2833
v -5.2141 15.1246 -3.0353
v -1.7477 13.6354 -2.0289
v -5.2141 15.1246 -3.0353
v -3.9173 15.1246 -0.7808
v -2.9816 13.6486 -4.2720
v -5.2360 13.6486 -2.9752
v -3.9802 15.1114 -0.7921
v -2.9816 13.6486 -4.2720
v -3.9802 15.1114 -0.7921
v -1.7258 15.1114 -2.0890
v -6.5524 8.3166 3.9935
v -5.5557 8.3166 6.6194
v -4.1251 10.5677 6.0764
v -6.5524 8.3166 3.9935
v -4.1251 10.5677 6.0764
v -5.1218 10.5677 3.4505
v -6.2199 8.8324 6.6708
v -3.5940 8.8324 5.6742
v -4.4576 10.0519 3.3990
v -6.2199 8.8324 6.6708
v -4.4576 10.0519 3.3990
v -7.0834 10.0519 4.3957
v 2.8056 9.3658 4.1215
v 0.3778 9.3658 2.1077
v -0.5583 11.4327 3.2362
v 2.8056 9.3658 4.1215
v -0.5583 11.4327 3.2362
v 1.8695 11.4327 5.2500
v 1.3675 9.6102 1.8320
v -0.6463 9.6102 4.2598
v 0.8798 11.1883 5.5257
v 1.3675 9.6102 1.8320
v 0.8798 11.1883 5.5257
v 2.8936 11.1883 3.0979
v -1.7575 12.1372 0.7105
v -0.6102 12.1372 -1.9245
v -2.8093 14.0133 -2.8820
v -1.7575 12.1372 0.7105
v -2.8093 14.0133 -2.8820
v -3.9566 14.0133 -0.2470
v -0.4180 12.4164 -1.7706
v -3.0530 12.4164 -2.9178
v -4.1488 13.7341 -0.4009
v -0.4180 12.4164 -1.7706
v -4.1488 13.7341 -0.4009
v -1.5139 13.7341 0.7464
v -0.9595 8.3950 6.0268
v -0.9159 8.3950 3.0901
v -2.6322 10.4395 3.0646
v -0.9595 8.3950 6.0268
v -2.6322 10.4395 3.0646
v -2.6758 10.4395 6.0013
v -0.3125 8.5463 3.5562
v -3.2492 8.5463 3.5126
v -3.2792 10.2882 5.5353
v -0.3125 8.5463 3.5562
v -3.2792 10.2882 5.5353
v -0.3425 10.2882 5.5789
v 2.2662 10.2340 4.0446
v 4.7998 10.2340 2.7811
v 4.1159 12.3198 1.4097
v 2.2662 10.2340 4.0446
v 4.1159 12.3198 1.4097
v 1.5823 12.3198 2.6732
v 4.8020 10.5860 3.5056
v 3.5385 10.5860 0.9720
v 1.5801 11.9678 1.9487
v 4.8020 10.5860 3.5056
v 1.5801 11.9678 1.9487
v 2.8436 11.9678 4.4823
v -5.6312 9.7374 -2.4986
v -8.2829 9.7374 -1.8388
v -7.7040 11.5229 0.4877
v -5.6312 9.7374 -2.4986
v -7.7040 11.5229 0.4877
v -5.0523 11.5229 -0.1721
v -7.8147 9.3953 -2.1280
v -7.1549 9.3953 0.5237
v -5.5206 11.8650 0.1171
v -7.8147 9.3953 -2.1280
v -5.5206 11.8650 0.1171
v -6.1804 11.8650 -2.5346
v -1.4919 7.7016 -2.2871
v -0.2865 7.7016 -4.6106
v -1.8265 9.8208 -5.4095
v -1.4919 7.7016 -2.2871
v -1.8265 9.8208 -5.4095
v -3.0319 9.8208 -3.0860
v 0.0425 8.0539 -4.2865
v -2.2810 8.0539 -5.4919
v -3.3610 9.4684 -3.4102
v 0.0425 8.0539 -4.2865
v -3.3610 9.4684 -3.4102
v -1.0375 9.4684 -2.2048
v -0.2024 11.4601 -3.9316
v -0.6139 11.4601 -1.1583
v 1.5039 13.3038 -0.8441
v -0.2024 11.4601 -3.9316
v 1.5039 13.3038 -0.8441
v 1.9154 13.3038 -3.6173
v -0.8686 11.2963 -1.6995
v 1.9047 11.2963 -1.2880
v 2.1700 13.4676 -3.0762
v -0.8686 11.2963 -1.6995
v 2.1700 13.4676 -3.0762
v -0.6032 13.4676 -3.4877
v -2.4575 7.3420 1.8710
v -4.6634 7.3420 0.2484
v -5.9409 8.9817 1.9852
v -2.4575 7.3420 1.8710
v -5.9409 8.9817 1.9852
v -3.7351 8.9817 3.6077
v -4.3816 7.6027 0.0942
v -6.0042 7.6027 2.3001
v -4.0169 8.7210 3.7619
v -4.3816 7.6027 0.0942
v -4.0169 8.7210 3.7619
v -2.3943 8.7210 1.5561
v 5.2341 7.9001 4.7322
v 3.2383 7.9001 3.1711
v 2.1480 10.0707 4.5651
v 5.2341 7.9001 4.7322
v 2.1480 10.0707 4.5651
v 4.1438 10.0707 6.1262
v 3.8545 7.8248 3.1680
v 2.2934 7.8248 5.1638
v 3.5276 10.1460 6.1293
v 3.8545 7.8248 3.1680
v 3.5276 10.1460 6.1293
v 5.0887 10.1460 4.1335
v 0.8798 14.8164 -2.0539
v -0.5612 14.8164 -4.7392
v -1.8409 17.0951 -4.0526
v 0.8798 14.8164 -2.0539
v -1.8409 17.0951 -4.0526
v -0.3999 17.0951 -1.3672
v 0.5327 14.7981 -4.3875
v -2.1526 14.7981 -2.9466
v -1.4939 17.1134 -1.7189
v 0.5327 14.7981 -4.3875
v -1.4939 17.1134 -1.7189
v 1.1915 17.1134 -3.1598
v 1.5195 11.1295 -3.8631
v 2.4812 11.1295 -6.4913
v 0.3777 12.4311 -7.2611
v 1.5195 11.1295 -3.8631
v 0.3777 12.4311 -7.2611
v -0.5840 12.4311 -4.6329
v 2.5209 10.7253 -5.7870
v -0.1073 10.7253 -6.7487
v -0.6238 12.8353 -5.3372
v 2.5209 10.7253 -5.7870
v -0.6238 12.8353 -5.3372
v 2.0044 12.8353 -4.3755
v -3.4678 20.1381 -3.9119
v -3.6923 20.1381 -0.9400
v -2.1577 22.3313 -0.8241
v -3.4678 20.1381 -3.9119
v -2.1577 22.3313 -0.8241
v -1.9332 22.3313 -3.7960
v -4.3781 20.4082 -1.4289
v -1.4062 20.4082 -1.2044
v -1.2473 22.0611 -3.3071
v -4.3781 20.4082 -1.4289
v -1.2473 22.0611 -3.3071
v -4.2193 22.0611 -3.5316
v 1.0512 15.4272 4.0191
v 3.7464 15.4272 3.2039
v 3.1399 17.2251 1.1988
v 1.0512 15.4272 4.0191
v 3.1399 17.2251 1.1988
v 0.4448 17.2251 2.0139
v 3.6317 15.6084 3.6152
v 2.8166 15.6084 0.9200
v 0.5595 17.0440 1.6026
v 3.6317 15.6084 3.6152
v 0.5595 17.0440 1.6026
v 1.3746 17.0440 4.2978
v -4.5477 5.3773 3.1904
v -2.3233 5.3773 2.0420
v -3.4962 6.4521 -0.2301
v -4.5477 5.3773 3.1904
v -3.4962 6.4521 -0.2301
v -5.7207 6.4521 0.9182
v -2.3115 5.3780 2.0057
v -3.4598 5.3780 -0.2187
v -5.7325 6.4514 0.9545
v -2.3115 5.3780 2.0057
v -5.7325 6.4514 0.9545
v -4.5842 6.4514 3.1790
v 4.3870 13.5027 0.4243
v 7.0252 13.5027 -0.5070
v 6.5311 15.6113 -1.9069
v 4.3870 13.5027 0.4243
v 6.5311 15.6113 -1.9069
v 3.8928 15.6113 -0.9757
v 7.0463 14.0594 0.1819
v 6.1151 14.0594 -2.4564
v 3.8717 15.0545 -1.6645
v 7.0463 14.0594 0.1819
v 3.8717 15.0545 -1.6645
v 4.8030 15.0545 0.9737
v -2.8114 19.5208 3.4846
v -0.4750 19.5208 2.0708
v -1.6829 20.6623 0.0746
v -2.8114 19.5208 3.4846
v -1.6829 20.6623 0.0746
v -4.0193 20.6623 1.4884
v -0.5236 19.5675 2.3326
v -1.9374 19.5675 -0.0038
v -3.9707 20.6156 1.2266
v -0.5236 19.5675 2.3326
v -3.9707 20.6156 1.2266
v -2.5569 20.6156 3.5630
v -1.2623 11.7621 -2.6234
v -1.2540 11.7621 -5.7631
v -3.0144 13.7349 -5.7678
v -1.2623 11.7621 -2.6234
v -3.0144 13.7349 -5.7678
v -3.0227 13.7349 -2.6281
v -0.5654 12.1178 -5.3533
v -3.7051 12.1178 -5.3616
v -3.7113 13.3792 -3.0379
v -0.5654 12.1178 -5.3533
v -3.7113 13.3792 -3.0379
v -0.5716 13.3792 -3.0296
v -1.7653 12.4236 5.0977
v 0.7714 12.4236 6.2891
v 1.5203 14.2944 4.6946
v -1.7653 12.4236 5.0977
v 1.5203 14.2944 4.6946
v -1.0164 14.2944 3.5032
v 0.3424 12.8319 6.6626
v 1.5338 12.8319 4.1259
v -0.5874 13.8861 3.1297
v 0.3424 12.8319 6.6626
v -0.5874 13.8861 3.1297
v -1.7788 13.8861 5.6664
v 1.8987 9.6639 -2.3346
v 4.5206 9.6639 -2.2982
v 4.5492 10.9847 -4.3650
v 1.8987 9.6639 -2.3346
v 4.5492 10.9847 -4.3650
v 1.9273 10.9847 -4.4014
v 4.2226 9.6386 -2.0247
v 4.2590 9.6386 -4.6466
v 2.2253 11.0100 -4.6749
v 4.2226 9.6386 -2.0247
v 2.2253 11.0100 -4.6749
v 2.1890 11.0100 -2.0529
v 1.0624 8.2389 -2.0088
v 2.4006 8.2389 0.2148
v 4.2157 9.9497 -0.8776
v 1.0624 8.2389 -2.0088
v 4.2157 9.9497 -0.8776
v 2.8775 9.9497 -3.1012
v 1.8853 7.9232 -0.1791
v 4.1089 7.9232 -1.5173
v 3.3928 10.2654 -2.7073
v 1.8853 7.9232 -0.1791
v 3.3928 10.2654 -2.7073
v 1.1692 10.2654 -1.3691
v 1.6988 5.9555 6.8300
v 1.6478 5.9555 3.9210
v 0.1259 8.3641 3.9476
v 1.6988 5.9555 6.8300
v 0.1259 8.3641 3.9476
v 0.1768 8.3641 6.8566
v 2.3478 6.2418 4.2740
v -0.5613 6.2418 4.3250
v -0.5231 8.0777 6.5036
v 2.3478 6.2418 4.2740
v -0.5231 8.0777 6.5036
v 2.3859 8.0777 6.4526
v -3.7043 8.4208 -6.9592
v -3.9416 8.4208 -4.5254
v -1.1068 9.8577 -4.2490
v -3.7043 8.4208 -6.9592
v -1.1068 9.8577 -4.2490
v -0.8695 9.8577 -6.6828
v -3.7637 8.4862 -4.2744
v -1.3299 8.4862 -4.0370
v -1.0474 9.7923 -6.9338
v -3.7637 8.4862 -4.2744
v -1.0474 9.7923 -6.9338
v -3.4813 9.7923 -7.1712
v -1.0714 18.6117 1.3080
v -1.4045 18.6117 -1.3044
v -3.8783 19.6617 -0.9889
v -1.0714 18.6117 1.3080
v -3.8783 19.6617 -0.9889
v -3.5451 19.6617 1.6235
v -1.2749 18.0766 -0.8408
v -3.8874 18.0766 -0.5076
v -3.6747 20.1969 1.1599
v -1.2749 18.0766 -0.8408
v -3.6747 20.1969 1.1599
v -1.0623 20.1969 0.8267
v -2.9995 3.9461 1.5196
v -5.2229 3.9461 3.0650
v -4.4584 6.1646 4.1649
v -2.9995 3.9461 1.5196
v -4.4584 6.1646 4.1649
v -2.2351 6.1646 2.6195
v -5.4849 4.5603 2.4140
v -3.9395 4.5603 4.6374
v -1.9730 5.5504 3.2705
v -5.4849 4.5603 2.4140
v -1.9730 5.5504 3.2705
v -3.5184 5.5504 1.0471
v -2.4327 5.6890 6.8233
v -0.4271 5.6890 8.4787
v 0.6412 7.9942 7.1846
v -2.4327 5.6890 6.8233
v 0.6412 7.9942 7.1846
v -1.3645 7.9942 5.5291
v -0.7805 6.1085 8.7851
v 0.8749 6.1085 6.7794
v -1.0110 7.5747 5.2228
v -0.7805 6.1085 8.7851
v -1.0110 7.5747 5.2228
v -2.6665 7.5747 7.2284
v -5.7260 9.1966 2.1224
v -8.1428 9.1966 2.5336
v -7.8525 11.0912 4.2401
v -5.7260 9.1966 2.1224
v -7.8525 11.0912 4.2401
v -5.4357 11.0912 3.8289
v -8.0627 9.4560 2.1546
v -7.6515 9.4560 4.5713
v -5.5158 10.8318 4.2080
v -8.0627 9.4560 2.1546
v -5.5158 10.8318 4.2080
v -5.9270 10.8318 1.7912
v 1.5964 8.3231 -2.0975
v 0.7726 8.3231 -4.8983
v -1.4889 10.3413 -4.2331
v 1.5964 8.3231 -2.0975
v -1.4889 10.3413 -4.2331
v -0.6651 10.3413 -1.4324
v 1.1775 8.1294 -4.5176
v -1.6232 8.1294 -3.6938
v -1.0701 10.5350 -1.8131
v 1.1775 8.1294 -4.5176
v -1.0701 10.5350 -1.8131
v 1.7307 10.5350 -2.6368
v -2.6440 10.1718 1.0362
v -3.4114 10.1718 -1.7115
v -6.1337 11.5316 -0.9513
v -2.6440 10.1718 1.0362
v -6.1337 11.5316 -0.9513
v -5.3663 11.5316 1.7965
v -3.3685 9.9959 -1.6070
v -6.1162 9.9959 -0.8396
v -5.4092 11.7074 1.6919
v -3.3685 9.9959 -1.6070
v -5.4092 11.7074 1.6919
v -2.6615 11.7074 0.9245
v -5.7278 18.6950 1.6514
v -3.1096 18.6950 2.5129
v -2.3400 20.2234 0.1741
v -5.7278 18.6950 1.6514
v -2.3400 20.2234 0.1741
v -4.9581 20.2234 -0.6875
v -3.5591 18.3679 2.5198
v -2.6975 18.3679 -0.0984
v -4.5087 20.5504 -0.6943
v -3.5591 18.3679 2.5198
v -4.5087 20.5504 -0.6943
v -5.3702 20.5504 1.9238
v -1.1431 16.8301 2.7601
v -0.1522 16.8301 0.5241
v -1.6365 18.7654 -0.1336
v -1.1431 16.8301 2.7601
v -1.6365 18.7654 -0.1336
v -2.6274 18.7654 2.1024
v 0.1302 17.0162 0.9015
v -2.1058 17.0162 -0.0894
v -2.9098 18.5792 1.7250
v 0.1302 17.0162 0.9015
v -2.9098 18.5792 1.7250
v -0.6738 18.5792 2.7159
v 5.3131 12.9004 2.0897
v 2.8550 12.9004 0.9169
v 1.9954 14.9722 2.7188
v 5.3131 12.9004 2.0897
v 1.9954 14.9722 2.7188
v 4.4535 14.9722 3.8915
v 3.0388 13.3920 0.6018
v 1.8660 13.3920 3.0599
v 4.2697 14.4807 4.2066
v 3.0388 13.3920 0.6018
v 4.2697 14.4807 4.2066
v 5.4424 14.4807 1.7485
v -3.4192 10.0317 3.8533
v -1.0861 10.0317 2.4522
v -2.2362 12.2250 0.5371
v -3.4192 10.0317 3.8533
v -2.2362 12.2250 0.5371
v -4.5693 12.2250 1.9382
v -0.9609 10.3539 2.6614
v -2.3620 10.3539 0.3283
v -4.6945 11.9027 1.7290
v -0.9609 10.3539 2.6614
v -4.6945 11.9027 1.7290
v -3.2933 11.9027 4.0621
v 0.1926 4.6996 0.5225
v -1.1056 4.6996 -1.6025
v -2.6458 6.7700 -0.6615
v 0.1926 4.6996 0.5225
v -2.6458 6.7700 -0.6615
v -1.3476 6.7700 1.4634
v -0.7777 5.0271 -1.7230
v -2.9027 5.0271 -0.4248
v -1.6755 6.4425 1.5839
v -0.7777 5.0271 -1.7230
v -1.6755 6.4425 1.5839
v 0.4494 6.4425 0.2857
v -0.8760 12.9210 1.1085
v -2.8410 12.9210 3.0532
v -1.5689 15.6581 4.3386
v -0.8760 12.9210 1.1085
v -1.5689 15.6581 4.3386
v 0.3961 15.6581 2.3939
v -2.8481 12.9309 2.3875
v -0.9034 12.9309 4.3525
v 0.4032 15.6482 3.0595
v -2.8481 12.9309 2.3875
v 0.4032 15.6482 3.0595
v -1.5415 15.6482 1.0945
v 2.4660 7.7061 -5.5545
v 0.4305 7.7061 -7.1169
v -0.6252 9.6321 -5.7416
v 2.4660 7.7061 -5.5545
v -0.6252 9.6321 -5.7416
v 1.4104 9.6321 -4.1791
v 1.1362 7.5870 -7.0998
v -0.4262 7.5870 -5.0642
v 0.7046 9.7511 -4.1963
v 1.1362 7.5870 -7.0998
v 0.7046 9.7511 -4.1963
v 2.2670 9.7511 -6.2318
v -5.7220 5.4250 -1.5176
v -5.2464 5.4250 1.2286
v -3.4896 7.2841 0.9243
v -5.7220 5.4250 -1.5176
v -3.4896 7.2841 0.9243
v -3.9653 7.2841 -1.8219
v -5.8090 5.5378 0.9224
v -3.0628 5.5378 0.4467
v -3.4027 7.1713 -1.5156
v -5.8090 5.5378 0.9224
v -3.4027 7.1713 -1.5156
v -6.1489 7.1713 -1.0400
v -4.3931 14.5447 1.8498
v -5.2609 14.5447 -0.3548
v -6.7882 16.6478 0.2464
v -4.3931 14.5447 1.8498
v -6.7882 16.6478 0.2464
v -5.9204 16.6478 2.4509
v -4.9255 15.0003 -0.4963
v -7.1301 15.0003 0.3715
v -6.2558 16.1922 2.5924
v -4.9255 15.0003 -0.4963
v -6.2558 16.1922 2.5924
v -4.0512 16.1922 1.7246
v 3.2941 12.4424 -3.1247
v 3.0012 12.4424 -5.7490
v 0.3344 13.4316 -5.4514
v 3.2941 12.4424 -3.1247
v 0.3344 13.4316 -5.4514
v 0.6272 13.4316 -2.8272
v 3.0049 12.0176 -5.5229
v 0.3806 12.0176 -5.2301
v 0.6235 13.8564 -3.0532
v 3.0049 12.0176 -5.5229
v 0.6235 13.8564 -3.0532
v 3.2478 13.8564 -3.3461
v 3.5564 7.2472 0.1219
v 5.8728 7.2472 1.7876
v 6.7964 8.9526 0.5033
v 3.5564 7.2472 0.1219
v 6.7964 8.9526 0.5033
v 4.4800 8.9526 -1.1625
v 4.8379 7.1090 1.8263
v 6.5037 7.1090 -0.4901
v 5.5149 9.0908 -1.2012
v 4.8379 7.1090 1.8263
v 5.5149 9.0908 -1.2012
v 3.8491 9.0908 1.1152
v 0.4919 15.1390 0.9248
v 2.1957 15.1390 -0.8803
v 0.7143 16.3195 -2.2785
v 0.4919 15.1390 0.9248
v 0.7143 16.3195 -2.2785
v -0.9895 16.3195 -0.4734
v 2.1617 15.0420 -0.5200
v 0.3566 15.0420 -2.2238
v -0.9555 16.4165 -0.8337
v 2.1617 15.0420 -0.5200
v -0.9555 16.4165 -0.8337
v 0.8496 16.4165 0.8701
v -3.1202 12.4394 5.0716
v -5.2712 12.4394 3.6150
v -6.2616 14.6708 5.0775
v -3.1202 12.4394 5.0716
v -6.2616 14.6708 5.0775
v -4.1107 14.6708 6.5341
v -5.0327 12.9595 3.2744
v -6.4893 12.9595 5.4254
v -4.3492 14.1507 6.8747
v -5.0327 12.9595 3.2744
v -4.3492 14.1507 6.8747
v -2.8926 14.1507 4.7237
v 4.8795 13.6315 3.6536
v 2.2355 13.6315 2.9254
v 1.8523 16.0830 4.3166
v 4.8795 13.6315 3.6536
v 1.8523 16.0830 4.3166
v 4.4963 16.0830 5.0448
v 2.5518 14.1295 2.3386
v 1.8236 14.1295 4.9826
v 4.1800 15.5850 5.6316
v 2.5518 14.1295 2.3386
v 4.1800 15.5850 5.6316
v 4.9082 15.5850 2.9876
v -0.1096 18.9752 2.0292
v 2.9478 18.9752 1.6772
v 2.6933 20.0414 -0.5333
v -0.1096 18.9752 2.0292
v 2.6933 20.0414 -0.5333
v -0.3641 20.0414 -0.1812
v 2.4589 18.7826 2.1626
v 2.1069 18.7826 -0.8948
v 0.1247 20.2340 -0.6666
v 2.4589 18.7826 2.1626
v 0.1247 20.2340 -0.6666
v 0.4768 20.2340 2.3908
v 4.8839 8.8517 -2.9288
v 2.7140 8.8517 -4.0556
v 1.4880 10.0871 -1.6947
v 4.8839 8.8517 -2.9288
v 1.4880 10.0871 -1.6947
v 3.6579 10.0871 -0.5678
v 2.8723 8.3859 -3.8521
v 1.7455 8.3859 -1.6822
v 3.4996 10.5530 -0.7713
v 2.8723 8.3859 -3.8521
v 3.4996 10.5530 -0.7713
v 4.6265 10.5530 -2.9412
v -4.7938 12.3456 2.4963
v -4.1872 12.3456 5.1294
v -2.0539 13.1621 4.6379
v -4.7938 12.3456 2.4963
v -2.0539 13.1621 4.6379
v -2.6605 13.1621 2.0049
v -4.5431 11.9841 4.7268
v -1.9101 11.9841 4.1202
v -2.3046 13.5237 2.4075
v -4.5431 11.9841 4.7268
v -2.3046 13.5237 2.4075
v -4.9377 13.5237 3.0141
v 3.4291 5.1897 3.5871
v 3.7603 5.1897 0.8614
v 1.2170 7.8721 0.5523
v 3.4291 5.1897 3.5871
v 1.2170 7.8721 0.5523
v 0.8858 7.8721 3.2781
v 3.8901 5.7720 0.5554
v 1.1643 5.7720 0.2242
v 0.7561 7.2897 3.5841
v 3.8901 5.7720 0.5554
v 0.7561 7.2897 3.5841
v 3.4818 7.2897 3.9153
v -5.5153 10.4233 3.4820
v -5.1311 10.4233 0.9032
v -7.1743 12.2186 0.5988
v -5.5153 10.4233 3.4820
v -7.1743 12.2186 0.5988
v -7.5585 12.2186 3.1776
v -4.9335 10.2312 1.4138
v -7.5122 10.2312 1.0296
v -7.7561 12.4106 2.6670
v -4.9335 10.2312 1.4138
v -7.7561 12.4106 2.6670
v -5.1774 12.4106 3.0512
v 0.4771 9.0703 2.3859
v -0.6594 9.0703 -0.1826
v -2.5656 10.1939 0.6608
v 0.4771 9.0703 2.3859
v -2.5656 10.1939 0.6608
v -1.4290 10.1939 3.2293
v -0.0233 8.6429 0.3601
v -2.5918 8.6429 1.4966
v -2.0652 10.6213 2.6866
v -0.0233 8.6429 0.3601
v -2.0652 10.6213 2.6866
v 0.5033 10.6213 1.5500
v -3.5627 18.3097 0.1386
v -0.8920 18.3097 -0.1797
v -1.1978 19.9771 -2.7455
v -3.5627 18.3097 0.1386
v -1.1978 19.9771 -2.7455
v -3.8685 19.9771 -2.4272
v -1.1492 18.0485 -0.0958
v -1.4674 18.0485 -2.7665
v -3.6113 20.2384 -2.5111
v -1.1492 18.0485 -0.0958
v -3.6113 20.2384 -2.5111
v -3.2931 20.2384 0.1597
v 4.8660 7.6397 1.7707
v 3.0940 7.6397 3.8993
v 4.3197 9.6060 4.9198
v 4.8660 7.6397 1.7707
v 4.3197 9.6060 4.9198
v 6.0918 9.6060 2.7912
v 2.7966 8.0808 3.3384
v 4.9252 8.0808 5.1105
v 6.3891 9.1649 3.3521
v 2.7966 8.0808 3.3384
v 6.3891 9.1649 3.3521
v 4.2605 9.1649 1.5800
v -3.1602 13.9424 -2.0133
v -5.2959 13.9424 -0.3317
v -3.9403 15.4838 1.3899
v -3.1602 13.9424 -2.0133
v -3.9403 15.4838 1.3899
v -1.8047 15.4838 -0.2917
v -5.0331 13.6517 -0.8741
v -3.3514 13.6517 1.2616
v -2.0675 15.7746 0.2507
v -5.0331 13.6517 -0.8741
v -2.0675 15.7746 0.2507
v -3.7491 15.7746 -1.8850
v -1.8068 4.1080 6.8221
v -0.6251 4.1080 4.9977
v -1.7842 6.2014 4.2469
v -1.8068 4.1080 6.8221
v -1.7842 6.2014 4.2469
v -2.9659 6.2014 6.0714
v -0.3038 4.4944 5.2307
v -2.1282 4.4944 4.0490
v -3.2872 5.8150 5.8383
v -0.3038 4.4944 5.2307
v -3.2872 5.8150 5.8383
v -1.4628 5.8150 7.0201
v -5.6625 12.2848 -1.6555
v -3.5289 12.2848 0.1992
v -1.9154 13.3531 -1.6570
v -5.6625 12.2848 -1.6555
v -1.9154 13.3531 -1.6570
v -4.0490 13.3531 -3.5116
v -3.7706 12.3420 0.2326
v -1.9159 12.3420 -1.9010
v -3.8073 13.2959 -3.5451
v -3.7706 12.3420 0.2326
v -3.8073 13.2959 -3.5451
v -5.6619 13.2959 -1.4114
v -1.8781 5.8016 0.6333
v -2.5779 5.8016 3.2676
v -0.6544 7.7648 3.7785
v -1.8781 5.8016 0.6333
v -0.6544 7.7648 3.7785
v 0.0454 7.7648 1.1443
v -2.8587 5.8865 2.8924
v -0.2244 5.8865 3.5921
v 0.3262 7.6799 1.5195
v -2.8587 5.8865 2.8924
v 0.3262 7.6799 1.5195
v -2.3081 7.6799 0.8198
v 2.4691 12.2659 3.3735
v 2.3974 12.2659 5.8069
v 4.4637 14.0972 5.8678
v 2.4691 12.2659 3.3735
v 4.4637 14.0972 5.8678
v 4.5354 14.0972 3.4344
v 2.2115 12.7086 5.8816
v 4.6449 12.7086 5.9533
v 4.7213 13.6545 3.3597
v 2.2115 12.7086 5.8816
v 4.7213 13.6545 3.3597
v 2.2879 13.6545 3.2880
v 2.7630 9.0892 -6.0401
v 1.9957 9.0892 -8.3287
v -0.2889 10.2673 -7.5627
v 2.7630 9.0892 -6.0401
v -0.2889 10.2673 -7.5627
v 0.4784 10.2673 -5.2741
v 2.0515 8.8287 -8.1689
v -0.2371 8.8287 -7.4016
v 0.4226 10.5279 -5.4339
v 2.0515 8.8287 -8.1689
v 0.4226 10.5279 -5.4339
v 2.7112 10.5279 -6.2013
v -1.6440 10.2559 5.5821
v -1.9299 10.2559 3.1418
v -3.5941 12.5016 3.3368
v -1.6440 10.2559 5.5821
v -3.5941 12.5016 3.3368
v -3.3082 12.5016 5.7771
v -1.5362 10.6235 3.1446
v -3.9765 10.6235 3.4305
v -3.7019 12.1340 5.7743
v -1.5362 10.6235 3.1446
v -3.7019 12.1340 5.7743
v -1.2617 12.1340 5.4884
v -4.7747 11.3907 -2.1624
v -7.6585 11.3907 -3.2911
v -8.3054 12.8960 -1.6385
v -4.7747 11.3907 -2.1624
v -8.3054 12.8960 -1.6385
v -5.4216 12.8960 -0.5097
v -6.8404 11.4423 -3.6808
v -7.9692 11.4423 -0.7970
v -6.2396 12.8444 -0.1200
v -6.8404 11.4423 -3.6808
v -6.2396 12.8444 -0.1200
v -5.1109 12.8444 -3.0039
v -0.7749 11.6579 4.7076
v -3.3700 11.6579 4.6875
v -3.3863 12.7226 6.7885
v -0.7749 11.6579 4.7076
v -3.3863 12.7226 6.7885
v -0.7912 12.7226 6.8087
v -3.1207 11.6574 4.4424
v -3.1409 11.6574 7.0375
v -1.0404 12.7232 7.0538
v -3.1207 11.6574 4.4424
v -1.0404 12.7232 7.0538
v -1.0202 12.7232 4.4587
v -8.3487 8.1559 1.0142
v -8.8347 8.1559 3.5524
v -6.7814 9.9259 3.9456
v -8.3487 8.1559 1.0142
v -6.7814 9.9259 3.9456
v -6.2953 9.9259 1.4074
v -9.0600 8.3828 3.4166
v -6.5219 8.3828 3.9027
v -6.0700 9.6989 1.5431
v -9.0600 8.3828 3.4166
v -6.0700 9.6989 1.5431
v -8.6082 9.6989 1.0571
v 0.7728 7.5733 -4.6627
v 0.0923 7.5733 -7.0704
v -2.1012 9.2091 -6.4504
v 0.7728 7.5733 -4.6627
v -2.1012 9.2091 -6.4504
v -1.4207 9.2091 -4.0428
v 0.1919 7.8141 -7.1272
v -2.2158 7.8141 -6.4467
v -1.5203 8.9683 -3.9859
v 0.1919 7.8141 -7.1272
v -1.5203 8.9683 -3.9859
v 0.8874 8.9683 -4.6664
v 2.6279 13.6595 3.9703
v 3.0224 13.6595 0.9941
v 1.0814 15.1980 0.7368
v 2.6279 13.6595 3.9703
v 1.0814 15.1980 0.7368
v 0.6869 15.1980 3.7130
v 3.4335 13.3930 1.8660
v 0.4573 13.3930 1.4714
v 0.2757 15.4645 2.8412
v 3.4335 13.3930 1.8660
v 0.2757 15.4645 2.8412
v 3.2520 15.4645 3.2357
v -5.3486 12.0665 0.1874
v -4.3048 12.0665 2.8163
v -2.3359 13.2790 2.0345
v -5.3486 12.0665 0.1874
v -2.3359 13.2790 2.0345
v -3.3798 13.2790 -0.5943
v -4.7821 11.9952 2.5763
v -2.1533 11.9952 1.5324
v -2.9024 13.3503 -0.3543
v -4.7821 11.9952 2.5763
v -2.9024 13.3503 -0.3543
v -5.5313 13.3503 0.6895
v -3.2008 17.0288 -1.6823
v -5.4114 17.0288 0.2777
v -3.7174 18.0200 2.1883
v -3.2008 17.0288 -1.6823
v -3.7174 18.0200 2.1883
v -1.5068 18.0200 0.2282
v -5.0323 16.4076 -0.3264
v -3.0723 16.4076 1.8842
v -1.8859 18.6411 0.8324
v -5.0323 16.4076 -0.3264
v -1.8859 18.6411 0.8324
v -3.8460 18.6411 -1.3783
v 2.4534 9.6686 -0.3642
v 2.7469 9.6686 -3.4457
v 0.9270 10.8832 -3.6190
v 2.4534 9.6686 -0.3642
v 0.9270 10.8832 -3.6190
v 0.6335 10.8832 -0.5376
v 3.2838 9.3308 -2.4001
v 0.2024 9.3308 -2.6936
v 0.0966 11.2210 -1.5831
v 3.2838 9.3308 -2.4001
v 0.0966 11.2210 -1.5831
v 3.1781 11.2210 -1.2897
v 0.6482 6.1670 5.7653
v 0.8303 6.1670 3.1120
v -1.5214 7.2764 2.9506
v 0.6482 6.1670 5.7653
v -1.5214 7.2764 2.9506
v -1.7035 7.2764 5.6039
v 0.9427 5.6702 3.6820
v -1.7106 5.6702 3.4999
v -1.8159 7.7732 5.0340
v 0.9427 5.6702 3.6820
v -1.8159 7.7732 5.0340
v 0.8374 7.7732 5.2161
v -5.4858 9.4362 1.1358
v -6.9143 9.4362 3.2550
v -5.5512 11.0903 4.1738
v -5.4858 9.4362 1.1358
v -5.5512 11.0903 4.1738
v -4.1227 11.0903 2.0546
v -7.0574 9.4732 2.6517
v -4.9382 9.4732 4.0802
v -3.9795 11.0533 2.6579
v -7.0574 9.4732 2.6517
v -3.9795 11.0533 2.6579
v -6.0988 11.0533 1.2294
v 4.4128 8.0546 1.3475
v 1.3094 8.0546 0.8356
v 1.0870 10.2874 2.1839
v 4.4128 8.0546 1.3475
v 1.0870 10.2874 2.1839
v 4.1903 10.2874 2.6958
v 2.3574 8.0391 0.1071
v 1.8455 8.0391 3.2104
v 3.1424 10.3030 3.4244
v 2.3574 8.0391 0.1071
v 3.1424 10.3030 3.4244
v 3.6543 10.3030 0.3210
v -3.5841 9.5471 -2.6974
v -6.4601 9.5471 -3.0768
v -6.8150 10.6954 -0.3875
v -3.5841 9.5471 -2.6974
v -6.8150 10.6954 -0.3875
v -3.9390 10.6954 -0.0080
v -5.8431 8.9118 -3.0904
v -6.2226 8.9118 -0.2144
v -4.5560 11.3307 0.0055
v -5.8431 8.9118 -3.0904
v -4.5560 11.3307 0.0055
v -4.1765 11.3307 -2.8705
v -1.2255 10.4616 -3.8886
v -2.5503 10.4616 -6.1559
v -4.5365 11.3271 -4.9953
v -1.2255 10.4616 -3.8886
v -4.5365 11.3271 -4.9953
v -3.2116 11.3271 -2.7280
v -2.3136 10.3938 -6.0734
v -4.5809 10.3938 -4.7485
v -3.4484 11.3949 -2.8105
v -2.3136 10.3938 -6.0734
v -3.4484 11.3949 -2.8105
v -1.1811 11.3949 -4.1353
v -1.2301 16.0836 -0.7955
v 0.8819 16.0836 0.9226
v 1.6761 18.1853 -0.0536
v -1.2301 16.0836 -0.7955
v 1.6761 18.1853 -0.0536
v -0.4359 18.1853 -1.7717
v 0.2222 16.6090 1.3297
v 1.9403 16.6090 -0.7823
v 0.2237 17.6599 -2.1788
v 0.2222 16.6090 1.3297
v 0.2237 17.6599 -2.1788
v -1.4944 17.6599 -0.0668
v 4.0165 12.9857 1.5048
v 5.3743 12.9857 -1.1848
v 3.3444 14.4427 -2.2095
v 4.0165 12.9857 1.5048
v 3.3444 14.4427 -2.2095
v 1.9866 14.4427 0.4801
v 5.4720 12.7972 -0.5583
v 2.7824 12.7972 -1.9161
v 1.8890 14.6312 -0.1464
v 5.4720 12.7972 -0.5583
v 1.8890 14.6312 -0.1464
v 4.5786 14.6312 1.2114
v -4.9785 9.8412 3.5621
v -2.7081 9.8412 4.4814
v -2.0924 12.3683 2.9607
v -4.9785 9.8412 3.5621
v -2.0924 12.3683 2.9607
v -4.3628 12.3683 2.0414
v -2.7505 10.4217 4.9005
v -1.8312 10.4217 2.6301
v -4.3204 11.7877 1.6222
v -2.7505 10.4217 4.9005
v -4.3204 11.7877 1.6222
v -5.2397 11.7877 3.8927
v 0.1007 13.8285 -4.6344
v -2.4877 13.8285 -4.7025
v -2.5519 15.3027 -2.2598
v 0.1007 13.8285 -4.6344
v -2.5519 15.3027 -2.2598
v 0.0365 15.3027 -2.1917
v -2.2160 13.5727 -4.7682
v -2.2841 13.5727 -2.1798
v -0.2352 15.5585 -2.1260
v -2.2160 13.5727 -4.7682
v -0.2352 15.5585 -2.1260
v -0.1672 15.5585 -4.7144
v -1.3739 6.0727 -0.7689
v -4.1846 6.0727 -1.5097
v -4.6445 8.5900 0.2355
v -1.3739 6.0727 -0.7689
v -4.6445 8.5900 0.2355
v -1.8339 8.5900 0.9762
v -3.5742 6.1219 -1.9186
v -4.3150 6.1219 0.8921
v -2.4442 8.5408 1.3851
v -3.5742 6.1219 -1.9186
v -2.4442 8.5408 1.3851
v -1.7034 8.5408 -1.4255
v -0.6670 12.0866 -4.7028
v -0.2317 12.0866 -2.0468
v 1.9215 14.3472 -2.3997
v -0.6670 12.0866 -4.7028
v 1.9215 14.3472 -2.3997
v 1.4862 14.3472 -5.0557
v -0.5065 12.2044 -2.1483
v 2.1495 12.2044 -2.5835
v 1.7610 14.2293 -4.9542
v -0.5065 12.2044 -2.1483
v 1.7610 14.2293 -4.9542
v -0.8950 14.2293 -4.5190
v -4.6749 20.0497 -1.9715
v -5.0559 20.0497 0.9319
v -3.1803 21.7545 1.1780
v -4.6749 20.0497 -1.9715
v -3.1803 21.7545 1.1780
v -2.7993 21.7545 -1.7253
v -5.4672 19.8232 0.0830
v -2.5639 19.8232 0.4641
v -2.3880 21.9810 -0.8765
v -5.4672 19.8232 0.0830
v -2.3880 21.9810 -0.8765
v -5.2913 21.9810 -1.2575
v -2.9101 20.5193 1.1937
v -0.1763 20.5193 0.0730
v -1.0047 21.7504 -1.9478
v -2.9101 20.5193 1.1937
v -1.0047 21.7504 -1.9478
v -3.7386 21.7504 -0.8271
v -0.6370 20.1880 0.6783
v -1.7577 20.1880 -2.0556
v -3.2779 22.0817 -1.4324
v -0.6370 20.1880 0.6783
v -3.2779 22.0817 -1.4324
v -2.1572 22.0817 1.3015
v -2.7740 13.1455 5.1340
v -3.2806 13.1455 2.4705
v -4.7954 15.2840 2.7585
v -2.7740 13.1455 5.1340
v -4.7954 15.2840 2.7585
v -4.2888 15.2840 5.4221
v -2.6423 13.3720 2.6972
v -5.3058 13.3720 3.2037
v -4.9271 15.0575 5.1953
v -2.6423 13.3720 2.6972
v -4.9271 15.0575 5.1953
v -2.2636 15.0575 4.6888
v 1.1339 11.4924 4.8357
v 2.5948 11.4924 2.4279
v 1.2253 13.9136 1.5970
v 1.1339 11.4924 4.8357
v 1.2253 13.9136 1.5970
v -0.2356 13.9136 4.0048
v 2.8151 11.5136 3.2353
v 0.4073 11.5136 1.7745
v -0.4559 13.8924 3.1974
v 2.8151 11.5136 3.2353
v -0.4559 13.8924 3.1974
v 1.9519 13.8924 4.6582
v 3.7936 13.0876 4.9811
v 6.0360 13.0876 4.0358
v 5.0987 14.4656 1.8123
v 3.7936 13.0876 4.9811
v 5.0987 14.4656 1.8123
v 2.8563 14.4656 2.7575
v 5.7310 12.7026 4.1755
v 4.7858 12.7026 1.9331
v 3.1613 14.8506 2.6179
v 5.7310 12.7026 4.1755
v 3.1613 14.8506 2.6179
v 4.1065 14.8506 4.8603
v -1.7951 17.1910 -3.4409
v -1.6472 17.1910 -0.4589
v 0.1885 19.3305 -0.5500
v -1.7951 17.1910 -3.4409
v 0.1885 19.3305 -0.5500
v 0.0406 19.3305 -3.5319
v -2.2346 17.5288 -0.7175
v 0.7474 17.5288 -0.8654
v 0.6280 18.9927 -3.2734
v -2.2346 17.5288 -0.7175
v 0.6280 18.9927 -3.2734
v -2.3540 18.9927 -3.1255
v 0.2638 6.8685 -5.6900
v -1.2554 6.8685 -3.4676
v 0.5832 8.3788 -2.2108
v 0.2638 6.8685 -5.6900
v 0.5832 8.3788 -2.2108
v 2.1024 8.3788 -4.4332
v -1.3885 7.1061 -3.6847
v 0.8339 7.1061 -2.1655
v 2.2356 8.1412 -4.2161
v -1.3885 7.1061 -3.6847
v 2.2356 8.1412 -4.2161
v 0.0131 8.1412 -5.7352
v -1.1872 19.9267 1.4893
v 1.8323 19.9267 0.9619
v 1.5446 21.9033 -0.6846
v -1.1872 19.9267 1.4893
v 1.5446 21.9033 -0.6846
v -1.4748 21.9033 -0.1571
v 1.5731 20.3168 1.7146
v 1.0456 20.3168 -1.3049
v -1.2156 21.5132 -0.9098
v 1.5731 20.3168 1.7146
v -1.2156 21.5132 -0.9098
v -0.6882 21.5132 2.1096
v 3.6203 13.8890 -4.8908
v 2.0118 13.8890 -2.5144
v 4.1184 14.8644 -1.0885
v 3.6203 13.8890 -4.8908
v 4.1184 14.8644 -1.0885
v 5.7269 14.8644 -3.4649
v 2.2522 13.2498 -3.1602
v 4.6286 13.2498 -1.5517
v 5.4865 15.5037 -2.8191
v 2.2522 13.2498 -3.1602
v 5.4865 15.5037 -2.8191
v 3.1100 15.5037 -4.4276
v 7.6454 9.4592 -1.4100
v 5.3216 9.4592 -2.5519
v 4.4016 10.9058 -0.6796
v 7.6454 9.4592 -1.4100
v 4.4016 10.9058 -0.6796
v 6.7254 10.9058 0.4623
v 5.8111 9.2610 -2.5916
v 4.6692 9.2610 -0.2678
v 6.2359 11.1041 0.5020
v 5.8111 9.2610 -2.5916
v 6.2359 11.1041 0.5020
v 7.3778 11.1041 -1.8218
v 0.2871 11.8360 -6.1422
v -1.6231 11.8360 -8.4357
v -3.5002 12.9970 -6.8723
v 0.2871 11.8360 -6.1422
v -3.5002 12.9970 -6.8723
v -1.5900 12.9970 -4.5789
v -1.1926 11.6971 -8.3422
v -3.4861 11.6971 -6.4321
v -2.0205 13.1360 -4.6723
v -1.1926 11.6971 -8.3422
v -2.0205 13.1360 -4.6723
v 0.2730 13.1360 -6.5825
v -5.4240 11.5348 -3.7106
v -3.7289 11.5348 -1.3948
v -2.4479 13.9324 -2.3325
v -5.4240 11.5348 -3.7106
v -2.4479 13.9324 -2.3325
v -4.1431 13.9324 -4.6482
v -4.4577 11.7811 -1.3049
v -2.1420 11.7811 -3.0001
v -3.4142 13.6861 -4.7381
v -4.4577 11.7811 -1.3049
v -3.4142 13.6861 -4.7381
v -5.7300 13.6861 -3.0429
v -9.0343 9.1551 5.4641
v -6.4925 9.1551 5.8421
v -6.1342 10.2108 3.4332
v -9.0343 9.1551 5.4641
v -6.1342 10.2108 3.4332
v -8.6761 10.2108 3.0552
v -6.6736 8.9581 5.8831
v -6.2956 8.9581 3.3413
v -8.4949 10.4078 3.0142
v -6.6736 8.9581 5.8831
v -8.4949 10.4078 3.0142
v -8.8730 10.4078 5.5561
v 0.6880 7.6482 0.5203
v -1.9229 7.6482 -0.6220
v -2.8529 9.0158 1.5035
v 0.6880 7.6482 0.5203
v -2.8529 9.0158 1.5035
v -0.2421 9.0158 2.6458
v -1.3246 7.3195 -0.6494
v -2.4670 7.3195 1.9614
v -0.8404 9.3445 2.6732
v -1.3246 7.3195 -0.6494
v -0.8404 9.3445 2.6732
v 0.3020 9.3445 0.0624
v -1.1426 9.5697 -5.4513
v 1.4010 9.5697 -4.8432
v 1.8724 11.3445 -6.8154
v -1.1426 9.5697 -5.4513
v 1.8724 11.3445 -6.8154
v -0.6712 11.3445 -7.4235
v 1.2482 9.8868 -4.5777
v 1.8562 9.8868 -7.1213
v -0.5184 11.0274 -7.6890
v 1.2482 9.8868 -4.5777
v -0.5184 11.0274 -7.6890
v -1.1264 11.0274 -5.1454
v 1.1357 4.6140 6.0548
v -0.5548 4.6140 4.1560
v -1.7232 6.9563 5.1963
v 1.1357 4.6140 6.0548
v -1.7232 6.9563 5.1963
v -0.0327 6.9563 7.0950
v -0.1794 5.1475 3.8424
v -2.0781 5.1475 5.5329
v -0.4081 6.4228 7.4086
v -0.1794 5.1475 3.8424
v -0.4081 6.4228 7.4086
v 1.4906 6.4228 5.7181
v -4.0301 5.2477 1.8555
v -2.4633 5.2477 4.0155
v -0.9885 6.6916 2.9456
v -4.0301 5.2477 1.8555
v -0.9885 6.6916 2.9456
v -2.5552 6.6916 0.7857
v -3.0573 5.2413 3.9172
v -0.8974 5.2413 2.3505
v -1.9612 6.6980 0.8839
v -3.0573 5.2413 3.9172
v -1.9612 6.6980 0.8839
v -4.1211 6.6980 2.4507
v 3.2680 7.1265 4.8883
v 3.7732 7.1265 2.0784
v 2.2358 9.3882 1.8020
v 3.2680 7.1265 4.8883
v 2.2358 9.3882 1.8020
v 1.7307 9.3882 4.6119
v 4.2936 7.1208 2.8373
v 1.4837 7.1208 2.3321
v 1.2102 9.3939 3.8530
v 4.2936 7.1208 2.8373
v 1.2102 9.3939 3.8530
v 4.0202 9.3939 4.3582
v -6.6789 10.1477 -1.1064
v -4.7034 10.1477 -3.0819
v -6.2466 11.8490 -4.6250
v -6.6789 10.1477 -1.1064
v -6.2466 11.8490 -4.6250
v -8.2220 11.8490 -2.6495
v -4.6125 10.3454 -2.7405
v -6.5880 10.3454 -4.7159
v -8.3130 11.6514 -2.9909
v -4.6125 10.3454 -2.7405
v -8.3130 11.6514 -2.9909
v -6.3375 11.6514 -1.0155
v -0.9024 14.4193 2.7484
v 0.3836 14.4193 0.4704
v -1.5237 15.4257 -0.6063
v -0.9024 14.4193 2.7484
v -1.5237 15.4257 -0.6063
v -2.8097 15.4257 1.6717
v 0.2275 13.8851 1.1798
v -2.0505 13.8851 -0.1062
v -2.6536 15.9599 0.9622
v 0.2275 13.8851 1.1798
v -2.6536 15.9599 0.9622
v -0.3756 15.9599 2.2482
v 2.3629 14.0230 4.5861
v 1.0868 14.0230 2.4252
v -1.0970 15.8919 3.7149
v 2.3629 14.0230 4.5861
v -1.0970 15.8919 3.7149
v 0.1791 15.8919 5.8758
v 1.1827 13.7775 2.6139
v -0.9781 13.7775 3.8900
v 0.0832 16.1374 5.6871
v 1.1827 13.7775 2.6139
v 0.0832 16.1374 5.6871
v 2.2440 16.1374 4.4110
v -7.2813 9.9873 0.0933
v -9.8076 9.9873 1.2067
v -8.8420 11.4425 3.3975
v -7.2813 9.9873 0.0933
v -8.8420 11.4425 3.3975
v -6.3157 11.4425 2.2840
v -9.4303 9.6309 0.8401
v -8.3168 9.6309 3.3663
v -6.6930 11.7989 2.6506
v -9.4303 9.6309 0.8401
v -6.6930 11.7989 2.6506
v -7.8065 11.7989 0.1244
v 2.6444 5.6968 1.0402
v 0.6163 5.6968 -0.7172
v -0.7274 7.8298 0.8334
v 2.6444 5.6968 1.0402
v -0.7274 7.8298 0.8334
v 1.3007 7.8298 2.5908
v 1.1351 5.6114 -0.6856
v -0.6223 5.6114 1.3424
v 0.7819 7.9151 2.5592
v 1.1351 5.6114 -0.6856
v 0.7819 7.9151 2.5592
v 2.5393 7.9151 0.5311
v -6.7676 12.8160 4.6773
v -4.2486 12.8160 4.2501
v -4.6723 14.4456 1.7517
v -6.7676 12.8160 4.6773
v -4.6723 14.4456 1.7517
v -7.1913 14.4456 2.1789
v -4.2110 12.8938 4.2543
v -4.6382 12.8938 1.7353
v -7.2289 14.3678 2.1747
v -4.2110 12.8938 4.2543
v -7.2289 14.3678 2.1747
v -6.8016 14.3678 4.6937
v 0.6092 10.9707 5.9628
v -0.4911 10.9707 3.7335
v -1.9418 12.7642 4.4494
v 0.6092 10.9707 5.9628
v -1.9418 12.7642 4.4494
v -0.8415 12.7642 6.6788
v 0.0393 11.0901 3.8272
v -2.1900 11.0901 4.9275
v -1.3719 12.6448 6.5851
v 0.0393 11.0901 3.8272
v -1.3719 12.6448 6.5851
v 0.8574 12.6448 5.4848
v 3.9915 9.2603 0.8647
v 6.3354 9.2603 -0.4162
v 5.2375 10.4294 -2.4253
v 3.9915 9.2603 0.8647
v 5.2375 10.4294 -2.4253
v 2.8936 10.4294 -1.1444
v 5.8958 8.7871 0.0414
v 4.6149 8.7871 -2.3025
v 3.3332 10.9025 -1.6020
v 5.8958 8.7871 0.0414
v 3.3332 10.9025 -1.6020
v 4.6141 10.9025 0.7419
v 2.1116 3.0210 2.8855
v -0.7073 3.0210 4.4239
v 0.0745 5.1026 5.8565
v 2.1116 3.0210 2.8855
v 0.0745 5.1026 5.8565
v 2.8935 5.1026 4.3182
v -0.5989 3.2591 3.4651
v 0.9395 3.2591 6.2841
v 2.7850 4.8644 5.2770
v -0.5989 3.2591 3.4651
v 2.7850 4.8644 5.2770
v 1.2466 4.8644 2.4580
v -3.8418 5.6522 1.2746
v -6.0909 5.6522 1.3117
v -6.0555 7.2928 3.4628
v -3.8418 5.6522 1.2746
v -6.0555 7.2928 3.4628
v -3.8064 7.2928 3.4258
v -6.1456 5.8084 1.2636
v -6.1086 5.8084 3.5127
v -3.7517 7.1366 3.4739
v -6.1456 5.8084 1.2636
v -3.7517 7.1366 3.4739
v -3.7887 7.1366 1.2247
v -5.2591 13.2379 -1.7700
v -6.6611 13.2379 0.5085
v -4.4880 14.9730 1.8456
v -5.2591 13.2379 -1.7700
v -4.4880 14.9730 1.8456
v -3.0860 14.9730 -0.4329
v -6.7041 13.3055 0.4604
v -4.4256 13.3055 1.8624
v -3.0429 14.9053 -0.3847
v -6.7041 13.3055 0.4604
v -3.0429 14.9053 -0.3847
v -5.3215 14.9053 -1.7868
v 3.6117 15.4265 -1.5433
v 0.8373 15.4265 -2.7653
v 0.1340 17.5080 -1.1686
v 3.6117 15.4265 -1.5433
v 0.1340 17.5080 -1.1686
v 2.9084 17.5080 0.0534
v 1.3856 15.8317 -3.2269
v 0.1635 15.8317 -0.4525
v 2.3601 17.1028 0.5150
v 1.3856 15.8317 -3.2269
v 2.3601 17.1028 0.5150
v 3.5822 17.1028 -2.2594
v -1.1302 18.3510 -0.8740
v -1.4430 18.3510 1.7632
v 0.2166 20.2798 1.9600
v -1.1302 18.3510 -0.8740
v 0.2166 20.2798 1.9600
v 0.5294 20.2798 -0.6772
v -1.8986 18.5843 1.4253
v 0.7386 18.5843 1.7380
v 0.9850 20.0464 -0.3393
v -1.8986 18.5843 1.4253
v 0.9850 20.0464 -0.3393
v -1.6522 20.0464 -0.6520
v -0.5549 6.9975 4.2976
v -2.2546 6.9975 6.7973
v -1.0239 9.2274 7.6341
v -0.5549 6.9975 4.2976
v -1.0239 9.2274 7.6341
v 0.6757 9.2274 5.1343
v -2.5836 7.1853 5.9166
v -0.0838 7.1853 7.6162
v 1.0048 9.0397 6.0151
v -2.5836 7.1853 5.9166
v 1.0048 9.0397 6.0151
v -1.4950 9.0397 4.3155
v 5.8828 13.5548 -4.3726
v 3.7721 13.5548 -2.7381
v 5.3774 14.7221 -0.6651
v 5.8828 13.5548 -4.3726
v 5.3774 14.7221 -0.6651
v 7.4881 14.7221 -2.2996
v 3.8768 13.3276 -2.8493
v 5.5113 13.3276 -0.7386
v 7.3834 14.9494 -2.1883
v 3.8768 13.3276 -2.8493
v 7.3834 14.9494 -2.1883
v 5.7489 14.9494 -4.2990
v 2.5903 12.4379 2.5192
v 3.1444 12.4379 -0.2479
v 0.5873 13.5975 -0.7599
v 2.5903 12.4379 2.5192
v 0.5873 13.5975 -0.7599
v 0.0332 13.5975 2.0072
v 3.1644 11.9785 0.1977
v 0.3973 11.9785 -0.3564
v 0.0132 14.0569 1.5616
v 3.1644 11.9785 0.1977
v 0.0132 14.0569 1.5616
v 2.7803 14.0569 2.1157
v 0.0954 12.8117 4.7999
v 2.1544 12.8117 6.5520
v 3.8221 13.9676 4.5923
v 0.0954 12.8117 4.7999
v 3.8221 13.9676 4.5923
v 1.7632 13.9676 2.8401
v 2.0359 12.7394 6.5368
v 3.7881 12.7394 4.4778
v 1.8816 14.0399 2.8554
v 2.0359 12.7394 6.5368
v 1.8816 14.0399 2.8554
v 0.1295 14.0399 4.9144
v -2.2461 18.9664 -1.2506
v -0.0728 18.9664 -3.0034
v -1.6694 20.7745 -4.9831
v -2.2461 18.9664 -1.2506
v -1.6694 20.7745 -4.9831
v -3.8427 20.7745 -3.2302
v -0.0278 19.0944 -2.8799
v -1.7806 19.0944 -5.0532
v -3.8877 20.6466 -3.3538
v -0.0278 19.0944 -2.8799
v -3.8877 20.6466 -3.3538
v -2.1349 20.6466 -1.1805
v 0.4495 8.2074 -3.3455
v 2.1188 8.2074 -1.2979
v 3.6832 9.4420 -2.5733
v 0.4495 8.2074 -3.3455
v 3.6832 9.4420 -2.5733
v 2.0139 9.4420 -4.6208
v 1.5228 7.9181 -1.5356
v 3.5704 7.9181 -3.2049
v 2.6099 9.7313 -4.3831
v 1.5228 7.9181 -1.5356
v 2.6099 9.7313 -4.3831
v 0.5623 9.7313 -2.7138
v -3.0025 8.7597 -2.5525
v -2.5627 8.7597 0.1681
v -0.2627 11.3219 -0.2038
v -3.0025 8.7597 -2.5525
v -0.2627 11.3219 -0.2038
v -0.7026 11.3219 -2.9244
v -2.7863 8.8905 0.1194
v -0.0658 8.8905 -0.3205
v -0.4789 11.1911 -2.8757
v -2.7863 8.8905 0.1194
v -0.4789 11.1911 -2.8757
v -3.1995 11.1911 -2.4358
v 3.1624 9.9819 -5.0685
v 2.3080 9.9819 -7.2811
v 0.0368 10.9258 -6.4041
v 3.1624 9.9819 -5.0685
v 0.0368 10.9258 -6.4041
v 0.8911 10.9258 -4.1915
v 2.2988 9.7999 -7.2176
v 0.0862 9.7999 -6.3633
v 0.9003 11.1079 -4.2550
v 2.2988 9.7999 -7.2176
v 0.9003 11.1079 -4.2550
v 3.1129 11.1079 -5.1093
v -7.3657 10.7961 1.8627
v -4.6702 10.7961 0.6158
v -5.2730 13.2041 -0.6872
v -7.3657 10.7961 1.8627
v -5.2730 13.2041 -0.6872
v -7.9685 13.2041 0.5598
v -5.0116 10.8184 1.6189
v -6.2585 10.8184 -1.0765
v -7.6271 13.1818 -0.4434
v -5.0116 10.8184 1.6189
v -7.6271 13.1818 -0.4434
v -6.3802 13.1818 2.2521
v -3.3003 12.4154 -0.1517
v -2.6202 12.4154 2.7709
v -0.5788 14.5495 2.2959
v -3.3003 12.4154 -0.1517
v -0.5788 14.5495 2.2959
v -1.2589 14.5495 -0.6268
v -3.2141 12.2345 2.2150
v -0.2914 12.2345 1.5349
v -0.6650 14.7304 -0.0708
v -3.2141 12.2345 2.2150
v -0.6650 14.7304 -0.0708
v -3.5877 14.7304 0.6093
v 7.3081 7.7831 2.6112
v 6.1598 7.7831 0.4302
v 4.1343 8.9327 1.4966
v 7.3081 7.7831 2.6112
v 4.1343 8.9327 1.4966
v 5.2826 8.9327 3.6776
v 6.4311 7.3716 0.7569
v 4.2501 7.3716 1.9052
v 5.0113 9.3443 3.3509
v 6.4311 7.3716 0.7569
v 5.0113 9.3443 3.3509
v 7.1923 9.3443 2.2026
v -2.0506 10.0238 -6.9689
v -4.7154 10.0238 -7.8694
v -5.2304 12.6437 -6.3451
v -2.0506 10.0238 -6.9689
v -5.2304 12.6437 -6.3451
v -2.5656 12.6437 -5.4447
v -4.0311 10.0786 -8.2735
v -4.9315 10.0786 -5.6087
v -3.2500 12.5889 -5.0405
v -4.0311 10.0786 -8.2735
v -3.2500 12.5889 -5.0405
v -2.3495 12.5889 -7.7053
v -1.0486 18.1806 0.5448
v -1.6559 18.1806 3.1734
v 0.4233 19.0864 3.6538
v -1.0486 18.1806 0.5448
v 0.4233 19.0864 3.6538
v 1.0306 19.0864 1.0252
v -1.8311 17.9113 2.6789
v 0.7976 17.9113 3.2863
v 1.2058 19.3558 1.5197
v -1.8311 17.9113 2.6789
v 1.2058 19.3558 1.5197
v -1.4229 19.3558 0.9123
v -1.7438 5.5273 -0.8729
v 1.2074 5.5273 -0.4164
v 1.6173 7.3257 -3.0666
v -1.7438 5.5273 -0.8729
v 1.6173 7.3257 -3.0666
v -1.3339 7.3257 -3.5231
v 0.7724 5.2234 -0.3296
v 1.2289 5.2234 -3.2808
v -0.8990 7.6296 -3.6099
v 0.7724 5.2234 -0.3296
v -0.8990 7.6296 -3.6099
v -1.3554 7.6296 -0.6587
v -3.3999 17.3163 -2.5906
v -6.0962 17.3163 -1.1389
v -5.2139 19.3496 0.4999
v -3.3999 17.3163 -2.5906
v -5.2139 19.3496 0.4999
v -2.5176 19.3496 -0.9517
v -6.1420 17.7740 -1.7963
v -4.6904 17.7740 0.9000
v -2.4717 18.8919 -0.2944
v -6.1420 17.7740 -1.7963
v -2.4717 18.8919 -0.2944
v -3.9234 18.8919 -2.9907
v -1.5542 7.8646 1.8282
v -0.2985 7.8646 4.3670
v 1.6272 9.9144 3.4145
v -1.5542 7.8646 1.8282
v 1.6272 9.9144 3.4145
v 0.3715 9.9144 0.8757
v -0.6811 8.0800 4.3648
v 1.8577 8.0800 3.1091
v 0.7541 9.6989 0.8779
v -0.6811 8.0800 4.3648
v 0.7541 9.6989 0.8779
v -1.7847 9.6989 2.1336
v 1.4324 12.2204 -2.2071
v 3.5658 12.2204 -0.1771
v 5.2184 13.2973 -1.9138
v 1.4324 12.2204 -2.2071
v 5.2184 13.2973 -1.9138
v 3.0851 13.2973 -3.9439
v 2.8824 11.7084 -0.4496
v 4.9124 11.7084 -2.5829
v 3.7685 13.8093 -3.6714
v 2.8824 11.7084 -0.4496
v 3.7685 13.8093 -3.6714
v 1.7385 13.8093 -1.5381
v 1.2212 13.4326 -2.3786
v -1.3842 13.4326 -0.7941
v -0.3566 14.7651 0.8957
v 1.2212 13.4326 -2.3786
v -0.3566 14.7651 0.8957
v 2.2488 14.7651 -0.6887
v -1.1286 13.3163 -1.5767
v 0.4558 13.3163 1.0287
v 1.9932 14.8815 0.0938
v -1.1286 13.3163 -1.5767
v 1.9932 14.8815 0.0938
v 0.4088 14.8815 -2.5116
v 0.0025 12.6871 4.1781
v -1.6093 12.6871 1.9241
v -3.3985 14.7811 3.2036
v 0.0025 12.6871 4.1781
v -3.3985 14.7811 3.2036
v -1.7867 14.7811 5.4576
v -1.2834 12.8365 1.8887
v -3.5374 12.8365 3.5005
v -2.1126 14.6317 5.4930
v -1.2834 12.8365 1.8887
v -2.1126 14.6317 5.4930
v 0.1414 14.6317 3.8812
v 0.8432 10.1718 1.2943
v 3.3322 10.1718 1.9895
v 4.0257 11.6933 -0.4935
v 0.8432 10.1718 1.2943
v 4.0257 11.6933 -0.4935
v 1.5367 11.6933 -1.1886
v 3.3689 10.2483 2.0030
v 4.0641 10.2483 -0.4860
v 1.4999 11.6168 -1.2021
v 3.3689 10.2483 2.0030
v 1.4999 11.6168 -1.2021
v 0.8048 11.6168 1.2869
v 0.3385 15.0236 0.8622
v 2.9307 15.0236 1.8747
v 3.8905 16.4778 -0.5824
v 0.3385 15.0236 0.8622
v 3.8905 16.4778 -0.5824
v 1.2983 16.4778 -1.5950
v 2.7526 14.8796 1.8830
v 3.7652 14.8796 -0.7092
v 1.4763 16.6217 -1.6033
v 2.7526 14.8796 1.8830
v 1.4763 16.6217 -1.6033
v 0.4638 16.6217 0.9889
v 2.9247 14.4011 3.2290
v 5.4516 14.4011 2.0575
v 4.5896 15.7014 0.1983
v 2.9247 14.4011 3.2290
v 4.5896 15.7014 0.1983
v 2.0628 15.7014 1.3698
v 5.0304 14.1034 2.6584
v 3.8589 14.1034 0.1315
v 2.4839 15.9990 0.7690
v 5.0304 14.1034 2.6584
v 2.4839 15.9990 0.7690
v 3.6554 15.9990 3.2959
v 0.5247 5.8525 -2.5463
v -1.0083 5.8525 -4.9693
v -3.2441 6.8948 -3.5547
v 0.5247 5.8525 -2.5463
v -3.2441 6.8948 -3.5547
v -1.7110 6.8948 -1.1317
v -0.7956 5.6283 -4.8402
v -3.2185 5.6283 -3.3071
v -1.9238 7.1190 -1.2608
v -0.7956 5.6283 -4.8402
v -1.9238 7.1190 -1.2608
v 0.4992 7.1190 -2.7938
v 2.3249 9.7904 5.0273
v 5.0068 9.7904 5.3319
v 5.2320 11.8539 3.3488
v 2.3249 9.7904 5.0273
v 5.2320 11.8539 3.3488
v 2.5501 11.8539 3.0443
v 4.8701 10.1201 5.6703
v 5.1746 10.1201 2.9884
v 2.6867 11.5242 2.7059
v 4.8701 10.1201 5.6703
v 2.6867 11.5242 2.7059
v 2.3822 11.5242 5.3877
v -4.4831 9.3753 -0.0499
v -7.3948 9.3753 -0.6938
v -7.9107 10.7580 1.6391
v -4.4831 9.3753 -0.0499
v -7.9107 10.7580 1.6391
v -4.9991 10.7580 2.2830
v -6.9468 9.2299 -0.8983
v -7.5907 9.2299 2.0134
v -5.4470 10.9034 2.4874
v -6.9468 9.2299 -0.8983
v -5.4470 10.9034 2.4874
v -4.8031 10.9034 -0.4242
v 1.3841 4.9935 0.4546
v 3.9280 4.9935 -0.9222
v 3.1947 7.6070 -2.2773
v 1.3841 4.9935 0.4546
v 3.1947 7.6070 -2.2773
v 0.6508 7.6070 -0.9005
v 4.1371 5.5496 -0.2668
v 2.7604 5.5496 -2.8107
v 0.4417 7.0508 -1.5559
v 4.1371 5.5496 -0.2668
v 0.4417 7.0508 -1.5559
v 1.8184 7.0508 0.9881
v -3.4154 3.9930 -0.4289
v -6.2539 3.9930 0.0175
v -6.0573 6.0968 1.2679
v -3.4154 3.9930 -0.4289
v -6.0573 6.0968 1.2679
v -3.2188 6.0968 0.8215
v -5.6502 4.0358 -0.8911
v -5.2037 4.0358 1.9474
v -3.8225 6.0540 1.7301
v -5.6502 4.0358 -0.8911
v -3.8225 6.0540 1.7301
v -4.2690 6.0540 -1.1083
v -2.8511 8.7141 -0.6130
v -4.9074 8.7141 1.2767
v -3.3297 9.8392 2.9935
v -2.8511 8.7141 -0.6130
v -3.3297 9.8392 2.9935
v -1.2734 9.8392 1.1038
v -4.7043 8.3547 0.7769
v -2.8146 8.3547 2.8332
v -1.4765 10.1986 1.6035
v -4.7043 8.3547 0.7769
v -1.4765 10.1986 1.6035
v -3.3662 10.1986 -0.4528
v -0.5929 13.8775 -1.5411
v -2.9752 13.8775 -0.4662
v -2.3285 16.4287 0.9672
v -0.5929 13.8775 -1.5411
v -2.3285 16.4287 0.9672
v 0.0538 16.4287 -0.1076
v -3.2002 14.4417 -0.9357
v -2.1254 14.4417 1.4466
v 0.2788 15.8646 0.3619
v -3.2002 14.4417 -0.9357
v 0.2788 15.8646 0.3619
v -0.7960 15.8646 -2.0204
v 1.9635 10.1003 -3.1371
v 1.9170 10.1003 -5.8079
v 0.5625 12.2436 -5.7843
v 1.9635 10.1003 -3.1371
v 0.5625 12.2436 -5.7843
v 0.6090 12.2436 -3.1135
v 2.5847 10.1745 -5.2663
v -0.0860 10.1745 -5.2198
v -0.0588 12.1695 -3.6551
v 2.5847 10.1745 -5.2663
v -0.0588 12.1695 -3.6551
v 2.6120 12.1695 -3.7016
v 3.1863 12.1504 4.6858
v 4.1999 12.1504 2.3469
v 2.3295 13.6461 1.5363
v 3.1863 12.1504 4.6858
v 2.3295 13.6461 1.5363
v 1.3158 13.6461 3.8752
v 4.2011 11.8379 2.9861
v 1.8622 11.8379 1.9725
v 1.3147 13.9586 3.2359
v 4.2011 11.8379 2.9861
v 1.3147 13.9586 3.2359
v 3.6536 13.9586 4.2495
v -2.0686 16.2493 1.6091
v -1.0728 16.2493 3.9148
v 0.8959 17.7285 3.0647
v -2.0686 16.2493 1.6091
v 0.8959 17.7285 3.0647
v -0.0998 17.7285 0.7589
v -1.3659 16.0890 3.6993
v 0.9399 16.0890 2.7036
v 0.1932 17.8889 0.9745
v -1.3659 16.0890 3.6993
v 0.1932 17.8889 0.9745
v -2.1126 17.8889 1.9702
v -0.1743 9.7917 -2.6548
v -0.1347 9.7917 -5.4598
v -2.4333 10.7318 -5.4922
v -0.1743 9.7917 -2.6548
v -2.4333 10.7318 -5.4922
v -2.4729 10.7318 -2.6873
v 0.1078 9.2008 -4.6991
v -2.6972 9.2008 -4.7387
v -2.7154 11.3227 -3.4480
v 0.1078 9.2008 -4.6991
v -2.7154 11.3227 -3.4480
v 0.0895 11.3227 -3.4084
v -4.4091 13.1988 -4.7518
v -3.2191 13.1988 -2.5838
v -1.8500 15.7456 -3.3353
v -4.4091 13.1988 -4.7518
v -1.8500 15.7456 -3.3353
v -3.0400 15.7456 -5.5033
v -3.7046 13.4176 -2.5212
v -1.5366 13.4176 -3.7112
v -2.5546 15.5269 -5.5658
v -3.7046 13.4176 -2.5212
v -2.5546 15.5269 -5.5658
v -4.7226 15.5269 -4.3758
v 3.6173 9.4882 -0.8944
v 3.1056 9.4882 1.7972
v 4.8261 11.7566 2.1243
v 3.6173 9.4882 -0.8944
v 4.8261 11.7566 2.1243
v 5.3378 11.7566 -0.5674
v 2.7100 9.4978 1.2315
v 5.4017 9.4978 1.7432
v 5.7334 11.7470 -0.0016
v 2.7100 9.4978 1.2315
v 5.7334 11.7470 -0.0016
v 3.0417 11.7470 -0.5133
v -6.2811 7.6493 2.3081
v -7.1984 7.6493 4.8553
v -5.7549 9.8865 5.3752
v -6.2811 7.6493 2.3081
v -5.7549 9.8865 5.3752
v -4.8376 9.8865 2.8280
v -7.7232 8.3016 4.5814
v -5.1760 8.3016 5.4987
v -4.3128 9.2343 3.1020
v -7.7232 8.3016 4.5814
v -4.3128 9.2343 3.1020
v -6.8600 9.2343 2.1847
v -5.5722 18.9968 -3.0837
v -4.7625 18.9968 -0.4648
v -2.4032 20.3573 -1.1942
v -5.5722 18.9968 -3.0837
v -2.4032 20.3573 -1.1942
v -3.2129 20.3573 -3.8131
v -4.9184 19.0915 -0.5089
v -2.2995 19.0915 -1.3186
v -3.0570 20.2626 -3.7689
v -4.9184 19.0915 -0.5089
v -3.0570 20.2626 -3.7689
v -5.6759 20.2626 -2.9593
v -1.6627 6.3528 -1.2324
v -2.8684 6.3528 -3.7873
v -4.6095 8.2692 -2.9657
v -1.6627 6.3528 -1.2324
v -4.6095 8.2692 -2.9657
v -3.4038 8.2692 -0.4108
v -2.2787 6.3752 -3.5920
v -4.8336 6.3752 -2.3864
v -3.9935 8.2469 -0.6060
v -2.2787 6.3752 -3.5920
v -3.9935 8.2469 -0.6060
v -1.4386 8.2469 -1.8117
v 4.1789 11.0977 -2.4461
v 3.2976 11.0977 0.4885
v 5.2053 12.8701 1.0614
v 4.1789 11.0977 -2.4461
v 5.2053 12.8701 1.0614
v 6.0866 12.8701 -1.8732
v 2.9335 11.1169 -0.1631
v 5.8681 11.1169 0.7182
v 6.4507 12.8508 -1.2217
v 2.9335 11.1169 -0.1631
v 6.4507 12.8508 -1.2217
v 3.5160 12.8508 -2.1030
v 4.0508 14.4378 1.1072
v 5.1105 14.4378 -1.5172
v 3.6349 16.1962 -2.1130
v 4.0508 14.4378 1.1072
v 3.6349 16.1962 -2.1130
v 2.5752 16.1962 0.5114
v 5.5310 14.6864 -0.9042
v 2.9066 14.6864 -1.9639
v 2.1546 15.9477 -0.1016
v 5.5310 14.6864 -0.9042
v 2.1546 15.9477 -0.1016
v 4.7791 15.9477 0.9580
v -3.6322 17.7424 0.6260
v -3.9432 17.7424 3.2832
v -1.6600 19.4373 3.5504
v -3.6322 17.7424 0.6260
v -1.6600 19.4373 3.5504
v -1.3490 19.4373 0.8932
v -4.1134 17.8056 3.1180
v -1.4562 17.8056 3.4290
v -1.1788 19.3742 1.0583
v -4.1134 17.8056 3.1180
v -1.1788 19.3742 1.0583
v -3.8360 19.3742 0.7474
v -1.5745 5.6311 8.0287
v -0.6509 5.6311 5.6364
v -2.6000 7.5429 4.8839
v -1.5745 5.6311 8.0287
v -2.6000 7.5429 4.8839
v -3.5236 7.5429 7.2761
v -0.4345 5.9562 5.7354
v -2.8268 5.9562 4.8118
v -3.7400 7.2177 7.1772
v -0.4345 5.9562 5.7354
v -3.7400 7.2177 7.1772
v -1.3478 7.2177 8.1008
v 2.0616 14.7724 2.0206
v 0.0090 14.7724 3.0596
v 1.1189 15.8708 5.2523
v 2.0616 14.7724 2.0206
v 1.1189 15.8708 5.2523
v 3.1715 15.8708 4.2133
v 0.2692 14.3193 3.0159
v 1.3082 14.3193 5.0685
v 2.9112 16.3238 4.2570
v 0.2692 14.3193 3.0159
v 2.9112 16.3238 4.2570
v 1.8723 16.3238 2.2044
v -0.0281 19.2210 0.1446
v 0.4944 19.2210 -2.5026
v -1.6691 21.2178 -2.9297
v -0.0281 19.2210 0.1446
v -1.6691 21.2178 -2.9297
v -2.1916 21.2178 -0.2825
v 0.7069 19.3375 -2.3065
v -1.9403 19.3375 -2.8290
v -2.4042 21.1012 -0.4786
v 0.7069 19.3375 -2.3065
v -2.4042 21.1012 -0.4786
v 0.2430 21.1012 0.0439
v -2.8242 9.3305 -5.4708
v -0.3291 9.3305 -4.7306
v 0.1240 11.3075 -6.2580
v -2.8242 9.3305 -5.4708
v 0.1240 11.3075 -6.2580
v -2.3710 11.3075 -6.9982
v -0.9532 9.3333 -4.3893
v -0.2131 9.3333 -6.8844
v -1.7469 11.3048 -7.3394
v -0.9532 9.3333 -4.3893
v -1.7469 11.3048 -7.3394
v -2.4871 11.3048 -4.8444
v -2.6631 9.7850 -5.0653
v -4.5299 9.7850 -6.8966
v -6.1697 12.1230 -5.2249
v -2.6631 9.7850 -5.0653
v -6.1697 12.1230 -5.2249
v -4.3028 12.1230 -3.3936
v -4.1703 9.5910 -6.7354
v -6.0016 9.5910 -4.8685
v -4.6625 12.3169 -3.5549
v -4.1703 9.5910 -6.7354
v -4.6625 12.3169 -3.5549
v -2.8312 12.3169 -5.4218
v -8.9775 9.0559 2.0376
v -9.8488 9.0559 4.4534
v -7.9003 10.9933 5.1562
v -8.9775 9.0559 2.0376
v -7.9003 10.9933 5.1562
v -7.0290 10.9933 2.7404
v -9.9156 8.8483 3.9064
v -7.4997 8.8483 4.7777
v -6.9623 11.2009 3.2874
v -9.9156 8.8483 3.9064
v -6.9623 11.2009 3.2874
v -9.3781 11.2009 2.4161
v -3.4094 14.4383 2.5994
v -2.9778 14.4383 0.0717
v -5.1599 16.2475 -0.3009
v -3.4094 14.4383 2.5994
v -5.1599 16.2475 -0.3009
v -5.5915 16.2475 2.2267
v -2.8900 14.1431 0.5990
v -5.4176 14.1431 0.1673
v -5.6793 16.5427 1.6995
v -2.8900 14.1431 0.5990
v -5.6793 16.5427 1.6995
v -3.1517 16.5427 2.1311
v 3.0886 7.0190 1.5896
v 5.0471 7.0190 3.2840
v 6.4001 8.8595 1.7200
v 3.0886 7.0190 1.5896
v 6.4001 8.8595 1.7200
v 4.4417 8.8595 0.0256
v 4.5986 6.9117 3.2408
v 6.2929 6.9117 1.2824
v 4.8902 8.9669 0.0688
v 4.5986 6.9117 3.2408
v 4.8902 8.9669 0.0688
v 3.1958 8.9669 2.0272
v -3.4709 6.9650 4.2784
v -1.0665 6.9650 3.2078
v -1.7326 9.3139 1.7119
v -3.4709 6.9650 4.2784
v -1.7326 9.3139 1.7119
v -4.1369 9.3139 2.7825
v -1.2365 7.0329 3.8278
v -2.3071 7.0329 1.4234
v -3.9669 9.2460 2.1625
v -1.2365 7.0329 3.8278
v -3.9669 9.2460 2.1625
v -2.8963 9.2460 4.5669
v -1.3358 15.4577 2.8834
v 1.1556 15.4577 4.0177
v 2.0627 16.5029 2.0253
v -1.3358 15.4577 2.8834
v 2.0627 16.5029 2.0253
v -0.4288 16.5029 0.8910
v 0.8030 15.4826 4.1584
v 1.9372 15.4826 1.6669
v -0.0761 16.4780 0.7503
v 0.8030 15.4826 4.1584
v -0.0761 16.4780 0.7503
v -1.2104 16.4780 3.2418
v -1.7537 15.7444 0.6790
v -0.0362 15.7444 -1.5711
v -2.4007 16.9693 -3.3760
v -1.7537 15.7444 0.6790
v -2.4007 16.9693 -3.3760
v -4.1182 16.9693 -1.1259
v -0.1901 15.3520 -1.4881
v -2.4401 15.3520 -3.2057
v -3.9643 17.3617 -1.2089
v -0.1901 15.3520 -1.4881
v -3.9643 17.3617 -1.2089
v -1.7143 17.3617 0.5087
v 3.4385 11.8462 -4.3802
v 4.3792 11.8462 -1.6644
v 6.4830 13.5956 -2.3931
v 3.4385 11.8462 -4.3802
v 6.4830 13.5956 -2.3931
v 5.5423 13.5956 -5.1089
v 3.9703 11.8584 -1.8554
v 6.6861 11.8584 -2.7962
v 5.9512 13.5835 -4.9179
v 3.9703 11.8584 -1.8554
v 5.9512 13.5835 -4.9179
v 3.2354 13.5835 -3.9771
v -1.2045 10.2586 -6.5758
v -3.6214 10.2586 -7.0230
v -3.9436 12.5015 -5.2814
v -1.2045 10.2586 -6.5758
v -3.9436 12.5015 -5.2814
v -1.5267 12.5015 -4.8343
v -3.1275 10.1895 -7.2809
v -3.5746 10.1895 -4.8639
v -2.0206 12.5706 -4.5764
v -3.1275 10.1895 -7.2809
v -2.0206 12.5706 -4.5764
v -1.5735 12.5706 -6.9934
v -1.7290 10.6971 1.4193
v -2.0746 10.6971 4.0021
v 0.1245 12.8976 4.2964
v -1.7290 10.6971 1.4193
v 0.1245 12.8976 4.2964
v 0.4701 12.8976 1.7136
v -2.2857 11.2111 4.1206
v 0.2970 11.2111 4.4662
v 0.6812 12.3835 1.5951
v -2.2857 11.2111 4.1206
v 0.6812 12.3835 1.5951
v -1.9015 12.3835 1.2495
v -1.9600 10.6795 0.1565
v 0.9029 10.6795 0.0437
v 0.8384 13.3696 -1.5947
v -1.9600 10.6795 0.1565
v 0.8384 13.3696 -1.5947
v -2.0245 13.3696 -1.4819
v 0.6997 11.0101 0.6649
v 0.5869 11.0101 -2.1980
v -1.8213 13.0390 -2.1031
v 0.6997 11.0101 0.6649
v -1.8213 13.0390 -2.1031
v -1.7085 13.0390 0.7598
v 1.9161 13.5956 -0.6823
v 3.8953 13.5956 -2.9184
v 2.1162 15.2255 -4.4930
v 1.9161 13.5956 -0.6823
v 2.1162 15.2255 -4.4930
v 0.1371 15.2255 -2.2569
v 3.9707 13.7159 -2.5431
v 1.7346 13.7159 -4.5222
v 0.0617 15.1053 -2.6322
v 3.9707 13.7159 -2.5431
v 0.0617 15.1053 -2.6322
v 2.2978 15.1053 -0.6531
v -3.0421 10.3774 -1.2869
v -1.9216 10.3774 -4.0927
v -4.4691 11.4707 -5.1100
v -3.0421 10.3774 -1.2869
v -4.4691 11.4707 -5.1100
v -5.5895 11.4707 -2.3042
v -2.0683 9.6623 -3.3503
v -4.8741 9.6623 -4.4708
v -5.4428 12.1858 -3.0466
v -2.0683 9.6623 -3.3503
v -5.4428 12.1858 -3.0466
v -2.6371 12.1858 -1.9261
v -1.1663 9.8383 -8.9387
v -2.7491 9.8383 -6.6633
v -1.5455 12.0766 -5.8261
v -1.1663 9.8383 -8.9387
v -1.5455 12.0766 -5.8261
v 0.0373 12.0766 -8.1015
v -3.1144 10.1776 -7.2814
v -0.8391 10.1776 -5.6986
v 0.4026 11.7373 -7.4834
v -3.1144 10.1776 -7.2814
v 0.4026 11.7373 -7.4834
v -1.8728 11.7373 -9.0662
v 7.4694 12.3712 -1.8708
v 4.5358 12.3712 -2.5181
v 4.1857 13.9640 -0.9310
v 7.4694 12.3712 -1.8708
v 4.1857 13.9640 -0.9310
v 7.1192 13.9640 -0.2837
v 5.1246 12.7323 -3.0942
v 4.4773 12.7323 -0.1606
v 6.5305 13.6029 0.2924
v 5.1246 12.7323 -3.0942
v 6.5305 13.6029 0.2924
v 7.1778 13.6029 -2.6412
v -0.9429 17.6450 -2.1428
v 0.2604 17.6450 0.6108
v 2.2484 19.4851 -0.2579
v -0.9429 17.6450 -2.1428
v 2.2484 19.4851 -0.2579
v 1.0451 19.4851 -3.0115
v -0.2850 17.6592 0.4062
v 2.4687 17.6592 -0.7971
v 1.5904 19.4708 -2.8069
v -0.2850 17.6592 0.4062
v 1.5904 19.4708 -2.8069
v -1.1632 19.4708 -1.6036
v 1.5769 5.1495 6.0935
v -0.8854 5.1495 5.9468
v -1.0163 7.4493 8.1436
v 1.5769 5.1495 6.0935
v -1.0163 7.4493 8.1436
v 1.4461 7.4493 8.2903
v -1.0261 5.5104 5.8052
v -1.1728 5.5104 8.2675
v 1.5868 7.0884 8.4319
v -1.0261 5.5104 5.8052
v 1.5868 7.0884 8.4319
v 1.7335 7.0884 5.9696
v -5.0157 7.7154 3.0629
v -4.1181 7.7154 0.8877
v -5.8511 8.4530 0.1725
v -5.0157 7.7154 3.0629
v -5.8511 8.4530 0.1725
v -6.7488 8.4530 2.3476
v -4.1537 7.2119 1.6008
v -6.3288 7.2119 0.7031
v -6.7132 8.9565 1.6345
v -4.1537 7.2119 1.6008
v -6.7132 8.9565 1.6345
v -4.5380 8.9565 2.5322
v 3.4063 14.5905 5.4948
v 2.0709 14.5905 3.0911
v 0.1115 16.9303 4.1796
v 3.4063 14.5905 5.4948
v 0.1115 16.9303 4.1796
v 1.4469 16.9303 6.5833
v 2.2416 15.1032 2.8750
v -0.1621 15.1032 4.2104
v 1.2762 16.4176 6.7994
v 2.2416 15.1032 2.8750
v 1.2762 16.4176 6.7994
v 3.6799 16.4176 5.4640
v -4.3559 12.5034 5.8619
v -1.8265 12.5034 5.7874
v -1.8858 14.2062 3.7734
v -4.3559 12.5034 5.8619
v -1.8858 14.2062 3.7734
v -4.4152 14.2062 3.8478
v -2.3329 12.2705 6.0602
v -2.4074 12.2705 3.5308
v -3.9088 14.4392 3.5751
v -2.3329 12.2705 6.0602
v -3.9088 14.4392 3.5751
v -3.8343 14.4392 6.1044
v 0.0932 19.4352 0.3719
v -1.8659 19.4352 2.2949
v -0.5320 21.1401 3.6538
v 0.0932 19.4352 0.3719
v -0.5320 21.1401 3.6538
v 1.4271 21.1401 1.7308
v -1.8906 19.4849 1.7300
v 0.0325 19.4849 3.6890
v 1.4518 21.0903 2.2958
v -1.8906 19.4849 1.7300
v 1.4518 21.0903 2.2958
v -0.4713 21.0903 0.3368
v -4.4710 12.6975 3.2435
v -1.9033 12.6975 2.6747
v -2.2429 14.8708 1.1417
v -4.4710 12.6975 3.2435
v -2.2429 14.8708 1.1417
v -4.8105 14.8708 1.7105
v -2.1656 12.8176 3.2755
v -2.7344 12.8176 0.7079
v -4.5482 14.7507 1.1097
v -2.1656 12.8176 3.2755
v -4.5482 14.7507 1.1097
v -3.9795 14.7507 3.6773
v 1.6600 16.1675 2.4150
v 1.8253 16.1675 -0.0346
v -0.3295 18.4310 -0.1800
v 1.6600 16.1675 2.4150
v -0.3295 18.4310 -0.1800
v -0.4948 18.4310 2.2696
v 1.9661 16.2176 0.0727
v -0.4835 16.2176 -0.0926
v -0.6356 18.3810 2.1623
v 1.9661 16.2176 0.0727
v -0.6356 18.3810 2.1623
v 1.8139 18.3810 2.3275
v -1.8638 6.9024 -8.1367
v -0.7756 6.9024 -5.4034
v 0.7060 9.0947 -5.9933
v -1.8638 6.9024 -8.1367
v 0.7060 9.0947 -5.9933
v -0.3823 9.0947 -8.7266
v -1.4789 7.5027 -5.3488
v 1.2544 7.5027 -6.4370
v 0.3211 8.4944 -8.7812
v -1.4789 7.5027 -5.3488
v 0.3211 8.4944 -8.7812
v -2.4122 8.4944 -7.6930
v 3.3976 7.0292 -5.0842
v 0.7830 7.0292 -6.2970
v 0.1095 9.0054 -4.8450
v 3.3976 7.0292 -5.0842
v 0.1095 9.0054 -4.8450
v 2.7241 9.0054 -3.6323
v 1.5783 7.0822 -6.6345
v 0.3655 7.0822 -4.0200
v 1.9288 8.9524 -3.2948
v 1.5783 7.0822 -6.6345
v 1.9288 8.9524 -3.2948
v 3.1416 8.9524 -5.9093
v -0.9769 14.9139 -0.5992
v 1.6748 14.9139 -0.6220
v 1.6518 16.0192 -3.2978
v -0.9769 14.9139 -0.5992
v 1.6518 16.0192 -3.2978
v -0.9998 16.0192 -3.2750
v 1.2079 14.3014 -0.6300
v 1.1851 14.3014 -3.2817
v -0.5329 16.6317 -3.2670
v 1.2079 14.3014 -0.6300
v -0.5329 16.6317 -3.2670
v -0.5101 16.6317 -0.6153
v -3.8074 4.5804 0.8133
v -3.2051 4.5804 3.4868
v -1.1414 5.7073 3.0220
v -3.8074 4.5804 0.8133
v -1.1414 5.7073 3.0220
v -1.7436 5.7073 0.3484
v -3.6729 4.1239 2.8326
v -0.9993 4.1239 2.2304
v -1.2759 6.1638 1.0027
v -3.6729 4.1239 2.8326
v -1.2759 6.1638 1.0027
v -3.9494 6.1638 1.6049
v -5.3471 12.9268 3.5232
v -3.5179 12.9268 1.6524
v -4.5873 15.2758 0.6068
v -5.3471 12.9268 3.5232
v -4.5873 15.2758 0.6068
v -6.4165 15.2758 2.4777
v -3.3989 13.0434 2.3324
v -5.2698 13.0434 0.5032
v -6.5355 15.1593 1.7977
v -3.3989 13.0434 2.3324
v -6.5355 15.1593 1.7977
v -4.6646 15.1593 3.6269
v -6.0107 10.6583 4.7369
v -3.4930 10.6583 3.6189
v -4.2394 12.2144 1.9380
v -6.0107 10.6583 4.7369
v -4.2394 12.2144 1.9380
v -6.7571 12.2144 3.0559
v -3.7781 10.5952 4.2464
v -4.8960 10.5952 1.7287
v -6.4721 12.2776 2.4285
v -3.7781 10.5952 4.2464
v -6.4721 12.2776 2.4285
v -5.3541 12.2776 4.9462
v -0.1067 16.2751 -1.0109
v -2.5528 16.2751 -0.7306
v -2.3850 18.6623 0.7344
v -0.1067 16.2751 -1.0109
v -2.3850 18.6623 0.7344
v 0.0612 18.6623 0.4541
v -2.5442 16.6882 -1.2286
v -2.2639 16.6882 1.2176
v 0.0526 18.2492 0.9521
v -2.5442 16.6882 -1.2286
v 0.0526 18.2492 0.9521
v -0.2278 18.2492 -1.4941
v -4.1967 14.6922 1.6502
v -1.7574 14.6922 2.9694
v -0.9253 16.7258 1.4307
v -4.1967 14.6922 1.6502
v -0.9253 16.7258 1.4307
v -3.3646 16.7258 0.1116
v -2.4141 14.7302 3.1962
v -1.0950 14.7302 0.7570
v -2.7079 16.6879 -0.1153
v -2.4141 14.7302 3.1962
v -2.7079 16.6879 -0.1153
v -4.0271 16.6879 2.3239
v -1.7477 13.6354 -2.0289
v -3.0445 13.6354 -4.2833
v -5.2141 15.1246 -3.0353
v -1.7477 13.6354 -2.0289
v -5.2141 15.1246 -3.0353
v -3.9173 15.1246 -0.7808
v -2.9816 13.6486 -4.2720
v -5.2360 13.6486 -2.9752
v -3.9802 15.1114 -0.7921
v -2.9816 13.6486 -4.2720
v -3.9802 15.1114 -0.7921
v -1.7258 15.1114 -2.0890
v -6.5524 8.3166 3.9935
v -5.5557 8.3166 6.6194
v -4.1251 10.5677 6.0764
v -6.5524 8.3166 3.9935
v -4.1251 10.5677 6.0764
v -5.1218 10.5677 3.4505
v -6.2199 8.8324 6.6708
v -3.5940 8.8324 5.6742
v -4.4576 10.0519 3.3990
v -6.2199 8.8324 6.6708
v -4.4576 10.0519 3.3990
v -7.0834 10.0519 4.3957
v 2.8056 9.3658 4.1215
v 0.3778 9.3658 2.1077
v -0.5583 11.4327 3.2362
v 2.8056 9.3658 4.1215
v -0.5583 11.4327 3.2362
v 1.8695 11.4327 5.2500
v 1.3675 9.6102 1.8320
v -0.6463 9.6102 4.2598
v 0.8798 11.1883 5.5257
v 1.3675 9.6102 1.8320
v 0.8798 11.1883 5.5257
v 2.8936 11.1883 3.0979
v -1.7575 12.1372 0.7105
v -0.6102 12.1372 -1.9245
v -2.8093 14.0133 -2.8820
v -1.7575 12.1372 0.7105
v -2.8093 14.0133 -2.8820
v -3.9566 14.0133 -0.2470
v -0.4180 12.4164 -1.7706
v -3.0530 12.4164 -2.9178
v -4.1488 13.7341 -0.4009
v -0.4180 12.4164 -1.7706
v -4.1488 13.7341 -0.4009
v -1.5139 13.7341 0.7464
v -0.9595 8.3950 6.0268
v -0.9159 8.3950 3.0901
v -2.6322 10.4395 3.0646
v -0.9595 8.3950 6.0268
v -2.6322 10.4395 3.0646
v -2.6758 10.4395 6.0013
v -0.3125 8.5463 3.5562
v -3.2492 8.5463 3.5126
v -3.2792 10.2882 5.5353
v -0.3125 8.5463 3.5562
v -3.2792 10.2882 5.5353
v -0.3425 10.2882 5.5789
v 2.2662 10.2340 4.0446
v 4.7998 10.2340 2.7811
v 4.1159 12.3198 1.4097
v 2.2662 10.2340 4.0446
v 4.1159 12.3198 1.4097
v 1.5823 12.3198 2.6732
v 4.8020 10.5860 3.5056
v 3.5385 10.5860 0.9720
v 1.5801 11.9678 1.9487
v 4.8020 10.5860 3.5056
v 1.5801 11.9678 1.9487
v 2.8436 11.9678 4.4823
v -5.6312 9.7374 -2.4986
v -8.2829 9.7374 -1.8388
v -7.7040 11.5229 0.4877
v -5.6312 9.7374 -2.4986
v -7.7040 11.5229 0.4877
v -5.0523 11.5229 -0.1721
v -7.8147 9.3953 -2.1280
v -7.1549 9.3953 0.5237
v -5.5206 11.8650 0.1171
v -7.8147 9.3953 -2.1280
v -5.5206 11.8650 0.1171
v -6.1804 11.8650 -2.5346
v -1.4919 7.7016 -2.2871
v -0.2865 7.7016 -4.6106
v -1.8265 9.8208 -5.4095
v -1.4919 7.7016 -2.2871
v -1.8265 9.8208 -5.4095
v -3.0319 9.8208 -3.0860
v 0.0425 8.0539 -4.2865
v -2.2810 8.0539 -5.4919
v -3.3610 9.4684 -3.4102
v 0.0425 8.0539 -4.2865
v -3.3610 9.4684 -3.4102
v -1.0375 9.4684 -2.2048
v -0.2024 11.4601 -3.9316
v -0.6139 11.4601 -1.1583
v 1.5039 13.3038 -0.8441
v -0.2024 11.4601 -3.9316
v 1.5039 13.3038 -0.8441
v 1.9154 13.3038 -3.6173
v -0.8686 11.2963 -1.6995
v 1.9047 11.2963 -1.2880
v 2.1700 13.4676 -3.0762
v -0.8686 11.2963 -1.6995
v 2.1700 13.4676 -3.0762
v -0.6032 13.4676 -3.4877
v -2.4575 7.3420 1.8710
v -4.6634 7.3420 0.2484
v -5.9409 8.9817 1.9852
v -2.4575 7.3420 1.8710
v -5.9409 8.9817 1.9852
v -3.7351 8.9817 3.6077
v -4.3816 7.6027 0.0942
v -6.0042 7.6027 2.3001
v -4.0169 8.7210 3.7619
v -4.3816 7.6027 0.0942
v -4.0169 8.7210 3.7619
v -2.3943 8.7210 1.5561
v 5.2341 7.9001 4.7322
v 3.2383 7.9001 3.1711
v 2.1480 10.0707 4.5651
v 5.2341 7.9001 4.7322
v 2.1480 10.0707 4.5651
v 4.1438 10.0707 6.1262
v 3.8545 7.8248 3.1680
v 2.2934 7.8248 5.1638
v 3.5276 10.1460 6.1293
v 3.8545 7.8248 3.1680
v 3.5276 10.1460 6.1293
v 5.0887 10.1460 4.1335
v 0.8798 14.8164 -2.0539
v -0.5612 14.8164 -4.7392
v -1.8409 17.0951 -4.0526
v 0.8798 14.8164 -2.0539
v -1.8409 17.0951 -4.0526
v -0.3999 17.0951 -1.3672
v 0.5327 14.7981 -4.3875
v -2.1526 14.7981 -2.9466
v -1.4939 17.1134 -1.7189
v 0.5327 14.7981 -4.3875
v -1.4939 17.1134 -1.7189
v 1.1915 17.1134 -3.1598
v 1.5195 11.1295 -3.8631
v 2.4812 11.1295 -6.4913
v 0.3777 12.4311 -7.2611
v 1.5195 11.1295 -3.8631
v 0.3777 12.4311 -7.2611
v -0.5840 12.4311 -4.6329
v 2.5209 10.7253 -5.7870
v -0.1073 10.7253 -6.7487
v -0.6238 12.8353 -5.3372
v 2.5209 10.7253 -5.7870
v -0.6238 12.8353 -5.3372
v 2.0044 12.8353 -4.3755
v -3.4678 20.1381 -3.9119
v -3.6923 20.1381 -0.9400
v -2.1577 22.3313 -0.8241
v -3.4678 20.1381 -3.9119
v -2.1577 22.3313 -0.8241
v -1.9332 22.3313 -3.7960
v -4.3781 20.4082 -1.4289
v -1.4062 20.4082 -1.2044
v -1.2473 22.0611 -3.3071
v -4.3781 20.4082 -1.4289
v -1.2473 22.0611 -3.3071
v -4.2193 22.0611 -3.5316
v 1.0512 15.4272 4.0191
v 3.7464 15.4272 3.2039
v 3.1399 17.2251 1.1988
v 1.0512 15.4272 4.0191
v 3.1399 17.2251 1.1988
v 0.4448 17.2251 2.0139
v 3.6317 15.6084 3.6152
v 2.8166 15.6084 0.9200
v 0.5595 17.0440 1.6026
v 3.6317 15.6084 3.6152
v 0.5595 17.0440 1.6026
v 1.3746 17.0440 4.2978
v -4.5477 5.3773 3.1904
v -2.3233 5.3773 2.0420
v -3.4962 6.4521 -0.2301
v -4.5477 5.3773 3.1904
v -3.4962 6.4521 -0.2301
v -5.7207 6.4521 0.9182
v -2.3115 5.3780 2.0057
v -3.4598 5.3780 -0.2187
v -5.7325 6.4514 0.9545
v -2.3115 5.3780 2.0057
v -5.7325 6.4514 0.9545
v -4.5842 6.4514 3.1790
v 4.3870 13.5027 0.4243
v 7.0252 13.5027 -0.5070
v 6.5311 15.6113 -1.9069
v 4.3870 13.5027 0.4243
v 6.5311 15.6113 -1.9069
v 3.8928 15.6113 -0.9757
v 7.0463 14.0594 0.1819
v 6.1151 14.0594 -2.4564
v 3.8717 15.0545 -1.6645
v 7.0463 14.0594 0.1819
v 3.8717 15.0545 -1.6645
v 4.8030 15.0545 0.9737
v -2.8114 19.5208 3.4846
v -0.4750 19.5208 2.0708
v -1.6829 20.6623 0.0746
v -2.8114 19.5208 3.4846
v -1.6829 20.6623 0.0746
v -4.0193 20.6623 1.4884
v -0.5236 19.5675 2.3326
v -1.9374 19.5675 -0.0038
v -3.9707 20.6156 1.2266
v -0.5236 19.5675 2.3326
v -3.9707 20.6156 1.2266
v -2.5569 20.6156 3.5630
v -1.2623 11.7621 -2.6234
v -1.2540 11.7621 -5.7631
v -3.0144 13.7349 -5.7678
v -1.2623 11.7621 -2.6234
v -3.0144 13.7349 -5.7678
v -3.0227 13.7349 -2.6281
v -0.5654 12.1178 -5.3533
v -3.7051 12.1178 -5.3616
v -3.7113 13.3792 -3.0379
v -0.5654 12.1178 -5.3533
v -3.7113 13.3792 -3.0379
v -0.5716 13.3792 -3.0296
v -1.7653 12.4236 5.0977
v 0.7714 12.4236 6.2891
v 1.5203 14.2944 4.6946
v -1.7653 12.4236 5.0977
v 1.5203 14.2944 4.6946
v -1.0164 14.2944 3.5032
v 0.3424 12.8319 6.6626
v 1.5338 12.8319 4.1259
v -0.5874 13.8861 3.1297
v 0.3424 12.8319 6.6626
v -0.5874 13.8861 3.1297
v -1.7788 13.8861 5.6664
v 1.8987 9.6639 -2.3346
v 4.5206 9.6639 -2.2982
v 4.5492 10.9847 -4.3650
v 1.8987 9.6639 -2.3346
v 4.5492 10.9847 -4.3650
v 1.9273 10.9847 -4.4014
v 4.2226 9.6386 -2.0247
v 4.2590 9.6386 -4.6466
v 2.2253 11.0100 -4.6749
v 4.2226 9.6386 -2.0247
v 2.2253 11.0100 -4.6749
v 2.1890 11.0100 -2.0529
v 1.0624 8.2389 -2.0088
v 2.4006 8.2389 0.2148
v 4.2157 9.9497 -0.8776
v 1.0624 8.2389 -2.0088
v 4.2157 9.9497 -0.8776
v 2.8775 9.9497 -3.1012
v 1.8853 7.9232 -0.1791
v 4.1089 7.9232 -1.5173
v 3.3928 10.2654 -2.7073
v 1.8853 7.9232 -0.1791
v 3.3928 10.2654 -2.7073
v 1.1692 10.2654 -1.3691
v 1.6988 5.9555 6.8300
v 1.6478 5.9555 3.9210
v 0.1259 8.3641 3.9476
v 1.6988 5.9555 6.8300
v 0.1259 8.3641 3.9476
v 0.1768 8.3641 6.8566
v 2.3478 6.2418 4.2740
v -0.5613 6.2418 4.3250
v -0.5231 8.0777 6.5036
v 2.3478 6.2418 4.2740
v -0.5231 8.0777 6.5036
v 2.3859 8.0777 6.4526
v -3.7043 8.4208 -6.9592
v -3.9416 8.4208 -4.5254
v -1.1068 9.8577 -4.2490
v -3.7043 8.4208 -6.9592
v -1.1068 9.8577 -4.2490
v -0.8695 9.8577 -6.6828
v -3.7637 8.4862 -4.2744
v -1.3299 8.4862 -4.0370
v -1.0474 9.7923 -6.9338
v -3.7637 8.4862 -4.2744
v -1.0474 9.7923 -6.9338
v -3.4813 9.7923 -7.1712
v -1.0714 18.6117 1.3080
v -1.4045 18.6117 -1.3044
v -3.8783 19.6617 -0.9889
v -1.0714 18.6117 1.3080
v -3.8783 19.6617 -0.9889
v -3.5451 19.6617 1.6235
v -1.2749 18.0766 -0.8408
v -3.8874 18.0766 -0.5076
v -3.6747 20.1969 1.1599
v -1.2749 18.0766 -0.8408
v -3.6747 20.1969 1.1599
v -1.0623 20.1969 0.8267
v -2.9995 3.9461 1.5196
v -5.2229 3.9461 3.0650
v -4.4584 6.1646 4.1649
v -2.9995 3.9461 1.5196
v -4.4584 6.1646 4.1649
v -2.2351 6.1646 2.6195
v -5.4849 4.5603 2.4140
v -3.9395 4.5603 4.6374
v -1.9730 5.5504 3.2705
v -5.4849 4.5603 2.4140
v -1.9730 5.5504 3.2705
v -3.5184 5.5504 1.0471
v -2.4327 5.6890 6.8233
v -0.4271 5.6890 8.4787
v 0.6412 7.9942 7.1846
v -2.4327 5.6890 6.8233
v 0.6412 7.9942 7.1846
v -1.3645 7.9942 5.5291
v -0.7805 6.1085 8.7851
v 0.8749 6.1085 6.7794
v -1.0110 7.5747 5.2228
v -0.7805 6.1085 8.7851
v -1.0110 7.5747 5.2228
v -2.6665 7.5747 7.2284
v -5.7260 9.1966 2.1224
v -8.1428 9.1966 2.5336
v -7.8525 11.0912 4.2401
v -5.7260 9.1966 2.1224
v -7.8525 11.0912 4.2401
v -5.4357 11.0912 3.8289
v -8.0627 9.4560 2.1546
v -7.6515 9.4560 4.5713
v -5.5158 10.8318 4.2080
v -8.0627 9.4560 2.1546
v -5.5158 10.8318 4.2080
v -5.9270 10.8318 1.7912
v 1.5964 8.3231 -2.0975
v 0.7726 8.3231 -4.8983
v -1.4889 10.3413 -4.2331
v 1.5964 8.3231 -2.0975
v -1.4889 10.3413 -4.2331
v -0.6651 10.3413 -1.4324
v 1.1775 8.1294 -4.5176
v -1.6232 8.1294 -3.6938
v -1.0701 10.5350 -1.8131
v 1.1775 8.1294 -4.5176
v -1.0701 10.5350 -1.8131
v 1.7307 10.5350 -2.6368
v -2.6440 10.1718 1.0362
v -3.4114 10.1718 -1.7115
v -6.1337 11.5316 -0.9513
v -2.6440 10.1718 1.0362
v -6.1337 11.5316 -0.9513
v -5.3663 11.5316 1.7965
v -3.3685 9.9959 -1.6070
v -6.1162 9.9959 -0.8396
v -5.4092 11.7074 1.6919
v -3.3685 9.9959 -1.6070
v -5.4092 11.7074 1.6919
v -2.6615 11.7074 0.9245
v -5.7278 18.6950 1.6514
v -3.1096 18.6950 2.5129
v -2.3400 20.2234 0.1741
v -5.7278 18.6950 1.6514
v -2.3400 20.2234 0.1741
v -4.9581 20.2234 -0.6875
v -3.5591 18.3679 2.5198
v -2.6975 18.3679 -0.0984
v -4.5087 20.5504 -0.6943
v -3.5591 18.3679 2.5198
v -4.5087 20.5504 -0.6943
v -5.3702 20.5504 1.9238
v -1.1431 16.8301 2.7601
v -0.1522 16.8301 0.5241
v -1.6365 18.7654 -0.1336
v -1.1431 16.8301 2.7601
v -1.6365 18.7654 -0.1336
v -2.6274 18.7654 2.1024
v 0.1302 17.0162 0.9015
v -2.1058 17.0162 -0.0894
v -2.9098 18.5792 1.7250
v 0.1302 17.0162 0.9015
v -2.9098 18.5792 1.7250
v -0.6738 18.5792 2.7159
v 5.3131 12.9004 2.0897
v 2.8550 12.9004 0.9169
v 1.9954 14.9722 2.7188
v 5.3131 12.9004 2.0897
v 1.9954 14.9722 2.7188
v 4.4535 14.9722 3.8915
v 3.0388 13.3920 0.6018
v 1.8660 13.3920 3.0599
v 4.2697 14.4807 4.2066
v 3.0388 13.3920 0.6018
v 4.2697 14.4807 4.2066
v 5.4424 14.4807 1.7485
v -3.4192 10.0317 3.8533
v -1.0861 10.0317 2.4522
v -2.2362 12.2250 0.5371
v -3.4192 10.0317 3.8533
v -2.2362 12.2250 0.5371
v -4.5693 12.2250 1.9382
v -0.9609 10.3539 2.6614
v -2.3620 10.3539 0.3283
v -4.6945 11.9027 1.7290
v -0.9609 10.3539 2.6614
v -4.6945 11.9027 1.7290
v -3.2933 11.9027 4.0621
v 0.1926 4.6996 0.5225
v -1.1056 4.6996 -1.6025
v -2.6458 6.7700 -0.6615
v 0.1926 4.6996 0.5225
v -2.6458 6.7700 -0.6615
v -1.3476 6.7700 1.4634
v -0.7777 5.0271 -1.7230
v -2.9027 5.0271 -0.4248
v -1.6755 6.4425 1.5839
v -0.7777 5.0271 -1.7230
v -1.6755 6.4425 1.5839
v 0.4494 6.4425 0.2857
v -0.8760 12.9210 1.1085
v -2.8410 12.9210 3.0532
v -1.5689 15.6581 4.3386
v -0.8760 12.9210 1.1085
v -1.5689 15.6581 4.3386
v 0.3961 15.6581 2.3939
v -2.8481 12.9309 2.3875
v -0.9034 12.9309 4.3525
v 0.4032 15.6482 3.0595
v -2.8481 12.9309 2.3875
v 0.4032 15.6482 3.0595
v -1.5415 15.6482 1.0945
v 2.4660 7.7061 -5.5545
v 0.4305 7.7061 -7.1169
v -0.6252 9.6321 -5.7416
v 2.4660 7.7061 -5.5545
v -0.6252 9.6321 -5.7416
v 1.4104 9.6321 -4.1791
v 1.1362 7.5870 -7.0998
v -0.4262 7.5870 -5.0642
v 0.7046 9.7511 -4.1963
v 1.1362 7.5870 -7.0998
v 0.7046 9.7511 -4.1963
v 2.2670 9.7511 -6.2318
v -5.7220 5.4250 -1.5176
v -5.2464 5.4250 1.2286
v -3.4896 7.2841 0.9243
v -5.7220 5.4250 -1.5176
v -3.4896 7.2841 0.9243
v -3.9653 7.2841 -1.8219
v -5.8090 5.5378 0.9224
v -3.0628 5.5378 0.4467
v -3.4027 7.1713 -1.5156
v -5.8090 5.5378 0.9224
v -3.4027 7.1713 -1.5156
v -6.1489 7.1713 -1.0400
v -4.3931 14.5447 1.8498
v -5.2609 14.5447 -0.3548
v -6.7882 16.6478 0.2464
v -4.3931 14.5447 1.8498
v -6.7882 16.6478 0.2464
v -5.9204 16.6478 2.4509
v -4.9255 15.0003 -0.4963
v -7.1301 15.0003 0.3715
v -6.2558 16.1922 2.5924
v -4.9255 15.0003 -0.4963
v -6.2558 16.1922 2.5924
v -4.0512 16.1922 1.7246
v 3.2941 12.4424 -3.1247
v 3.0012 12.4424 -5.7490
v 0.3344 13.4316 -5.4514
v 3.2941 12.4424 -3.1247
v 0.3344 13.4316 -5.4514
v 0.6272 13.4316 -2.8272
v 3.0049 12.0176 -5.5229
v 0.3806 12.0176 -5.2301
v 0.6235 13.8564 -3.0532
v 3.0049 12.0176 -5.5229
v 0.6235 13.8564 -3.0532
v 3.2478 13.8564 -3.3461
v 3.5564 7.2472 0.1219
v 5.8728 7.2472 1.7876
v 6.7964 8.9526 0.5033
v 3.5564 7.2472 0.1219
v 6.7964 8.9526 0.5033
v 4.4800 8.9526 -1.1625
v 4.8379 7.1090 1.8263
v 6.5037 7.1090 -0.4901
v 5.5149 9.0908 -1.2012
v 4.8379 7.1090 1.8263
v 5.5149 9.0908 -1.2012
v 3.8491 9.0908 1.1152
v 0.4919 15.1390 0.9248
v 2.1957 15.1390 -0.8803
v 0.7143 16.3195 -2.2785
v 0.4919 15.1390 0.9248
v 0.7143 16.3195 -2.2785
v -0.9895 16.3195 -0.4734
v 2.1617 15.0420 -0.5200
v 0.3566 15.0420 -2.2238
v -0.9555 16.4165 -0.8337
v 2.1617 15.0420 -0.5200
v -0.9555 16.4165 -0.8337
v 0.8496 16.4165 0.8701
v -3.1202 12.4394 5.0716
v -5.2712 12.4394 3.6150
v -6.2616 14.6708 5.0775
v -3.1202 12.4394 5.0716
v -6.2616 14.6708 5.0775
v -4.1107 14.6708 6.5341
v -5.0327 12.9595 3.2744
v -6.4893 12.9595 5.4254
v -4.3492 14.1507 6.8747
v -5.0327 12.9595 3.2744
v -4.3492 14.1507 6.8747
v -2.8926 14.1507 4.7237
v 4.8795 13.6315 3.6536
v 2.2355 13.6315 2.9254
v 1.8523 16.0830 4.3166
v 4.8795 13.6315 3.6536
v 1.8523 16.0830 4.3166
v 4.4963 16.0830 5.0448
v 2.5518 14.1295 2.3386
v 1.8236 14.1295 4.9826
v 4.1800 15.5850 5.6316
v 2.5518 14.1295 2.3386
v 4.1800 15.5850 5.6316
v 4.9082 15.5850 2.9876
v -0.1096 18.9752 2.0292
v 2.9478 18.9752 1.6772
v 2.6933 20.0414 -0.5333
v -0.1096 18.9752 2.0292
v 2.6933 20.0414 -0.5333
v -0.3641 20.0414 -0.1812
v 2.4589 18.7826 2.1626
v 2.1069 18.7826 -0.8948
v 0.1247 20.2340 -0.6666
v 2.4589 18.7826 2.1626
v 0.1247 20.2340 -0.6666
v 0.4768 20.2340 2.3908
v 4.8839 8.8517 -2.9288
v 2.7140 8.8517 -4.0556
v 1.4880 10.0871 -1.6947
v 4.8839 8.8517 -2.9288
v 1.4880 10.0871 -1.6947
v 3.6579 10.0871 -0.5678
v 2.8723 8.3859 -3.8521
v 1.7455 8.3859 -1.6822
v 3.4996 10.5530 -0.7713
v 2.8723 8.3859 -3.8521
v 3.4996 10.5530 -0.7713
v 4.6265 10.5530 -2.9412
v -4.7938 12.3456 2.4963
v -4.1872 12.3456 5.1294
v -2.0539 13.1621 4.6379
v -4.7938 12.3456 2.4963
v -2.0539 13.1621 4.6379
v -2.6605 13.1621 2.0049
v -4.5431 11.9841 4.7268
v -1.9101 11.9841 4.1202
v -2.3046 13.5237 2.4075
v -4.5431 11.9841 4.7268
v -2.3046 13.5237 2.4075
v -4.9377 13.5237 3.0141
v 3.4291 5.1897 3.5871
v 3.7603 5.1897 0.8614
v 1.2170 7.8721 0.5523
v 3.4291 5.1897 3.5871
v 1.2170 7.8721 0.5523
v 0.8858 7.8721 3.2781
v 3.8901 5.7720 0.5554
v 1.1643 5.7720 0.2242
v 0.7561 7.2897 3.5841
v 3.8901 5.7720 0.5554
v 0.7561 7.2897 3.5841
v 3.4818 7.2897 3.9153
v -5.5153 10.4233 3.4820
v -5.1311 10.4233 0.9032
v -7.1743 12.2186 0.5988
v -5.5153 10.4233 3.4820
v -7.1743 12.2186 0.5988
v -7.5585 12.2186 3.1776
v -4.9335 10.2312 1.4138
v -7.5122 10.2312 1.0296
v -7.7561 12.4106 2.6670
v -4.9335 10.2312 1.4138
v -7.7561 12.4106 2.6670
v -5.1774 12.4106 3.0512
v 0.4771 9.0703 2.3859
v -0.6594 9.0703 -0.1826
v -2.5656 10.1939 0.6608
v 0.4771 9.0703 2.3859
v -2.5656 10.1939 0.6608
v -1.4290 10.1939 3.2293
v -0.0233 8.6429 0.3601
v -2.5918 8.6429 1.4966
v -2.0652 10.6213 2.6866
v -0.0233 8.6429 0.3601
v -2.0652 10.6213 2.6866
v 0.5033 10.6213 1.5500
v -3.5627 18.3097 0.1386
v -0.8920 18.3097 -0.1797
v -1.1978 19.9771 -2.7455
v -3.5627 18.3097 0.1386
v -1.1978 19.9771 -2.7455
v -3.8685 19.9771 -2.4272
v -1.1492 18.0485 -0.0958
v -1.4674 18.0485 -2.7665
v -3.6113 20.2384 -2.5111
v -1.1492 18.0485 -0.0958
v -3.6113 20.2384 -2.5111
v -3.2931 20.2384 0.1597
v 4.8660 7.6397 1.7707
v 3.0940 7.6397 3.8993
v 4.3197 9.6060 4.9198
v 4.8660 7.6397 1.7707
v 4.3197 9.6060 4.9198
v 6.0918 9.6060 2.7912
v 2.7966 8.0808 3.3384
v 4.9252 8.0808 5.1105
v 6.3891 9.1649 3.3521
v 2.7966 8.0808 3.3384
v 6.3891 9.1649 3.3521
v 4.2605 9.1649 1.5800
v -3.1602 13.9424 -2.0133
v -5.2959 13.9424 -0.3317
v -3.9403 15.4838 1.3899
v -3.1602 13.9424 -2.0133
v -3.9403 15.4838 1.3899
v -1.8047 15.4838 -0.2917
v -5.0331 13.6517 -0.8741
v -3.3514 13.6517 1.2616
v -2.0675 15.7746 0.2507
v -5.0331 13.6517 -0.8741
v -2.0675 15.7746 0.2507
v -3.7491 15.7746 -1.8850
v -1.8068 4.1080 6.8221
v -0.6251 4.1080 4.9977
v -1.7842 6.2014 4.2469
v -1.8068 4.1080 6.8221
v -1.7842 6.2014 4.2469
v -2.9659 6.2014 6.0714
v -0.3038 4.4944 5.2307
v -2.1282 4.4944 4.0490
v -3.2872 5.8150 5.8383
v -0.3038 4.4944 5.2307
v -3.2872 5.8150 5.8383
v -1.4628 5.8150 7.0201
v -5.6625 12.2848 -1.6555
v -3.5289 12.2848 0.1992
v -1.9154 13.3531 -1.6570
v -5.6625 12.2848 -1.6555
v -1.9154 13.3531 -1.6570
v -4.0490 13.3531 -3.5116
v -3.7706 12.3420 0.2326
v -1.9159 12.3420 -1.9010
v -3.8073 13.2959 -3.5451
v -3.7706 12.3420 0.2326
v -3.8073 13.2959 -3.5451
v -5.6619 13.2959 -1.4114
v -1.8781 5.8016 0.6333
v -2.5779 5.8016 3.2676
v -0.6544 7.7648 3.7785
v -1.8781 5.8016 0.6333
v -0.6544 7.7648 3.7785
v 0.0454 7.7648 1.1443
v -2.8587 5.8865 2.8924
v -0.2244 5.8865 3.5921
v 0.3262 7.6799 1.5195
v -2.8587 5.8865 2.8924
v 0.3262 7.6799 1.5195
v -2.3081 7.6799 0.8198
v 2.4691 12.2659 3.3735
v 2.3974 12.2659 5.8069
v 4.4637 14.0972 5.8678
v 2.4691 12.2659 3.3735
v 4.4637 14.0972 5.8678
v 4.5354 14.0972 3.4344
v 2.2115 12.7086 5.8816
v 4.6449 12.7086 5.9533
v 4.7213 13.6545 3.3597
v 2.2115 12.7086 5.8816
v 4.7213 13.6545 3.3597
v 2.2879 13.6545 3.2880
v 2.7630 9.0892 -6.0401
v 1.9957 9.0892 -8.3287
v -0.2889 10.2673 -7.5627
v 2.7630 9.0892 -6.0401
v -0.2889 10.2673 -7.5627
v 0.4784 10.2673 -5.2741
v 2.0515 8.8287 -8.1689
v -0.2371 8.8287 -7.4016
v 0.4226 10.5279 -5.4339
v 2.0515 8.8287 -8.1689
v 0.4226 10.5279 -5.4339
v 2.7112 10.5279 -6.2013
v -1.6440 10.2559 5.5821
v -1.9299 10.2559 3.1418
v -3.5941 12.5016 3.3368
v -1.6440 10.2559 5.5821
v -3.5941 12.5016 3.3368
v -3.3082 12.5016 5.7771
v -1.5362 10.6235 3.1446
v -3.9765 10.6235 3.4305
v -3.7019 12.1340 5.7743
v -1.5362 10.6235 3.1446
v -3.7019 12.1340 5.7743
v -1.2617 12.1340 5.4884
v -4.7747 11.3907 -2.1624
v -7.6585 11.3907 -3.2911
v -8.3054 12.8960 -1.6385
v -4.7747 11.3907 -2.1624
v -8.3054 12.8960 -1.6385
v -5.4216 12.8960 -0.5097
v -6.8404 11.4423 -3.6808
v -7.9692 11.4423 -0.7970
v -6.2396 12.8444 -0.1200
v -6.8404 11.4423 -3.6808
v -6.2396 12.8444 -0.1200
v -5.1109 12.8444 -3.0039
v -0.7749 11.6579 4.7076
v -3.3700 11.6579 4.6875
v -3.3863 12.7226 6.7885
v -0.7749 11.6579 4.7076
v -3.3863 12.7226 6.7885
v -0.7912 12.7226 6.8087
v -3.1207 11.6574 4.4424
v -3.1409 11.6574 7.0375
v -1.0404 12.7232 7.0538
v -3.1207 11.6574 4.4424
v -1.0404 12.7232 7.0538
v -1.0202 12.7232 4.4587
v -8.3487 8.1559 1.0142
v -8.8347 8.1559 3.5524
v -6.7814 9.9259 3.9456
v -8.3487 8.1559 1.0142
v -6.7814 9.9259 3.9456
v -6.2953 9.9259 1.4074
v -9.0600 8.3828 3.4166
v -6.5219 8.3828 3.9027
v -6.0700 9.6989 1.5431
v -9.0600 8.3828 3.4166
v -6.0700 9.6989 1.5431
v -8.6082 9.6989 1.0571
vt 0.00000 0.00000
vt 1.00000 0.00000
vt 1.00000 1.00000
vt 0.00000 0.00000
vt 1.00000 1.00000
vt 0.00000 1.00000
vt 0.00000 0.00000
vt 1.00000 0.00000
vt 1.00000 1.00000
vt 0.00000 0.00000
vt 1.00000 1.00000
vt 0.00000 1.00000
vt 0.00000 0.00000
vt 1.00000 0.00000
vt 1.00000 1.00000
vt 0.00000 0.00000
vt 1.00000 1.00000
vt 0.00000 1.00000
vt 0.00000 0.00000
vt 1.00000 0.00000
vt 1.00000 1.00000
vt 0.00000 0.00000
vt 1.00000 1.00000
vt 0.00000 1.00000
vt 0.00000 0.00000
vt 1.00000 0.00000
vt 1.00000 1.00000
vt 0.00000 0.00000
vt 1.00000 1.00000
vt 0.00000 1.00000
vt 0.00000 0.00000
vt 1.00000 0.00000
vt 1.00000 1.00000
vt 0.00000 0.00000
vt 1.00000 1.00000
vt 0.00000 1.00000
vt 0.00000 0.00000
vt 1.00000 0.00000
vt 1.00000 1.00000
vt 0.00000 0.00000
vt 1.00000 1.00000
vt 0.00000 1.00000
vt 0.00000 0.00000
vt 1.00000 0.00000
vt 1.00000 1.00000
vt 0.00000 0.00000
vt 1.00000 1.00000
vt 0.00000 1.00000
vt 0.00000 0.00000
vt 1.00000 0.00000
vt 1.00000 1.00000
vt 0.00000 0.00000
vt 1.00000 1.00000
vt 0.00000 1.00000
vt 0.00000 0.00000
vt 1.00000 0.00000
vt 1.00000 1.00000
vt 0.00000 0.00000
vt 1.00000 1.00000
vt 0.00000 1.00000
vt 0.00000 0.00000
vt 1.00000 0.00000
vt 1.00000 1.00000
vt 0.00000 0.00000
vt 1.00000 1.00000
vt 0.00000 1.00000
vt 0.00000 0.00000
vt 1.00000 0.00000
vt 1.00000 1.00000
vt 0.00000 0.00000
vt 1.00000 1.00000
vt 0.00000 1.00000
vt 0.00000 0.00000
vt 1.00000 0.00000
vt 1.00000 1.00000
vt 0.00000 0.00000
vt 1.00000 1.00000
vt 0.00000 1.00000
vt 0.00000 0.00000
vt 1.00000 0.00000
vt 1.00000 1.00000
vt 0.00000 0.00000
vt 1.00000 1.00000
vt 0.00000 1.00000
vt 0.00000 0.00000
vt 1.00000 0.00000
vt 1.00000 1.00000
vt 0.00000 0.00000
vt 1.00000 1.00000
vt 0.00000 1.00000
vt 0.00000 0.00000
vt 1.00000 0.00000
vt 1.00000 1.00000
vt 0.00000 0.00000
vt 1.00000 1.00000
vt 0.00000 1.00000
vt 0.00000 0.00000
vt 1.00000 0.00000
vt 1.00000 1.00000
vt 0.00000 0.00000
vt 1.00000 1.00000
vt 0.00000 1.00000
vt 0.00000 0.00000
vt 1.00000 0.00000
vt 1.00000 1.00000
vt 0.00000 0.00000
vt 1.00000 1.00000
vt 0.00000 1.00000
vt 0.00000 0.00000
vt 1.00000 0.00000
vt 1.00000 1.00000
vt 0.00000 0.00000
vt 1.00000 1.00000
vt 0.00000 1.00000
vt 0.00000 0.00000
vt 1.00000 0.00000
vt 1.00000 1.00000
vt 0.00000 0.00000
vt 1.00000 1.00000
vt 0.00000 1.00000
vt 0.00000 0.00000
vt 1.00000 0.00000
vt 1.00000 1.00000
vt 0.00000 0.00000
vt 1.00000 1.00000
vt 0.00000 1.00000
vt 0.00000 0.00000
vt 1.00000 0.00000
vt 1.00000 1.00000
vt 0.00000 0.00000
vt 1.00000 1.00000
vt 0.00000 1.00000
vt 0.00000 0.00000
vt 1.00000 0.00000
vt 1.00000 1.00000
vt 0.00000 0.00000
vt 1.00000 1.00000
vt 0.00000 1.00000
vt 0.00000 0.00000
vt 1.00000 0.00000
vt 1.00000 1.00000
vt 0.00000 0.00000
vt 1.00000 1.00000
vt 0.00000 1.00000
vt 0.00000 0.00000
vt 1.00000 0.00000
vt 1.00000 1.00000
vt 0.00000 0.00000
vt 1.00000 1.00000
vt 0.00000 1.00000
vt 0.00000 0.00000
vt 1.00000 0.00000
vt 1.00000 1.00000
vt 0.00000 0.00000
vt 1.00000 1.00000
vt 0.00000 1.00000
vt 0.00000 0.00000
vt 1.00000 0.00000
vt 1.00000 1.00000
vt 0.00000 0.00000
vt 1.00000 1.00000
vt 0.00000 1.00000
vt 0.00000 0.00000
vt 1.00000 0.00000
vt 1.00000 1.00000
vt 0.00000 0.00000
vt 1.00000 1.00000
vt 0.00000 1.00000
vt 0.00000 0.00000
vt 1.00000 0.00000
vt 1.00000 1.00000
vt 0.00000 0.00000
vt 1.00000 1.00000
vt 0.00000 1.00000
vt 0.00000 0.00000
vt 1.00000 0.00000
vt 1.00000 1.00000
vt 0.00000 0.00000
vt 1.00000 1.00000
vt 0.00000 1.00000
vt 0.00000 0.00000
vt 1.00000 0.00000
vt 1.00000 1.00000
vt 0.00000 0.00000
vt 1.00000 1.00000
vt 0.00000 1.00000
vt 0.00000 0.00000
vt 1.00000 0.00000
vt 1.00000 1.00000
vt 0.00000 0.00000
vt 1.00000 1.00000
vt 0.00000 1.00000
vt 0.00000 0.00000
vt 1.00000 0.00000
vt 1.00000 1.00000
vt 0.00000 0.00000
vt 1.00000 1.00000
vt 0.00000 1.00000
vt 0.00000 0.00000
vt 1.00000 0.00000
vt 1.00000 1.00000
vt 0.00000 0.00000
vt 1.00000 1.00000
vt 0.00000 1.00000
vt 0.00000 0.00000
vt 1.00000 0.00000
vt 1.00000 1.00000
vt 0.00000 0.00000
vt 1.00000 1.00000
vt 0.00000 1.00000
vt 0.00000 0.00000
vt 1.00000 0.00000
vt 1.00000 1.00000
vt 0.00000 0.00000
vt 1.00000 1.00000
vt 0.00000 1.00000
vt 0.00000 0.00000
vt 1.00000 0.00000
vt 1.00000 1.00000
vt 0.00000 0.00000
vt 1.00000 1.00000
vt 0.00000 1.00000
vt 0.00000 0.00000
vt 1.00000 0.00000
vt 1.00000 1.00000
vt 0.00000 0.00000
vt 1.00000 1.00000
vt 0.00000 1.00000
vt 0.00000 0.00000
vt 1.00000 0.00000
vt 1.00000 1.00000
vt 0.00000 0.00000
vt 1.00000 1.00000
vt 0.00000 1.00000
vt 0.00000 0.00000
vt 1.00000 0.00000
vt 1.00000 1.00000
vt 0.00000 0.00000
vt 1.00000 1.00000
vt 0.00000 1.00000
vt 0.00000 0.00000
vt 1.00000 0.00000
vt 1.00000 1.00000
vt 0.00000 0.00000
vt 1.00000 1.00000
vt 0.00000 1.00000
vt 0.00000 0.00000
vt 1.00000 0.00000
vt 1.00000 1.00000
vt 0.00000 0.00000
vt 1.00000 1.00000
vt 0.00000 1.00000
vt 0.00000 0.00000
vt 1.00000 0.00000
vt 1.00000 1.00000
vt 0.00000 0.00000
vt 1.00000 1.00000
vt 0.00000 1.00000
vt 0.00000 0.00000
vt 1.00000 0.00000
vt 1.00000 1.00000
vt 0.00000 0.00000
vt 1.00000 1.00000
vt 0.00000 1.00000
vt 0.00000 0.00000
vt 1.00000 0.00000
vt 1.00000 1.00000
vt 0.00000 0.00000
vt 1.00000 1.00000
vt 0.00000 1.00000
vt 0.00000 0.00000
vt 1.00000 0.00000
vt 1.00000 1.00000
vt 0.00000 0.00000
vt 1.00000 1.00000
vt 0.00000 1.00000
vt 0.00000 0.00000
vt 1.00000 0.00000
vt 1.00000 1.00000
vt 0.00000 0.00000
vt 1.00000 1.00000
vt 0.00000 1.00000
vt 0.00000 0.00000
vt 1.00000 0.00000
vt 1.00000 1.00000
vt 0.00000 0.00000
vt 1.00000 1.00000
vt 0.00000 1.00000
vt 0.00000 0.00000
vt 1.00000 0.00000
vt 1.00000 1.00000
vt 0.00000 0.00000
vt 1.00000 1.00000
vt 0.00000 1.00000
vt 0.00000 0.00000
vt 1.00000 0.00000
vt 1.00000 1.00000
vt 0.00000 0.00000
vt 1.00000 1.00000
vt 0.00000 1.00000
vt 0.00000 0.00000
vt 1.00000 0.00000
vt 1.00000 1.00000
vt 0.00000 0.00000
vt 1.00000 1.00000
vt 0.00000 1.00000
vt 0.00000 0.00000
vt 1.00000 0.00000
vt 1.00000 1.00000
vt 0.00000 0.00000
vt 1.00000 1.00000
vt 0.00000 1.00000
vt 0.00000 0.00000
vt 1.00000 0.00000
vt 1.00000 1.00000
vt 0.00000 0.00000
vt 1.00000 1.00000
vt 0.00000 1.00000
vt 0.00000 0.00000
vt 1.00000 0.00000
vt 1.00000 1.00000
vt 0.00000 0.00000
vt 1.00000 1.00000
vt 0.00000 1.00000
vt 0.00000 0.00000
vt 1.00000 0.00000
vt 1.00000 1.00000
vt 0.00000 0.00000
vt 1.00000 1.00000
vt 0.00000 1.00000
vt 0.00000 0.00000
vt 1.00000 0.00000
vt 1.00000 1.00000
vt 0.00000 0.00000
vt 1.00000 1.00000
vt 0.00000 1.00000
vt 0.00000 0.00000
vt 1.00000 0.00000
vt 1.00000 1.00000
vt 0.00000 0.00000
vt 1.00000 1.00000
vt 0.00000 1.00000
vt 0.00000 0.00000
vt 1.00000 0.00000
vt 1.00000 1.00000
vt 0.00000 0.00000
vt 1.00000 1.00000
vt 0.00000 1.00000
vt 0.00000 0.00000
vt 1.00000 0.00000
vt 1.00000 1.00000
vt 0.00000 0.00000
vt 1.00000 1.00000
vt 0.00000 1.00000
vt 0.00000 0.00000
vt 1.00000 0.00000
vt 1.00000 1.00000
vt 0.00000 0.00000
vt 1.00000 1.00000
vt 0.00000 1.00000
vt 0.00000 0.00000
vt 1.00000 0.00000
vt 1.00000 1.00000
vt 0.00000 0.00000
vt 1.00000 1.00000
vt 0.00000 1.00000
vt 0.00000 0.00000
vt 1.00000 0.00000
vt 1.00000 1.00000
vt 0.00000 0.00000
vt 1.00000 1.00000
vt 0.00000 1.00000
vt 0.00000 0.00000
vt 1.00000 0.00000
vt 1.00000 1.00000
vt 0.00000 0.00000
vt 1.00000 1.00000
vt 0.00000 1.00000
vt 0.00000 0.00000
vt 1.00000 0.00000
vt 1.00000 1.00000
vt 0.00000 0.00000
vt 1.00000 1.00000
vt 0.00000 1.00000
vt 0.00000 0.00000
vt 1.00000 0.00000
vt 1.00000 1.00000
vt 0.00000 0.00000
vt 1.00000 1.00000
vt 0.00000 1.00000
vt 0.00000 0.00000
vt 1.00000 0.00000
vt 1.00000 1.00000
vt 0.00000 0.00000
vt 1.00000 1.00000
vt 0.00000 1.00000
vt 0.00000 0.00000
vt 1.00000 0.00000
vt 1.00000 1.00000
vt 0.00000 0.00000
vt 1.00000 1.00000
vt 0.00000 1.00000
vt 0.00000 0.00000
vt 1.00000 0.00000
vt 1.00000 1.00000
vt 0.00000 0.00000
vt 1.00000 1.00000
vt 0.00000 1.00000
vt 0.00000 0.00000
vt 1.00000 0.00000
vt 1.00000 1.00000
vt 0.00000 0.00000
vt 1.00000 1.00000
vt 0.00000 1.00000
vt 0.00000 0.00000
vt 1.00000 0.00000
vt 1.00000 1.00000
vt 0.00000 0.00000
vt 1.00000 1.00000
vt 0.00000 1.00000
vt 0.00000 0.00000
vt 1.00000 0.00000
vt 1.00000 1.00000
vt 0.00000 0.00000
vt 1.00000 1.00000
vt 0.00000 1.00000
vt 0.00000 0.00000
vt 1.00000 0.00000
vt 1.00000 1.00000
vt 0.00000 0.00000
vt 1.00000 1.00000
vt 0.00000 1.00000
vt 0.00000 0.00000
vt 1.00000 0.00000
vt 1.00000 1.00000
vt 0.00000 0.00000
vt 1.00000 1.00000
vt 0.00000 1.00000
vt 0.00000 0.00000
vt 1.00000 0.00000
vt 1.00000 1.00000
vt 0.00000 0.00000
vt 1.00000 1.00000
vt 0.00000 1.00000
vt 0.00000 0.00000
vt 1.00000 0.00000
vt 1.00000 1.00000
vt 0.00000 0.00000
vt 1.00000 1.00000
vt 0.00000 1.00000
vt 0.00000 0.00000
vt 1.00000 0.00000
vt 1.00000 1.00000
vt 0.00000 0.00000
vt 1.00000 1.00000
vt 0.00000 1.00000
vt 0.00000 0.00000
vt 1.00000 0.00000
vt 1.00000 1.00000
vt 0.00000 0.00000
vt 1.00000 1.00000
vt 0.00000 1.00000
vt 0.00000 0.00000
vt 1.00000 0.00000
vt 1.00000 1.00000
vt 0.00000 0.00000
vt 1.00000 1.00000
vt 0.00000 1.00000
vt 0.00000 0.00000
vt 1.00000 0.00000
vt 1.00000 1.00000
vt 0.00000 0.00000
vt 1.00000 1.00000
vt 0.00000 1.00000
vt 0.00000 0.00000
vt 1.00000 0.00000
vt 1.00000 1.00000
vt 0.00000 0.00000
vt 1.00000 1.00000
vt 0.00000 1.00000
vt 0.00000 0.00000
vt 1.00000 0.00000
vt 1.00000 1.00000
vt 0.00000 0.00000
vt 1.00000 1.00000
vt 0.00000 1.00000
vt 0.00000 0.00000
vt 1.00000 0.00000
vt 1.00000 1.00000
vt 0.00000 0.00000
vt 1.00000 1.00000
vt 0.00000 1.00000
vt 0.00000 0.00000
vt 1.00000 0.00000
vt 1.00000 1.00000
vt 0.00000 0.00000
vt 1.00000 1.00000
vt 0.00000 1.00000
vt 0.00000 0.00000
vt 1.00000 0.00000
vt 1.00000 1.00000
vt 0.00000 0.00000
vt 1.00000 1.00000
vt 0.00000 1.00000
vt 0.00000 0.00000
vt 1.00000 0.00000
vt 1.00000 1.00000
vt 0.00000 0.00000
vt 1.00000 1.00000
vt 0.00000 1.00000
vt 0.00000 0.00000
vt 1.00000 0.00000
vt 1.00000 1.00000
vt 0.00000 0.00000
vt 1.00000 1.00000
vt 0.00000 1.00000
vt 0.00000 0.00000
vt 1.00000 0.00000
vt 1.00000 1.00000
vt 0.00000 0.00000
vt 1.00000 1.00000
vt 0.00000 1.00000
vt 0.00000 0.00000
vt 1.00000 0.00000
vt 1.00000 1.00000
vt 0.00000 0.00000
vt 1.00000 1.00000
vt 0.00000 1.00000
vt 0.00000 0.00000
vt 1.00000 0.00000
vt 1.00000 1.00000
vt 0.00000 0.00000
vt 1.00000 1.00000
vt 0.00000 1.00000
vt 0.00000 0.00000
vt 1.00000 0.00000
vt 1.00000 1.00000
vt 0.00000 0.00000
vt 1.00000 1.00000
vt 0.00000 1.00000
vt 0.00000 0.00000
vt 1.00000 0.00000
vt 1.00000 1.00000
vt 0.00000 0.00000
vt 1.00000 1.00000
vt 0.00000 1.00000
vt 0.00000 0.00000
vt 1.00000 0.00000
vt 1.00000 1.00000
vt 0.00000 0.00000
vt 1.00000 1.00000
vt 0.00000 1.00000
vt 0.00000 0.00000
vt 1.00000 0.00000
vt 1.00000 1.00000
vt 0.00000 0.00000
vt 1.00000 1.00000
vt 0.00000 1.00000
vt 0.00000 0.00000
vt 1.00000 0.00000
vt 1.00000 1.00000
vt 0.00000 0.00000
vt 1.00000 1.00000
vt 0.00000 1.00000
vt 0.00000 0.00000
vt 1.00000 0.00000
vt 1.00000 1.00000
vt 0.00000 0.00000
vt 1.00000 1.00000
vt 0.00000 1.00000
vt 0.00000 0.00000
vt 1.00000 0.00000
vt 1.00000 1.00000
vt 0.00000 0.00000
vt 1.00000 1.00000
vt 0.00000 1.00000
vt 0.00000 0.00000
vt 1.00000 0.00000
vt 1.00000 1.00000
vt 0.00000 0.00000
vt 1.00000 1.00000
vt 0.00000 1.00000
vt 0.00000 0.00000
vt 1.00000 0.00000
vt 1.00000 1.00000
vt 0.00000 0.00000
vt 1.00000 1.00000
vt 0.00000 1.00000
vt 0.00000 0.00000
vt 1.00000 0.00000
vt 1.00000 1.00000
vt 0.00000 0.00000
vt 1.00000 1.00000
vt 0.00000 1.00000
vt 0.00000 0.00000
vt 1.00000 0.00000
vt 1.00000 1.00000
vt 0.00000 0.00000
vt 1.00000 1.00000
vt 0.00000 1.00000
vt 0.00000 0.00000
vt 1.00000 0.00000
vt 1.00000 1.00000
vt 0.00000 0.00000
vt 1.00000 1.00000
vt 0.00000 1.00000
vt 0.00000 0.00000
vt 1.00000 0.00000
vt 1.00000 1.00000
vt 0.00000 0.00000
vt 1.00000 1.00000
vt 0.00000 1.00000
vt 0.00000 0.00000
vt 1.00000 0.00000
vt 1.00000 1.00000
vt 0.00000 0.00000
vt 1.00000 1.00000
vt 0.00000 1.00000
vt 0.00000 0.00000
vt 1.00000 0.00000
vt 1.00000 1.00000
vt 0.00000 0.00000
vt 1.00000 1.00000
vt 0.00000 1.00000
vt 0.00000 0.00000
vt 1.00000 0.00000
vt 1.00000 1.00000
vt 0.00000 0.00000
vt 1.00000 1.00000
vt 0.00000 1.00000
vt 0.00000 0.00000
vt 1.00000 0.00000
vt 1.00000 1.00000
vt 0.00000 0.00000
vt 1.00000 1.00000
vt 0.00000 1.00000
vt 0.00000 0.00000
vt 1.00000 0.00000
vt 1.00000 1.00000
vt 0.00000 0.00000
vt 1.00000 1.00000
vt 0.00000 1.00000
vt 0.00000 0.00000
vt 1.00000 0.00000
vt 1.00000 1.00000
vt 0.00000 0.00000
vt 1.00000 1.00000
vt 0.00000 1.00000
vt 0.00000 0.00000
vt 1.00000 0.00000
vt 1.00000 1.00000
vt 0.00000 0.00000
vt 1.00000 1.00000
vt 0.00000 1.00000
vt 0.00000 0.00000
vt 1.00000 0.00000
vt 1.00000 1.00000
vt 0.00000 0.00000
vt 1.00000 1.00000
vt 0.00000 1.00000
vt 0.00000 0.00000
vt 1.00000 0.00000
vt 1.00000 1.00000
vt 0.00000 0.00000
vt 1.00000 1.00000
vt 0.00000 1.00000
vt 0.00000 0.00000
vt 1.00000 0.00000
vt 1.00000 1.00000
vt 0.00000 0.00000
vt 1.00000 1.00000
vt 0.00000 1.00000
vt 0.00000 0.00000
vt 1.00000 0.00000
vt 1.00000 1.00000
vt 0.00000 0.00000
vt 1.00000 1.00000
vt 0.00000 1.00000
vt 0.00000 0.00000
vt 1.00000 0.00000
vt 1.00000 1.00000
vt 0.00000 0.00000
vt 1.00000 1.00000
vt 0.00000 1.00000
vt 0.00000 0.00000
vt 1.00000 0.00000
vt 1.00000 1.00000
vt 0.00000 0.00000
vt 1.00000 1.00000
vt 0.00000 1.00000
vt 0.00000 0.00000
vt 1.00000 0.00000
vt 1.00000 1.00000
vt 0.00000 0.00000
vt 1.00000 1.00000
vt 0.00000 1.00000
vt 0.00000 0.00000
vt 1.00000 0.00000
vt 1.00000 1.00000
vt 0.00000 0.00000
vt 1.00000 1.00000
vt 0.00000 1.00000
vt 0.00000 0.00000
vt 1.00000 0.00000
vt 1.00000 1.00000
vt 0.00000 0.00000
vt 1.00000 1.00000
vt 0.00000 1.00000
vt 0.00000 0.00000
vt 1.00000 0.00000
vt 1.00000 1.00000
vt 0.00000 0.00000
vt 1.00000 1.00000
vt 0.00000 1.00000
vt 0.00000 0.00000
vt 1.00000 0.00000
vt 1.00000 1.00000
vt 0.00000 0.00000
vt 1.00000 1.00000
vt 0.00000 1.00000
vt 0.00000 0.00000
vt 1.00000 0.00000
vt 1.00000 1.00000
vt 0.00000 0.00000
vt 1.00000 1.00000
vt 0.00000 1.00000
vt 0.00000 0.00000
vt 1.00000 0.00000
vt 1.00000 1.00000
vt 0.00000 0.00000
vt 1.00000 1.00000
vt 0.00000 1.00000
vt 0.00000 0.00000
vt 1.00000 0.00000
vt 1.00000 1.00000
vt 0.00000 0.00000
vt 1.00000 1.00000
vt 0.00000 1.00000
vt 0.00000 0.00000
vt 1.00000 0.00000
vt 1.00000 1.00000
vt 0.00000 0.00000
vt 1.00000 1.00000
vt 0.00000 1.00000
vt 0.00000 0.00000
vt 1.00000 0.00000
vt 1.00000 1.00000
vt 0.00000 0.00000
vt 1.00000 1.00000
vt 0.00000 1.00000
vt 0.00000 0.00000
vt 1.00000 0.00000
vt 1.00000 1.00000
vt 0.00000 0.00000
vt 1.00000 1.00000
vt 0.00000 1.00000
vt 0.00000 0.00000
vt 1.00000 0.00000
vt 1.00000 1.00000
vt 0.00000 0.00000
vt 1.00000 1.00000
vt 0.00000 1.00000
vt 0.00000 0.00000
vt 1.00000 0.00000
vt 1.00000 1.00000
vt 0.00000 0.00000
vt 1.00000 1.00000
vt 0.00000 1.00000
vt 0.00000 0.00000
vt 1.00000 0.00000
vt 1.00000 1.00000
vt 0.00000 0.00000
vt 1.00000 1.00000
vt 0.00000 1.00000
vt 0.00000 0.00000
vt 1.00000 0.00000
vt 1.00000 1.00000
vt 0.00000 0.00000
vt 1.00000 1.00000
vt 0.00000 1.00000
vt 0.00000 0.00000
vt 1.00000 0.00000
vt 1.00000 1.00000
vt 0.00000 0.00000
vt 1.00000 1.00000
vt 0.00000 1.00000
vt 0.00000 0.00000
vt 1.00000 0.00000
vt 1.00000 1.00000
vt 0.00000 0.00000
vt 1.00000 1.00000
vt 0.00000 1.00000
vt 0.00000 0.00000
vt 1.00000 0.00000
vt 1.00000 1.00000
vt 0.00000 0.00000
vt 1.00000 1.00000
vt 0.00000 1.00000
vt 0.00000 0.00000
vt 1.00000 0.00000
vt 1.00000 1.00000
vt 0.00000 0.00000
vt 1.00000 1.00000
vt 0.00000 1.00000
vt 0.00000 0.00000
vt 1.00000 0.00000
vt 1.00000 1.00000
vt 0.00000 0.00000
vt 1.00000 1.00000
vt 0.00000 1.00000
vt 0.00000 0.00000
vt 1.00000 0.00000
vt 1.00000 1.00000
vt 0.00000 0.00000
vt 1.00000 1.00000
vt 0.00000 1.00000
vt 0.00000 0.00000
vt 1.00000 0.00000
vt 1.00000 1.00000
vt 0.00000 0.00000
vt 1.00000 1.00000
vt 0.00000 1.00000
vt 0.00000 0.00000
vt 1.00000 0.00000
vt 1.00000 1.00000
vt 0.00000 0.00000
vt 1.00000 1.00000
vt 0.00000 1.00000
vt 0.00000 0.00000
vt 1.00000 0.00000
vt 1.00000 1.00000
vt 0.00000 0.00000
vt 1.00000 1.00000
vt 0.00000 1.00000
vt 0.00000 0.00000
vt 1.00000 0.00000
vt 1.00000 1.00000
vt 0.00000 0.00000
vt 1.00000 1.00000
vt 0.00000 1.00000
vt 0.00000 0.00000
vt 1.00000 0.00000
vt 1.00000 1.00000
vt 0.00000 0.00000
vt 1.00000 1.00000
vt 0.00000 1.00000
vt 0.00000 0.00000
vt 1.00000 0.00000
vt 1.00000 1.00000
vt 0.00000 0.00000
vt 1.00000 1.00000
vt 0.00000 1.00000
vt 0.00000 0.00000
vt 1.00000 0.00000
vt 1.00000 1.00000
vt 0.00000 0.00000
vt 1.00000 1.00000
vt 0.00000 1.00000
vt 0.00000 0.00000
vt 1.00000 0.00000
vt 1.00000 1.00000
vt 0.00000 0.00000
vt 1.00000 1.00000
vt 0.00000 1.00000
vt 0.00000 0.00000
vt 1.00000 0.00000
vt 1.00000 1.00000
vt 0.00000 0.00000
vt 1.00000 1.00000
vt 0.00000 1.00000
vt 0.00000 0.00000
vt 1.00000 0.00000
vt 1.00000 1.00000
vt 0.00000 0.00000
vt 1.00000 1.00000
vt 0.00000 1.00000
vt 0.00000 0.00000
vt 1.00000 0.00000
vt 1.00000 1.00000
vt 0.00000 0.00000
vt 1.00000 1.00000
vt 0.00000 1.00000
vt 0.00000 0.00000
vt 1.00000 0.00000
vt 1.00000 1.00000
vt 0.00000 0.00000
vt 1.00000 1.00000
vt 0.00000 1.00000
vt 0.00000 0.00000
vt 1.00000 0.00000
vt 1.00000 1.00000
vt 0.00000 0.00000
vt 1.00000 1.00000
vt 0.00000 1.00000
vt 0.00000 0.00000
vt 1.00000 0.00000
vt 1.00000 1.00000
vt 0.00000 0.00000
vt 1.00000 1.00000
vt 0.00000 1.00000
vt 0.00000 0.00000
vt 1.00000 0.00000
vt 1.00000 1.00000
vt 0.00000 0.00000
vt 1.00000 1.00000
vt 0.00000 1.00000
vt 0.00000 0.00000
vt 1.00000 0.00000
vt 1.00000 1.00000
vt 0.00000 0.00000
vt 1.00000 1.00000
vt 0.00000 1.00000
vt 0.00000 0.00000
vt 1.00000 0.00000
vt 1.00000 1.00000
vt 0.00000 0.00000
vt 1.00000 1.00000
vt 0.00000 1.00000
vt 0.00000 0.00000
vt 1.00000 0.00000
vt 1.00000 1.00000
vt 0.00000 0.00000
vt 1.00000 1.00000
vt 0.00000 1.00000
vt 0.00000 0.00000
vt 1.00000 0.00000
vt 1.00000 1.00000
vt 0.00000 0.00000
vt 1.00000 1.00000
vt 0.00000 1.00000
vt 0.00000 0.00000
vt 1.00000 0.00000
vt 1.00000 1.00000
vt 0.00000 0.00000
vt 1.00000 1.00000
vt 0.00000 1.00000
vt 0.00000 0.00000
vt 1.00000 0.00000
vt 1.00000 1.00000
vt 0.00000 0.00000
vt 1.00000 1.00000
vt 0.00000 1.00000
vt 0.00000 0.00000
vt 1.00000 0.00000
vt 1.00000 1.00000
vt 0.00000 0.00000
vt 1.00000 1.00000
vt 0.00000 1.00000
vt 0.00000 0.00000
vt 1.00000 0.00000
vt 1.00000 1.00000
vt 0.00000 0.00000
vt 1.00000 1.00000
vt 0.00000 1.00000
vt 0.00000 0.00000
vt 1.00000 0.00000
vt 1.00000 1.00000
vt 0.00000 0.00000
vt 1.00000 1.00000
vt 0.00000 1.00000
vt 0.00000 0.00000
vt 1.00000 0.00000
vt 1.00000 1.00000
vt 0.00000 0.00000
vt 1.00000 1.00000
vt 0.00000 1.00000
vt 0.00000 0.00000
vt 1.00000 0.00000
vt 1.00000 1.00000
vt 0.00000 0.00000
vt 1.00000 1.00000
vt 0.00000 1.00000
vt 0.00000 0.00000
vt 1.00000 0.00000
vt 1.00000 1.00000
vt 0.00000 0.00000
vt 1.00000 1.00000
vt 0.00000 1.00000
vt 0.00000 0.00000
vt 1.00000 0.00000
vt 1.00000 1.00000
vt 0.00000 0.00000
vt 1.00000 1.00000
vt 0.00000 1.00000
vt 0.00000 0.00000
vt 1.00000 0.00000
vt 1.00000 1.00000
vt 0.00000 0.00000
vt 1.00000 1.00000
vt 0.00000 1.00000
vt 0.00000 0.00000
vt 1.00000 0.00000
vt 1.00000 1.00000
vt 0.00000 0.00000
vt 1.00000 1.00000
vt 0.00000 1.00000
vt 0.00000 0.00000
vt 1.00000 0.00000
vt 1.00000 1.00000
vt 0.00000 0.00000
vt 1.00000 1.00000
vt 0.00000 1.00000
vt 0.00000 0.00000
vt 1.00000 0.00000
vt 1.00000 1.00000
vt 0.00000 0.00000
vt 1.00000 1.00000
vt 0.00000 1.00000
vt 0.00000 0.00000
vt 1.00000 0.00000
vt 1.00000 1.00000
vt 0.00000 0.00000
vt 1.00000 1.00000
vt 0.00000 1.00000
vt 0.00000 0.00000
vt 1.00000 0.00000
vt 1.00000 1.00000
vt 0.00000 0.00000
vt 1.00000 1.00000
vt 0.00000 1.00000
vt 0.00000 0.00000
vt 1.00000 0.00000
vt 1.00000 1.00000
vt 0.00000 0.00000
vt 1.00000 1.00000
vt 0.00000 1.00000
vt 0.00000 0.00000
vt 1.00000 0.00000
vt 1.00000 1.00000
vt 0.00000 0.00000
vt 1.00000 1.00000
vt 0.00000 1.00000
vt 0.00000 0.00000
vt 1.00000 0.00000
vt 1.00000 1.00000
vt 0.00000 0.00000
vt 1.00000 1.00000
vt 0.00000 1.00000
vt 0.00000 0.00000
vt 1.00000 0.00000
vt 1.00000 1.00000
vt 0.00000 0.00000
vt 1.00000 1.00000
vt 0.00000 1.00000
vt 0.00000 0.00000
vt 1.00000 0.00000
vt 1.00000 1.00000
vt 0.00000 0.00000
vt 1.00000 1.00000
vt 0.00000 1.00000
vt 0.00000 0.00000
vt 1.00000 0.00000
vt 1.00000 1.00000
vt 0.00000 0.00000
vt 1.00000 1.00000
vt 0.00000 1.00000
vt 0.00000 0.00000
vt 1.00000 0.00000
vt 1.00000 1.00000
vt 0.00000 0.00000
vt 1.00000 1.00000
vt 0.00000 1.00000
vt 0.00000 0.00000
vt 1.00000 0.00000
vt 1.00000 1.00000
vt 0.00000 0.00000
vt 1.00000 1.00000
vt 0.00000 1.00000
vt 0.00000 0.00000
vt 1.00000 0.00000
vt 1.00000 1.00000
vt 0.00000 0.00000
vt 1.00000 1.00000
vt 0.00000 1.00000
vt 0.00000 0.00000
vt 1.00000 0.00000
vt 1.00000 1.00000
vt 0.00000 0.00000
vt 1.00000 1.00000
vt 0.00000 1.00000
vt 0.00000 0.00000
vt 1.00000 0.00000
vt 1.00000 1.00000
vt 0.00000 0.00000
vt 1.00000 1.00000
vt 0.00000 1.00000
vt 0.00000 0.00000
vt 1.00000 0.00000
vt 1.00000 1.00000
vt 0.00000 0.00000
vt 1.00000 1.00000
vt 0.00000 1.00000
vt 0.00000 0.00000
vt 1.00000 0.00000
vt 1.00000 1.00000
vt 0.00000 0.00000
vt 1.00000 1.00000
vt 0.00000 1.00000
vt 0.00000 0.00000
vt 1.00000 0.00000
vt 1.00000 1.00000
vt 0.00000 0.00000
vt 1.00000 1.00000
vt 0.00000 1.00000
vt 0.00000 0.00000
vt 1.00000 0.00000
vt 1.00000 1.00000
vt 0.00000 0.00000
vt 1.00000 1.00000
vt 0.00000 1.00000
vt 0.00000 0.00000
vt 1.00000 0.00000
vt 1.00000 1.00000
vt 0.00000 0.00000
vt 1.00000 1.00000
vt 0.00000 1.00000
vt 0.00000 0.00000
vt 1.00000 0.00000
vt 1.00000 1.00000
vt 0.00000 0.00000
vt 1.00000 1.00000
vt 0.00000 1.00000
vt 0.00000 0.00000
vt 1.00000 0.00000
vt 1.00000 1.00000
vt 0.00000 0.00000
vt 1.00000 1.00000
vt 0.00000 1.00000
vt 0.00000 0.00000
vt 1.00000 0.00000
vt 1.00000 1.00000
vt 0.00000 0.00000
vt 1.00000 1.00000
vt 0.00000 1.00000
vt 0.00000 0.00000
vt 1.00000 0.00000
vt 1.00000 1.00000
vt 0.00000 0.00000
vt 1.00000 1.00000
vt 0.00000 1.00000
vt 0.00000 0.00000
vt 1.00000 0.00000
vt 1.00000 1.00000
vt 0.00000 0.00000
vt 1.00000 1.00000
vt 0.00000 1.00000
vt 0.00000 0.00000
vt 1.00000 0.00000
vt 1.00000 1.00000
vt 0.00000 0.00000
vt 1.00000 1.00000
vt 0.00000 1.00000
vt 0.00000 0.00000
vt 1.00000 0.00000
vt 1.00000 1.00000
vt 0.00000 0.00000
vt 1.00000 1.00000
vt 0.00000 1.00000
vt 0.00000 0.00000
vt 1.00000 0.00000
vt 1.00000 1.00000
vt 0.00000 0.00000
vt 1.00000 1.00000
vt 0.00000 1.00000
vt 0.00000 0.00000
vt 1.00000 0.00000
vt 1.00000 1.00000
vt 0.00000 0.00000
vt 1.00000 1.00000
vt 0.00000 1.00000
vt 0.00000 0.00000
vt 1.00000 0.00000
vt 1.00000 1.00000
vt 0.00000 0.00000
vt 1.00000 1.00000
vt 0.00000 1.00000
vt 0.00000 0.00000
vt 1.00000 0.00000
vt 1.00000 1.00000
vt 0.00000 0.00000
vt 1.00000 1.00000
vt 0.00000 1.00000
vt 0.00000 0.00000
vt 1.00000 0.00000
vt 1.00000 1.00000
vt 0.00000 0.00000
vt 1.00000 1.00000
vt 0.00000 1.00000
vt 0.00000 0.00000
vt 1.00000 0.00000
vt 1.00000 1.00000
vt 0.00000 0.00000
vt 1.00000 1.00000
vt 0.00000 1.00000
vt 0.00000 0.00000
vt 1.00000 0.00000
vt 1.00000 1.00000
vt 0.00000 0.00000
vt 1.00000 1.00000
vt 0.00000 1.00000
vt 0.00000 0.00000
vt 1.00000 0.00000
vt 1.00000 1.00000
vt 0.00000 0.00000
vt 1.00000 1.00000
vt 0.00000 1.00000
vt 0.00000 0.00000
vt 1.00000 0.00000
vt 1.00000 1.00000
vt 0.00000 0.00000
vt 1.00000 1.00000
vt 0.00000 1.00000
vt 0.00000 0.00000
vt 1.00000 0.00000
vt 1.00000 1.00000
vt 0.00000 0.00000
vt 1.00000 1.00000
vt 0.00000 1.00000
vt 0.00000 0.00000
vt 1.00000 0.00000
vt 1.00000 1.00000
vt 0.00000 0.00000
vt 1.00000 1.00000
vt 0.00000 1.00000
vt 0.00000 0.00000
vt 1.00000 0.00000
vt 1.00000 1.00000
vt 0.00000 0.00000
vt 1.00000 1.00000
vt 0.00000 1.00000
vt 0.00000 0.00000
vt 1.00000 0.00000
vt 1.00000 1.00000
vt 0.00000 0.00000
vt 1.00000 1.00000
vt 0.00000 1.00000
vt 0.00000 0.00000
vt 1.00000 0.00000
vt 1.00000 1.00000
vt 0.00000 0.00000
vt 1.00000 1.00000
vt 0.00000 1.00000
vt 0.00000 0.00000
vt 1.00000 0.00000
vt 1.00000 1.00000
vt 0.00000 0.00000
vt 1.00000 1.00000
vt 0.00000 1.00000
vt 0.00000 0.00000
vt 1.00000 0.00000
vt 1.00000 1.00000
vt 0.00000 0.00000
vt 1.00000 1.00000
vt 0.00000 1.00000
vt 0.00000 0.00000
vt 1.00000 0.00000
vt 1.00000 1.00000
vt 0.00000 0.00000
vt 1.00000 1.00000
vt 0.00000 1.00000
vt 0.00000 0.00000
vt 1.00000 0.00000
vt 1.00000 1.00000
vt 0.00000 0.00000
vt 1.00000 1.00000
vt 0.00000 1.00000
vt 0.00000 0.00000
vt 1.00000 0.00000
vt 1.00000 1.00000
vt 0.00000 0.00000
vt 1.00000 1.00000
vt 0.00000 1.00000
vt 0.00000 0.00000
vt 1.00000 0.00000
vt 1.00000 1.00000
vt 0.00000 0.00000
vt 1.00000 1.00000
vt 0.00000 1.00000
vt 0.00000 0.00000
vt 1.00000 0.00000
vt 1.00000 1.00000
vt 0.00000 0.00000
vt 1.00000 1.00000
vt 0.00000 1.00000
vt 0.00000 0.00000
vt 1.00000 0.00000
vt 1.00000 1.00000
vt 0.00000 0.00000
vt 1.00000 1.00000
vt 0.00000 1.00000
vt 0.00000 0.00000
vt 1.00000 0.00000
vt 1.00000 1.00000
vt 0.00000 0.00000
vt 1.00000 1.00000
vt 0.00000 1.00000
vt 0.00000 0.00000
vt 1.00000 0.00000
vt 1.00000 1.00000
vt 0.00000 0.00000
vt 1.00000 1.00000
vt 0.00000 1.00000
vt 0.00000 0.00000
vt 1.00000 0.00000
vt 1.00000 1.00000
vt 0.00000 0.00000
vt 1.00000 1.00000
vt 0.00000 1.00000
vt 0.00000 0.00000
vt 1.00000 0.00000
vt 1.00000 1.00000
vt 0.00000 0.00000
vt 1.00000 1.00000
vt 0.00000 1.00000
vt 0.00000 0.00000
vt 1.00000 0.00000
vt 1.00000 1.00000
vt 0.00000 0.00000
vt 1.00000 1.00000
vt 0.00000 1.00000
vt 0.00000 0.00000
vt 1.00000 0.00000
vt 1.00000 1.00000
vt 0.00000 0.00000
vt 1.00000 1.00000
vt 0.00000 1.00000
vt 0.00000 0.00000
vt 1.00000 0.00000
vt 1.00000 1.00000
vt 0.00000 0.00000
vt 1.00000 1.00000
vt 0.00000 1.00000
vt 0.00000 0.00000
vt 1.00000 0.00000
vt 1.00000 1.00000
vt 0.00000 0.00000
vt 1.00000 1.00000
vt 0.00000 1.00000
vt 0.00000 0.00000
vt 1.00000 0.00000
vt 1.00000 1.00000
vt 0.00000 0.00000
vt 1.00000 1.00000
vt 0.00000 1.00000
vt 0.00000 0.00000
vt 1.00000 0.00000
vt 1.00000 1.00000
vt 0.00000 0.00000
vt 1.00000 1.00000
vt 0.00000 1.00000
vt 0.00000 0.00000
vt 1.00000 0.00000
vt 1.00000 1.00000
vt 0.00000 0.00000
vt 1.00000 1.00000
vt 0.00000 1.00000
vt 0.00000 0.00000
vt 1.00000 0.00000
vt 1.00000 1.00000
vt 0.00000 0.00000
vt 1.00000 1.00000
vt 0.00000 1.00000
vt 0.00000 0.00000
vt 1.00000 0.00000
vt 1.00000 1.00000
vt 0.00000 0.00000
vt 1.00000 1.00000
vt 0.00000 1.00000
vt 0.00000 0.00000
vt 1.00000 0.00000
vt 1.00000 1.00000
vt 0.00000 0.00000
vt 1.00000 1.00000
vt 0.00000 1.00000
vt 0.00000 0.00000
vt 1.00000 0.00000
vt 1.00000 1.00000
vt 0.00000 0.00000
vt 1.00000 1.00000
vt 0.00000 1.00000
vt 0.00000 0.00000
vt 1.00000 0.00000
vt 1.00000 1.00000
vt 0.00000 0.00000
vt 1.00000 1.00000
vt 0.00000 1.00000
vt 0.00000 0.00000
vt 1.00000 0.00000
vt 1.00000 1.00000
vt 0.00000 0.00000
vt 1.00000 1.00000
vt 0.00000 1.00000
vt 0.00000 0.00000
vt 1.00000 0.00000
vt 1.00000 1.00000
vt 0.00000 0.00000
vt 1.00000 1.00000
vt 0.00000 1.00000
vt 0.00000 0.00000
vt 1.00000 0.00000
vt 1.00000 1.00000
vt 0.00000 0.00000
vt 1.00000 1.00000
vt 0.00000 1.00000
vt 0.00000 0.00000
vt 1.00000 0.00000
vt 1.00000 1.00000
vt 0.00000 0.00000
vt 1.00000 1.00000
vt 0.00000 1.00000
vt 0.00000 0.00000
vt 1.00000 0.00000
vt 1.00000 1.00000
vt 0.00000 0.00000
vt 1.00000 1.00000
vt 0.00000 1.00000
vt 0.00000 0.00000
vt 1.00000 0.00000
vt 1.00000 1.00000
vt 0.00000 0.00000
vt 1.00000 1.00000
vt 0.00000 1.00000
vt 0.00000 0.00000
vt 1.00000 0.00000
vt 1.00000 1.00000
vt 0.00000 0.00000
vt 1.00000 1.00000
vt 0.00000 1.00000
vt 0.00000 0.00000
vt 1.00000 0.00000
vt 1.00000 1.00000
vt 0.00000 0.00000
vt 1.00000 1.00000
vt 0.00000 1.00000
vt 0.00000 0.00000
vt 1.00000 0.00000
vt 1.00000 1.00000
vt 0.00000 0.00000
vt 1.00000 1.00000
vt 0.00000 1.00000
vt 0.00000 0.00000
vt 1.00000 0.00000
vt 1.00000 1.00000
vt 0.00000 0.00000
vt 1.00000 1.00000
vt 0.00000 1.00000
vt 0.00000 0.00000
vt 1.00000 0.00000
vt 1.00000 1.00000
vt 0.00000 0.00000
vt 1.00000 1.00000
vt 0.00000 1.00000
vt 0.00000 0.00000
vt 1.00000 0.00000
vt 1.00000 1.00000
vt 0.00000 0.00000
vt 1.00000 1.00000
vt 0.00000 1.00000
vt 0.00000 0.00000
vt 1.00000 0.00000
vt 1.00000 1.00000
vt 0.00000 0.00000
vt 1.00000 1.00000
vt 0.00000 1.00000
vt 0.00000 0.00000
vt 1.00000 0.00000
vt 1.00000 1.00000
vt 0.00000 0.00000
vt 1.00000 1.00000
vt 0.00000 1.00000
vt 0.00000 0.00000
vt 1.00000 0.00000
vt 1.00000 1.00000
vt 0.00000 0.00000
vt 1.00000 1.00000
vt 0.00000 1.00000
vt 0.00000 0.00000
vt 1.00000 0.00000
vt 1.00000 1.00000
vt 0.00000 0.00000
vt 1.00000 1.00000
vt 0.00000 1.00000
vt 0.00000 0.00000
vt 1.00000 0.00000
vt 1.00000 1.00000
vt 0.00000 0.00000
vt 1.00000 1.00000
vt 0.00000 1.00000
vt 0.00000 0.00000
vt 1.00000 0.00000
vt 1.00000 1.00000
vt 0.00000 0.00000
vt 1.00000 1.00000
vt 0.00000 1.00000
vt 0.00000 0.00000
vt 1.00000 0.00000
vt 1.00000 1.00000
vt 0.00000 0.00000
vt 1.00000 1.00000
vt 0.00000 1.00000
vt 0.00000 0.00000
vt 1.00000 0.00000
vt 1.00000 1.00000
vt 0.00000 0.00000
vt 1.00000 1.00000
vt 0.00000 1.00000
vt 0.00000 0.00000
vt 1.00000 0.00000
vt 1.00000 1.00000
vt 0.00000 0.00000
vt 1.00000 1.00000
vt 0.00000 1.00000
vt 0.00000 0.00000
vt 1.00000 0.00000
vt 1.00000 1.00000
vt 0.00000 0.00000
vt 1.00000 1.00000
vt 0.00000 1.00000
vt 0.00000 0.00000
vt 1.00000 0.00000
vt 1.00000 1.00000
vt 0.00000 0.00000
vt 1.00000 1.00000
vt 0.00000 1.00000
vt 0.00000 0.00000
vt 1.00000 0.00000
vt 1.00000 1.00000
vt 0.00000 0.00000
vt 1.00000 1.00000
vt 0.00000 1.00000
vt 0.00000 0.00000
vt 1.00000 0.00000
vt 1.00000 1.00000
vt 0.00000 0.00000
vt 1.00000 1.00000
vt 0.00000 1.00000
vt 0.00000 0.00000
vt 1.00000 0.00000
vt 1.00000 1.00000
vt 0.00000 0.00000
vt 1.00000 1.00000
vt 0.00000 1.00000
vt 0.00000 0.00000
vt 1.00000 0.00000
vt 1.00000 1.00000
vt 0.00000 0.00000
vt 1.00000 1.00000
vt 0.00000 1.00000
vt 0.00000 0.00000
vt 1.00000 0.00000
vt 1.00000 1.00000
vt 0.00000 0.00000
vt 1.00000 1.00000
vt 0.00000 1.00000
vt 0.00000 0.00000
vt 1.00000 0.00000
vt 1.00000 1.00000
vt 0.00000 0.00000
vt 1.00000 1.00000
vt 0.00000 1.00000
vt 0.00000 0.00000
vt 1.00000 0.00000
vt 1.00000 1.00000
vt 0.00000 0.00000
vt 1.00000 1.00000
vt 0.00000 1.00000
vt 0.00000 0.00000
vt 1.00000 0.00000
vt 1.00000 1.00000
vt 0.00000 0.00000
vt 1.00000 1.00000
vt 0.00000 1.00000
vt 0.00000 0.00000
vt 1.00000 0.00000
vt 1.00000 1.00000
vt 0.00000 0.00000
vt 1.00000 1.00000
vt 0.00000 1.00000
vt 0.00000 0.00000
vt 1.00000 0.00000
vt 1.00000 1.00000
vt 0.00000 0.00000
vt 1.00000 1.00000
vt 0.00000 1.00000
vt 0.00000 0.00000
vt 1.00000 0.00000
vt 1.00000 1.00000
vt 0.00000 0.00000
vt 1.00000 1.00000
vt 0.00000 1.00000
vt 0.00000 0.00000
vt 1.00000 0.00000
vt 1.00000 1.00000
vt 0.00000 0.00000
vt 1.00000 1.00000
vt 0.00000 1.00000
vt 0.00000 0.00000
vt 1.00000 0.00000
vt 1.00000 1.00000
vt 0.00000 0.00000
vt 1.00000 1.00000
vt 0.00000 1.00000
vt 0.00000 0.00000
vt 1.00000 0.00000
vt 1.00000 1.00000
vt 0.00000 0.00000
vt 1.00000 1.00000
vt 0.00000 1.00000
vt 0.00000 0.00000
vt 1.00000 0.00000
vt 1.00000 1.00000
vt 0.00000 0.00000
vt 1.00000 1.00000
vt 0.00000 1.00000
vt 0.00000 0.00000
vt 1.00000 0.00000
vt 1.00000 1.00000
vt 0.00000 0.00000
vt 1.00000 1.00000
vt 0.00000 1.00000
vt 0.00000 0.00000
vt 1.00000 0.00000
vt 1.00000 1.00000
vt 0.00000 0.00000
vt 1.00000 1.00000
vt 0.00000 1.00000
vt 0.00000 0.00000
vt 1.00000 0.00000
vt 1.00000 1.00000
vt 0.00000 0.00000
vt 1.00000 1.00000
vt 0.00000 1.00000
vt 0.00000 0.00000
vt 1.00000 0.00000
vt 1.00000 1.00000
vt 0.00000 0.00000
vt 1.00000 1.00000
vt 0.00000 1.00000
vt 0.00000 0.00000
vt 1.00000 0.00000
vt 1.00000 1.00000
vt 0.00000 0.00000
vt 1.00000 1.00000
vt 0.00000 1.00000
vt 0.00000 0.00000
vt 1.00000 0.00000
vt 1.00000 1.00000
vt 0.00000 0.00000
vt 1.00000 1.00000
vt 0.00000 1.00000
vt 0.00000 0.00000
vt 1.00000 0.00000
vt 1.00000 1.00000
vt 0.00000 0.00000
vt 1.00000 1.00000
vt 0.00000 1.00000
vt 0.00000 0.00000
vt 1.00000 0.00000
vt 1.00000 1.00000
vt 0.00000 0.00000
vt 1.00000 1.00000
vt 0.00000 1.00000
vt 0.00000 0.00000
vt 1.00000 0.00000
vt 1.00000 1.00000
vt 0.00000 0.00000
vt 1.00000 1.00000
vt 0.00000 1.00000
vt 0.00000 0.00000
vt 1.00000 0.00000
vt 1.00000 1.00000
vt 0.00000 0.00000
vt 1.00000 1.00000
vt 0.00000 1.00000
vt 0.00000 0.00000
vt 1.00000 0.00000
vt 1.00000 1.00000
vt 0.00000 0.00000
vt 1.00000 1.00000
vt 0.00000 1.00000
vt 0.00000 0.00000
vt 1.00000 0.00000
vt 1.00000 1.00000
vt 0.00000 0.00000
vt 1.00000 1.00000
vt 0.00000 1.00000
vt 0.00000 0.00000
vt 1.00000 0.00000
vt 1.00000 1.00000
vt 0.00000 0.00000
vt 1.00000 1.00000
vt 0.00000 1.00000
vt 0.00000 0.00000
vt 1.00000 0.00000
vt 1.00000 1.00000
vt 0.00000 0.00000
vt 1.00000 1.00000
vt 0.00000 1.00000
vt 0.00000 0.00000
vt 1.00000 0.00000
vt 1.00000 1.00000
vt 0.00000 0.00000
vt 1.00000 1.00000
vt 0.00000 1.00000
vt 0.00000 0.00000
vt 1.00000 0.00000
vt 1.00000 1.00000
vt 0.00000 0.00000
vt 1.00000 1.00000
vt 0.00000 1.00000
vt 0.00000 0.00000
vt 1.00000 0.00000
vt 1.00000 1.00000
vt 0.00000 0.00000
vt 1.00000 1.00000
vt 0.00000 1.00000
vt 0.00000 0.00000
vt 1.00000 0.00000
vt 1.00000 1.00000
vt 0.00000 0.00000
vt 1.00000 1.00000
vt 0.00000 1.00000
vt 0.00000 0.00000
vt 1.00000 0.00000
vt 1.00000 1.00000
vt 0.00000 0.00000
vt 1.00000 1.00000
vt 0.00000 1.00000
vt 0.00000 0.00000
vt 1.00000 0.00000
vt 1.00000 1.00000
vt 0.00000 0.00000
vt 1.00000 1.00000
vt 0.00000 1.00000
vt 0.00000 0.00000
vt 1.00000 0.00000
vt 1.00000 1.00000
vt 0.00000 0.00000
vt 1.00000 1.00000
vt 0.00000 1.00000
vt 0.00000 0.00000
vt 1.00000 0.00000
vt 1.00000 1.00000
vt 0.00000 0.00000
vt 1.00000 1.00000
vt 0.00000 1.00000
vt 0.00000 0.00000
vt 1.00000 0.00000
vt 1.00000 1.00000
vt 0.00000 0.00000
vt 1.00000 1.00000
vt 0.00000 1.00000
vt 0.00000 0.00000
vt 1.00000 0.00000
vt 1.00000 1.00000
vt 0.00000 0.00000
vt 1.00000 1.00000
vt 0.00000 1.00000
vt 0.00000 0.00000
vt 1.00000 0.00000
vt 1.00000 1.00000
vt 0.00000 0.00000
vt 1.00000 1.00000
vt 0.00000 1.00000
vt 0.00000 0.00000
vt 1.00000 0.00000
vt 1.00000 1.00000
vt 0.00000 0.00000
vt 1.00000 1.00000
vt 0.00000 1.00000
vt 0.00000 0.00000
vt 1.00000 0.00000
vt 1.00000 1.00000
vt 0.00000 0.00000
vt 1.00000 1.00000
vt 0.00000 1.00000
vt 0.00000 0.00000
vt 1.00000 0.00000
vt 1.00000 1.00000
vt 0.00000 0.00000
vt 1.00000 1.00000
vt 0.00000 1.00000
vt 0.00000 0.00000
vt 1.00000 0.00000
vt 1.00000 1.00000
vt 0.00000 0.00000
vt 1.00000 1.00000
vt 0.00000 1.00000
vt 0.00000 0.00000
vt 1.00000 0.00000
vt 1.00000 1.00000
vt 0.00000 0.00000
vt 1.00000 1.00000
vt 0.00000 1.00000
vt 0.00000 0.00000
vt 1.00000 0.00000
vt 1.00000 1.00000
vt 0.00000 0.00000
vt 1.00000 1.00000
vt 0.00000 1.00000
vt 0.00000 0.00000
vt 1.00000 0.00000
vt 1.00000 1.00000
vt 0.00000 0.00000
vt 1.00000 1.00000
vt 0.00000 1.00000
vt 0.00000 0.00000
vt 1.00000 0.00000
vt 1.00000 1.00000
vt 0.00000 0.00000
vt 1.00000 1.00000
vt 0.00000 1.00000
vt 0.00000 0.00000
vt 1.00000 0.00000
vt 1.00000 1.00000
vt 0.00000 0.00000
vt 1.00000 1.00000
vt 0.00000 1.00000
vt 0.00000 0.00000
vt 1.00000 0.00000
vt 1.00000 1.00000
vt 0.00000 0.00000
vt 1.00000 1.00000
vt 0.00000 1.00000
vt 0.00000 0.00000
vt 1.00000 0.00000
vt 1.00000 1.00000
vt 0.00000 0.00000
vt 1.00000 1.00000
vt 0.00000 1.00000
vt 0.00000 0.00000
vt 1.00000 0.00000
vt 1.00000 1.00000
vt 0.00000 0.00000
vt 1.00000 1.00000
vt 0.00000 1.00000
vt 0.00000 0.00000
vt 1.00000 0.00000
vt 1.00000 1.00000
vt 0.00000 0.00000
vt 1.00000 1.00000
vt 0.00000 1.00000
vt 0.00000 0.00000
vt 1.00000 0.00000
vt 1.00000 1.00000
vt 0.00000 0.00000
vt 1.00000 1.00000
vt 0.00000 1.00000
vt 0.00000 0.00000
vt 1.00000 0.00000
vt 1.00000 1.00000
vt 0.00000 0.00000
vt 1.00000 1.00000
vt 0.00000 1.00000
vt 0.00000 0.00000
vt 1.00000 0.00000
vt 1.00000 1.00000
vt 0.00000 0.00000
vt 1.00000 1.00000
vt 0.00000 1.00000
vt 0.00000 0.00000
vt 1.00000 0.00000
vt 1.00000 1.00000
vt 0.00000 0.00000
vt 1.00000 1.00000
vt 0.00000 1.00000
vt 0.00000 0.00000
vt 1.00000 0.00000
vt 1.00000 1.00000
vt 0.00000 0.00000
vt 1.00000 1.00000
vt 0.00000 1.00000
vt 0.00000 0.00000
vt 1.00000 0.00000
vt 1.00000 1.00000
vt 0.00000 0.00000
vt 1.00000 1.00000
vt 0.00000 1.00000
vt 0.00000 0.00000
vt 1.00000 0.00000
vt 1.00000 1.00000
vt 0.00000 0.00000
vt 1.00000 1.00000
vt 0.00000 1.00000
vt 0.00000 0.00000
vt 1.00000 0.00000
vt 1.00000 1.00000
vt 0.00000 0.00000
vt 1.00000 1.00000
vt 0.00000 1.00000
vt 0.00000 0.00000
vt 1.00000 0.00000
vt 1.00000 1.00000
vt 0.00000 0.00000
vt 1.00000 1.00000
vt 0.00000 1.00000
vt 0.00000 0.00000
vt 1.00000 0.00000
vt 1.00000 1.00000
vt 0.00000 0.00000
vt 1.00000 1.00000
vt 0.00000 1.00000
vt 0.00000 0.00000
vt 1.00000 0.00000
vt 1.00000 1.00000
vt 0.00000 0.00000
vt 1.00000 1.00000
vt 0.00000 1.00000
vt 0.00000 0.00000
vt 1.00000 0.00000
vt 1.00000 1.00000
vt 0.00000 0.00000
vt 1.00000 1.00000
vt 0.00000 1.00000
vt 0.00000 0.00000
vt 1.00000 0.00000
vt 1.00000 1.00000
vt 0.00000 0.00000
vt 1.00000 1.00000
vt 0.00000 1.00000
vt 0.00000 0.00000
vt 1.00000 0.00000
vt 1.00000 1.00000
vt 0.00000 0.00000
vt 1.00000 1.00000
vt 0.00000 1.00000
vt 0.00000 0.00000
vt 1.00000 0.00000
vt 1.00000 1.00000
vt 0.00000 0.00000
vt 1.00000 1.00000
vt 0.00000 1.00000
vt 0.00000 0.00000
vt 1.00000 0.00000
vt 1.00000 1.00000
vt 0.00000 0.00000
vt 1.00000 1.00000
vt 0.00000 1.00000
vt 0.00000 0.00000
vt 1.00000 0.00000
vt 1.00000 1.00000
vt 0.00000 0.00000
vt 1.00000 1.00000
vt 0.00000 1.00000
vt 0.00000 0.00000
vt 1.00000 0.00000
vt 1.00000 1.00000
vt 0.00000 0.00000
vt 1.00000 1.00000
vt 0.00000 1.00000
vt 0.00000 0.00000
vt 1.00000 0.00000
vt 1.00000 1.00000
vt 0.00000 0.00000
vt 1.00000 1.00000
vt 0.00000 1.00000
vt 0.00000 0.00000
vt 1.00000 0.00000
vt 1.00000 1.00000
vt 0.00000 0.00000
vt 1.00000 1.00000
vt 0.00000 1.00000
vt 0.00000 0.00000
vt 1.00000 0.00000
vt 1.00000 1.00000
vt 0.00000 0.00000
vt 1.00000 1.00000
vt 0.00000 1.00000
vt 0.00000 0.00000
vt 1.00000 0.00000
vt 1.00000 1.00000
vt 0.00000 0.00000
vt 1.00000 1.00000
vt 0.00000 1.00000
vt 0.00000 0.00000
vt 1.00000 0.00000
vt 1.00000 1.00000
vt 0.00000 0.00000
vt 1.00000 1.00000
vt 0.00000 1.00000
vt 0.00000 0.00000
vt 1.00000 0.00000
vt 1.00000 1.00000
vt 0.00000 0.00000
vt 1.00000 1.00000
vt 0.00000 1.00000
vt 0.00000 0.00000
vt 1.00000 0.00000
vt 1.00000 1.00000
vt 0.00000 0.00000
vt 1.00000 1.00000
vt 0.00000 1.00000
vt 0.00000 0.00000
vt 1.00000 0.00000
vt 1.00000 1.00000
vt 0.00000 0.00000
vt 1.00000 1.00000
vt 0.00000 1.00000
vt 0.00000 0.00000
vt 1.00000 0.00000
vt 1.00000 1.00000
vt 0.00000 0.00000
vt 1.00000 1.00000
vt 0.00000 1.00000
vt 0.00000 0.00000
vt 1.00000 0.00000
vt 1.00000 1.00000
vt 0.00000 0.00000
vt 1.00000 1.00000
vt 0.00000 1.00000
vt 0.00000 0.00000
vt 1.00000 0.00000
vt 1.00000 1.00000
vt 0.00000 0.00000
vt 1.00000 1.00000
vt 0.00000 1.00000
vt 0.00000 0.00000
vt 1.00000 0.00000
vt 1.00000 1.00000
vt 0.00000 0.00000
vt 1.00000 1.00000
vt 0.00000 1.00000
vt 0.00000 0.00000
vt 1.00000 0.00000
vt 1.00000 1.00000
vt 0.00000 0.00000
vt 1.00000 1.00000
vt 0.00000 1.00000
vt 0.00000 0.00000
vt 1.00000 0.00000
vt 1.00000 1.00000
vt 0.00000 0.00000
vt 1.00000 1.00000
vt 0.00000 1.00000
vt 0.00000 0.00000
vt 1.00000 0.00000
vt 1.00000 1.00000
vt 0.00000 0.00000
vt 1.00000 1.00000
vt 0.00000 1.00000
vt 0.00000 0.00000
vt 1.00000 0.00000
vt 1.00000 1.00000
vt 0.00000 0.00000
vt 1.00000 1.00000
vt 0.00000 1.00000
vt 0.00000 0.00000
vt 1.00000 0.00000
vt 1.00000 1.00000
vt 0.00000 0.00000
vt 1.00000 1.00000
vt 0.00000 1.00000
vt 0.00000 0.00000
vt 1.00000 0.00000
vt 1.00000 1.00000
vt 0.00000 0.00000
vt 1.00000 1.00000
vt 0.00000 1.00000
vt 0.00000 0.00000
vt 1.00000 0.00000
vt 1.00000 1.00000
vt 0.00000 0.00000
vt 1.00000 1.00000
vt 0.00000 1.00000
vt 0.00000 0.00000
vt 1.00000 0.00000
vt 1.00000 1.00000
vt 0.00000 0.00000
vt 1.00000 1.00000
vt 0.00000 1.00000
vt 0.00000 0.00000
vt 1.00000 0.00000
vt 1.00000 1.00000
vt 0.00000 0.00000
vt 1.00000 1.00000
vt 0.00000 1.00000
vt 0.00000 0.00000
vt 1.00000 0.00000
vt 1.00000 1.00000
vt 0.00000 0.00000
vt 1.00000 1.00000
vt 0.00000 1.00000
vt 0.00000 0.00000
vt 1.00000 0.00000
vt 1.00000 1.00000
vt 0.00000 0.00000
vt 1.00000 1.00000
vt 0.00000 1.00000
vt 0.00000 0.00000
vt 1.00000 0.00000
vt 1.00000 1.00000
vt 0.00000 0.00000
vt 1.00000 1.00000
vt 0.00000 1.00000
vt 0.00000 0.00000
vt 1.00000 0.00000
vt 1.00000 1.00000
vt 0.00000 0.00000
vt 1.00000 1.00000
vt 0.00000 1.00000
vt 0.00000 0.00000
vt 1.00000 0.00000
vt 1.00000 1.00000
vt 0.00000 0.00000
vt 1.00000 1.00000
vt 0.00000 1.00000
vt 0.00000 0.00000
vt 1.00000 0.00000
vt 1.00000 1.00000
vt 0.00000 0.00000
vt 1.00000 1.00000
vt 0.00000 1.00000
vt 0.00000 0.00000
vt 1.00000 0.00000
vt 1.00000 1.00000
vt 0.00000 0.00000
vt 1.00000 1.00000
vt 0.00000 1.00000
vt 0.00000 0.00000
vt 1.00000 0.00000
vt 1.00000 1.00000
vt 0.00000 0.00000
vt 1.00000 1.00000
vt 0.00000 1.00000
vt 0.00000 0.00000
vt 1.00000 0.00000
vt 1.00000 1.00000
vt 0.00000 0.00000
vt 1.00000 1.00000
vt 0.00000 1.00000
vt 0.00000 0.00000
vt 1.00000 0.00000
vt 1.00000 1.00000
vt 0.00000 0.00000
vt 1.00000 1.00000
vt 0.00000 1.00000
vt 0.00000 0.00000
vt 1.00000 0.00000
vt 1.00000 1.00000
vt 0.00000 0.00000
vt 1.00000 1.00000
vt 0.00000 1.00000
vt 0.00000 0.00000
vt 1.00000 0.00000
vt 1.00000 1.00000
vt 0.00000 0.00000
vt 1.00000 1.00000
vt 0.00000 1.00000
vt 0.00000 0.00000
vt 1.00000 0.00000
vt 1.00000 1.00000
vt 0.00000 0.00000
vt 1.00000 1.00000
vt 0.00000 1.00000
vt 0.00000 0.00000
vt 1.00000 0.00000
vt 1.00000 1.00000
vt 0.00000 0.00000
vt 1.00000 1.00000
vt 0.00000 1.00000
vt 0.00000 0.00000
vt 1.00000 0.00000
vt 1.00000 1.00000
vt 0.00000 0.00000
vt 1.00000 1.00000
vt 0.00000 1.00000
vt 0.00000 0.00000
vt 1.00000 0.00000
vt 1.00000 1.00000
vt 0.00000 0.00000
vt 1.00000 1.00000
vt 0.00000 1.00000
vt 0.00000 0.00000
vt 1.00000 0.00000
vt 1.00000 1.00000
vt 0.00000 0.00000
vt 1.00000 1.00000
vt 0.00000 1.00000
vt 0.00000 0.00000
vt 1.00000 0.00000
vt 1.00000 1.00000
vt 0.00000 0.00000
vt 1.00000 1.00000
vt 0.00000 1.00000
vt 0.00000 0.00000
vt 1.00000 0.00000
vt 1.00000 1.00000
vt 0.00000 0.00000
vt 1.00000 1.00000
vt 0.00000 1.00000
vt 0.00000 0.00000
vt 1.00000 0.00000
vt 1.00000 1.00000
vt 0.00000 0.00000
vt 1.00000 1.00000
vt 0.00000 1.00000
vt 0.00000 0.00000
vt 1.00000 0.00000
vt 1.00000 1.00000
vt 0.00000 0.00000
vt 1.00000 1.00000
vt 0.00000 1.00000
vt 0.00000 0.00000
vt 1.00000 0.00000
vt 1.00000 1.00000
vt 0.00000 0.00000
vt 1.00000 1.00000
vt 0.00000 1.00000
vt 0.00000 0.00000
vt 1.00000 0.00000
vt 1.00000 1.00000
vt 0.00000 0.00000
vt 1.00000 1.00000
vt 0.00000 1.00000
vt 0.00000 0.00000
vt 1.00000 0.00000
vt 1.00000 1.00000
vt 0.00000 0.00000
vt 1.00000 1.00000
vt 0.00000 1.00000
vt 0.00000 0.00000
vt 1.00000 0.00000
vt 1.00000 1.00000
vt 0.00000 0.00000
vt 1.00000 1.00000
vt 0.00000 1.00000
vt 0.00000 0.00000
vt 1.00000 0.00000
vt 1.00000 1.00000
vt 0.00000 0.00000
vt 1.00000 1.00000
vt 0.00000 1.00000
vt 0.00000 0.00000
vt 1.00000 0.00000
vt 1.00000 1.00000
vt 0.00000 0.00000
vt 1.00000 1.00000
vt 0.00000 1.00000
vt 0.00000 0.00000
vt 1.00000 0.00000
vt 1.00000 1.00000
vt 0.00000 0.00000
vt 1.00000 1.00000
vt 0.00000 1.00000
vt 0.00000 0.00000
vt 1.00000 0.00000
vt 1.00000 1.00000
vt 0.00000 0.00000
vt 1.00000 1.00000
vt 0.00000 1.00000
vt 0.00000 0.00000
vt 1.00000 0.00000
vt 1.00000 1.00000
vt 0.00000 0.00000
vt 1.00000 1.00000
vt 0.00000 1.00000
vt 0.00000 0.00000
vt 1.00000 0.00000
vt 1.00000 1.00000
vt 0.00000 0.00000
vt 1.00000 1.00000
vt 0.00000 1.00000
vt 0.00000 0.00000
vt 1.00000 0.00000
vt 1.00000 1.00000
vt 0.00000 0.00000
vt 1.00000 1.00000
vt 0.00000 1.00000
vt 0.00000 0.00000
vt 1.00000 0.00000
vt 1.00000 1.00000
vt 0.00000 0.00000
vt 1.00000 1.00000
vt 0.00000 1.00000
vt 0.00000 0.00000
vt 1.00000 0.00000
vt 1.00000 1.00000
vt 0.00000 0.00000
vt 1.00000 1.00000
vt 0.00000 1.00000
vt 0.00000 0.00000
vt 1.00000 0.00000
vt 1.00000 1.00000
vt 0.00000 0.00000
vt 1.00000 1.00000
vt 0.00000 1.00000
vt 0.00000 0.00000
vt 1.00000 0.00000
vt 1.00000 1.00000
vt 0.00000 0.00000
vt 1.00000 1.00000
vt 0.00000 1.00000
vt 0.00000 0.00000
vt 1.00000 0.00000
vt 1.00000 1.00000
vt 0.00000 0.00000
vt 1.00000 1.00000
vt 0.00000 1.00000
vt 0.00000 0.00000
vt 1.00000 0.00000
vt 1.00000 1.00000
vt 0.00000 0.00000
vt 1.00000 1.00000
vt 0.00000 1.00000
vt 0.00000 0.00000
vt 1.00000 0.00000
vt 1.00000 1.00000
vt 0.00000 0.00000
vt 1.00000 1.00000
vt 0.00000 1.00000
vt 0.00000 0.00000
vt 1.00000 0.00000
vt 1.00000 1.00000
vt 0.00000 0.00000
vt 1.00000 1.00000
vt 0.00000 1.00000
vt 0.00000 0.00000
vt 1.00000 0.00000
vt 1.00000 1.00000
vt 0.00000 0.00000
vt 1.00000 1.00000
vt 0.00000 1.00000
vt 0.00000 0.00000
vt 1.00000 0.00000
vt 1.00000 1.00000
vt 0.00000 0.00000
vt 1.00000 1.00000
vt 0.00000 1.00000
vt 0.00000 0.00000
vt 1.00000 0.00000
vt 1.00000 1.00000
vt 0.00000 0.00000
vt 1.00000 1.00000
vt 0.00000 1.00000
vt 0.00000 0.00000
vt 1.00000 0.00000
vt 1.00000 1.00000
vt 0.00000 0.00000
vt 1.00000 1.00000
vt 0.00000 1.00000
vt 0.00000 0.00000
vt 1.00000 0.00000
vt 1.00000 1.00000
vt 0.00000 0.00000
vt 1.00000 1.00000
vt 0.00000 1.00000
vt 0.00000 0.00000
vt 1.00000 0.00000
vt 1.00000 1.00000
vt 0.00000 0.00000
vt 1.00000 1.00000
vt 0.00000 1.00000
vt 0.00000 0.00000
vt 1.00000 0.00000
vt 1.00000 1.00000
vt 0.00000 0.00000
vt 1.00000 1.00000
vt 0.00000 1.00000
vt 0.00000 0.00000
vt 1.00000 0.00000
vt 1.00000 1.00000
vt 0.00000 0.00000
vt 1.00000 1.00000
vt 0.00000 1.00000
vt 0.00000 0.00000
vt 1.00000 0.00000
vt 1.00000 1.00000
vt 0.00000 0.00000
vt 1.00000 1.00000
vt 0.00000 1.00000
vt 0.00000 0.00000
vt 1.00000 0.00000
vt 1.00000 1.00000
vt 0.00000 0.00000
vt 1.00000 1.00000
vt 0.00000 1.00000
vt 0.00000 0.00000
vt 1.00000 0.00000
vt 1.00000 1.00000
vt 0.00000 0.00000
vt 1.00000 1.00000
vt 0.00000 1.00000
vt 0.00000 0.00000
vt 1.00000 0.00000
vt 1.00000 1.00000
vt 0.00000 0.00000
vt 1.00000 1.00000
vt 0.00000 1.00000
vt 0.00000 0.00000
vt 1.00000 0.00000
vt 1.00000 1.00000
vt 0.00000 0.00000
vt 1.00000 1.00000
vt 0.00000 1.00000
vt 0.00000 0.00000
vt 1.00000 0.00000
vt 1.00000 1.00000
vt 0.00000 0.00000
vt 1.00000 1.00000
vt 0.00000 1.00000
vt 0.00000 0.00000
vt 1.00000 0.00000
vt 1.00000 1.00000
vt 0.00000 0.00000
vt 1.00000 1.00000
vt 0.00000 1.00000
vt 0.00000 0.00000
vt 1.00000 0.00000
vt 1.00000 1.00000
vt 0.00000 0.00000
vt 1.00000 1.00000
vt 0.00000 1.00000
vt 0.00000 0.00000
vt 1.00000 0.00000
vt 1.00000 1.00000
vt 0.00000 0.00000
vt 1.00000 1.00000
vt 0.00000 1.00000
vt 0.00000 0.00000
vt 1.00000 0.00000
vt 1.00000 1.00000
vt 0.00000 0.00000
vt 1.00000 1.00000
vt 0.00000 1.00000
vt 0.00000 0.00000
vt 1.00000 0.00000
vt 1.00000 1.00000
vt 0.00000 0.00000
vt 1.00000 1.00000
vt 0.00000 1.00000
vt 0.00000 0.00000
vt 1.00000 0.00000
vt 1.00000 1.00000
vt 0.00000 0.00000
vt 1.00000 1.00000
vt 0.00000 1.00000
vt 0.00000 0.00000
vt 1.00000 0.00000
vt 1.00000 1.00000
vt 0.00000 0.00000
vt 1.00000 1.00000
vt 0.00000 1.00000
vt 0.00000 0.00000
vt 1.00000 0.00000
vt 1.00000 1.00000
vt 0.00000 0.00000
vt 1.00000 1.00000
vt 0.00000 1.00000
vt 0.00000 0.00000
vt 1.00000 0.00000
vt 1.00000 1.00000
vt 0.00000 0.00000
vt 1.00000 1.00000
vt 0.00000 1.00000
vt 0.00000 0.00000
vt 1.00000 0.00000
vt 1.00000 1.00000
vt 0.00000 0.00000
vt 1.00000 1.00000
vt 0.00000 1.00000
vt 0.00000 0.00000
vt 1.00000 0.00000
vt 1.00000 1.00000
vt 0.00000 0.00000
vt 1.00000 1.00000
vt 0.00000 1.00000
vt 0.00000 0.00000
vt 1.00000 0.00000
vt 1.00000 1.00000
vt 0.00000 0.00000
vt 1.00000 1.00000
vt 0.00000 1.00000
vt 0.00000 0.00000
vt 1.00000 0.00000
vt 1.00000 1.00000
vt 0.00000 0.00000
vt 1.00000 1.00000
vt 0.00000 1.00000
vt 0.00000 0.00000
vt 1.00000 0.00000
vt 1.00000 1.00000
vt 0.00000 0.00000
vt 1.00000 1.00000
vt 0.00000 1.00000
vt 0.00000 0.00000
vt 1.00000 0.00000
vt 1.00000 1.00000
vt 0.00000 0.00000
vt 1.00000 1.00000
vt 0.00000 1.00000
vt 0.00000 0.00000
vt 1.00000 0.00000
vt 1.00000 1.00000
vt 0.00000 0.00000
vt 1.00000 1.00000
vt 0.00000 1.00000
vt 0.00000 0.00000
vt 1.00000 0.00000
vt 1.00000 1.00000
vt 0.00000 0.00000
vt 1.00000 1.00000
vt 0.00000 1.00000
vt 0.00000 0.00000
vt 1.00000 0.00000
vt 1.00000 1.00000
vt 0.00000 0.00000
vt 1.00000 1.00000
vt 0.00000 1.00000
vt 0.00000 0.00000
vt 1.00000 0.00000
vt 1.00000 1.00000
vt 0.00000 0.00000
vt 1.00000 1.00000
vt 0.00000 1.00000
vt 0.00000 0.00000
vt 1.00000 0.00000
vt 1.00000 1.00000
vt 0.00000 0.00000
vt 1.00000 1.00000
vt 0.00000 1.00000
vt 0.00000 0.00000
vt 1.00000 0.00000
vt 1.00000 1.00000
vt 0.00000 0.00000
vt 1.00000 1.00000
vt 0.00000 1.00000
vt 0.00000 0.00000
vt 1.00000 0.00000
vt 1.00000 1.00000
vt 0.00000 0.00000
vt 1.00000 1.00000
vt 0.00000 1.00000
vt 0.00000 0.00000
vt 1.00000 0.00000
vt 1.00000 1.00000
vt 0.00000 0.00000
vt 1.00000 1.00000
vt 0.00000 1.00000
vt 0.00000 0.00000
vt 1.00000 0.00000
vt 1.00000 1.00000
vt 0.00000 0.00000
vt 1.00000 1.00000
vt 0.00000 1.00000
vt 0.00000 0.00000
vt 1.00000 0.00000
vt 1.00000 1.00000
vt 0.00000 0.00000
vt 1.00000 1.00000
vt 0.00000 1.00000
vt 0.00000 0.00000
vt 1.00000 0.00000
vt 1.00000 1.00000
vt 0.00000 0.00000
vt 1.00000 1.00000
vt 0.00000 1.00000
vt 0.00000 0.00000
vt 1.00000 0.00000
vt 1.00000 1.00000
vt 0.00000 0.00000
vt 1.00000 1.00000
vt 0.00000 1.00000
vt 0.00000 0.00000
vt 1.00000 0.00000
vt 1.00000 1.00000
vt 0.00000 0.00000
vt 1.00000 1.00000
vt 0.00000 1.00000
vt 0.00000 0.00000
vt 1.00000 0.00000
vt 1.00000 1.00000
vt 0.00000 0.00000
vt 1.00000 1.00000
vt 0.00000 1.00000
vt 0.00000 0.00000
vt 1.00000 0.00000
vt 1.00000 1.00000
vt 0.00000 0.00000
vt 1.00000 1.00000
vt 0.00000 1.00000
vt 0.00000 0.00000
vt 1.00000 0.00000
vt 1.00000 1.00000
vt 0.00000 0.00000
vt 1.00000 1.00000
vt 0.00000 1.00000
vt 0.00000 0.00000
vt 1.00000 0.00000
vt 1.00000 1.00000
vt 0.00000 0.00000
vt 1.00000 1.00000
vt 0.00000 1.00000
vt 0.00000 0.00000
vt 1.00000 0.00000
vt 1.00000 1.00000
vt 0.00000 0.00000
vt 1.00000 1.00000
vt 0.00000 1.00000
vt 0.00000 0.00000
vt 1.00000 0.00000
vt 1.00000 1.00000
vt 0.00000 0.00000
vt 1.00000 1.00000
vt 0.00000 1.00000
vt 0.00000 0.00000
vt 1.00000 0.00000
vt 1.00000 1.00000
vt 0.00000 0.00000
vt 1.00000 1.00000
vt 0.00000 1.00000
vt 0.00000 0.00000
vt 1.00000 0.00000
vt 1.00000 1.00000
vt 0.00000 0.00000
vt 1.00000 1.00000
vt 0.00000 1.00000
vt 0.00000 0.00000
vt 1.00000 0.00000
vt 1.00000 1.00000
vt 0.00000 0.00000
vt 1.00000 1.00000
vt 0.00000 1.00000
vt 0.00000 0.00000
vt 1.00000 0.00000
vt 1.00000 1.00000
vt 0.00000 0.00000
vt 1.00000 1.00000
vt 0.00000 1.00000
vt 0.00000 0.00000
vt 1.00000 0.00000
vt 1.00000 1.00000
vt 0.00000 0.00000
vt 1.00000 1.00000
vt 0.00000 1.00000
vt 0.00000 0.00000
vt 1.00000 0.00000
vt 1.00000 1.00000
vt 0.00000 0.00000
vt 1.00000 1.00000
vt 0.00000 1.00000
vt 0.00000 0.00000
vt 1.00000 0.00000
vt 1.00000 1.00000
vt 0.00000 0.00000
vt 1.00000 1.00000
vt 0.00000 1.00000
vt 0.00000 0.00000
vt 1.00000 0.00000
vt 1.00000 1.00000
vt 0.00000 0.00000
vt 1.00000 1.00000
vt 0.00000 1.00000
vt 0.00000 0.00000
vt 1.00000 0.00000
vt 1.00000 1.00000
vt 0.00000 0.00000
vt 1.00000 1.00000
vt 0.00000 1.00000
vt 0.00000 0.00000
vt 1.00000 0.00000
vt 1.00000 1.00000
vt 0.00000 0.00000
vt 1.00000 1.00000
vt 0.00000 1.00000
vt 0.00000 0.00000
vt 1.00000 0.00000
vt 1.00000 1.00000
vt 0.00000 0.00000
vt 1.00000 1.00000
vt 0.00000 1.00000
vt 0.00000 0.00000
vt 1.00000 0.00000
vt 1.00000 1.00000
vt 0.00000 0.00000
vt 1.00000 1.00000
vt 0.00000 1.00000
vt 0.00000 0.00000
vt 1.00000 0.00000
vt 1.00000 1.00000
vt 0.00000 0.00000
vt 1.00000 1.00000
vt 0.00000 1.00000
vt 0.00000 0.00000
vt 1.00000 0.00000
vt 1.00000 1.00000
vt 0.00000 0.00000
vt 1.00000 1.00000
vt 0.00000 1.00000
vt 0.00000 0.00000
vt 1.00000 0.00000
vt 1.00000 1.00000
vt 0.00000 0.00000
vt 1.00000 1.00000
vt 0.00000 1.00000
vt 0.00000 0.00000
vt 1.00000 0.00000
vt 1.00000 1.00000
vt 0.00000 0.00000
vt 1.00000 1.00000
vt 0.00000 1.00000
vt 0.00000 0.00000
vt 1.00000 0.00000
vt 1.00000 1.00000
vt 0.00000 0.00000
vt 1.00000 1.00000
vt 0.00000 1.00000
vt 0.00000 0.00000
vt 1.00000 0.00000
vt 1.00000 1.00000
vt 0.00000 0.00000
vt 1.00000 1.00000
vt 0.00000 1.00000
vt 0.00000 0.00000
vt 1.00000 0.00000
vt 1.00000 1.00000
vt 0.00000 0.00000
vt 1.00000 1.00000
vt 0.00000 1.00000
vt 0.00000 0.00000
vt 1.00000 0.00000
vt 1.00000 1.00000
vt 0.00000 0.00000
vt 1.00000 1.00000
vt 0.00000 1.00000
vt 0.00000 0.00000
vt 1.00000 0.00000
vt 1.00000 1.00000
vt 0.00000 0.00000
vt 1.00000 1.00000
vt 0.00000 1.00000
vt 0.00000 0.00000
vt 1.00000 0.00000
vt 1.00000 1.00000
vt 0.00000 0.00000
vt 1.00000 1.00000
vt 0.00000 1.00000
vt 0.00000 0.00000
vt 1.00000 0.00000
vt 1.00000 1.00000
vt 0.00000 0.00000
vt 1.00000 1.00000
vt 0.00000 1.00000
vt 0.00000 0.00000
vt 1.00000 0.00000
vt 1.00000 1.00000
vt 0.00000 0.00000
vt 1.00000 1.00000
vt 0.00000 1.00000
vt 0.00000 0.00000
vt 1.00000 0.00000
vt 1.00000 1.00000
vt 0.00000 0.00000
vt 1.00000 1.00000
vt 0.00000 1.00000
vt 0.00000 0.00000
vt 1.00000 0.00000
vt 1.00000 1.00000
vt 0.00000 0.00000
vt 1.00000 1.00000
vt 0.00000 1.00000
vt 0.00000 0.00000
vt 1.00000 0.00000
vt 1.00000 1.00000
vt 0.00000 0.00000
vt 1.00000 1.00000
vt 0.00000 1.00000
vt 0.00000 0.00000
vt 1.00000 0.00000
vt 1.00000 1.00000
vt 0.00000 0.00000
vt 1.00000 1.00000
vt 0.00000 1.00000
vt 0.00000 0.00000
vt 1.00000 0.00000
vt 1.00000 1.00000
vt 0.00000 0.00000
vt 1.00000 1.00000
vt 0.00000 1.00000
vt 0.00000 0.00000
vt 1.00000 0.00000
vt 1.00000 1.00000
vt 0.00000 0.00000
vt 1.00000 1.00000
vt 0.00000 1.00000
vt 0.00000 0.00000
vt 1.00000 0.00000
vt 1.00000 1.00000
vt 0.00000 0.00000
vt 1.00000 1.00000
vt 0.00000 1.00000
vt 0.00000 0.00000
vt 1.00000 0.00000
vt 1.00000 1.00000
vt 0.00000 0.00000
vt 1.00000 1.00000
vt 0.00000 1.00000
vt 0.00000 0.00000
vt 1.00000 0.00000
vt 1.00000 1.00000
vt 0.00000 0.00000
vt 1.00000 1.00000
vt 0.00000 1.00000
vt 0.00000 0.00000
vt 1.00000 0.00000
vt 1.00000 1.00000
vt 0.00000 0.00000
vt 1.00000 1.00000
vt 0.00000 1.00000
vt 0.00000 0.00000
vt 1.00000 0.00000
vt 1.00000 1.00000
vt 0.00000 0.00000
vt 1.00000 1.00000
vt 0.00000 1.00000
vt 0.00000 0.00000
vt 1.00000 0.00000
vt 1.00000 1.00000
vt 0.00000 0.00000
vt 1.00000 1.00000
vt 0.00000 1.00000
vt 0.00000 0.00000
vt 1.00000 0.00000
vt 1.00000 1.00000
vt 0.00000 0.00000
vt 1.00000 1.00000
vt 0.00000 1.00000
vt 0.00000 0.00000
vt 1.00000 0.00000
vt 1.00000 1.00000
vt 0.00000 0.00000
vt 1.00000 1.00000
vt 0.00000 1.00000
vt 0.00000 0.00000
vt 1.00000 0.00000
vt 1.00000 1.00000
vt 0.00000 0.00000
vt 1.00000 1.00000
vt 0.00000 1.00000
vt 0.00000 0.00000
vt 1.00000 0.00000
vt 1.00000 1.00000
vt 0.00000 0.00000
vt 1.00000 1.00000
vt 0.00000 1.00000
vt 0.00000 0.00000
vt 1.00000 0.00000
vt 1.00000 1.00000
vt 0.00000 0.00000
vt 1.00000 1.00000
vt 0.00000 1.00000
vt 0.00000 0.00000
vt 1.00000 0.00000
vt 1.00000 1.00000
vt 0.00000 0.00000
vt 1.00000 1.00000
vt 0.00000 1.00000
vt 0.00000 0.00000
vt 1.00000 0.00000
vt 1.00000 1.00000
vt 0.00000 0.00000
vt 1.00000 1.00000
vt 0.00000 1.00000
vt 0.00000 0.00000
vt 1.00000 0.00000
vt 1.00000 1.00000
vt 0.00000 0.00000
vt 1.00000 1.00000
vt 0.00000 1.00000
vt 0.00000 0.00000
vt 1.00000 0.00000
vt 1.00000 1.00000
vt 0.00000 0.00000
vt 1.00000 1.00000
vt 0.00000 1.00000
vt 0.00000 0.00000
vt 1.00000 0.00000
vt 1.00000 1.00000
vt 0.00000 0.00000
vt 1.00000 1.00000
vt 0.00000 1.00000
vt 0.00000 0.00000
vt 1.00000 0.00000
vt 1.00000 1.00000
vt 0.00000 0.00000
vt 1.00000 1.00000
vt 0.00000 1.00000
vt 0.00000 0.00000
vt 1.00000 0.00000
vt 1.00000 1.00000
vt 0.00000 0.00000
vt 1.00000 1.00000
vt 0.00000 1.00000
vt 0.00000 0.00000
vt 1.00000 0.00000
vt 1.00000 1.00000
vt 0.00000 0.00000
vt 1.00000 1.00000
vt 0.00000 1.00000
vt 0.00000 0.00000
vt 1.00000 0.00000
vt 1.00000 1.00000
vt 0.00000 0.00000
vt 1.00000 1.00000
vt 0.00000 1.00000
vt 0.00000 0.00000
vt 1.00000 0.00000
vt 1.00000 1.00000
vt 0.00000 0.00000
vt 1.00000 1.00000
vt 0.00000 1.00000
vt 0.00000 0.00000
vt 1.00000 0.00000
vt 1.00000 1.00000
vt 0.00000 0.00000
vt 1.00000 1.00000
vt 0.00000 1.00000
vt 0.00000 0.00000
vt 1.00000 0.00000
vt 1.00000 1.00000
vt 0.00000 0.00000
vt 1.00000 1.00000
vt 0.00000 1.00000
vt 0.00000 0.00000
vt 1.00000 0.00000
vt 1.00000 1.00000
vt 0.00000 0.00000
vt 1.00000 1.00000
vt 0.00000 1.00000
vt 0.00000 0.00000
vt 1.00000 0.00000
vt 1.00000 1.00000
vt 0.00000 0.00000
vt 1.00000 1.00000
vt 0.00000 1.00000
vt 0.00000 0.00000
vt 1.00000 0.00000
vt 1.00000 1.00000
vt 0.00000 0.00000
vt 1.00000 1.00000
vt 0.00000 1.00000
vt 0.00000 0.00000
vt 1.00000 0.00000
vt 1.00000 1.00000
vt 0.00000 0.00000
vt 1.00000 1.00000
vt 0.00000 1.00000
vt 0.00000 0.00000
vt 1.00000 0.00000
vt 1.00000 1.00000
vt 0.00000 0.00000
vt 1.00000 1.00000
vt 0.00000 1.00000
vt 0.00000 0.00000
vt 1.00000 0.00000
vt 1.00000 1.00000
vt 0.00000 0.00000
vt 1.00000 1.00000
vt 0.00000 1.00000
vt 0.00000 0.00000
vt 1.00000 0.00000
vt 1.00000 1.00000
vt 0.00000 0.00000
vt 1.00000 1.00000
vt 0.00000 1.00000
vt 0.00000 0.00000
vt 1.00000 0.00000
vt 1.00000 1.00000
vt 0.00000 0.00000
vt 1.00000 1.00000
vt 0.00000 1.00000
vt 0.00000 0.00000
vt 1.00000 0.00000
vt 1.00000 1.00000
vt 0.00000 0.00000
vt 1.00000 1.00000
vt 0.00000 1.00000
vt 0.00000 0.00000
vt 1.00000 0.00000
vt 1.00000 1.00000
vt 0.00000 0.00000
vt 1.00000 1.00000
vt 0.00000 1.00000
vt 0.00000 0.00000
vt 1.00000 0.00000
vt 1.00000 1.00000
vt 0.00000 0.00000
vt 1.00000 1.00000
vt 0.00000 1.00000
vt 0.00000 0.00000
vt 1.00000 0.00000
vt 1.00000 1.00000
vt 0.00000 0.00000
vt 1.00000 1.00000
vt 0.00000 1.00000
vt 0.00000 0.00000
vt 1.00000 0.00000
vt 1.00000 1.00000
vt 0.00000 0.00000
vt 1.00000 1.00000
vt 0.00000 1.00000
vt 0.00000 0.00000
vt 1.00000 0.00000
vt 1.00000 1.00000
vt 0.00000 0.00000
vt 1.00000 1.00000
vt 0.00000 1.00000
vt 0.00000 0.00000
vt 1.00000 0.00000
vt 1.00000 1.00000
vt 0.00000 0.00000
vt 1.00000 1.00000
vt 0.00000 1.00000
vt 0.00000 0.00000
vt 1.00000 0.00000
vt 1.00000 1.00000
vt 0.00000 0.00000
vt 1.00000 1.00000
vt 0.00000 1.00000
vt 0.00000 0.00000
vt 1.00000 0.00000
vt 1.00000 1.00000
vt 0.00000 0.00000
vt 1.00000 1.00000
vt 0.00000 1.00000
vt 0.00000 0.00000
vt 1.00000 0.00000
vt 1.00000 1.00000
vt 0.00000 0.00000
vt 1.00000 1.00000
vt 0.00000 1.00000
vt 0.00000 0.00000
vt 1.00000 0.00000
vt 1.00000 1.00000
vt 0.00000 0.00000
vt 1.00000 1.00000
vt 0.00000 1.00000
vt 0.00000 0.00000
vt 1.00000 0.00000
vt 1.00000 1.00000
vt 0.00000 0.00000
vt 1.00000 1.00000
vt 0.00000 1.00000
vt 0.00000 0.00000
vt 1.00000 0.00000
vt 1.00000 1.00000
vt 0.00000 0.00000
vt 1.00000 1.00000
vt 0.00000 1.00000
vt 0.00000 0.00000
vt 1.00000 0.00000
vt 1.00000 1.00000
vt 0.00000 0.00000
vt 1.00000 1.00000
vt 0.00000 1.00000
vt 0.00000 0.00000
vt 1.00000 0.00000
vt 1.00000 1.00000
vt 0.00000 0.00000
vt 1.00000 1.00000
vt 0.00000 1.00000
vt 0.00000 0.00000
vt 1.00000 0.00000
vt 1.00000 1.00000
vt 0.00000 0.00000
vt 1.00000 1.00000
vt 0.00000 1.00000
vt 0.00000 0.00000
vt 1.00000 0.00000
vt 1.00000 1.00000
vt 0.00000 0.00000
vt 1.00000 1.00000
vt 0.00000 1.00000
vt 0.00000 0.00000
vt 1.00000 0.00000
vt 1.00000 1.00000
vt 0.00000 0.00000
vt 1.00000 1.00000
vt 0.00000 1.00000
vt 0.00000 0.00000
vt 1.00000 0.00000
vt 1.00000 1.00000
vt 0.00000 0.00000
vt 1.00000 1.00000
vt 0.00000 1.00000
vt 0.00000 0.00000
vt 1.00000 0.00000
vt 1.00000 1.00000
vt 0.00000 0.00000
vt 1.00000 1.00000
vt 0.00000 1.00000
vt 0.00000 0.00000
vt 1.00000 0.00000
vt 1.00000 1.00000
vt 0.00000 0.00000
vt 1.00000 1.00000
vt 0.00000 1.00000
vt 0.00000 0.00000
vt 1.00000 0.00000
vt 1.00000 1.00000
vt 0.00000 0.00000
vt 1.00000 1.00000
vt 0.00000 1.00000
vt 0.00000 0.00000
vt 1.00000 0.00000
vt 1.00000 1.00000
vt 0.00000 0.00000
vt 1.00000 1.00000
vt 0.00000 1.00000
vt 0.00000 0.00000
vt 1.00000 0.00000
vt 1.00000 1.00000
vt 0.00000 0.00000
vt 1.00000 1.00000
vt 0.00000 1.00000
vt 0.00000 0.00000
vt 1.00000 0.00000
vt 1.00000 1.00000
vt 0.00000 0.00000
vt 1.00000 1.00000
vt 0.00000 1.00000
vt 0.00000 0.00000
vt 1.00000 0.00000
vt 1.00000 1.00000
vt 0.00000 0.00000
vt 1.00000 1.00000
vt 0.00000 1.00000
vt 0.00000 0.00000
vt 1.00000 0.00000
vt 1.00000 1.00000
vt 0.00000 0.00000
vt 1.00000 1.00000
vt 0.00000 1.00000
vt 0.00000 0.00000
vt 1.00000 0.00000
vt 1.00000 1.00000
vt 0.00000 0.00000
vt 1.00000 1.00000
vt 0.00000 1.00000
vt 0.00000 0.00000
vt 1.00000 0.00000
vt 1.00000 1.00000
vt 0.00000 0.00000
vt 1.00000 1.00000
vt 0.00000 1.00000
vt 0.00000 0.00000
vt 1.00000 0.00000
vt 1.00000 1.00000
vt 0.00000 0.00000
vt 1.00000 1.00000
vt 0.00000 1.00000
vt 0.00000 0.00000
vt 1.00000 0.00000
vt 1.00000 1.00000
vt 0.00000 0.00000
vt 1.00000 1.00000
vt 0.00000 1.00000
vt 0.00000 0.00000
vt 1.00000 0.00000
vt 1.00000 1.00000
vt 0.00000 0.00000
vt 1.00000 1.00000
vt 0.00000 1.00000
vt 0.00000 0.00000
vt 1.00000 0.00000
vt 1.00000 1.00000
vt 0.00000 0.00000
vt 1.00000 1.00000
vt 0.00000 1.00000
vt 0.00000 0.00000
vt 1.00000 0.00000
vt 1.00000 1.00000
vt 0.00000 0.00000
vt 1.00000 1.00000
vt 0.00000 1.00000
vt 0.00000 0.00000
vt 1.00000 0.00000
vt 1.00000 1.00000
vt 0.00000 0.00000
vt 1.00000 1.00000
vt 0.00000 1.00000
vt 0.00000 0.00000
vt 1.00000 0.00000
vt 1.00000 1.00000
vt 0.00000 0.00000
vt 1.00000 1.00000
vt 0.00000 1.00000
vt 0.00000 0.00000
vt 1.00000 0.00000
vt 1.00000 1.00000
vt 0.00000 0.00000
vt 1.00000 1.00000
vt 0.00000 1.00000
vt 0.00000 0.00000
vt 1.00000 0.00000
vt 1.00000 1.00000
vt 0.00000 0.00000
vt 1.00000 1.00000
vt 0.00000 1.00000
vt 0.00000 0.00000
vt 1.00000 0.00000
vt 1.00000 1.00000
vt 0.00000 0.00000
vt 1.00000 1.00000
vt 0.00000 1.00000
vt 0.00000 0.00000
vt 1.00000 0.00000
vt 1.00000 1.00000
vt 0.00000 0.00000
vt 1.00000 1.00000
vt 0.00000 1.00000
vt 0.00000 0.00000
vt 1.00000 0.00000
vt 1.00000 1.00000
vt 0.00000 0.00000
vt 1.00000 1.00000
vt 0.00000 1.00000
vt 0.00000 0.00000
vt 1.00000 0.00000
vt 1.00000 1.00000
vt 0.00000 0.00000
vt 1.00000 1.00000
vt 0.00000 1.00000
vt 0.00000 0.00000
vt 1.00000 0.00000
vt 1.00000 1.00000
vt 0.00000 0.00000
vt 1.00000 1.00000
vt 0.00000 1.00000
vt 0.00000 0.00000
vt 1.00000 0.00000
vt 1.00000 1.00000
vt 0.00000 0.00000
vt 1.00000 1.00000
vt 0.00000 1.00000
vt 0.00000 0.00000
vt 1.00000 0.00000
vt 1.00000 1.00000
vt 0.00000 0.00000
vt 1.00000 1.00000
vt 0.00000 1.00000
vt 0.00000 0.00000
vt 1.00000 0.00000
vt 1.00000 1.00000
vt 0.00000 0.00000
vt 1.00000 1.00000
vt 0.00000 1.00000
vt 0.00000 0.00000
vt 1.00000 0.00000
vt 1.00000 1.00000
vt 0.00000 0.00000
vt 1.00000 1.00000
vt 0.00000 1.00000
vt 0.00000 0.00000
vt 1.00000 0.00000
vt 1.00000 1.00000
vt 0.00000 0.00000
vt 1.00000 1.00000
vt 0.00000 1.00000
vt 0.00000 0.00000
vt 1.00000 0.00000
vt 1.00000 1.00000
vt 0.00000 0.00000
vt 1.00000 1.00000
vt 0.00000 1.00000
vt 0.00000 0.00000
vt 1.00000 0.00000
vt 1.00000 1.00000
vt 0.00000 0.00000
vt 1.00000 1.00000
vt 0.00000 1.00000
vt 0.00000 0.00000
vt 1.00000 0.00000
vt 1.00000 1.00000
vt 0.00000 0.00000
vt 1.00000 1.00000
vt 0.00000 1.00000
vt 0.00000 0.00000
vt 1.00000 0.00000
vt 1.00000 1.00000
vt 0.00000 0.00000
vt 1.00000 1.00000
vt 0.00000 1.00000
vt 0.00000 0.00000
vt 1.00000 0.00000
vt 1.00000 1.00000
vt 0.00000 0.00000
vt 1.00000 1.00000
vt 0.00000 1.00000
vt 0.00000 0.00000
vt 1.00000 0.00000
vt 1.00000 1.00000
vt 0.00000 0.00000
vt 1.00000 1.00000
vt 0.00000 1.00000
vt 0.00000 0.00000
vt 1.00000 0.00000
vt 1.00000 1.00000
vt 0.00000 0.00000
vt 1.00000 1.00000
vt 0.00000 1.00000
vt 0.00000 0.00000
vt 1.00000 0.00000
vt 1.00000 1.00000
vt 0.00000 0.00000
vt 1.00000 1.00000
vt 0.00000 1.00000
vt 0.00000 0.00000
vt 1.00000 0.00000
vt 1.00000 1.00000
vt 0.00000 0.00000
vt 1.00000 1.00000
vt 0.00000 1.00000
vt 0.00000 0.00000
vt 1.00000 0.00000
vt 1.00000 1.00000
vt 0.00000 0.00000
vt 1.00000 1.00000
vt 0.00000 1.00000
vt 0.00000 0.00000
vt 1.00000 0.00000
vt 1.00000 1.00000
vt 0.00000 0.00000
vt 1.00000 1.00000
vt 0.00000 1.00000
vt 0.00000 0.00000
vt 1.00000 0.00000
vt 1.00000 1.00000
vt 0.00000 0.00000
vt 1.00000 1.00000
vt 0.00000 1.00000
vt 0.00000 0.00000
vt 1.00000 0.00000
vt 1.00000 1.00000
vt 0.00000 0.00000
vt 1.00000 1.00000
vt 0.00000 1.00000
vt 0.00000 0.00000
vt 1.00000 0.00000
vt 1.00000 1.00000
vt 0.00000 0.00000
vt 1.00000 1.00000
vt 0.00000 1.00000
vt 0.00000 0.00000
vt 1.00000 0.00000
vt 1.00000 1.00000
vt 0.00000 0.00000
vt 1.00000 1.00000
vt 0.00000 1.00000
vt 0.00000 0.00000
vt 1.00000 0.00000
vt 1.00000 1.00000
vt 0.00000 0.00000
vt 1.00000 1.00000
vt 0.00000 1.00000
vt 0.00000 0.00000
vt 1.00000 0.00000
vt 1.00000 1.00000
vt 0.00000 0.00000
vt 1.00000 1.00000
vt 0.00000 1.00000
vt 0.00000 0.00000
vt 1.00000 0.00000
vt 1.00000 1.00000
vt 0.00000 0.00000
vt 1.00000 1.00000
vt 0.00000 1.00000
vt 0.00000 0.00000
vt 1.00000 0.00000
vt 1.00000 1.00000
vt 0.00000 0.00000
vt 1.00000 1.00000
vt 0.00000 1.00000
vt 0.00000 0.00000
vt 1.00000 0.00000
vt 1.00000 1.00000
vt 0.00000 0.00000
vt 1.00000 1.00000
vt 0.00000 1.00000
vt 0.00000 0.00000
vt 1.00000 0.00000
vt 1.00000 1.00000
vt 0.00000 0.00000
vt 1.00000 1.00000
vt 0.00000 1.00000
vt 0.00000 0.00000
vt 1.00000 0.00000
vt 1.00000 1.00000
vt 0.00000 0.00000
vt 1.00000 1.00000
vt 0.00000 1.00000
vt 0.00000 0.00000
vt 1.00000 0.00000
vt 1.00000 1.00000
vt 0.00000 0.00000
vt 1.00000 1.00000
vt 0.00000 1.00000
vt 0.00000 0.00000
vt 1.00000 0.00000
vt 1.00000 1.00000
vt 0.00000 0.00000
vt 1.00000 1.00000
vt 0.00000 1.00000
vt 0.00000 0.00000
vt 1.00000 0.00000
vt 1.00000 1.00000
vt 0.00000 0.00000
vt 1.00000 1.00000
vt 0.00000 1.00000
vt 0.00000 0.00000
vt 1.00000 0.00000
vt 1.00000 1.00000
vt 0.00000 0.00000
vt 1.00000 1.00000
vt 0.00000 1.00000
vt 0.00000 0.00000
vt 1.00000 0.00000
vt 1.00000 1.00000
vt 0.00000 0.00000
vt 1.00000 1.00000
vt 0.00000 1.00000
vt 0.00000 0.00000
vt 1.00000 0.00000
vt 1.00000 1.00000
vt 0.00000 0.00000
vt 1.00000 1.00000
vt 0.00000 1.00000
vt 0.00000 0.00000
vt 1.00000 0.00000
vt 1.00000 1.00000
vt 0.00000 0.00000
vt 1.00000 1.00000
vt 0.00000 1.00000
vt 0.00000 0.00000
vt 1.00000 0.00000
vt 1.00000 1.00000
vt 0.00000 0.00000
vt 1.00000 1.00000
vt 0.00000 1.00000
vt 0.00000 0.00000
vt 1.00000 0.00000
vt 1.00000 1.00000
vt 0.00000 0.00000
vt 1.00000 1.00000
vt 0.00000 1.00000
vt 0.00000 0.00000
vt 1.00000 0.00000
vt 1.00000 1.00000
vt 0.00000 0.00000
vt 1.00000 1.00000
vt 0.00000 1.00000
vt 0.00000 0.00000
vt 1.00000 0.00000
vt 1.00000 1.00000
vt 0.00000 0.00000
vt 1.00000 1.00000
vt 0.00000 1.00000
vt 0.00000 0.00000
vt 1.00000 0.00000
vt 1.00000 1.00000
vt 0.00000 0.00000
vt 1.00000 1.00000
vt 0.00000 1.00000
vt 0.00000 0.00000
vt 1.00000 0.00000
vt 1.00000 1.00000
vt 0.00000 0.00000
vt 1.00000 1.00000
vt 0.00000 1.00000
vt 0.00000 0.00000
vt 1.00000 0.00000
vt 1.00000 1.00000
vt 0.00000 0.00000
vt 1.00000 1.00000
vt 0.00000 1.00000
vt 0.00000 0.00000
vt 1.00000 0.00000
vt 1.00000 1.00000
vt 0.00000 0.00000
vt 1.00000 1.00000
vt 0.00000 1.00000
vt 0.00000 0.00000
vt 1.00000 0.00000
vt 1.00000 1.00000
vt 0.00000 0.00000
vt 1.00000 1.00000
vt 0.00000 1.00000
vt 0.00000 0.00000
vt 1.00000 0.00000
vt 1.00000 1.00000
vt 0.00000 0.00000
vt 1.00000 1.00000
vt 0.00000 1.00000
vt 0.00000 0.00000
vt 1.00000 0.00000
vt 1.00000 1.00000
vt 0.00000 0.00000
vt 1.00000 1.00000
vt 0.00000 1.00000
vt 0.00000 0.00000
vt 1.00000 0.00000
vt 1.00000 1.00000
vt 0.00000 0.00000
vt 1.00000 1.00000
vt 0.00000 1.00000
vt 0.00000 0.00000
vt 1.00000 0.00000
vt 1.00000 1.00000
vt 0.00000 0.00000
vt 1.00000 1.00000
vt 0.00000 1.00000
vt 0.00000 0.00000
vt 1.00000 0.00000
vt 1.00000 1.00000
vt 0.00000 0.00000
vt 1.00000 1.00000
vt 0.00000 1.00000
vt 0.00000 0.00000
vt 1.00000 0.00000
vt 1.00000 1.00000
vt 0.00000 0.00000
vt 1.00000 1.00000
vt 0.00000 1.00000
vt 0.00000 0.00000
vt 1.00000 0.00000
vt 1.00000 1.00000
vt 0.00000 0.00000
vt 1.00000 1.00000
vt 0.00000 1.00000
vt 0.00000 0.00000
vt 1.00000 0.00000
vt 1.00000 1.00000
vt 0.00000 0.00000
vt 1.00000 1.00000
vt 0.00000 1.00000
vt 0.00000 0.00000
vt 1.00000 0.00000
vt 1.00000 1.00000
vt 0.00000 0.00000
vt 1.00000 1.00000
vt 0.00000 1.00000
vt 0.00000 0.00000
vt 1.00000 0.00000
vt 1.00000 1.00000
vt 0.00000 0.00000
vt 1.00000 1.00000
vt 0.00000 1.00000
vt 0.00000 0.00000
vt 1.00000 0.00000
vt 1.00000 1.00000
vt 0.00000 0.00000
vt 1.00000 1.00000
vt 0.00000 1.00000
vt 0.00000 0.00000
vt 1.00000 0.00000
vt 1.00000 1.00000
vt 0.00000 0.00000
vt 1.00000 1.00000
vt 0.00000 1.00000
vt 0.00000 0.00000
vt 1.00000 0.00000
vt 1.00000 1.00000
vt 0.00000 0.00000
vt 1.00000 1.00000
vt 0.00000 1.00000
vt 0.00000 0.00000
vt 1.00000 0.00000
vt 1.00000 1.00000
vt 0.00000 0.00000
vt 1.00000 1.00000
vt 0.00000 1.00000
vt 0.00000 0.00000
vt 1.00000 0.00000
vt 1.00000 1.00000
vt 0.00000 0.00000
vt 1.00000 1.00000
vt 0.00000 1.00000
vt 0.00000 0.00000
vt 1.00000 0.00000
vt 1.00000 1.00000
vt 0.00000 0.00000
vt 1.00000 1.00000
vt 0.00000 1.00000
vt 0.00000 0.00000
vt 1.00000 0.00000
vt 1.00000 1.00000
vt 0.00000 0.00000
vt 1.00000 1.00000
vt 0.00000 1.00000
vt 0.00000 0.00000
vt 1.00000 0.00000
vt 1.00000 1.00000
vt 0.00000 0.00000
vt 1.00000 1.00000
vt 0.00000 1.00000
vt 0.00000 0.00000
vt 1.00000 0.00000
vt 1.00000 1.00000
vt 0.00000 0.00000
vt 1.00000 1.00000
vt 0.00000 1.00000
vt 0.00000 0.00000
vt 1.00000 0.00000
vt 1.00000 1.00000
vt 0.00000 0.00000
vt 1.00000 1.00000
vt 0.00000 1.00000
vt 0.00000 0.00000
vt 1.00000 0.00000
vt 1.00000 1.00000
vt 0.00000 0.00000
vt 1.00000 1.00000
vt 0.00000 1.00000
vt 0.00000 0.00000
vt 1.00000 0.00000
vt 1.00000 1.00000
vt 0.00000 0.00000
vt 1.00000 1.00000
vt 0.00000 1.00000
vt 0.00000 0.00000
vt 1.00000 0.00000
vt 1.00000 1.00000
vt 0.00000 0.00000
vt 1.00000 1.00000
vt 0.00000 1.00000
vt 0.00000 0.00000
vt 1.00000 0.00000
vt 1.00000 1.00000
vt 0.00000 0.00000
vt 1.00000 1.00000
vt 0.00000 1.00000
vt 0.00000 0.00000
vt 1.00000 0.00000
vt 1.00000 1.00000
vt 0.00000 0.00000
vt 1.00000 1.00000
vt 0.00000 1.00000
vt 0.00000 0.00000
vt 1.00000 0.00000
vt 1.00000 1.00000
vt 0.00000 0.00000
vt 1.00000 1.00000
vt 0.00000 1.00000
vt 0.00000 0.00000
vt 1.00000 0.00000
vt 1.00000 1.00000
vt 0.00000 0.00000
vt 1.00000 1.00000
vt 0.00000 1.00000
vt 0.00000 0.00000
vt 1.00000 0.00000
vt 1.00000 1.00000
vt 0.00000 0.00000
vt 1.00000 1.00000
vt 0.00000 1.00000
vt 0.00000 0.00000
vt 1.00000 0.00000
vt 1.00000 1.00000
vt 0.00000 0.00000
vt 1.00000 1.00000
vt 0.00000 1.00000
vt 0.00000 0.00000
vt 1.00000 0.00000
vt 1.00000 1.00000
vt 0.00000 0.00000
vt 1.00000 1.00000
vt 0.00000 1.00000
vt 0.00000 0.00000
vt 1.00000 0.00000
vt 1.00000 1.00000
vt 0.00000 0.00000
vt 1.00000 1.00000
vt 0.00000 1.00000
vt 0.00000 0.00000
vt 1.00000 0.00000
vt 1.00000 1.00000
vt 0.00000 0.00000
vt 1.00000 1.00000
vt 0.00000 1.00000
vt 0.00000 0.00000
vt 1.00000 0.00000
vt 1.00000 1.00000
vt 0.00000 0.00000
vt 1.00000 1.00000
vt 0.00000 1.00000
vt 0.00000 0.00000
vt 1.00000 0.00000
vt 1.00000 1.00000
vt 0.00000 0.00000
vt 1.00000 1.00000
vt 0.00000 1.00000
vt 0.00000 0.00000
vt 1.00000 0.00000
vt 1.00000 1.00000
vt 0.00000 0.00000
vt 1.00000 1.00000
vt 0.00000 1.00000
vt 0.00000 0.00000
vt 1.00000 0.00000
vt 1.00000 1.00000
vt 0.00000 0.00000
vt 1.00000 1.00000
vt 0.00000 1.00000
vt 0.00000 0.00000
vt 1.00000 0.00000
vt 1.00000 1.00000
vt 0.00000 0.00000
vt 1.00000 1.00000
vt 0.00000 1.00000
vt 0.00000 0.00000
vt 1.00000 0.00000
vt 1.00000 1.00000
vt 0.00000 0.00000
vt 1.00000 1.00000
vt 0.00000 1.00000
vt 0.00000 0.00000
vt 1.00000 0.00000
vt 1.00000 1.00000
vt 0.00000 0.00000
vt 1.00000 1.00000
vt 0.00000 1.00000
vt 0.00000 0.00000
vt 1.00000 0.00000
vt 1.00000 1.00000
vt 0.00000 0.00000
vt 1.00000 1.00000
vt 0.00000 1.00000
vt 0.00000 0.00000
vt 1.00000 0.00000
vt 1.00000 1.00000
vt 0.00000 0.00000
vt 1.00000 1.00000
vt 0.00000 1.00000
vt 0.00000 0.00000
vt 1.00000 0.00000
vt 1.00000 1.00000
vt 0.00000 0.00000
vt 1.00000 1.00000
vt 0.00000 1.00000
vt 0.00000 0.00000
vt 1.00000 0.00000
vt 1.00000 1.00000
vt 0.00000 0.00000
vt 1.00000 1.00000
vt 0.00000 1.00000
vt 0.00000 0.00000
vt 1.00000 0.00000
vt 1.00000 1.00000
vt 0.00000 0.00000
vt 1.00000 1.00000
vt 0.00000 1.00000
vt 0.00000 0.00000
vt 1.00000 0.00000
vt 1.00000 1.00000
vt 0.00000 0.00000
vt 1.00000 1.00000
vt 0.00000 1.00000
vt 0.00000 0.00000
vt 1.00000 0.00000
vt 1.00000 1.00000
vt 0.00000 0.00000
vt 1.00000 1.00000
vt 0.00000 1.00000
vt 0.00000 0.00000
vt 1.00000 0.00000
vt 1.00000 1.00000
vt 0.00000 0.00000
vt 1.00000 1.00000
vt 0.00000 1.00000
vt 0.00000 0.00000
vt 1.00000 0.00000
vt 1.00000 1.00000
vt 0.00000 0.00000
vt 1.00000 1.00000
vt 0.00000 1.00000
vt 0.00000 0.00000
vt 1.00000 0.00000
vt 1.00000 1.00000
vt 0.00000 0.00000
vt 1.00000 1.00000
vt 0.00000 1.00000
vt 0.00000 0.00000
vt 1.00000 0.00000
vt 1.00000 1.00000
vt 0.00000 0.00000
vt 1.00000 1.00000
vt 0.00000 1.00000
vt 0.00000 0.00000
vt 1.00000 0.00000
vt 1.00000 1.00000
vt 0.00000 0.00000
vt 1.00000 1.00000
vt 0.00000 1.00000
vt 0.00000 0.00000
vt 1.00000 0.00000
vt 1.00000 1.00000
vt 0.00000 0.00000
vt 1.00000 1.00000
vt 0.00000 1.00000
vt 0.00000 0.00000
vt 1.00000 0.00000
vt 1.00000 1.00000
vt 0.00000 0.00000
vt 1.00000 1.00000
vt 0.00000 1.00000
vt 0.00000 0.00000
vt 1.00000 0.00000
vt 1.00000 1.00000
vt 0.00000 0.00000
vt 1.00000 1.00000
vt 0.00000 1.00000
vt 0.00000 0.00000
vt 1.00000 0.00000
vt 1.00000 1.00000
vt 0.00000 0.00000
vt 1.00000 1.00000
vt 0.00000 1.00000
vt 0.00000 0.00000
vt 1.00000 0.00000
vt 1.00000 1.00000
vt 0.00000 0.00000
vt 1.00000 1.00000
vt 0.00000 1.00000
vt 0.00000 0.00000
vt 1.00000 0.00000
vt 1.00000 1.00000
vt 0.00000 0.00000
vt 1.00000 1.00000
vt 0.00000 1.00000
vt 0.00000 0.00000
vt 1.00000 0.00000
vt 1.00000 1.00000
vt 0.00000 0.00000
vt 1.00000 1.00000
vt 0.00000 1.00000
vt 0.00000 0.00000
vt 1.00000 0.00000
vt 1.00000 1.00000
vt 0.00000 0.00000
vt 1.00000 1.00000
vt 0.00000 1.00000
vt 0.00000 0.00000
vt 1.00000 0.00000
vt 1.00000 1.00000
vt 0.00000 0.00000
vt 1.00000 1.00000
vt 0.00000 1.00000
vt 0.00000 0.00000
vt 1.00000 0.00000
vt 1.00000 1.00000
vt 0.00000 0.00000
vt 1.00000 1.00000
vt 0.00000 1.00000
vt 0.00000 0.00000
vt 1.00000 0.00000
vt 1.00000 1.00000
vt 0.00000 0.00000
vt 1.00000 1.00000
vt 0.00000 1.00000
vt 0.00000 0.00000
vt 1.00000 0.00000
vt 1.00000 1.00000
vt 0.00000 0.00000
vt 1.00000 1.00000
vt 0.00000 1.00000
vt 0.00000 0.00000
vt 1.00000 0.00000
vt 1.00000 1.00000
vt 0.00000 0.00000
vt 1.00000 1.00000
vt 0.00000 1.00000
vt 0.00000 0.00000
vt 1.00000 0.00000
vt 1.00000 1.00000
vt 0.00000 0.00000
vt 1.00000 1.00000
vt 0.00000 1.00000
vt 0.00000 0.00000
vt 1.00000 0.00000
vt 1.00000 1.00000
vt 0.00000 0.00000
vt 1.00000 1.00000
vt 0.00000 1.00000
vt 0.00000 0.00000
vt 1.00000 0.00000
vt 1.00000 1.00000
vt 0.00000 0.00000
vt 1.00000 1.00000
vt 0.00000 1.00000
vt 0.00000 0.00000
vt 1.00000 0.00000
vt 1.00000 1.00000
vt 0.00000 0.00000
vt 1.00000 1.00000
vt 0.00000 1.00000
vt 0.00000 0.00000
vt 1.00000 0.00000
vt 1.00000 1.00000
vt 0.00000 0.00000
vt 1.00000 1.00000
vt 0.00000 1.00000
vt 0.00000 0.00000
vt 1.00000 0.00000
vt 1.00000 1.00000
vt 0.00000 0.00000
vt 1.00000 1.00000
vt 0.00000 1.00000
vt 0.00000 0.00000
vt 1.00000 0.00000
vt 1.00000 1.00000
vt 0.00000 0.00000
vt 1.00000 1.00000
vt 0.00000 1.00000
vt 0.00000 0.00000
vt 1.00000 0.00000
vt 1.00000 1.00000
vt 0.00000 0.00000
vt 1.00000 1.00000
vt 0.00000 1.00000
vt 0.00000 0.00000
vt 1.00000 0.00000
vt 1.00000 1.00000
vt 0.00000 0.00000
vt 1.00000 1.00000
vt 0.00000 1.00000
vt 0.00000 0.00000
vt 1.00000 0.00000
vt 1.00000 1.00000
vt 0.00000 0.00000
vt 1.00000 1.00000
vt 0.00000 1.00000
vt 0.00000 0.00000
vt 1.00000 0.00000
vt 1.00000 1.00000
vt 0.00000 0.00000
vt 1.00000 1.00000
vt 0.00000 1.00000
vt 0.00000 0.00000
vt 1.00000 0.00000
vt 1.00000 1.00000
vt 0.00000 0.00000
vt 1.00000 1.00000
vt 0.00000 1.00000
vt 0.00000 0.00000
vt 1.00000 0.00000
vt 1.00000 1.00000
vt 0.00000 0.00000
vt 1.00000 1.00000
vt 0.00000 1.00000
vt 0.00000 0.00000
vt 1.00000 0.00000
vt 1.00000 1.00000
vt 0.00000 0.00000
vt 1.00000 1.00000
vt 0.00000 1.00000
vt 0.00000 0.00000
vt 1.00000 0.00000
vt 1.00000 1.00000
vt 0.00000 0.00000
vt 1.00000 1.00000
vt 0.00000 1.00000
vt 0.00000 0.00000
vt 1.00000 0.00000
vt 1.00000 1.00000
vt 0.00000 0.00000
vt 1.00000 1.00000
vt 0.00000 1.00000
vt 0.00000 0.00000
vt 1.00000 0.00000
vt 1.00000 1.00000
vt 0.00000 0.00000
vt 1.00000 1.00000
vt 0.00000 1.00000
vt 0.00000 0.00000
vt 1.00000 0.00000
vt 1.00000 1.00000
vt 0.00000 0.00000
vt 1.00000 1.00000
vt 0.00000 1.00000
vt 0.00000 0.00000
vt 1.00000 0.00000
vt 1.00000 1.00000
vt 0.00000 0.00000
vt 1.00000 1.00000
vt 0.00000 1.00000
vt 0.00000 0.00000
vt 1.00000 0.00000
vt 1.00000 1.00000
vt 0.00000 0.00000
vt 1.00000 1.00000
vt 0.00000 1.00000
vt 0.00000 0.00000
vt 1.00000 0.00000
vt 1.00000 1.00000
vt 0.00000 0.00000
vt 1.00000 1.00000
vt 0.00000 1.00000
vt 0.00000 0.00000
vt 1.00000 0.00000
vt 1.00000 1.00000
vt 0.00000 0.00000
vt 1.00000 1.00000
vt 0.00000 1.00000
vt 0.00000 0.00000
vt 1.00000 0.00000
vt 1.00000 1.00000
vt 0.00000 0.00000
vt 1.00000 1.00000
vt 0.00000 1.00000
vt 0.00000 0.00000
vt 1.00000 0.00000
vt 1.00000 1.00000
vt 0.00000 0.00000
vt 1.00000 1.00000
vt 0.00000 1.00000
vt 0.00000 0.00000
vt 1.00000 0.00000
vt 1.00000 1.00000
vt 0.00000 0.00000
vt 1.00000 1.00000
vt 0.00000 1.00000
vt 0.00000 0.00000
vt 1.00000 0.00000
vt 1.00000 1.00000
vt 0.00000 0.00000
vt 1.00000 1.00000
vt 0.00000 1.00000
vt 0.00000 0.00000
vt 1.00000 0.00000
vt 1.00000 1.00000
vt 0.00000 0.00000
vt 1.00000 1.00000
vt 0.00000 1.00000
vt 0.00000 0.00000
vt 1.00000 0.00000
vt 1.00000 1.00000
vt 0.00000 0.00000
vt 1.00000 1.00000
vt 0.00000 1.00000
vt 0.00000 0.00000
vt 1.00000 0.00000
vt 1.00000 1.00000
vt 0.00000 0.00000
vt 1.00000 1.00000
vt 0.00000 1.00000
vt 0.00000 0.00000
vt 1.00000 0.00000
vt 1.00000 1.00000
vt 0.00000 0.00000
vt 1.00000 1.00000
vt 0.00000 1.00000
vt 0.00000 0.00000
vt 1.00000 0.00000
vt 1.00000 1.00000
vt 0.00000 0.00000
vt 1.00000 1.00000
vt 0.00000 1.00000
vt 0.00000 0.00000
vt 1.00000 0.00000
vt 1.00000 1.00000
vt 0.00000 0.00000
vt 1.00000 1.00000
vt 0.00000 1.00000
vt 0.00000 0.00000
vt 1.00000 0.00000
vt 1.00000 1.00000
vt 0.00000 0.00000
vt 1.00000 1.00000
vt 0.00000 1.00000
vt 0.00000 0.00000
vt 1.00000 0.00000
vt 1.00000 1.00000
vt 0.00000 0.00000
vt 1.00000 1.00000
vt 0.00000 1.00000
vt 0.00000 0.00000
vt 1.00000 0.00000
vt 1.00000 1.00000
vt 0.00000 0.00000
vt 1.00000 1.00000
vt 0.00000 1.00000
vt 0.00000 0.00000
vt 1.00000 0.00000
vt 1.00000 1.00000
vt 0.00000 0.00000
vt 1.00000 1.00000
vt 0.00000 1.00000
vt 0.00000 0.00000
vt 1.00000 0.00000
vt 1.00000 1.00000
vt 0.00000 0.00000
vt 1.00000 1.00000
vt 0.00000 1.00000
vt 0.00000 0.00000
vt 1.00000 0.00000
vt 1.00000 1.00000
vt 0.00000 0.00000
vt 1.00000 1.00000
vt 0.00000 1.00000
vt 0.00000 0.00000
vt 1.00000 0.00000
vt 1.00000 1.00000
vt 0.00000 0.00000
vt 1.00000 1.00000
vt 0.00000 1.00000
vt 0.00000 0.00000
vt 1.00000 0.00000
vt 1.00000 1.00000
vt 0.00000 0.00000
vt 1.00000 1.00000
vt 0.00000 1.00000
vt 0.00000 0.00000
vt 1.00000 0.00000
vt 1.00000 1.00000
vt 0.00000 0.00000
vt 1.00000 1.00000
vt 0.00000 1.00000
vt 0.00000 0.00000
vt 1.00000 0.00000
vt 1.00000 1.00000
vt 0.00000 0.00000
vt 1.00000 1.00000
vt 0.00000 1.00000
vt 0.00000 0.00000
vt 1.00000 0.00000
vt 1.00000 1.00000
vt 0.00000 0.00000
vt 1.00000 1.00000
vt 0.00000 1.00000
vt 0.00000 0.00000
vt 1.00000 0.00000
vt 1.00000 1.00000
vt 0.00000 0.00000
vt 1.00000 1.00000
vt 0.00000 1.00000
vt 0.00000 0.00000
vt 1.00000 0.00000
vt 1.00000 1.00000
vt 0.00000 0.00000
vt 1.00000 1.00000
vt 0.00000 1.00000
vt 0.00000 0.00000
vt 1.00000 0.00000
vt 1.00000 1.00000
vt 0.00000 0.00000
vt 1.00000 1.00000
vt 0.00000 1.00000
vt 0.00000 0.00000
vt 1.00000 0.00000
vt 1.00000 1.00000
vt 0.00000 0.00000
vt 1.00000 1.00000
vt 0.00000 1.00000
vt 0.00000 0.00000
vt 1.00000 0.00000
vt 1.00000 1.00000
vt 0.00000 0.00000
vt 1.00000 1.00000
vt 0.00000 1.00000
vt 0.00000 0.00000
vt 1.00000 0.00000
vt 1.00000 1.00000
vt 0.00000 0.00000
vt 1.00000 1.00000
vt 0.00000 1.00000
vt 0.00000 0.00000
vt 1.00000 0.00000
vt 1.00000 1.00000
vt 0.00000 0.00000
vt 1.00000 1.00000
vt 0.00000 1.00000
vt 0.00000 0.00000
vt 1.00000 0.00000
vt 1.00000 1.00000
vt 0.00000 0.00000
vt 1.00000 1.00000
vt 0.00000 1.00000
vt 0.00000 0.00000
vt 1.00000 0.00000
vt 1.00000 1.00000
vt 0.00000 0.00000
vt 1.00000 1.00000
vt 0.00000 1.00000
vt 0.00000 0.00000
vt 1.00000 0.00000
vt 1.00000 1.00000
vt 0.00000 0.00000
vt 1.00000 1.00000
vt 0.00000 1.00000
vt 0.00000 0.00000
vt 1.00000 0.00000
vt 1.00000 1.00000
vt 0.00000 0.00000
vt 1.00000 1.00000
vt 0.00000 1.00000
vt 0.00000 0.00000
vt 1.00000 0.00000
vt 1.00000 1.00000
vt 0.00000 0.00000
vt 1.00000 1.00000
vt 0.00000 1.00000
vt 0.00000 0.00000
vt 1.00000 0.00000
vt 1.00000 1.00000
vt 0.00000 0.00000
vt 1.00000 1.00000
vt 0.00000 1.00000
vt 0.00000 0.00000
vt 1.00000 0.00000
vt 1.00000 1.00000
vt 0.00000 0.00000
vt 1.00000 1.00000
vt 0.00000 1.00000
vt 0.00000 0.00000
vt 1.00000 0.00000
vt 1.00000 1.00000
vt 0.00000 0.00000
vt 1.00000 1.00000
vt 0.00000 1.00000
vt 0.00000 0.00000
vt 1.00000 0.00000
vt 1.00000 1.00000
vt 0.00000 0.00000
vt 1.00000 1.00000
vt 0.00000 1.00000
vt 0.00000 0.00000
vt 1.00000 0.00000
vt 1.00000 1.00000
vt 0.00000 0.00000
vt 1.00000 1.00000
vt 0.00000 1.00000
vt 0.00000 0.00000
vt 1.00000 0.00000
vt 1.00000 1.00000
vt 0.00000 0.00000
vt 1.00000 1.00000
vt 0.00000 1.00000
vt 0.00000 0.00000
vt 1.00000 0.00000
vt 1.00000 1.00000
vt 0.00000 0.00000
vt 1.00000 1.00000
vt 0.00000 1.00000
vt 0.00000 0.00000
vt 1.00000 0.00000
vt 1.00000 1.00000
vt 0.00000 0.00000
vt 1.00000 1.00000
vt 0.00000 1.00000
vt 0.00000 0.00000
vt 1.00000 0.00000
vt 1.00000 1.00000
vt 0.00000 0.00000
vt 1.00000 1.00000
vt 0.00000 1.00000
vt 0.00000 0.00000
vt 1.00000 0.00000
vt 1.00000 1.00000
vt 0.00000 0.00000
vt 1.00000 1.00000
vt 0.00000 1.00000
vt 0.00000 0.00000
vt 1.00000 0.00000
vt 1.00000 1.00000
vt 0.00000 0.00000
vt 1.00000 1.00000
vt 0.00000 1.00000
vt 0.00000 0.00000
vt 1.00000 0.00000
vt 1.00000 1.00000
vt 0.00000 0.00000
vt 1.00000 1.00000
vt 0.00000 1.00000
vt 0.00000 0.00000
vt 1.00000 0.00000
vt 1.00000 1.00000
vt 0.00000 0.00000
vt 1.00000 1.00000
vt 0.00000 1.00000
vt 0.00000 0.00000
vt 1.00000 0.00000
vt 1.00000 1.00000
vt 0.00000 0.00000
vt 1.00000 1.00000
vt 0.00000 1.00000
vt 0.00000 0.00000
vt 1.00000 0.00000
vt 1.00000 1.00000
vt 0.00000 0.00000
vt 1.00000 1.00000
vt 0.00000 1.00000
vt 0.00000 0.00000
vt 1.00000 0.00000
vt 1.00000 1.00000
vt 0.00000 0.00000
vt 1.00000 1.00000
vt 0.00000 1.00000
vt 0.00000 0.00000
vt 1.00000 0.00000
vt 1.00000 1.00000
vt 0.00000 0.00000
vt 1.00000 1.00000
vt 0.00000 1.00000
vt 0.00000 0.00000
vt 1.00000 0.00000
vt 1.00000 1.00000
vt 0.00000 0.00000
vt 1.00000 1.00000
vt 0.00000 1.00000
vt 0.00000 0.00000
vt 1.00000 0.00000
vt 1.00000 1.00000
vt 0.00000 0.00000
vt 1.00000 1.00000
vt 0.00000 1.00000
vt 0.00000 0.00000
vt 1.00000 0.00000
vt 1.00000 1.00000
vt 0.00000 0.00000
vt 1.00000 1.00000
vt 0.00000 1.00000
vt 0.00000 0.00000
vt 1.00000 0.00000
vt 1.00000 1.00000
vt 0.00000 0.00000
vt 1.00000 1.00000
vt 0.00000 1.00000
vt 0.00000 0.00000
vt 1.00000 0.00000
vt 1.00000 1.00000
vt 0.00000 0.00000
vt 1.00000 1.00000
vt 0.00000 1.00000
vt 0.00000 0.00000
vt 1.00000 0.00000
vt 1.00000 1.00000
vt 0.00000 0.00000
vt 1.00000 1.00000
vt 0.00000 1.00000
vt 0.00000 0.00000
vt 1.00000 0.00000
vt 1.00000 1.00000
vt 0.00000 0.00000
vt 1.00000 1.00000
vt 0.00000 1.00000
vt 0.00000 0.00000
vt 1.00000 0.00000
vt 1.00000 1.00000
vt 0.00000 0.00000
vt 1.00000 1.00000
vt 0.00000 1.00000
vt 0.00000 0.00000
vt 1.00000 0.00000
vt 1.00000 1.00000
vt 0.00000 0.00000
vt 1.00000 1.00000
vt 0.00000 1.00000
vt 0.00000 0.00000
vt 1.00000 0.00000
vt 1.00000 1.00000
vt 0.00000 0.00000
vt 1.00000 1.00000
vt 0.00000 1.00000
vt 0.00000 0.00000
vt 1.00000 0.00000
vt 1.00000 1.00000
vt 0.00000 0.00000
vt 1.00000 1.00000
vt 0.00000 1.00000
vt 0.00000 0.00000
vt 1.00000 0.00000
vt 1.00000 1.00000
vt 0.00000 0.00000
vt 1.00000 1.00000
vt 0.00000 1.00000
vt 0.00000 0.00000
vt 1.00000 0.00000
vt 1.00000 1.00000
vt 0.00000 0.00000
vt 1.00000 1.00000
vt 0.00000 1.00000
vt 0.00000 0.00000
vt 1.00000 0.00000
vt 1.00000 1.00000
vt 0.00000 0.00000
vt 1.00000 1.00000
vt 0.00000 1.00000
vt 0.00000 0.00000
vt 1.00000 0.00000
vt 1.00000 1.00000
vt 0.00000 0.00000
vt 1.00000 1.00000
vt 0.00000 1.00000
vt 0.00000 0.00000
vt 1.00000 0.00000
vt 1.00000 1.00000
vt 0.00000 0.00000
vt 1.00000 1.00000
vt 0.00000 1.00000
vt 0.00000 0.00000
vt 1.00000 0.00000
vt 1.00000 1.00000
vt 0.00000 0.00000
vt 1.00000 1.00000
vt 0.00000 1.00000
vt 0.00000 0.00000
vt 1.00000 0.00000
vt 1.00000 1.00000
vt 0.00000 0.00000
vt 1.00000 1.00000
vt 0.00000 1.00000
vt 0.00000 0.00000
vt 1.00000 0.00000
vt 1.00000 1.00000
vt 0.00000 0.00000
vt 1.00000 1.00000
vt 0.00000 1.00000
vt 0.00000 0.00000
vt 1.00000 0.00000
vt 1.00000 1.00000
vt 0.00000 0.00000
vt 1.00000 1.00000
vt 0.00000 1.00000
vt 0.00000 0.00000
vt 1.00000 0.00000
vt 1.00000 1.00000
vt 0.00000 0.00000
vt 1.00000 1.00000
vt 0.00000 1.00000
vt 0.00000 0.00000
vt 1.00000 0.00000
vt 1.00000 1.00000
vt 0.00000 0.00000
vt 1.00000 1.00000
vt 0.00000 1.00000
vt 0.00000 0.00000
vt 1.00000 0.00000
vt 1.00000 1.00000
vt 0.00000 0.00000
vt 1.00000 1.00000
vt 0.00000 1.00000
vn 0.5611 0.8124 -0.1586
vn 0.5611 0.8124 -0.1586
vn 0.5611 0.8124 -0.1586
vn 0.5611 0.8124 -0.1586
vn 0.5611 0.8124 -0.1586
vn 0.5611 0.8124 -0.1586
vn -0.1119 0.9115 -0.3959
vn -0.1119 0.9115 -0.3959
vn -0.1119 0.9115 -0.3959
vn -0.1119 0.9115 -0.3959
vn -0.1119 0.9115 -0.3959
vn -0.1119 0.9115 -0.3959
vn 0.6125 0.7863 0.0812
vn 0.6125 0.7863 0.0812
vn 0.6125 0.7863 0.0812
vn 0.6125 0.7863 0.0812
vn 0.6125 0.7863 0.0812
vn 0.6125 0.7863 0.0812
vn 0.1093 0.5549 -0.8247
vn 0.1093 0.5549 -0.8247
vn 0.1093 0.5549 -0.8247
vn 0.1093 0.5549 -0.8247
vn 0.1093 0.5549 -0.8247
vn 0.1093 0.5549 -0.8247
vn -0.4617 0.8679 0.1833
vn -0.4617 0.8679 0.1833
vn -0.4617 0.8679 0.1833
vn -0.4617 0.8679 0.1833
vn -0.4617 0.8679 0.1833
vn -0.4617 0.8679 0.1833
vn 0.2049 0.8317 0.5160
vn 0.2049 0.8317 0.5160
vn 0.2049 0.8317 0.5160
vn 0.2049 0.8317 0.5160
vn 0.2049 0.8317 0.5160
vn 0.2049 0.8317 0.5160
vn -0.2401 0.9322 -0.2708
vn -0.2401 0.9322 -0.2708
vn -0.2401 0.9322 -0.2708
vn -0.2401 0.9322 -0.2708
vn -0.2401 0.9322 -0.2708
vn -0.2401 0.9322 -0.2708
vn -0.6102 0.5788 0.5410
vn -0.6102 0.5788 0.5410
vn -0.6102 0.5788 0.5410
vn -0.6102 0.5788 0.5410
vn -0.6102 0.5788 0.5410
vn -0.6102 0.5788 0.5410
vn 0.5509 0.8329 0.0525
vn 0.5509 0.8329 0.0525
vn 0.5509 0.8329 0.0525
vn 0.5509 0.8329 0.0525
vn 0.5509 0.8329 0.0525
vn 0.5509 0.8329 0.0525
vn 0.0816 0.5082 -0.8573
vn 0.0816 0.5082 -0.8573
vn 0.0816 0.5082 -0.8573
vn 0.0816 0.5082 -0.8573
vn 0.0816 0.5082 -0.8573
vn 0.0816 0.5082 -0.8573
vn 0.4248 0.9048 0.0292
vn 0.4248 0.9048 0.0292
vn 0.4248 0.9048 0.0292
vn 0.4248 0.9048 0.0292
vn 0.4248 0.9048 0.0292
vn 0.4248 0.9048 0.0292
vn 0.0553 0.5903 -0.8053
vn 0.0553 0.5903 -0.8053
vn 0.0553 0.5903 -0.8053
vn 0.0553 0.5903 -0.8053
vn 0.0553 0.5903 -0.8053
vn 0.0553 0.5903 -0.8053
vn -0.5882 0.7049 -0.3965
vn -0.5882 0.7049 -0.3965
vn -0.5882 0.7049 -0.3965
vn -0.5882 0.7049 -0.3965
vn -0.5882 0.7049 -0.3965
vn -0.5882 0.7049 -0.3965
vn -0.3787 0.7355 0.5618
vn -0.3787 0.7355 0.5618
vn -0.3787 0.7355 0.5618
vn -0.3787 0.7355 0.5618
vn -0.3787 0.7355 0.5618
vn -0.3787 0.7355 0.5618
vn 0.1388 0.5220 -0.8416
vn 0.1388 0.5220 -0.8416
vn 0.1388 0.5220 -0.8416
vn 0.1388 0.5220 -0.8416
vn 0.1388 0.5220 -0.8416
vn 0.1388 0.5220 -0.8416
vn -0.8533 0.5021 -0.1408
vn -0.8533 0.5021 -0.1408
vn -0.8533 0.5021 -0.1408
vn -0.8533 0.5021 -0.1408
vn -0.8533 0.5021 -0.1408
vn -0.8533 0.5021 -0.1408
vn 0.0510 0.9209 -0.3865
vn 0.0510 0.9209 -0.3865
vn 0.0510 0.9209 -0.3865
vn 0.0510 0.9209 -0.3865
vn 0.0510 0.9209 -0.3865
vn 0.0510 0.9209 -0.3865
vn -0.8141 0.5707 -0.1074
vn -0.8141 0.5707 -0.1074
vn -0.8141 0.5707 -0.1074
vn -0.8141 0.5707 -0.1074
vn -0.8141 0.5707 -0.1074
vn -0.8141 0.5707 -0.1074
vn 0.3041 0.9359 -0.1777
vn 0.3041 0.9359 -0.1777
vn 0.3041 0.9359 -0.1777
vn 0.3041 0.9359 -0.1777
vn 0.3041 0.9359 -0.1777
vn 0.3041 0.9359 -0.1777
vn -0.2055 0.9133 -0.3517
vn -0.2055 0.9133 -0.3517
vn -0.2055 0.9133 -0.3517
vn -0.2055 0.9133 -0.3517
vn -0.2055 0.9133 -0.3517
vn -0.2055 0.9133 -0.3517
vn -0.5414 0.5137 0.6655
vn -0.5414 0.5137 0.6655
vn -0.5414 0.5137 0.6655
vn -0.5414 0.5137 0.6655
vn -0.5414 0.5137 0.6655
vn -0.5414 0.5137 0.6655
vn 0.3328 0.9033 0.2707
vn 0.3328 0.9033 0.2707
vn 0.3328 0.9033 0.2707
vn 0.3328 0.9033 0.2707
vn 0.3328 0.9033 0.2707
vn 0.3328 0.9033 0.2707
vn 0.4816 0.8420 0.2431
vn 0.4816 0.8420 0.2431
vn 0.4816 0.8420 0.2431
vn 0.4816 0.8420 0.2431
vn 0.4816 0.8420 0.2431
vn 0.4816 0.8420 0.2431
vn 0.3060 0.7341 -0.6062
vn 0.3060 0.7341 -0.6062
vn 0.3060 0.7341 -0.6062
vn 0.3060 0.7341 -0.6062
vn 0.3060 0.7341 -0.6062
vn 0.3060 0.7341 -0.6062
vn -0.3148 0.5445 0.7774
vn -0.3148 0.5445 0.7774
vn -0.3148 0.5445 0.7774
vn -0.3148 0.5445 0.7774
vn -0.3148 0.5445 0.7774
vn -0.3148 0.5445 0.7774
vn 0.4202 0.8913 0.1701
vn 0.4202 0.8913 0.1701
vn 0.4202 0.8913 0.1701
vn 0.4202 0.8913 0.1701
vn 0.4202 0.8913 0.1701
vn 0.4202 0.8913 0.1701
vn 0.0136 0.8562 -0.5164
vn 0.0136 0.8562 -0.5164
vn 0.0136 0.8562 -0.5164
vn 0.0136 0.8562 -0.5164
vn 0.0136 0.8562 -0.5164
vn 0.0136 0.8562 -0.5164
vn -0.6956 0.7182 -0.0183
vn -0.6956 0.7182 -0.0183
vn -0.6956 0.7182 -0.0183
vn -0.6956 0.7182 -0.0183
vn -0.6956 0.7182 -0.0183
vn -0.6956 0.7182 -0.0183
vn 0.2071 0.5827 -0.7859
vn 0.2071 0.5827 -0.7859
vn 0.2071 0.5827 -0.7859
vn 0.2071 0.5827 -0.7859
vn 0.2071 0.5827 -0.7859
vn 0.2071 0.5827 -0.7859
vn -0.7552 0.6246 -0.1990
vn -0.7552 0.6246 -0.1990
vn -0.7552 0.6246 -0.1990
vn -0.7552 0.6246 -0.1990
vn -0.7552 0.6246 -0.1990
vn -0.7552 0.6246 -0.1990
vn -0.7100 0.6945 0.1164
vn -0.7100 0.6945 0.1164
vn -0.7100 0.6945 0.1164
vn -0.7100 0.6945 0.1164
vn -0.7100 0.6945 0.1164
vn -0.7100 0.6945 0.1164
vn 0.1042 0.7646 0.6360
vn 0.1042 0.7646 0.6360
vn 0.1042 0.7646 0.6360
vn 0.1042 0.7646 0.6360
vn 0.1042 0.7646 0.6360
vn 0.1042 0.7646 0.6360
vn -0.6637 0.7429 -0.0871
vn -0.6637 0.7429 -0.0871
vn -0.6637 0.7429 -0.0871
vn -0.6637 0.7429 -0.0871
vn -0.6637 0.7429 -0.0871
vn -0.6637 0.7429 -0.0871
vn -0.1103 0.5309 0.8402
vn -0.1103 0.5309 0.8402
vn -0.1103 0.5309 0.8402
vn -0.1103 0.5309 0.8402
vn -0.1103 0.5309 0.8402
vn -0.1103 0.5309 0.8402
vn 0.1863 0.8711 0.4543
vn 0.1863 0.8711 0.4543
vn 0.1863 0.8711 0.4543
vn 0.1863 0.8711 0.4543
vn 0.1863 0.8711 0.4543
vn 0.1863 0.8711 0.4543
vn 0.6989 0.6553 -0.2865
vn 0.6989 0.6553 -0.2865
vn 0.6989 0.6553 -0.2865
vn 0.6989 0.6553 -0.2865
vn 0.6989 0.6553 -0.2865
vn 0.6989 0.6553 -0.2865
vn 0.7968 0.5849 -0.1515
vn 0.7968 0.5849 -0.1515
vn 0.7968 0.5849 -0.1515
vn 0.7968 0.5849 -0.1515
vn 0.7968 0.5849 -0.1515
vn 0.7968 0.5849 -0.1515
vn -0.1194 0.7689 -0.6281
vn -0.1194 0.7689 -0.6281
vn -0.1194 0.7689 -0.6281
vn -0.1194 0.7689 -0.6281
vn -0.1194 0.7689 -0.6281
vn -0.1194 0.7689 -0.6281
vn 0.7130 0.5518 0.4326
vn 0.7130 0.5518 0.4326
vn 0.7130 0.5518 0.4326
vn 0.7130 0.5518 0.4326
vn 0.7130 0.5518 0.4326
vn 0.7130 0.5518 0.4326
vn 0.4250 0.5733 -0.7005
vn 0.4250 0.5733 -0.7005
vn 0.4250 0.5733 -0.7005
vn 0.4250 0.5733 -0.7005
vn 0.4250 0.5733 -0.7005
vn 0.4250 0.5733 -0.7005
vn 0.1926 0.8684 0.4570
vn 0.1926 0.8684 0.4570
vn 0.1926 0.8684 0.4570
vn 0.1926 0.8684 0.4570
vn 0.1926 0.8684 0.4570
vn 0.1926 0.8684 0.4570
vn 0.7123 0.6344 -0.3003
vn 0.7123 0.6344 -0.3003
vn 0.7123 0.6344 -0.3003
vn 0.7123 0.6344 -0.3003
vn 0.7123 0.6344 -0.3003
vn 0.7123 0.6344 -0.3003
vn -0.7576 0.6516 0.0376
vn -0.7576 0.6516 0.0376
vn -0.7576 0.6516 0.0376
vn -0.7576 0.6516 0.0376
vn -0.7576 0.6516 0.0376
vn -0.7576 0.6516 0.0376
vn 0.0257 0.8548 0.5184
vn 0.0257 0.8548 0.5184
vn 0.0257 0.8548 0.5184
vn 0.0257 0.8548 0.5184
vn 0.0257 0.8548 0.5184
vn 0.0257 0.8548 0.5184
vn -0.4633 0.8277 -0.3167
vn -0.4633 0.8277 -0.3167
vn -0.4633 0.8277 -0.3167
vn -0.4633 0.8277 -0.3167
vn -0.4633 0.8277 -0.3167
vn -0.4633 0.8277 -0.3167
vn -0.2171 0.9231 0.3175
vn -0.2171 0.9231 0.3175
vn -0.2171 0.9231 0.3175
vn -0.2171 0.9231 0.3175
vn -0.2171 0.9231 0.3175
vn -0.2171 0.9231 0.3175
vn 0.1314 0.6457 0.7522
vn 0.1314 0.6457 0.7522
vn 0.1314 0.6457 0.7522
vn 0.1314 0.6457 0.7522
vn 0.1314 0.6457 0.7522
vn 0.1314 0.6457 0.7522
vn 0.4553 0.8868 -0.0795
vn 0.4553 0.8868 -0.0795
vn 0.4553 0.8868 -0.0795
vn 0.4553 0.8868 -0.0795
vn 0.4553 0.8868 -0.0795
vn 0.4553 0.8868 -0.0795
vn -0.2965 0.9337 -0.2007
vn -0.2965 0.9337 -0.2007
vn -0.2965 0.9337 -0.2007
vn -0.2965 0.9337 -0.2007
vn -0.2965 0.9337 -0.2007
vn -0.2965 0.9337 -0.2007
vn -0.4637 0.5617 0.6851
vn -0.4637 0.5617 0.6851
vn -0.4637 0.5617 0.6851
vn -0.4637 0.5617 0.6851
vn -0.4637 0.5617 0.6851
vn -0.4637 0.5617 0.6851
vn 0.2513 0.8217 -0.5114
vn 0.2513 0.8217 -0.5114
vn 0.2513 0.8217 -0.5114
vn 0.2513 0.8217 -0.5114
vn 0.2513 0.8217 -0.5114
vn 0.2513 0.8217 -0.5114
vn -0.6516 0.6876 -0.3202
vn -0.6516 0.6876 -0.3202
vn -0.6516 0.6876 -0.3202
vn -0.6516 0.6876 -0.3202
vn -0.6516 0.6876 -0.3202
vn -0.6516 0.6876 -0.3202
vn 0.3298 0.9032 -0.2747
vn 0.3298 0.9032 -0.2747
vn 0.3298 0.9032 -0.2747
vn 0.3298 0.9032 -0.2747
vn 0.3298 0.9032 -0.2747
vn 0.3298 0.9032 -0.2747
vn -0.3405 0.8467 -0.4088
vn -0.3405 0.8467 -0.4088
vn -0.3405 0.8467 -0.4088
vn -0.3405 0.8467 -0.4088
vn -0.3405 0.8467 -0.4088
vn -0.3405 0.8467 -0.4088
vn -0.6728 0.5521 0.4925
vn -0.6728 0.5521 0.4925
vn -0.6728 0.5521 0.4925
vn -0.6728 0.5521 0.4925
vn -0.6728 0.5521 0.4925
vn -0.6728 0.5521 0.4925
vn 0.3913 0.7491 0.5346
vn 0.3913 0.7491 0.5346
vn 0.3913 0.7491 0.5346
vn 0.3913 0.7491 0.5346
vn 0.3913 0.7491 0.5346
vn 0.3913 0.7491 0.5346
vn -0.0585 0.9175 0.3934
vn -0.0585 0.9175 0.3934
vn -0.0585 0.9175 0.3934
vn -0.0585 0.9175 0.3934
vn -0.0585 0.9175 0.3934
vn -0.0585 0.9175 0.3934
vn 0.5402 0.8377 0.0803
vn 0.5402 0.8377 0.0803
vn 0.5402 0.8377 0.0803
vn 0.5402 0.8377 0.0803
vn 0.5402 0.8377 0.0803
vn 0.5402 0.8377 0.0803
vn 0.2036 0.8615 -0.4652
vn 0.2036 0.8615 -0.4652
vn 0.2036 0.8615 -0.4652
vn 0.2036 0.8615 -0.4652
vn 0.2036 0.8615 -0.4652
vn 0.2036 0.8615 -0.4652
vn -0.6889 0.6593 -0.3014
vn -0.6889 0.6593 -0.3014
vn -0.6889 0.6593 -0.3014
vn -0.6889 0.6593 -0.3014
vn -0.6889 0.6593 -0.3014
vn -0.6889 0.6593 -0.3014
vn -0.1531 0.7525 0.6406
vn -0.1531 0.7525 0.6406
vn -0.1531 0.7525 0.6406
vn -0.1531 0.7525 0.6406
vn -0.1531 0.7525 0.6406
vn -0.1531 0.7525 0.6406
vn 0.4117 0.9060 0.0984
vn 0.4117 0.9060 0.0984
vn 0.4117 0.9060 0.0984
vn 0.4117 0.9060 0.0984
vn 0.4117 0.9060 0.0984
vn 0.4117 0.9060 0.0984
vn 0.6211 0.5554 -0.5530
vn 0.6211 0.5554 -0.5530
vn 0.6211 0.5554 -0.5530
vn 0.6211 0.5554 -0.5530
vn 0.6211 0.5554 -0.5530
vn 0.6211 0.5554 -0.5530
vn -0.3011 0.8916 -0.3382
vn -0.3011 0.8916 -0.3382
vn -0.3011 0.8916 -0.3382
vn -0.3011 0.8916 -0.3382
vn -0.3011 0.8916 -0.3382
vn -0.3011 0.8916 -0.3382
vn -0.5027 0.7837 0.3647
vn -0.5027 0.7837 0.3647
vn -0.5027 0.7837 0.3647
vn -0.5027 0.7837 0.3647
vn -0.5027 0.7837 0.3647
vn -0.5027 0.7837 0.3647
vn 0.3679 0.7793 0.5072
vn 0.3679 0.7793 0.5072
vn 0.3679 0.7793 0.5072
vn 0.3679 0.7793 0.5072
vn 0.3679 0.7793 0.5072
vn 0.3679 0.7793 0.5072
vn 0.8099 0.5683 0.1456
vn 0.8099 0.5683 0.1456
vn 0.8099 0.5683 0.1456
vn 0.8099 0.5683 0.1456
vn 0.8099 0.5683 0.1456
vn 0.8099 0.5683 0.1456
vn 0.1463 0.5622 -0.8139
vn 0.1463 0.5622 -0.8139
vn 0.1463 0.5622 -0.8139
vn 0.1463 0.5622 -0.8139
vn 0.1463 0.5622 -0.8139
vn 0.1463 0.5622 -0.8139
vn 0.4347 0.7887 0.4347
vn 0.4347 0.7887 0.4347
vn 0.4347 0.7887 0.4347
vn 0.4347 0.7887 0.4347
vn 0.4347 0.7887 0.4347
vn 0.4347 0.7887 0.4347
vn 0.3337 0.8816 -0.3337
vn 0.3337 0.8816 -0.3337
vn 0.3337 0.8816 -0.3337
vn 0.3337 0.8816 -0.3337
vn 0.3337 0.8816 -0.3337
vn 0.3337 0.8816 -0.3337
vn 0.3636 0.9087 0.2053
vn 0.3636 0.9087 0.2053
vn 0.3636 0.9087 0.2053
vn 0.3636 0.9087 0.2053
vn 0.3636 0.9087 0.2053
vn 0.3636 0.9087 0.2053
vn 0.4232 0.5090 -0.7496
vn 0.4232 0.5090 -0.7496
vn 0.4232 0.5090 -0.7496
vn 0.4232 0.5090 -0.7496
vn 0.4232 0.5090 -0.7496
vn 0.4232 0.5090 -0.7496
vn 0.5108 0.8050 -0.3017
vn 0.5108 0.8050 -0.3017
vn 0.5108 0.8050 -0.3017
vn 0.5108 0.8050 -0.3017
vn 0.5108 0.8050 -0.3017
vn 0.5108 0.8050 -0.3017
vn -0.3809 0.6625 -0.6450
vn -0.3809 0.6625 -0.6450
vn -0.3809 0.6625 -0.6450
vn -0.3809 0.6625 -0.6450
vn -0.3809 0.6625 -0.6450
vn -0.3809 0.6625 -0.6450
vn -0.2095 0.8545 -0.4753
vn -0.2095 0.8545 -0.4753
vn -0.2095 0.8545 -0.4753
vn -0.2095 0.8545 -0.4753
vn -0.2095 0.8545 -0.4753
vn -0.2095 0.8545 -0.4753
vn -0.7081 0.6334 0.3121
vn -0.7081 0.6334 0.3121
vn -0.7081 0.6334 0.3121
vn -0.7081 0.6334 0.3121
vn -0.7081 0.6334 0.3121
vn -0.7081 0.6334 0.3121
vn 0.4720 0.6933 -0.5447
vn 0.4720 0.6933 -0.5447
vn 0.4720 0.6933 -0.5447
vn 0.4720 0.6933 -0.5447
vn 0.4720 0.6933 -0.5447
vn 0.4720 0.6933 -0.5447
vn -0.5883 0.6278 -0.5097
vn -0.5883 0.6278 -0.5097
vn -0.5883 0.6278 -0.5097
vn -0.5883 0.6278 -0.5097
vn -0.5883 0.6278 -0.5097
vn -0.5883 0.6278 -0.5097
vn 0.0904 0.8411 0.5333
vn 0.0904 0.8411 0.5333
vn 0.0904 0.8411 0.5333
vn 0.0904 0.8411 0.5333
vn 0.0904 0.8411 0.5333
vn 0.0904 0.8411 0.5333
vn 0.4824 0.8721 -0.0818
vn 0.4824 0.8721 -0.0818
vn 0.4824 0.8721 -0.0818
vn 0.4824 0.8721 -0.0818
vn 0.4824 0.8721 -0.0818
vn 0.4824 0.8721 -0.0818
vn 0.6659 0.6698 -0.3286
vn 0.6659 0.6698 -0.3286
vn 0.6659 0.6698 -0.3286
vn 0.6659 0.6698 -0.3286
vn 0.6659 0.6698 -0.3286
vn 0.6659 0.6698 -0.3286
vn -0.2849 0.7653 -0.5772
vn -0.2849 0.7653 -0.5772
vn -0.2849 0.7653 -0.5772
vn -0.2849 0.7653 -0.5772
vn -0.2849 0.7653 -0.5772
vn -0.2849 0.7653 -0.5772
vn 0.2181 0.8906 0.3991
vn 0.2181 0.8906 0.3991
vn 0.2181 0.8906 0.3991
vn 0.2181 0.8906 0.3991
vn 0.2181 0.8906 0.3991
vn 0.2181 0.8906 0.3991
vn 0.7221 0.5682 -0.3946
vn 0.7221 0.5682 -0.3946
vn 0.7221 0.5682 -0.3946
vn 0.7221 0.5682 -0.3946
vn 0.7221 0.5682 -0.3946
vn 0.7221 0.5682 -0.3946
vn -0.3770 0.6170 -0.6908
vn -0.3770 0.6170 -0.6908
vn -0.3770 0.6170 -0.6908
vn -0.3770 0.6170 -0.6908
vn -0.3770 0.6170 -0.6908
vn -0.3770 0.6170 -0.6908
vn -0.5327 0.7948 0.2907
vn -0.5327 0.7948 0.2907
vn -0.5327 0.7948 0.2907
vn -0.5327 0.7948 0.2907
vn -0.5327 0.7948 0.2907
vn -0.5327 0.7948 0.2907
vn -0.0100 0.7952 -0.6063
vn -0.0100 0.7952 -0.6063
vn -0.0100 0.7952 -0.6063
vn -0.0100 0.7952 -0.6063
vn -0.0100 0.7952 -0.6063
vn -0.0100 0.7952 -0.6063
vn -0.4908 0.8712 0.0081
vn -0.4908 0.8712 0.0081
vn -0.4908 0.8712 0.0081
vn -0.4908 0.8712 0.0081
vn -0.4908 0.8712 0.0081
vn -0.4908 0.8712 0.0081
vn -0.4789 0.8269 -0.2947
vn -0.4789 0.8269 -0.2947
vn -0.4789 0.8269 -0.2947
vn -0.4789 0.8269 -0.2947
vn -0.4789 0.8269 -0.2947
vn -0.4789 0.8269 -0.2947
vn -0.2717 0.8551 0.4416
vn -0.2717 0.8551 0.4416
vn -0.2717 0.8551 0.4416
vn -0.2717 0.8551 0.4416
vn -0.2717 0.8551 0.4416
vn -0.2717 0.8551 0.4416
vn 0.3089 0.6424 -0.7014
vn 0.3089 0.6424 -0.7014
vn 0.3089 0.6424 -0.7014
vn 0.3089 0.6424 -0.7014
vn 0.3089 0.6424 -0.7014
vn 0.3089 0.6424 -0.7014
vn -0.4283 0.8837 -0.1887
vn -0.4283 0.8837 -0.1887
vn -0.4283 0.8837 -0.1887
vn -0.4283 0.8837 -0.1887
vn -0.4283 0.8837 -0.1887
vn -0.4283 0.8837 -0.1887
vn -0.7505 0.6548 -0.0890
vn -0.7505 0.6548 -0.0890
vn -0.7505 0.6548 -0.0890
vn -0.7505 0.6548 -0.0890
vn -0.7505 0.6548 -0.0890
vn -0.7505 0.6548 -0.0890
vn -0.0675 0.8196 0.5689
vn -0.0675 0.8196 0.5689
vn -0.0675 0.8196 0.5689
vn -0.0675 0.8196 0.5689
vn -0.0675 0.8196 0.5689
vn -0.0675 0.8196 0.5689
vn -0.6878 0.5551 -0.4677
vn -0.6878 0.5551 -0.4677
vn -0.6878 0.5551 -0.4677
vn -0.6878 0.5551 -0.4677
vn -0.6878 0.5551 -0.4677
vn -0.6878 0.5551 -0.4677
vn -0.3889 0.7222 0.5720
vn -0.3889 0.7222 0.5720
vn -0.3889 0.7222 0.5720
vn -0.3889 0.7222 0.5720
vn -0.3889 0.7222 0.5720
vn -0.3889 0.7222 0.5720
vn -0.2490 0.9136 -0.3216
vn -0.2490 0.9136 -0.3216
vn -0.2490 0.9136 -0.3216
vn -0.2490 0.9136 -0.3216
vn -0.2490 0.9136 -0.3216
vn -0.2490 0.9136 -0.3216
vn -0.4468 0.8250 0.3460
vn -0.4468 0.8250 0.3460
vn -0.4468 0.8250 0.3460
vn -0.4468 0.8250 0.3460
vn -0.4468 0.8250 0.3460
vn -0.4468 0.8250 0.3460
vn 0.3984 0.9137 0.0798
vn 0.3984 0.9137 0.0798
vn 0.3984 0.9137 0.0798
vn 0.3984 0.9137 0.0798
vn 0.3984 0.9137 0.0798
vn 0.3984 0.9137 0.0798
vn 0.1430 0.6854 -0.7140
vn 0.1430 0.6854 -0.7140
vn 0.1430 0.6854 -0.7140
vn 0.1430 0.6854 -0.7140
vn 0.1430 0.6854 -0.7140
vn 0.1430 0.6854 -0.7140
vn -0.2655 0.9122 0.3120
vn -0.2655 0.9122 0.3120
vn -0.2655 0.9122 0.3120
vn -0.2655 0.9122 0.3120
vn -0.2655 0.9122 0.3120
vn -0.2655 0.9122 0.3120
vn 0.3511 0.8874 0.2988
vn 0.3511 0.8874 0.2988
vn 0.3511 0.8874 0.2988
vn 0.3511 0.8874 0.2988
vn 0.3511 0.8874 0.2988
vn 0.3511 0.8874 0.2988
vn 0.3638 0.8150 0.4510
vn 0.3638 0.8150 0.4510
vn 0.3638 0.8150 0.4510
vn 0.3638 0.8150 0.4510
vn 0.3638 0.8150 0.4510
vn 0.3638 0.8150 0.4510
vn 0.3872 0.8675 -0.3123
vn 0.3872 0.8675 -0.3123
vn 0.3872 0.8675 -0.3123
vn 0.3872 0.8675 -0.3123
vn 0.3872 0.8675 -0.3123
vn 0.3872 0.8675 -0.3123
vn -0.4044 0.8531 0.3297
vn -0.4044 0.8531 0.3297
vn -0.4044 0.8531 0.3297
vn -0.4044 0.8531 0.3297
vn -0.4044 0.8531 0.3297
vn -0.4044 0.8531 0.3297
vn 0.4842 0.6424 0.5940
vn 0.4842 0.6424 0.5940
vn 0.4842 0.6424 0.5940
vn 0.4842 0.6424 0.5940
vn 0.4842 0.6424 0.5940
vn 0.4842 0.6424 0.5940
vn -0.7304 0.6728 0.1181
vn -0.7304 0.6728 0.1181
vn -0.7304 0.6728 0.1181
vn -0.7304 0.6728 0.1181
vn -0.7304 0.6728 0.1181
vn -0.7304 0.6728 0.1181
vn 0.1060 0.7474 0.6558
vn 0.1060 0.7474 0.6558
vn 0.1060 0.7474 0.6558
vn 0.1060 0.7474 0.6558
vn 0.1060 0.7474 0.6558
vn 0.1060 0.7474 0.6558
vn 0.3372 0.9324 -0.1302
vn 0.3372 0.9324 -0.1302
vn 0.3372 0.9324 -0.1302
vn 0.3372 0.9324 -0.1302
vn 0.3372 0.9324 -0.1302
vn 0.3372 0.9324 -0.1302
vn -0.1804 0.8655 -0.4673
vn -0.1804 0.8655 -0.4673
vn -0.1804 0.8655 -0.4673
vn -0.1804 0.8655 -0.4673
vn -0.1804 0.8655 -0.4673
vn -0.1804 0.8655 -0.4673
vn 0.3606 0.5121 0.7796
vn 0.3606 0.5121 0.7796
vn 0.3606 0.5121 0.7796
vn 0.3606 0.5121 0.7796
vn 0.3606 0.5121 0.7796
vn 0.3606 0.5121 0.7796
vn 0.7651 0.5379 -0.3540
vn 0.7651 0.5379 -0.3540
vn 0.7651 0.5379 -0.3540
vn 0.7651 0.5379 -0.3540
vn 0.7651 0.5379 -0.3540
vn 0.7651 0.5379 -0.3540
vn -0.6949 0.7007 0.1617
vn -0.6949 0.7007 0.1617
vn -0.6949 0.7007 0.1617
vn -0.6949 0.7007 0.1617
vn -0.6949 0.7007 0.1617
vn -0.6949 0.7007 0.1617
vn 0.1891 0.5511 0.8127
vn 0.1891 0.5511 0.8127
vn 0.1891 0.5511 0.8127
vn 0.1891 0.5511 0.8127
vn 0.1891 0.5511 0.8127
vn 0.1891 0.5511 0.8127
vn 0.3971 0.8936 -0.2091
vn 0.3971 0.8936 -0.2091
vn 0.3971 0.8936 -0.2091
vn 0.3971 0.8936 -0.2091
vn 0.3971 0.8936 -0.2091
vn 0.3971 0.8936 -0.2091
vn -0.3588 0.6379 -0.6815
vn -0.3588 0.6379 -0.6815
vn -0.3588 0.6379 -0.6815
vn -0.3588 0.6379 -0.6815
vn -0.3588 0.6379 -0.6815
vn -0.3588 0.6379 -0.6815
vn 0.2728 0.5233 -0.8073
vn 0.2728 0.5233 -0.8073
vn 0.2728 0.5233 -0.8073
vn 0.2728 0.5233 -0.8073
vn 0.2728 0.5233 -0.8073
vn 0.2728 0.5233 -0.8073
vn -0.7735 0.5773 -0.2614
vn -0.7735 0.5773 -0.2614
vn -0.7735 0.5773 -0.2614
vn -0.7735 0.5773 -0.2614
vn -0.7735 0.5773 -0.2614
vn -0.7735 0.5773 -0.2614
vn -0.3807 0.9205 -0.0880
vn -0.3807 0.9205 -0.0880
vn -0.3807 0.9205 -0.0880
vn -0.3807 0.9205 -0.0880
vn -0.3807 0.9205 -0.0880
vn -0.3807 0.9205 -0.0880
vn -0.1403 0.7821 0.6071
vn -0.1403 0.7821 0.6071
vn -0.1403 0.7821 0.6071
vn -0.1403 0.7821 0.6071
vn -0.1403 0.7821 0.6071
vn -0.1403 0.7821 0.6071
vn -0.0851 0.8305 0.5504
vn -0.0851 0.8305 0.5504
vn -0.0851 0.8305 0.5504
vn -0.0851 0.8305 0.5504
vn -0.0851 0.8305 0.5504
vn -0.0851 0.8305 0.5504
vn 0.7364 0.6668 0.1139
vn 0.7364 0.6668 0.1139
vn 0.7364 0.6668 0.1139
vn 0.7364 0.6668 0.1139
vn 0.7364 0.6668 0.1139
vn 0.7364 0.6668 0.1139
vn -0.3497 0.6752 -0.6495
vn -0.3497 0.6752 -0.6495
vn -0.3497 0.6752 -0.6495
vn -0.3497 0.6752 -0.6495
vn -0.3497 0.6752 -0.6495
vn -0.3497 0.6752 -0.6495
vn -0.3571 0.9141 0.1922
vn -0.3571 0.9141 0.1922
vn -0.3571 0.9141 0.1922
vn -0.3571 0.9141 0.1922
vn -0.3571 0.9141 0.1922
vn -0.3571 0.9141 0.1922
vn -0.6188 0.7235 0.3061
vn -0.6188 0.7235 0.3061
vn -0.6188 0.7235 0.3061
vn -0.6188 0.7235 0.3061
vn -0.6188 0.7235 0.3061
vn -0.6188 0.7235 0.3061
vn 0.2417 0.8383 0.4887
vn 0.2417 0.8383 0.4887
vn 0.2417 0.8383 0.4887
vn 0.2417 0.8383 0.4887
vn 0.2417 0.8383 0.4887
vn 0.2417 0.8383 0.4887
vn -0.2825 0.9122 0.2968
vn -0.2825 0.9122 0.2968
vn -0.2825 0.9122 0.2968
vn -0.2825 0.9122 0.2968
vn -0.2825 0.9122 0.2968
vn -0.2825 0.9122 0.2968
vn 0.5791 0.6008 0.5511
vn 0.5791 0.6008 0.5511
vn 0.5791 0.6008 0.5511
vn 0.5791 0.6008 0.5511
vn 0.5791 0.6008 0.5511
vn 0.5791 0.6008 0.5511
vn -0.2903 0.8293 -0.4774
vn -0.2903 0.8293 -0.4774
vn -0.2903 0.8293 -0.4774
vn -0.2903 0.8293 -0.4774
vn -0.2903 0.8293 -0.4774
vn -0.2903 0.8293 -0.4774
vn -0.5608 0.7545 0.3410
vn -0.5608 0.7545 0.3410
vn -0.5608 0.7545 0.3410
vn -0.5608 0.7545 0.3410
vn -0.5608 0.7545 0.3410
vn -0.5608 0.7545 0.3410
vn 0.5609 0.7243 -0.4011
vn 0.5609 0.7243 -0.4011
vn 0.5609 0.7243 -0.4011
vn 0.5609 0.7243 -0.4011
vn 0.5609 0.7243 -0.4011
vn 0.5609 0.7243 -0.4011
vn -0.3438 0.8066 -0.4808
vn -0.3438 0.8066 -0.4808
vn -0.3438 0.8066 -0.4808
vn -0.3438 0.8066 -0.4808
vn -0.3438 0.8066 -0.4808
vn -0.3438 0.8066 -0.4808
vn -0.1367 0.8612 0.4895
vn -0.1367 0.8612 0.4895
vn -0.1367 0.8612 0.4895
vn -0.1367 0.8612 0.4895
vn -0.1367 0.8612 0.4895
vn -0.1367 0.8612 0.4895
vn 0.4403 0.8894 0.1230
vn 0.4403 0.8894 0.1230
vn 0.4403 0.8894 0.1230
vn 0.4403 0.8894 0.1230
vn 0.4403 0.8894 0.1230
vn 0.4403 0.8894 0.1230
vn -0.1756 0.8758 0.4497
vn -0.1756 0.8758 0.4497
vn -0.1756 0.8758 0.4497
vn -0.1756 0.8758 0.4497
vn -0.1756 0.8758 0.4497
vn -0.1756 0.8758 0.4497
vn 0.5387 0.8158 0.2104
vn 0.5387 0.8158 0.2104
vn 0.5387 0.8158 0.2104
vn 0.5387 0.8158 0.2104
vn 0.5387 0.8158 0.2104
vn 0.5387 0.8158 0.2104
vn 0.2254 0.8444 0.4861
vn 0.2254 0.8444 0.4861
vn 0.2254 0.8444 0.4861
vn 0.2254 0.8444 0.4861
vn 0.2254 0.8444 0.4861
vn 0.2254 0.8444 0.4861
vn 0.7086 0.6245 -0.3285
vn 0.7086 0.6245 -0.3285
vn 0.7086 0.6245 -0.3285
vn 0.7086 0.6245 -0.3285
vn 0.7086 0.6245 -0.3285
vn 0.7086 0.6245 -0.3285
vn 0.3097 0.9304 -0.1960
vn 0.3097 0.9304 -0.1960
vn 0.3097 0.9304 -0.1960
vn 0.3097 0.9304 -0.1960
vn 0.3097 0.9304 -0.1960
vn 0.3097 0.9304 -0.1960
vn -0.2803 0.8516 -0.4430
vn -0.2803 0.8516 -0.4430
vn -0.2803 0.8516 -0.4430
vn -0.2803 0.8516 -0.4430
vn -0.2803 0.8516 -0.4430
vn -0.2803 0.8516 -0.4430
vn -0.0811 0.6952 0.7142
vn -0.0811 0.6952 0.7142
vn -0.0811 0.6952 0.7142
vn -0.0811 0.6952 0.7142
vn -0.0811 0.6952 0.7142
vn -0.0811 0.6952 0.7142
vn 0.4860 0.8722 0.0552
vn 0.4860 0.8722 0.0552
vn 0.4860 0.8722 0.0552
vn 0.4860 0.8722 0.0552
vn 0.4860 0.8722 0.0552
vn 0.4860 0.8722 0.0552
vn 0.1082 0.8655 -0.4891
vn 0.1082 0.8655 -0.4891
vn 0.1082 0.8655 -0.4891
vn 0.1082 0.8655 -0.4891
vn 0.1082 0.8655 -0.4891
vn 0.1082 0.8655 -0.4891
vn -0.5919 0.7953 -0.1309
vn -0.5919 0.7953 -0.1309
vn -0.5919 0.7953 -0.1309
vn -0.5919 0.7953 -0.1309
vn -0.5919 0.7953 -0.1309
vn -0.5919 0.7953 -0.1309
vn 0.4100 0.5079 0.7576
vn 0.4100 0.5079 0.7576
vn 0.4100 0.5079 0.7576
vn 0.4100 0.5079 0.7576
vn 0.4100 0.5079 0.7576
vn 0.4100 0.5079 0.7576
vn 0.4352 0.8690 -0.2355
vn 0.4352 0.8690 -0.2355
vn 0.4352 0.8690 -0.2355
vn 0.4352 0.8690 -0.2355
vn 0.4352 0.8690 -0.2355
vn 0.4352 0.8690 -0.2355
vn -0.1331 0.5155 -0.8465
vn -0.1331 0.5155 -0.8465
vn -0.1331 0.5155 -0.8465
vn -0.1331 0.5155 -0.8465
vn -0.1331 0.5155 -0.8465
vn -0.1331 0.5155 -0.8465
vn -0.8120 0.5695 0.1277
vn -0.8120 0.5695 0.1277
vn -0.8120 0.5695 0.1277
vn -0.8120 0.5695 0.1277
vn -0.8120 0.5695 0.1277
vn -0.8120 0.5695 0.1277
vn -0.2941 0.9006 -0.3200
vn -0.2941 0.9006 -0.3200
vn -0.2941 0.9006 -0.3200
vn -0.2941 0.9006 -0.3200
vn -0.2941 0.9006 -0.3200
vn -0.2941 0.9006 -0.3200
vn -0.5244 0.7020 0.4819
vn -0.5244 0.7020 0.4819
vn -0.5244 0.7020 0.4819
vn -0.5244 0.7020 0.4819
vn -0.5244 0.7020 0.4819
vn -0.5244 0.7020 0.4819
vn -0.3501 0.5247 -0.7759
vn -0.3501 0.5247 -0.7759
vn -0.3501 0.5247 -0.7759
vn -0.3501 0.5247 -0.7759
vn -0.3501 0.5247 -0.7759
vn -0.3501 0.5247 -0.7759
vn -0.4328 0.8801 0.1953
vn -0.4328 0.8801 0.1953
vn -0.4328 0.8801 0.1953
vn -0.4328 0.8801 0.1953
vn -0.4328 0.8801 0.1953
vn -0.4328 0.8801 0.1953
vn 0.8452 0.5343 -0.0147
vn 0.8452 0.5343 -0.0147
vn 0.8452 0.5343 -0.0147
vn 0.8452 0.5343 -0.0147
vn 0.8452 0.5343 -0.0147
vn 0.8452 0.5343 -0.0147
vn -0.0137 0.6172 -0.7867
vn -0.0137 0.6172 -0.7867
vn -0.0137 0.6172 -0.7867
vn -0.0137 0.6172 -0.7867
vn -0.0137 0.6172 -0.7867
vn -0.0137 0.6172 -0.7867
vn 0.5428 0.8062 0.2352
vn 0.5428 0.8062 0.2352
vn 0.5428 0.8062 0.2352
vn 0.5428 0.8062 0.2352
vn 0.5428 0.8062 0.2352
vn 0.5428 0.8062 0.2352
vn 0.3335 0.5446 -0.7696
vn 0.3335 0.5446 -0.7696
vn 0.3335 0.5446 -0.7696
vn 0.3335 0.5446 -0.7696
vn 0.3335 0.5446 -0.7696
vn 0.3335 0.5446 -0.7696
vn -0.5213 0.8232 0.2251
vn -0.5213 0.8232 0.2251
vn -0.5213 0.8232 0.2251
vn -0.5213 0.8232 0.2251
vn -0.5213 0.8232 0.2251
vn -0.5213 0.8232 0.2251
vn 0.2739 0.7229 0.6343
vn 0.2739 0.7229 0.6343
vn 0.2739 0.7229 0.6343
vn 0.2739 0.7229 0.6343
vn 0.2739 0.7229 0.6343
vn 0.2739 0.7229 0.6343
vn 0.3785 0.9256 0.0053
vn 0.3785 0.9256 0.0053
vn 0.3785 0.9256 0.0053
vn 0.3785 0.9256 0.0053
vn 0.3785 0.9256 0.0053
vn 0.3785 0.9256 0.0053
vn 0.0121 0.5197 -0.8542
vn 0.0121 0.5197 -0.8542
vn 0.0121 0.5197 -0.8542
vn 0.0121 0.5197 -0.8542
vn 0.0121 0.5197 -0.8542
vn 0.0121 0.5197 -0.8542
vn -0.7473 0.5228 0.4102
vn -0.7473 0.5228 0.4102
vn -0.7473 0.5228 0.4102
vn -0.7473 0.5228 0.4102
vn -0.7473 0.5228 0.4102
vn -0.7473 0.5228 0.4102
vn 0.3397 0.7082 0.6189
vn 0.3397 0.7082 0.6189
vn 0.3397 0.7082 0.6189
vn 0.3397 0.7082 0.6189
vn 0.3397 0.7082 0.6189
vn 0.3397 0.7082 0.6189
vn -0.7776 0.6111 -0.1478
vn -0.7776 0.6111 -0.1478
vn -0.7776 0.6111 -0.1478
vn -0.7776 0.6111 -0.1478
vn -0.7776 0.6111 -0.1478
vn -0.7776 0.6111 -0.1478
vn -0.1466 0.6197 0.7710
vn -0.1466 0.6197 0.7710
vn -0.1466 0.6197 0.7710
vn -0.1466 0.6197 0.7710
vn -0.1466 0.6197 0.7710
vn -0.1466 0.6197 0.7710
vn -0.7759 0.5656 -0.2794
vn -0.7759 0.5656 -0.2794
vn -0.7759 0.5656 -0.2794
vn -0.7759 0.5656 -0.2794
vn -0.7759 0.5656 -0.2794
vn -0.7759 0.5656 -0.2794
vn -0.1165 0.9390 0.3235
vn -0.1165 0.9390 0.3235
vn -0.1165 0.9390 0.3235
vn -0.1165 0.9390 0.3235
vn -0.1165 0.9390 0.3235
vn -0.1165 0.9390 0.3235
vn -0.4610 0.8759 0.1425
vn -0.4610 0.8759 0.1425
vn -0.4610 0.8759 0.1425
vn -0.4610 0.8759 0.1425
vn -0.4610 0.8759 0.1425
vn -0.4610 0.8759 0.1425
vn 0.1227 0.9097 0.3968
vn 0.1227 0.9097 0.3968
vn 0.1227 0.9097 0.3968
vn 0.1227 0.9097 0.3968
vn 0.1227 0.9097 0.3968
vn 0.1227 0.9097 0.3968
vn 0.6380 0.7087 -0.3011
vn 0.6380 0.7087 -0.3011
vn 0.6380 0.7087 -0.3011
vn 0.6380 0.7087 -0.3011
vn 0.6380 0.7087 -0.3011
vn 0.6380 0.7087 -0.3011
vn -0.2941 0.7247 -0.6231
vn -0.2941 0.7247 -0.6231
vn -0.2941 0.7247 -0.6231
vn -0.2941 0.7247 -0.6231
vn -0.2941 0.7247 -0.6231
vn -0.2941 0.7247 -0.6231
vn -0.6367 0.7471 -0.1912
vn -0.6367 0.7471 -0.1912
vn -0.6367 0.7471 -0.1912
vn -0.6367 0.7471 -0.1912
vn -0.6367 0.7471 -0.1912
vn -0.6367 0.7471 -0.1912
vn -0.1870 0.7597 0.6228
vn -0.1870 0.7597 0.6228
vn -0.1870 0.7597 0.6228
vn -0.1870 0.7597 0.6228
vn -0.1870 0.7597 0.6228
vn -0.1870 0.7597 0.6228
vn 0.6875 0.6710 0.2776
vn 0.6875 0.6710 0.2776
vn 0.6875 0.6710 0.2776
vn 0.6875 0.6710 0.2776
vn 0.6875 0.6710 0.2776
vn 0.6875 0.6710 0.2776
vn 0.1991 0.8468 -0.4932
vn 0.1991 0.8468 -0.4932
vn 0.1991 0.8468 -0.4932
vn 0.1991 0.8468 -0.4932
vn 0.1991 0.8468 -0.4932
vn 0.1991 0.8468 -0.4932
vn -0.5894 0.8049 -0.0690
vn -0.5894 0.8049 -0.0690
vn -0.5894 0.8049 -0.0690
vn -0.5894 0.8049 -0.0690
vn -0.5894 0.8049 -0.0690
vn -0.5894 0.8049 -0.0690
vn -0.0638 0.8357 0.5455
vn -0.0638 0.8357 0.5455
vn -0.0638 0.8357 0.5455
vn -0.0638 0.8357 0.5455
vn -0.0638 0.8357 0.5455
vn -0.0638 0.8357 0.5455
vn 0.6298 0.7378 0.2431
vn 0.6298 0.7378 0.2431
vn 0.6298 0.7378 0.2431
vn 0.6298 0.7378 0.2431
vn 0.6298 0.7378 0.2431
vn 0.6298 0.7378 0.2431
vn 0.1604 0.8953 -0.4155
vn 0.1604 0.8953 -0.4155
vn 0.1604 0.8953 -0.4155
vn 0.1604 0.8953 -0.4155
vn 0.1604 0.8953 -0.4155
vn 0.1604 0.8953 -0.4155
vn -0.1843 0.9130 -0.3641
vn -0.1843 0.9130 -0.3641
vn -0.1843 0.9130 -0.3641
vn -0.1843 0.9130 -0.3641
vn -0.1843 0.9130 -0.3641
vn -0.1843 0.9130 -0.3641
vn -0.6644 0.6675 0.3363
vn -0.6644 0.6675 0.3363
vn -0.6644 0.6675 0.3363
vn -0.6644 0.6675 0.3363
vn -0.6644 0.6675 0.3363
vn -0.6644 0.6675 0.3363
vn 0.6585 0.7413 0.1300
vn 0.6585 0.7413 0.1300
vn 0.6585 0.7413 0.1300
vn 0.6585 0.7413 0.1300
vn 0.6585 0.7413 0.1300
vn 0.6585 0.7413 0.1300
vn 0.1148 0.8053 -0.5816
vn 0.1148 0.8053 -0.5816
vn 0.1148 0.8053 -0.5816
vn 0.1148 0.8053 -0.5816
vn 0.1148 0.8053 -0.5816
vn 0.1148 0.8053 -0.5816
vn -0.2215 0.6275 0.7465
vn -0.2215 0.6275 0.7465
vn -0.2215 0.6275 0.7465
vn -0.2215 0.6275 0.7465
vn -0.2215 0.6275 0.7465
vn -0.2215 0.6275 0.7465
vn 0.7444 0.6301 0.2208
vn 0.7444 0.6301 0.2208
vn 0.7444 0.6301 0.2208
vn 0.7444 0.6301 0.2208
vn 0.7444 0.6301 0.2208
vn 0.7444 0.6301 0.2208
vn 0.4948 0.7077 -0.5044
vn 0.4948 0.7077 -0.5044
vn 0.4948 0.7077 -0.5044
vn 0.4948 0.7077 -0.5044
vn 0.4948 0.7077 -0.5044
vn 0.4948 0.7077 -0.5044
vn -0.5881 0.5669 -0.5769
vn -0.5881 0.5669 -0.5769
vn -0.5881 0.5669 -0.5769
vn -0.5881 0.5669 -0.5769
vn -0.5881 0.5669 -0.5769
vn -0.5881 0.5669 -0.5769
vn -0.6426 0.7303 -0.2318
vn -0.6426 0.7303 -0.2318
vn -0.6426 0.7303 -0.2318
vn -0.6426 0.7303 -0.2318
vn -0.6426 0.7303 -0.2318
vn -0.6426 0.7303 -0.2318
vn -0.2814 0.5586 0.7803
vn -0.2814 0.5586 0.7803
vn -0.2814 0.5586 0.7803
vn -0.2814 0.5586 0.7803
vn -0.2814 0.5586 0.7803
vn -0.2814 0.5586 0.7803
vn 0.6238 0.7743 0.1065
vn 0.6238 0.7743 0.1065
vn 0.6238 0.7743 0.1065
vn 0.6238 0.7743 0.1065
vn 0.6238 0.7743 0.1065
vn 0.6238 0.7743 0.1065
vn 0.1413 0.5437 -0.8273
vn 0.1413 0.5437 -0.8273
vn 0.1413 0.5437 -0.8273
vn 0.1413 0.5437 -0.8273
vn 0.1413 0.5437 -0.8273
vn 0.1413 0.5437 -0.8273
vn -0.4350 0.7470 0.5028
vn -0.4350 0.7470 0.5028
vn -0.4350 0.7470 0.5028
vn -0.4350 0.7470 0.5028
vn -0.4350 0.7470 0.5028
vn -0.4350 0.7470 0.5028
vn 0.5614 0.6700 0.4857
vn 0.5614 0.6700 0.4857
vn 0.5614 0.6700 0.4857
vn 0.5614 0.6700 0.4857
vn 0.5614 0.6700 0.4857
vn 0.5614 0.6700 0.4857
vn 0.3337 0.5719 0.7494
vn 0.3337 0.5719 0.7494
vn 0.3337 0.5719 0.7494
vn 0.3337 0.5719 0.7494
vn 0.3337 0.5719 0.7494
vn 0.3337 0.5719 0.7494
vn 0.7060 0.6346 -0.3144
vn 0.7060 0.6346 -0.3144
vn 0.7060 0.6346 -0.3144
vn 0.7060 0.6346 -0.3144
vn 0.7060 0.6346 -0.3144
vn 0.7060 0.6346 -0.3144
vn -0.1785 0.9024 0.3921
vn -0.1785 0.9024 0.3921
vn -0.1785 0.9024 0.3921
vn -0.1785 0.9024 0.3921
vn -0.1785 0.9024 0.3921
vn -0.1785 0.9024 0.3921
vn 0.3735 0.9119 0.1700
vn 0.3735 0.9119 0.1700
vn 0.3735 0.9119 0.1700
vn 0.3735 0.9119 0.1700
vn 0.3735 0.9119 0.1700
vn 0.3735 0.9119 0.1700
vn 0.3027 0.9247 0.2310
vn 0.3027 0.9247 0.2310
vn 0.3027 0.9247 0.2310
vn 0.3027 0.9247 0.2310
vn 0.3027 0.9247 0.2310
vn 0.3027 0.9247 0.2310
vn 0.3790 0.7809 -0.4966
vn 0.3790 0.7809 -0.4966
vn 0.3790 0.7809 -0.4966
vn 0.3790 0.7809 -0.4966
vn 0.3790 0.7809 -0.4966
vn 0.3790 0.7809 -0.4966
vn -0.5838 0.7863 0.2022
vn -0.5838 0.7863 0.2022
vn -0.5838 0.7863 0.2022
vn -0.5838 0.7863 0.2022
vn -0.5838 0.7863 0.2022
vn -0.5838 0.7863 0.2022
vn 0.1994 0.7930 0.5757
vn 0.1994 0.7930 0.5757
vn 0.1994 0.7930 0.5757
vn 0.1994 0.7930 0.5757
vn 0.1994 0.7930 0.5757
vn 0.1994 0.7930 0.5757
vn 0.1428 0.6197 -0.7717
vn 0.1428 0.6197 -0.7717
vn 0.1428 0.6197 -0.7717
vn 0.1428 0.6197 -0.7717
vn 0.1428 0.6197 -0.7717
vn 0.1428 0.6197 -0.7717
vn -0.8193 0.5530 -0.1516
vn -0.8193 0.5530 -0.1516
vn -0.8193 0.5530 -0.1516
vn -0.8193 0.5530 -0.1516
vn -0.8193 0.5530 -0.1516
vn -0.8193 0.5530 -0.1516
vn -0.6980 0.7100 -0.0934
vn -0.6980 0.7100 -0.0934
vn -0.6980 0.7100 -0.0934
vn -0.6980 0.7100 -0.0934
vn -0.6980 0.7100 -0.0934
vn -0.6980 0.7100 -0.0934
vn -0.0498 0.9270 0.3719
vn -0.0498 0.9270 0.3719
vn -0.0498 0.9270 0.3719
vn -0.0498 0.9270 0.3719
vn -0.0498 0.9270 0.3719
vn -0.0498 0.9270 0.3719
vn 0.0336 0.5205 0.8532
vn 0.0336 0.5205 0.8532
vn 0.0336 0.5205 0.8532
vn 0.0336 0.5205 0.8532
vn 0.0336 0.5205 0.8532
vn 0.0336 0.5205 0.8532
vn 0.6435 0.7650 -0.0254
vn 0.6435 0.7650 -0.0254
vn 0.6435 0.7650 -0.0254
vn 0.6435 0.7650 -0.0254
vn 0.6435 0.7650 -0.0254
vn 0.6435 0.7650 -0.0254
vn 0.4236 0.8246 0.3749
vn 0.4236 0.8246 0.3749
vn 0.4236 0.8246 0.3749
vn 0.4236 0.8246 0.3749
vn 0.4236 0.8246 0.3749
vn 0.4236 0.8246 0.3749
vn 0.3196 0.8760 -0.3611
vn 0.3196 0.8760 -0.3611
vn 0.3196 0.8760 -0.3611
vn 0.3196 0.8760 -0.3611
vn 0.3196 0.8760 -0.3611
vn 0.3196 0.8760 -0.3611
vn 0.3438 0.9289 0.1373
vn 0.3438 0.9289 0.1373
vn 0.3438 0.9289 0.1373
vn 0.3438 0.9289 0.1373
vn 0.3438 0.9289 0.1373
vn 0.3438 0.9289 0.1373
vn 0.3169 0.5193 -0.7936
vn 0.3169 0.5193 -0.7936
vn 0.3169 0.5193 -0.7936
vn 0.3169 0.5193 -0.7936
vn 0.3169 0.5193 -0.7936
vn 0.3169 0.5193 -0.7936
vn -0.6867 0.5479 -0.4777
vn -0.6867 0.5479 -0.4777
vn -0.6867 0.5479 -0.4777
vn -0.6867 0.5479 -0.4777
vn -0.6867 0.5479 -0.4777
vn -0.6867 0.5479 -0.4777
vn -0.3328 0.8126 0.4785
vn -0.3328 0.8126 0.4785
vn -0.3328 0.8126 0.4785
vn -0.3328 0.8126 0.4785
vn -0.3328 0.8126 0.4785
vn -0.3328 0.8126 0.4785
vn 0.1508 0.7142 -0.6835
vn 0.1508 0.7142 -0.6835
vn 0.1508 0.7142 -0.6835
vn 0.1508 0.7142 -0.6835
vn 0.1508 0.7142 -0.6835
vn 0.1508 0.7142 -0.6835
vn -0.3736 0.9239 -0.0824
vn -0.3736 0.9239 -0.0824
vn -0.3736 0.9239 -0.0824
vn -0.3736 0.9239 -0.0824
vn -0.3736 0.9239 -0.0824
vn -0.3736 0.9239 -0.0824
vn -0.5927 0.7626 0.2590
vn -0.5927 0.7626 0.2590
vn -0.5927 0.7626 0.2590
vn -0.5927 0.7626 0.2590
vn -0.5927 0.7626 0.2590
vn -0.5927 0.7626 0.2590
vn 0.2550 0.7710 0.5835
vn 0.2550 0.7710 0.5835
vn 0.2550 0.7710 0.5835
vn 0.2550 0.7710 0.5835
vn 0.2550 0.7710 0.5835
vn 0.2550 0.7710 0.5835
vn 0.0430 0.6914 -0.7212
vn 0.0430 0.6914 -0.7212
vn 0.0430 0.6914 -0.7212
vn 0.0430 0.6914 -0.7212
vn 0.0430 0.6914 -0.7212
vn 0.0430 0.6914 -0.7212
vn -0.4948 0.8685 -0.0295
vn -0.4948 0.8685 -0.0295
vn -0.4948 0.8685 -0.0295
vn -0.4948 0.8685 -0.0295
vn -0.4948 0.8685 -0.0295
vn -0.4948 0.8685 -0.0295
vn 0.3384 0.9306 0.1397
vn 0.3384 0.9306 0.1397
vn 0.3384 0.9306 0.1397
vn 0.3384 0.9306 0.1397
vn 0.3384 0.9306 0.1397
vn 0.3384 0.9306 0.1397
vn 0.3304 0.5001 -0.8005
vn 0.3304 0.5001 -0.8005
vn 0.3304 0.5001 -0.8005
vn 0.3304 0.5001 -0.8005
vn 0.3304 0.5001 -0.8005
vn 0.3304 0.5001 -0.8005
vn 0.6312 0.6918 -0.3507
vn 0.6312 0.6918 -0.3507
vn 0.6312 0.6918 -0.3507
vn 0.6312 0.6918 -0.3507
vn 0.6312 0.6918 -0.3507
vn 0.6312 0.6918 -0.3507
vn -0.1970 0.9140 -0.3546
vn -0.1970 0.9140 -0.3546
vn -0.1970 0.9140 -0.3546
vn -0.1970 0.9140 -0.3546
vn -0.1970 0.9140 -0.3546
vn -0.1970 0.9140 -0.3546
vn 0.0190 0.7638 0.6452
vn 0.0190 0.7638 0.6452
vn 0.0190 0.7638 0.6452
vn 0.0190 0.7638 0.6452
vn 0.0190 0.7638 0.6452
vn 0.0190 0.7638 0.6452
vn 0.8217 0.5694 -0.0242
vn 0.8217 0.5694 -0.0242
vn 0.8217 0.5694 -0.0242
vn 0.8217 0.5694 -0.0242
vn 0.8217 0.5694 -0.0242
vn 0.8217 0.5694 -0.0242
vn -0.4673 0.7450 -0.4760
vn -0.4673 0.7450 -0.4760
vn -0.4673 0.7450 -0.4760
vn -0.4673 0.7450 -0.4760
vn -0.4673 0.7450 -0.4760
vn -0.4673 0.7450 -0.4760
vn -0.4482 0.7781 0.4400
vn -0.4482 0.7781 0.4400
vn -0.4482 0.7781 0.4400
vn -0.4482 0.7781 0.4400
vn -0.4482 0.7781 0.4400
vn -0.4482 0.7781 0.4400
vn 0.1753 0.5856 0.7914
vn 0.1753 0.5856 0.7914
vn 0.1753 0.5856 0.7914
vn 0.1753 0.5856 0.7914
vn 0.1753 0.5856 0.7914
vn 0.1753 0.5856 0.7914
vn 0.7039 0.6929 -0.1559
vn 0.7039 0.6929 -0.1559
vn 0.7039 0.6929 -0.1559
vn 0.7039 0.6929 -0.1559
vn 0.7039 0.6929 -0.1559
vn 0.7039 0.6929 -0.1559
vn 0.7219 0.6903 0.0487
vn 0.7219 0.6903 0.0487
vn 0.7219 0.6903 0.0487
vn 0.7219 0.6903 0.0487
vn 0.7219 0.6903 0.0487
vn 0.7219 0.6903 0.0487
vn 0.0466 0.7224 -0.6899
vn 0.0466 0.7224 -0.6899
vn 0.0466 0.7224 -0.6899
vn 0.0466 0.7224 -0.6899
vn 0.0466 0.7224 -0.6899
vn 0.0466 0.7224 -0.6899
vn -0.7513 0.5882 0.2991
vn -0.7513 0.5882 0.2991
vn -0.7513 0.5882 0.2991
vn -0.7513 0.5882 0.2991
vn -0.7513 0.5882 0.2991
vn -0.7513 0.5882 0.2991
vn 0.1353 0.9307 0.3398
vn 0.1353 0.9307 0.3398
vn 0.1353 0.9307 0.3398
vn 0.1353 0.9307 0.3398
vn 0.1353 0.9307 0.3398
vn 0.1353 0.9307 0.3398
vn 0.3270 0.6294 -0.7050
vn 0.3270 0.6294 -0.7050
vn 0.3270 0.6294 -0.7050
vn 0.3270 0.6294 -0.7050
vn 0.3270 0.6294 -0.7050
vn 0.3270 0.6294 -0.7050
vn -0.6671 0.6776 -0.3094
vn -0.6671 0.6776 -0.3094
vn -0.6671 0.6776 -0.3094
vn -0.6671 0.6776 -0.3094
vn -0.6671 0.6776 -0.3094
vn -0.6671 0.6776 -0.3094
vn 0.0033 0.9243 0.3818
vn 0.0033 0.9243 0.3818
vn 0.0033 0.9243 0.3818
vn 0.0033 0.9243 0.3818
vn 0.0033 0.9243 0.3818
vn 0.0033 0.9243 0.3818
vn 0.8049 0.5934 -0.0069
vn 0.8049 0.5934 -0.0069
vn 0.8049 0.5934 -0.0069
vn 0.8049 0.5934 -0.0069
vn 0.8049 0.5934 -0.0069
vn 0.8049 0.5934 -0.0069
vn -0.4587 0.8826 0.1033
vn -0.4587 0.8826 0.1033
vn -0.4587 0.8826 0.1033
vn -0.4587 0.8826 0.1033
vn -0.4587 0.8826 0.1033
vn -0.4587 0.8826 0.1033
vn 0.1870 0.5250 0.8303
vn 0.1870 0.5250 0.8303
vn 0.1870 0.5250 0.8303
vn 0.1870 0.5250 0.8303
vn 0.1870 0.5250 0.8303
vn 0.1870 0.5250 0.8303
vn 0.6032 0.5371 0.5897
vn 0.6032 0.5371 0.5897
vn 0.6032 0.5371 0.5897
vn 0.6032 0.5371 0.5897
vn 0.6032 0.5371 0.5897
vn 0.6032 0.5371 0.5897
vn 0.5312 0.6501 -0.5433
vn 0.5312 0.6501 -0.5433
vn 0.5312 0.6501 -0.5433
vn 0.5312 0.6501 -0.5433
vn 0.5312 0.6501 -0.5433
vn 0.5312 0.6501 -0.5433
vn 0.2621 0.7634 0.5903
vn 0.2621 0.7634 0.5903
vn 0.2621 0.7634 0.5903
vn 0.2621 0.7634 0.5903
vn 0.2621 0.7634 0.5903
vn 0.2621 0.7634 0.5903
vn 0.6383 0.7158 -0.2834
vn 0.6383 0.7158 -0.2834
vn 0.6383 0.7158 -0.2834
vn 0.6383 0.7158 -0.2834
vn 0.6383 0.7158 -0.2834
vn 0.6383 0.7158 -0.2834
vn -0.0969 0.5255 -0.8452
vn -0.0969 0.5255 -0.8452
vn -0.0969 0.5255 -0.8452
vn -0.0969 0.5255 -0.8452
vn -0.0969 0.5255 -0.8452
vn -0.0969 0.5255 -0.8452
vn -0.5527 0.8310 0.0633
vn -0.5527 0.8310 0.0633
vn -0.5527 0.8310 0.0633
vn -0.5527 0.8310 0.0633
vn -0.5527 0.8310 0.0633
vn -0.5527 0.8310 0.0633
vn -0.3606 0.6521 0.6668
vn -0.3606 0.6521 0.6668
vn -0.3606 0.6521 0.6668
vn -0.3606 0.6521 0.6668
vn -0.3606 0.6521 0.6668
vn -0.3606 0.6521 0.6668
vn 0.6420 0.6836 0.3472
vn 0.6420 0.6836 0.3472
vn 0.6420 0.6836 0.3472
vn 0.6420 0.6836 0.3472
vn 0.6420 0.6836 0.3472
vn 0.6420 0.6836 0.3472
vn 0.4432 0.8594 -0.2550
vn 0.4432 0.8594 -0.2550
vn 0.4432 0.8594 -0.2550
vn 0.4432 0.8594 -0.2550
vn 0.4432 0.8594 -0.2550
vn 0.4432 0.8594 -0.2550
vn -0.2504 0.8647 -0.4354
vn -0.2504 0.8647 -0.4354
vn -0.2504 0.8647 -0.4354
vn -0.2504 0.8647 -0.4354
vn -0.2504 0.8647 -0.4354
vn -0.2504 0.8647 -0.4354
vn -0.7732 0.5622 0.2935
vn -0.7732 0.5622 0.2935
vn -0.7732 0.5622 0.2935
vn -0.7732 0.5622 0.2935
vn -0.7732 0.5622 0.2935
vn -0.7732 0.5622 0.2935
vn 0.1590 0.8940 0.4188
vn 0.1590 0.8940 0.4188
vn 0.1590 0.8940 0.4188
vn 0.1590 0.8940 0.4188
vn 0.1590 0.8940 0.4188
vn 0.1590 0.8940 0.4188
vn 0.5207 0.5786 -0.6278
vn 0.5207 0.5786 -0.6278
vn 0.5207 0.5786 -0.6278
vn 0.5207 0.5786 -0.6278
vn 0.5207 0.5786 -0.6278
vn 0.5207 0.5786 -0.6278
vn -0.4793 0.7824 -0.3976
vn -0.4793 0.7824 -0.3976
vn -0.4793 0.7824 -0.3976
vn -0.4793 0.7824 -0.3976
vn -0.4793 0.7824 -0.3976
vn -0.4793 0.7824 -0.3976
vn 0.5649 0.7877 0.2460
vn 0.5649 0.7877 0.2460
vn 0.5649 0.7877 0.2460
vn 0.5649 0.7877 0.2460
vn 0.5649 0.7877 0.2460
vn 0.5649 0.7877 0.2460
vn 0.1727 0.9015 -0.3968
vn 0.1727 0.9015 -0.3968
vn 0.1727 0.9015 -0.3968
vn 0.1727 0.9015 -0.3968
vn 0.1727 0.9015 -0.3968
vn 0.1727 0.9015 -0.3968
vn 0.7658 0.6430 0.0114
vn 0.7658 0.6430 0.0114
vn 0.7658 0.6430 0.0114
vn 0.7658 0.6430 0.0114
vn 0.7658 0.6430 0.0114
vn 0.7658 0.6430 0.0114
vn 0.0097 0.7578 -0.6524
vn 0.0097 0.7578 -0.6524
vn 0.0097 0.7578 -0.6524
vn 0.0097 0.7578 -0.6524
vn 0.0097 0.7578 -0.6524
vn 0.0097 0.7578 -0.6524
vn 0.3596 0.5921 0.7212
vn 0.3596 0.5921 0.7212
vn 0.3596 0.5921 0.7212
vn 0.3596 0.5921 0.7212
vn 0.3596 0.5921 0.7212
vn 0.3596 0.5921 0.7212
vn 0.4778 0.8456 -0.2383
vn 0.4778 0.8456 -0.2383
vn 0.4778 0.8456 -0.2383
vn 0.4778 0.8456 -0.2383
vn 0.4778 0.8456 -0.2383
vn 0.4778 0.8456 -0.2383
vn -0.1442 0.8020 -0.5796
vn -0.1442 0.8020 -0.5796
vn -0.1442 0.8020 -0.5796
vn -0.1442 0.8020 -0.5796
vn -0.1442 0.8020 -0.5796
vn -0.1442 0.8020 -0.5796
vn -0.8017 0.5634 0.1995
vn -0.8017 0.5634 0.1995
vn -0.8017 0.5634 0.1995
vn -0.8017 0.5634 0.1995
vn -0.8017 0.5634 0.1995
vn -0.8017 0.5634 0.1995
vn 0.6868 0.6335 0.3563
vn 0.6868 0.6335 0.3563
vn 0.6868 0.6335 0.3563
vn 0.6868 0.6335 0.3563
vn 0.6868 0.6335 0.3563
vn 0.6868 0.6335 0.3563
vn 0.2378 0.8563 -0.4585
vn 0.2378 0.8563 -0.4585
vn 0.2378 0.8563 -0.4585
vn 0.2378 0.8563 -0.4585
vn 0.2378 0.8563 -0.4585
vn 0.2378 0.8563 -0.4585
vn -0.6455 0.7577 -0.0958
vn -0.6455 0.7577 -0.0958
vn -0.6455 0.7577 -0.0958
vn -0.6455 0.7577 -0.0958
vn -0.6455 0.7577 -0.0958
vn -0.6455 0.7577 -0.0958
vn -0.1128 0.6398 0.7602
vn -0.1128 0.6398 0.7602
vn -0.1128 0.6398 0.7602
vn -0.1128 0.6398 0.7602
vn -0.1128 0.6398 0.7602
vn -0.1128 0.6398 0.7602
vn 0.3587 0.7960 -0.4876
vn 0.3587 0.7960 -0.4876
vn 0.3587 0.7960 -0.4876
vn 0.3587 0.7960 -0.4876
vn 0.3587 0.7960 -0.4876
vn 0.3587 0.7960 -0.4876
vn -0.3326 0.9108 -0.2446
vn -0.3326 0.9108 -0.2446
vn -0.3326 0.9108 -0.2446
vn -0.3326 0.9108 -0.2446
vn -0.3326 0.9108 -0.2446
vn -0.3326 0.9108 -0.2446
vn 0.4775 0.6319 -0.6105
vn 0.4775 0.6319 -0.6105
vn 0.4775 0.6319 -0.6105
vn 0.4775 0.6319 -0.6105
vn 0.4775 0.6319 -0.6105
vn 0.4775 0.6319 -0.6105
vn -0.6528 0.5595 -0.5106
vn -0.6528 0.5595 -0.5106
vn -0.6528 0.5595 -0.5106
vn -0.6528 0.5595 -0.5106
vn -0.6528 0.5595 -0.5106
vn -0.6528 0.5595 -0.5106
vn 0.7431 0.5375 -0.3987
vn 0.7431 0.5375 -0.3987
vn 0.7431 0.5375 -0.3987
vn 0.7431 0.5375 -0.3987
vn 0.7431 0.5375 -0.3987
vn 0.7431 0.5375 -0.3987
vn -0.4051 0.5156 -0.7550
vn -0.4051 0.5156 -0.7550
vn -0.4051 0.5156 -0.7550
vn -0.4051 0.5156 -0.7550
vn -0.4051 0.5156 -0.7550
vn -0.4051 0.5156 -0.7550
vn 0.4718 0.8646 0.1727
vn 0.4718 0.8646 0.1727
vn 0.4718 0.8646 0.1727
vn 0.4718 0.8646 0.1727
vn 0.4718 0.8646 0.1727
vn 0.4718 0.8646 0.1727
vn 0.2799 0.5802 -0.7649
vn 0.2799 0.5802 -0.7649
vn 0.2799 0.5802 -0.7649
vn 0.2799 0.5802 -0.7649
vn 0.2799 0.5802 -0.7649
vn 0.2799 0.5802 -0.7649
vn -0.8163 0.5744 -0.0617
vn -0.8163 0.5744 -0.0617
vn -0.8163 0.5744 -0.0617
vn -0.8163 0.5744 -0.0617
vn -0.8163 0.5744 -0.0617
vn -0.8163 0.5744 -0.0617
vn -0.0465 0.7870 0.6152
vn -0.0465 0.7870 0.6152
vn -0.0465 0.7870 0.6152
vn -0.0465 0.7870 0.6152
vn -0.0465 0.7870 0.6152
vn -0.0465 0.7870 0.6152
vn 0.1885 0.7588 0.6234
vn 0.1885 0.7588 0.6234
vn 0.1885 0.7588 0.6234
vn 0.1885 0.7588 0.6234
vn 0.1885 0.7588 0.6234
vn 0.1885 0.7588 0.6234
vn 0.4977 0.8542 -0.1505
vn 0.4977 0.8542 -0.1505
vn 0.4977 0.8542 -0.1505
vn 0.4977 0.8542 -0.1505
vn 0.4977 0.8542 -0.1505
vn 0.4977 0.8542 -0.1505
vn 0.1778 0.9219 0.3443
vn 0.1778 0.9219 0.3443
vn 0.1778 0.9219 0.3443
vn 0.1778 0.9219 0.3443
vn 0.1778 0.9219 0.3443
vn 0.1778 0.9219 0.3443
vn 0.3438 0.9221 -0.1775
vn 0.3438 0.9221 -0.1775
vn 0.3438 0.9221 -0.1775
vn 0.3438 0.9221 -0.1775
vn 0.3438 0.9221 -0.1775
vn 0.3438 0.9221 -0.1775
vn 0.2722 0.5757 0.7710
vn 0.2722 0.5757 0.7710
vn 0.2722 0.5757 0.7710
vn 0.2722 0.5757 0.7710
vn 0.2722 0.5757 0.7710
vn 0.2722 0.5757 0.7710
vn 0.3639 0.9225 -0.1284
vn 0.3639 0.9225 -0.1284
vn 0.3639 0.9225 -0.1284
vn 0.3639 0.9225 -0.1284
vn 0.3639 0.9225 -0.1284
vn 0.3639 0.9225 -0.1284
vn 0.2275 0.8983 0.3760
vn 0.2275 0.8983 0.3760
vn 0.2275 0.8983 0.3760
vn 0.2275 0.8983 0.3760
vn 0.2275 0.8983 0.3760
vn 0.2275 0.8983 0.3760
vn 0.3452 0.9150 -0.2089
vn 0.3452 0.9150 -0.2089
vn 0.3452 0.9150 -0.2089
vn 0.3452 0.9150 -0.2089
vn 0.3452 0.9150 -0.2089
vn 0.3452 0.9150 -0.2089
vn 0.7461 0.6658 0.0020
vn 0.7461 0.6658 0.0020
vn 0.7461 0.6658 0.0020
vn 0.7461 0.6658 0.0020
vn 0.7461 0.6658 0.0020
vn 0.7461 0.6658 0.0020
vn 0.0013 0.8789 -0.4771
vn 0.0013 0.8789 -0.4771
vn 0.0013 0.8789 -0.4771
vn 0.0013 0.8789 -0.4771
vn 0.0013 0.8789 -0.4771
vn 0.0013 0.8789 -0.4771
vn -0.3095 0.6856 0.6590
vn -0.3095 0.6856 0.6590
vn -0.3095 0.6856 0.6590
vn -0.3095 0.6856 0.6590
vn -0.3095 0.6856 0.6590
vn -0.3095 0.6856 0.6590
vn 0.3713 0.9120 0.1744
vn 0.3713 0.9120 0.1744
vn 0.3713 0.9120 0.1744
vn 0.3713 0.9120 0.1744
vn 0.3713 0.9120 0.1744
vn 0.3713 0.9120 0.1744
vn -0.0075 0.8427 0.5384
vn -0.0075 0.8427 0.5384
vn -0.0075 0.8427 0.5384
vn -0.0075 0.8427 0.5384
vn -0.0075 0.8427 0.5384
vn -0.0075 0.8427 0.5384
vn 0.5590 0.8291 0.0078
vn 0.5590 0.8291 0.0078
vn 0.5590 0.8291 0.0078
vn 0.5590 0.8291 0.0078
vn 0.5590 0.8291 0.0078
vn 0.5590 0.8291 0.0078
vn -0.5383 0.7780 0.3240
vn -0.5383 0.7780 0.3240
vn -0.5383 0.7780 0.3240
vn -0.5383 0.7780 0.3240
vn -0.5383 0.7780 0.3240
vn -0.5383 0.7780 0.3240
vn 0.4435 0.5100 0.7370
vn 0.4435 0.5100 0.7370
vn 0.4435 0.5100 0.7370
vn 0.4435 0.5100 0.7370
vn 0.4435 0.5100 0.7370
vn 0.4435 0.5100 0.7370
vn 0.8452 0.5342 -0.0148
vn 0.8452 0.5342 -0.0148
vn 0.8452 0.5342 -0.0148
vn 0.8452 0.5342 -0.0148
vn 0.8452 0.5342 -0.0148
vn 0.8452 0.5342 -0.0148
vn -0.0113 0.7647 -0.6443
vn -0.0113 0.7647 -0.6443
vn -0.0113 0.7647 -0.6443
vn -0.0113 0.7647 -0.6443
vn -0.0113 0.7647 -0.6443
vn -0.0113 0.7647 -0.6443
vn -0.4483 0.8928 -0.0437
vn -0.4483 0.8928 -0.0437
vn -0.4483 0.8928 -0.0437
vn -0.4483 0.8928 -0.0437
vn -0.4483 0.8928 -0.0437
vn -0.4483 0.8928 -0.0437
vn -0.0397 0.9123 0.4075
vn -0.0397 0.9123 0.4075
vn -0.0397 0.9123 0.4075
vn -0.0397 0.9123 0.4075
vn -0.0397 0.9123 0.4075
vn -0.0397 0.9123 0.4075
vn 0.3849 0.9216 -0.0491
vn 0.3849 0.9216 -0.0491
vn 0.3849 0.9216 -0.0491
vn 0.3849 0.9216 -0.0491
vn 0.3849 0.9216 -0.0491
vn 0.3849 0.9216 -0.0491
vn -0.0991 0.6213 -0.7773
vn -0.0991 0.6213 -0.7773
vn -0.0991 0.6213 -0.7773
vn -0.0991 0.6213 -0.7773
vn -0.0991 0.6213 -0.7773
vn -0.0991 0.6213 -0.7773
vn -0.4886 0.5169 -0.7029
vn -0.4886 0.5169 -0.7029
vn -0.4886 0.5169 -0.7029
vn -0.4886 0.5169 -0.7029
vn -0.4886 0.5169 -0.7029
vn -0.4886 0.5169 -0.7029
vn -0.3137 0.9241 0.2181
vn -0.3137 0.9241 0.2181
vn -0.3137 0.9241 0.2181
vn -0.3137 0.9241 0.2181
vn -0.3137 0.9241 0.2181
vn -0.3137 0.9241 0.2181
vn -0.5146 0.5885 0.6235
vn -0.5146 0.5885 0.6235
vn -0.5146 0.5885 0.6235
vn -0.5146 0.5885 0.6235
vn -0.5146 0.5885 0.6235
vn -0.5146 0.5885 0.6235
vn 0.3966 0.8577 0.3273
vn 0.3966 0.8577 0.3273
vn 0.3966 0.8577 0.3273
vn 0.3966 0.8577 0.3273
vn 0.3966 0.8577 0.3273
vn 0.3966 0.8577 0.3273
vn -0.1238 0.6745 -0.7278
vn -0.1238 0.6745 -0.7278
vn -0.1238 0.6745 -0.7278
vn -0.1238 0.6745 -0.7278
vn -0.1238 0.6745 -0.7278
vn -0.1238 0.6745 -0.7278
vn -0.5285 0.8442 0.0899
vn -0.5285 0.8442 0.0899
vn -0.5285 0.8442 0.0899
vn -0.5285 0.8442 0.0899
vn -0.5285 0.8442 0.0899
vn -0.5285 0.8442 0.0899
vn 0.6239 0.7596 -0.1835
vn 0.6239 0.7596 -0.1835
vn 0.6239 0.7596 -0.1835
vn 0.6239 0.7596 -0.1835
vn 0.6239 0.7596 -0.1835
vn 0.6239 0.7596 -0.1835
vn -0.2187 0.6317 -0.7437
vn -0.2187 0.6317 -0.7437
vn -0.2187 0.6317 -0.7437
vn -0.2187 0.6317 -0.7437
vn -0.2187 0.6317 -0.7437
vn -0.2187 0.6317 -0.7437
vn 0.4175 0.9011 -0.1166
vn 0.4175 0.9011 -0.1166
vn 0.4175 0.9011 -0.1166
vn 0.4175 0.9011 -0.1166
vn 0.4175 0.9011 -0.1166
vn 0.4175 0.9011 -0.1166
vn -0.1468 0.8380 -0.5256
vn -0.1468 0.8380 -0.5256
vn -0.1468 0.8380 -0.5256
vn -0.1468 0.8380 -0.5256
vn -0.1468 0.8380 -0.5256
vn -0.1468 0.8380 -0.5256
vn -0.1649 0.8496 0.5010
vn -0.1649 0.8496 0.5010
vn -0.1649 0.8496 0.5010
vn -0.1649 0.8496 0.5010
vn -0.1649 0.8496 0.5010
vn -0.1649 0.8496 0.5010
vn 0.7154 0.6579 0.2354
vn 0.7154 0.6579 0.2354
vn 0.7154 0.6579 0.2354
vn 0.7154 0.6579 0.2354
vn 0.7154 0.6579 0.2354
vn 0.7154 0.6579 0.2354
vn 0.7004 0.6427 0.3104
vn 0.7004 0.6427 0.3104
vn 0.7004 0.6427 0.3104
vn 0.7004 0.6427 0.3104
vn 0.7004 0.6427 0.3104
vn 0.7004 0.6427 0.3104
vn 0.2507 0.7856 -0.5657
vn 0.2507 0.7856 -0.5657
vn 0.2507 0.7856 -0.5657
vn 0.2507 0.7856 -0.5657
vn 0.2507 0.7856 -0.5657
vn 0.2507 0.7856 -0.5657
vn 0.3101 0.6939 -0.6499
vn 0.3101 0.6939 -0.6499
vn 0.3101 0.6939 -0.6499
vn 0.3101 0.6939 -0.6499
vn 0.3101 0.6939 -0.6499
vn 0.3101 0.6939 -0.6499
vn -0.3415 0.9256 -0.1629
vn -0.3415 0.9256 -0.1629
vn -0.3415 0.9256 -0.1629
vn -0.3415 0.9256 -0.1629
vn -0.3415 0.9256 -0.1629
vn -0.3415 0.9256 -0.1629
vn 0.3607 0.7136 0.6006
vn 0.3607 0.7136 0.6006
vn 0.3607 0.7136 0.6006
vn 0.3607 0.7136 0.6006
vn 0.3607 0.7136 0.6006
vn 0.3607 0.7136 0.6006
vn 0.4241 0.8691 -0.2547
vn 0.4241 0.8691 -0.2547
vn 0.4241 0.8691 -0.2547
vn 0.4241 0.8691 -0.2547
vn 0.4241 0.8691 -0.2547
vn 0.4241 0.8691 -0.2547
vn 0.6432 0.6571 -0.3930
vn 0.6432 0.6571 -0.3930
vn 0.6432 0.6571 -0.3930
vn 0.6432 0.6571 -0.3930
vn 0.6432 0.6571 -0.3930
vn 0.6432 0.6571 -0.3930
vn -0.2687 0.8570 -0.4397
vn -0.2687 0.8570 -0.4397
vn -0.2687 0.8570 -0.4397
vn -0.2687 0.8570 -0.4397
vn -0.2687 0.8570 -0.4397
vn -0.2687 0.8570 -0.4397
vn -0.5869 0.5513 -0.5930
vn -0.5869 0.5513 -0.5930
vn -0.5869 0.5513 -0.5930
vn -0.5869 0.5513 -0.5930
vn -0.5869 0.5513 -0.5930
vn -0.5869 0.5513 -0.5930
vn -0.5887 0.5603 0.5826
vn -0.5887 0.5603 0.5826
vn -0.5887 0.5603 0.5826
vn -0.5887 0.5603 0.5826
vn -0.5887 0.5603 0.5826
vn -0.5887 0.5603 0.5826
vn 0.4525 0.6690 -0.5896
vn 0.4525 0.6690 -0.5896
vn 0.4525 0.6690 -0.5896
vn 0.4525 0.6690 -0.5896
vn 0.4525 0.6690 -0.5896
vn 0.4525 0.6690 -0.5896
vn -0.6625 0.5501 -0.5085
vn -0.6625 0.5501 -0.5085
vn -0.6625 0.5501 -0.5085
vn -0.6625 0.5501 -0.5085
vn -0.6625 0.5501 -0.5085
vn -0.6625 0.5501 -0.5085
vn -0.7111 0.6922 0.1232
vn -0.7111 0.6922 0.1232
vn -0.7111 0.6922 0.1232
vn -0.7111 0.6922 0.1232
vn -0.7111 0.6922 0.1232
vn -0.7111 0.6922 0.1232
vn 0.1082 0.7732 0.6249
vn 0.1082 0.7732 0.6249
vn 0.1082 0.7732 0.6249
vn 0.1082 0.7732 0.6249
vn 0.1082 0.7732 0.6249
vn 0.1082 0.7732 0.6249
vn 0.7336 0.6152 -0.2888
vn 0.7336 0.6152 -0.2888
vn 0.7336 0.6152 -0.2888
vn 0.7336 0.6152 -0.2888
vn 0.7336 0.6152 -0.2888
vn 0.7336 0.6152 -0.2888
vn -0.1636 0.8947 -0.4157
vn -0.1636 0.8947 -0.4157
vn -0.1636 0.8947 -0.4157
vn -0.1636 0.8947 -0.4157
vn -0.1636 0.8947 -0.4157
vn -0.1636 0.8947 -0.4157
vn 0.3437 0.9383 -0.0384
vn 0.3437 0.9383 -0.0384
vn 0.3437 0.9383 -0.0384
vn 0.3437 0.9383 -0.0384
vn 0.3437 0.9383 -0.0384
vn 0.3437 0.9383 -0.0384
vn -0.0713 0.7659 -0.6390
vn -0.0713 0.7659 -0.6390
vn -0.0713 0.7659 -0.6390
vn -0.0713 0.7659 -0.6390
vn -0.0713 0.7659 -0.6390
vn -0.0713 0.7659 -0.6390
vn -0.4280 0.6801 0.5952
vn -0.4280 0.6801 0.5952
vn -0.4280 0.6801 0.5952
vn -0.4280 0.6801 0.5952
vn -0.4280 0.6801 0.5952
vn -0.4280 0.6801 0.5952
vn 0.6917 0.5236 0.4974
vn 0.6917 0.5236 0.4974
vn 0.6917 0.5236 0.4974
vn 0.6917 0.5236 0.4974
vn 0.6917 0.5236 0.4974
vn 0.6917 0.5236 0.4974
vn 0.3646 0.8652 0.3442
vn 0.3646 0.8652 0.3442
vn 0.3646 0.8652 0.3442
vn 0.3646 0.8652 0.3442
vn 0.3646 0.8652 0.3442
vn 0.3646 0.8652 0.3442
vn 0.4007 0.8119 -0.4245
vn 0.4007 0.8119 -0.4245
vn 0.4007 0.8119 -0.4245
vn 0.4007 0.8119 -0.4245
vn 0.4007 0.8119 -0.4245
vn 0.4007 0.8119 -0.4245
vn 0.4396 0.6207 -0.6492
vn 0.4396 0.6207 -0.6492
vn 0.4396 0.6207 -0.6492
vn 0.4396 0.6207 -0.6492
vn 0.4396 0.6207 -0.6492
vn 0.4396 0.6207 -0.6492
vn -0.3466 0.9082 -0.2347
vn -0.3466 0.9082 -0.2347
vn -0.3466 0.9082 -0.2347
vn -0.3466 0.9082 -0.2347
vn -0.3466 0.9082 -0.2347
vn -0.3466 0.9082 -0.2347
vn 0.2289 0.5073 -0.8309
vn 0.2289 0.5073 -0.8309
vn 0.2289 0.5073 -0.8309
vn 0.2289 0.5073 -0.8309
vn 0.2289 0.5073 -0.8309
vn 0.2289 0.5073 -0.8309
vn -0.4933 0.8592 -0.1359
vn -0.4933 0.8592 -0.1359
vn -0.4933 0.8592 -0.1359
vn -0.4933 0.8592 -0.1359
vn -0.4933 0.8592 -0.1359
vn -0.4933 0.8592 -0.1359
vn 0.0494 0.9018 0.4293
vn 0.0494 0.9018 0.4293
vn 0.0494 0.9018 0.4293
vn 0.0494 0.9018 0.4293
vn 0.0494 0.9018 0.4293
vn 0.0494 0.9018 0.4293
vn 0.5844 0.8087 -0.0673
vn 0.5844 0.8087 -0.0673
vn 0.5844 0.8087 -0.0673
vn 0.5844 0.8087 -0.0673
vn 0.5844 0.8087 -0.0673
vn 0.5844 0.8087 -0.0673
vn 0.1941 0.9070 -0.3738
vn 0.1941 0.9070 -0.3738
vn 0.1941 0.9070 -0.3738
vn 0.1941 0.9070 -0.3738
vn 0.1941 0.9070 -0.3738
vn 0.1941 0.9070 -0.3738
vn -0.6557 0.6739 -0.3405
vn -0.6557 0.6739 -0.3405
vn -0.6557 0.6739 -0.3405
vn -0.6557 0.6739 -0.3405
vn -0.6557 0.6739 -0.3405
vn -0.6557 0.6739 -0.3405
vn -0.3405 0.9370 0.0785
vn -0.3405 0.9370 0.0785
vn -0.3405 0.9370 0.0785
vn -0.3405 0.9370 0.0785
vn -0.3405 0.9370 0.0785
vn -0.3405 0.9370 0.0785
vn 0.1479 0.7522 0.6421
vn 0.1479 0.7522 0.6421
vn 0.1479 0.7522 0.6421
vn 0.1479 0.7522 0.6421
vn 0.1479 0.7522 0.6421
vn 0.1479 0.7522 0.6421
vn 0.7179 0.6907 0.0872
vn 0.7179 0.6907 0.0872
vn 0.7179 0.6907 0.0872
vn 0.7179 0.6907 0.0872
vn 0.7179 0.6907 0.0872
vn 0.7179 0.6907 0.0872
vn 0.0494 0.9125 -0.4062
vn 0.0494 0.9125 -0.4062
vn 0.0494 0.9125 -0.4062
vn 0.0494 0.9125 -0.4062
vn 0.0494 0.9125 -0.4062
vn 0.0494 0.9125 -0.4062
vn 0.6488 0.7548 0.0967
vn 0.6488 0.7548 0.0967
vn 0.6488 0.7548 0.0967
vn 0.6488 0.7548 0.0967
vn 0.6488 0.7548 0.0967
vn 0.6488 0.7548 0.0967
vn 0.1173 0.6049 -0.7876
vn 0.1173 0.6049 -0.7876
vn 0.1173 0.6049 -0.7876
vn 0.1173 0.6049 -0.7876
vn 0.1173 0.6049 -0.7876
vn 0.1173 0.6049 -0.7876
vn 0.4339 0.8803 -0.1920
vn 0.4339 0.8803 -0.1920
vn 0.4339 0.8803 -0.1920
vn 0.4339 0.8803 -0.1920
vn 0.4339 0.8803 -0.1920
vn 0.4339 0.8803 -0.1920
vn -0.3381 0.5495 -0.7640
vn -0.3381 0.5495 -0.7640
vn -0.3381 0.5495 -0.7640
vn -0.3381 0.5495 -0.7640
vn -0.3381 0.5495 -0.7640
vn -0.3381 0.5495 -0.7640
vn 0.0642 0.8403 0.5384
vn 0.0642 0.8403 0.5384
vn 0.0642 0.8403 0.5384
vn 0.0642 0.8403 0.5384
vn 0.0642 0.8403 0.5384
vn 0.0642 0.8403 0.5384
vn 0.7071 0.7021 -0.0843
vn 0.7071 0.7021 -0.0843
vn 0.7071 0.7021 -0.0843
vn 0.7071 0.7021 -0.0843
vn 0.7071 0.7021 -0.0843
vn 0.7071 0.7021 -0.0843
vn -0.5969 0.6300 -0.4969
vn -0.5969 0.6300 -0.4969
vn -0.5969 0.6300 -0.4969
vn -0.5969 0.6300 -0.4969
vn -0.5969 0.6300 -0.4969
vn -0.5969 0.6300 -0.4969
vn -0.2740 0.9037 0.3291
vn -0.2740 0.9037 0.3291
vn -0.2740 0.9037 0.3291
vn -0.2740 0.9037 0.3291
vn -0.2740 0.9037 0.3291
vn -0.2740 0.9037 0.3291
vn -0.3559 0.8179 -0.4520
vn -0.3559 0.8179 -0.4520
vn -0.3559 0.8179 -0.4520
vn -0.3559 0.8179 -0.4520
vn -0.3559 0.8179 -0.4520
vn -0.3559 0.8179 -0.4520
vn -0.6226 0.6100 0.4902
vn -0.6226 0.6100 0.4902
vn -0.6226 0.6100 0.4902
vn -0.6226 0.6100 0.4902
vn -0.6226 0.6100 0.4902
vn -0.6226 0.6100 0.4902
vn 0.7006 0.5507 0.4538
vn 0.7006 0.5507 0.4538
vn 0.7006 0.5507 0.4538
vn 0.7006 0.5507 0.4538
vn 0.7006 0.5507 0.4538
vn 0.7006 0.5507 0.4538
vn 0.2863 0.8501 -0.4420
vn 0.2863 0.8501 -0.4420
vn 0.2863 0.8501 -0.4420
vn 0.2863 0.8501 -0.4420
vn 0.2863 0.8501 -0.4420
vn 0.2863 0.8501 -0.4420
vn -0.2614 0.9172 0.3007
vn -0.2614 0.9172 0.3007
vn -0.2614 0.9172 0.3007
vn -0.2614 0.9172 0.3007
vn -0.2614 0.9172 0.3007
vn -0.2614 0.9172 0.3007
vn 0.2685 0.9346 0.2334
vn 0.2685 0.9346 0.2334
vn 0.2685 0.9346 0.2334
vn 0.2685 0.9346 0.2334
vn 0.2685 0.9346 0.2334
vn 0.2685 0.9346 0.2334
vn -0.6787 0.7119 -0.1803
vn -0.6787 0.7119 -0.1803
vn -0.6787 0.7119 -0.1803
vn -0.6787 0.7119 -0.1803
vn -0.6787 0.7119 -0.1803
vn -0.6787 0.7119 -0.1803
vn -0.1647 0.7671 0.6200
vn -0.1647 0.7671 0.6200
vn -0.1647 0.7671 0.6200
vn -0.1647 0.7671 0.6200
vn -0.1647 0.7671 0.6200
vn -0.1647 0.7671 0.6200
vn -0.6628 0.7485 -0.0195
vn -0.6628 0.7485 -0.0195
vn -0.6628 0.7485 -0.0195
vn -0.6628 0.7485 -0.0195
vn -0.6628 0.7485 -0.0195
vn -0.6628 0.7485 -0.0195
vn -0.0101 0.9395 0.3423
vn -0.0101 0.9395 0.3423
vn -0.0101 0.9395 0.3423
vn -0.0101 0.9395 0.3423
vn -0.0101 0.9395 0.3423
vn -0.0101 0.9395 0.3423
vn 0.4165 0.8984 -0.1396
vn 0.4165 0.8984 -0.1396
vn 0.4165 0.8984 -0.1396
vn 0.4165 0.8984 -0.1396
vn 0.4165 0.8984 -0.1396
vn 0.4165 0.8984 -0.1396
vn -0.2014 0.7737 -0.6006
vn -0.2014 0.7737 -0.6006
vn -0.2014 0.7737 -0.6006
vn -0.2014 0.7737 -0.6006
vn -0.2014 0.7737 -0.6006
vn -0.2014 0.7737 -0.6006
vn 0.7960 0.5980 -0.0933
vn 0.7960 0.5980 -0.0933
vn 0.7960 0.5980 -0.0933
vn 0.7960 0.5980 -0.0933
vn 0.7960 0.5980 -0.0933
vn 0.7960 0.5980 -0.0933
vn -0.0627 0.8422 -0.5354
vn -0.0627 0.8422 -0.5354
vn -0.0627 0.8422 -0.5354
vn -0.0627 0.8422 -0.5354
vn -0.0627 0.8422 -0.5354
vn -0.0627 0.8422 -0.5354
vn 0.2358 0.7626 -0.6023
vn 0.2358 0.7626 -0.6023
vn 0.2358 0.7626 -0.6023
vn 0.2358 0.7626 -0.6023
vn 0.2358 0.7626 -0.6023
vn 0.2358 0.7626 -0.6023
vn -0.5611 0.7981 -0.2196
vn -0.5611 0.7981 -0.2196
vn -0.5611 0.7981 -0.2196
vn -0.5611 0.7981 -0.2196
vn -0.5611 0.7981 -0.2196
vn -0.5611 0.7981 -0.2196
vn 0.0035 0.8920 -0.4520
vn 0.0035 0.8920 -0.4520
vn 0.0035 0.8920 -0.4520
vn 0.0035 0.8920 -0.4520
vn 0.0035 0.8920 -0.4520
vn 0.0035 0.8920 -0.4520
vn -0.4524 0.8918 -0.0035
vn -0.4524 0.8918 -0.0035
vn -0.4524 0.8918 -0.0035
vn -0.4524 0.8918 -0.0035
vn -0.4524 0.8918 -0.0035
vn -0.4524 0.8918 -0.0035
vn -0.6346 0.7632 -0.1215
vn -0.6346 0.7632 -0.1215
vn -0.6346 0.7632 -0.1215
vn -0.6346 0.7632 -0.1215
vn -0.6346 0.7632 -0.1215
vn -0.6346 0.7632 -0.1215
vn -0.0904 0.8770 0.4719
vn -0.0904 0.8770 0.4719
vn -0.0904 0.8770 0.4719
vn -0.0904 0.8770 0.4719
vn -0.0904 0.8770 0.4719
vn -0.0904 0.8770 0.4719
vn -0.5611 -0.8124 0.1586
vn -0.5611 -0.8124 0.1586
vn -0.5611 -0.8124 0.1586
vn -0.5611 -0.8124 0.1586
vn -0.5611 -0.8124 0.1586
vn -0.5611 -0.8124 0.1586
vn 0.1119 -0.9115 0.3959
vn 0.1119 -0.9115 0.3959
vn 0.1119 -0.9115 0.3959
vn 0.1119 -0.9115 0.3959
vn 0.1119 -0.9115 0.3959
vn 0.1119 -0.9115 0.3959
vn -0.6125 -0.7863 -0.0812
vn -0.6125 -0.7863 -0.0812
vn -0.6125 -0.7863 -0.0812
vn -0.6125 -0.7863 -0.0812
vn -0.6125 -0.7863 -0.0812
vn -0.6125 -0.7863 -0.0812
vn -0.1093 -0.5549 0.8247
vn -0.1093 -0.5549 0.8247
vn -0.1093 -0.5549 0.8247
vn -0.1093 -0.5549 0.8247
vn -0.1093 -0.5549 0.8247
vn -0.1093 -0.5549 0.8247
vn 0.4617 -0.8679 -0.1833
vn 0.4617 -0.8679 -0.1833
vn 0.4617 -0.8679 -0.1833
vn 0.4617 -0.8679 -0.1833
vn 0.4617 -0.8679 -0.1833
vn 0.4617 -0.8679 -0.1833
vn -0.2049 -0.8317 -0.5160
vn -0.2049 -0.8317 -0.5160
vn -0.2049 -0.8317 -0.5160
vn -0.2049 -0.8317 -0.5160
vn -0.2049 -0.8317 -0.5160
vn -0.2049 -0.8317 -0.5160
vn 0.2401 -0.9322 0.2708
vn 0.2401 -0.9322 0.2708
vn 0.2401 -0.9322 0.2708
vn 0.2401 -0.9322 0.2708
vn 0.2401 -0.9322 0.2708
vn 0.2401 -0.9322 0.2708
vn 0.6102 -0.5788 -0.5410
vn 0.6102 -0.5788 -0.5410
vn 0.6102 -0.5788 -0.5410
vn 0.6102 -0.5788 -0.5410
vn 0.6102 -0.5788 -0.5410
vn 0.6102 -0.5788 -0.5410
vn -0.5509 -0.8329 -0.0525
vn -0.5509 -0.8329 -0.0525
vn -0.5509 -0.8329 -0.0525
vn -0.5509 -0.8329 -0.0525
vn -0.5509 -0.8329 -0.0525
vn -0.5509 -0.8329 -0.0525
vn -0.0816 -0.5082 0.8573
vn -0.0816 -0.5082 0.8573
vn -0.0816 -0.5082 0.8573
vn -0.0816 -0.5082 0.8573
vn -0.0816 -0.5082 0.8573
vn -0.0816 -0.5082 0.8573
vn -0.4248 -0.9048 -0.0292
vn -0.4248 -0.9048 -0.0292
vn -0.4248 -0.9048 -0.0292
vn -0.4248 -0.9048 -0.0292
vn -0.4248 -0.9048 -0.0292
vn -0.4248 -0.9048 -0.0292
vn -0.0553 -0.5903 0.8053
vn -0.0553 -0.5903 0.8053
vn -0.0553 -0.5903 0.8053
vn -0.0553 -0.5903 0.8053
vn -0.0553 -0.5903 0.8053
vn -0.0553 -0.5903 0.8053
vn 0.5882 -0.7049 0.3965
vn 0.5882 -0.7049 0.3965
vn 0.5882 -0.7049 0.3965
vn 0.5882 -0.7049 0.3965
vn 0.5882 -0.7049 0.3965
vn 0.5882 -0.7049 0.3965
vn 0.3787 -0.7355 -0.5618
vn 0.3787 -0.7355 -0.5618
vn 0.3787 -0.7355 -0.5618
vn 0.3787 -0.7355 -0.5618
vn 0.3787 -0.7355 -0.5618
vn 0.3787 -0.7355 -0.5618
vn -0.1388 -0.5220 0.8416
vn -0.1388 -0.5220 0.8416
vn -0.1388 -0.5220 0.8416
vn -0.1388 -0.5220 0.8416
vn -0.1388 -0.5220 0.8416
vn -0.1388 -0.5220 0.8416
vn 0.8533 -0.5021 0.1408
vn 0.8533 -0.5021 0.1408
vn 0.8533 -0.5021 0.1408
vn 0.8533 -0.5021 0.1408
vn 0.8533 -0.5021 0.1408
vn 0.8533 -0.5021 0.1408
vn -0.0510 -0.9209 0.3865
vn -0.0510 -0.9209 0.3865
vn -0.0510 -0.9209 0.3865
vn -0.0510 -0.9209 0.3865
vn -0.0510 -0.9209 0.3865
vn -0.0510 -0.9209 0.3865
vn 0.8141 -0.5707 0.1074
vn 0.8141 -0.5707 0.1074
vn 0.8141 -0.5707 0.1074
vn 0.8141 -0.5707 0.1074
vn 0.8141 -0.5707 0.1074
vn 0.8141 -0.5707 0.1074
vn -0.3041 -0.9359 0.1777
vn -0.3041 -0.9359 0.1777
vn -0.3041 -0.9359 0.1777
vn -0.3041 -0.9359 0.1777
vn -0.3041 -0.9359 0.1777
vn -0.3041 -0.9359 0.1777
vn 0.2055 -0.9133 0.3517
vn 0.2055 -0.9133 0.3517
vn 0.2055 -0.9133 0.3517
vn 0.2055 -0.9133 0.3517
vn 0.2055 -0.9133 0.3517
vn 0.2055 -0.9133 0.3517
vn 0.5414 -0.5137 -0.6655
vn 0.5414 -0.5137 -0.6655
vn 0.5414 -0.5137 -0.6655
vn 0.5414 -0.5137 -0.6655
vn 0.5414 -0.5137 -0.6655
vn 0.5414 -0.5137 -0.6655
vn -0.3328 -0.9033 -0.2707
vn -0.3328 -0.9033 -0.2707
vn -0.3328 -0.9033 -0.2707
vn -0.3328 -0.9033 -0.2707
vn -0.3328 -0.9033 -0.2707
vn -0.3328 -0.9033 -0.2707
vn -0.4816 -0.8420 -0.2431
vn -0.4816 -0.8420 -0.2431
vn -0.4816 -0.8420 -0.2431
vn -0.4816 -0.8420 -0.2431
vn -0.4816 -0.8420 -0.2431
vn -0.4816 -0.8420 -0.2431
vn -0.3060 -0.7341 0.6062
vn -0.3060 -0.7341 0.6062
vn -0.3060 -0.7341 0.6062
vn -0.3060 -0.7341 0.6062
vn -0.3060 -0.7341 0.6062
vn -0.3060 -0.7341 0.6062
vn 0.3148 -0.5445 -0.7774
vn 0.3148 -0.5445 -0.7774
vn 0.3148 -0.5445 -0.7774
vn 0.3148 -0.5445 -0.7774
vn 0.3148 -0.5445 -0.7774
vn 0.3148 -0.5445 -0.7774
vn -0.4202 -0.8913 -0.1701
vn -0.4202 -0.8913 -0.1701
vn -0.4202 -0.8913 -0.1701
vn -0.4202 -0.8913 -0.1701
vn -0.4202 -0.8913 -0.1701
vn -0.4202 -0.8913 -0.1701
vn -0.0136 -0.8562 0.5164
vn -0.0136 -0.8562 0.5164
vn -0.0136 -0.8562 0.5164
vn -0.0136 -0.8562 0.5164
vn -0.0136 -0.8562 0.5164
vn -0.0136 -0.8562 0.5164
vn 0.6956 -0.7182 0.0183
vn 0.6956 -0.7182 0.0183
vn 0.6956 -0.7182 0.0183
vn 0.6956 -0.7182 0.0183
vn 0.6956 -0.7182 0.0183
vn 0.6956 -0.7182 0.0183
vn -0.2071 -0.5827 0.7859
vn -0.2071 -0.5827 0.7859
vn -0.2071 -0.5827 0.7859
vn -0.2071 -0.5827 0.7859
vn -0.2071 -0.5827 0.7859
vn -0.2071 -0.5827 0.7859
vn 0.7552 -0.6246 0.1990
vn 0.7552 -0.6246 0.1990
vn 0.7552 -0.6246 0.1990
vn 0.7552 -0.6246 0.1990
vn 0.7552 -0.6246 0.1990
vn 0.7552 -0.6246 0.1990
vn 0.7100 -0.6945 -0.1164
vn 0.7100 -0.6945 -0.1164
vn 0.7100 -0.6945 -0.1164
vn 0.7100 -0.6945 -0.1164
vn 0.7100 -0.6945 -0.1164
vn 0.7100 -0.6945 -0.1164
vn -0.1042 -0.7646 -0.6360
vn -0.1042 -0.7646 -0.6360
vn -0.1042 -0.7646 -0.6360
vn -0.1042 -0.7646 -0.6360
vn -0.1042 -0.7646 -0.6360
vn -0.1042 -0.7646 -0.6360
vn 0.6637 -0.7429 0.0871
vn 0.6637 -0.7429 0.0871
vn 0.6637 -0.7429 0.0871
vn 0.6637 -0.7429 0.0871
vn 0.6637 -0.7429 0.0871
vn 0.6637 -0.7429 0.0871
vn 0.1103 -0.5309 -0.8402
vn 0.1103 -0.5309 -0.8402
vn 0.1103 -0.5309 -0.8402
vn 0.1103 -0.5309 -0.8402
vn 0.1103 -0.5309 -0.8402
vn 0.1103 -0.5309 -0.8402
vn -0.1863 -0.8711 -0.4543
vn -0.1863 -0.8711 -0.4543
vn -0.1863 -0.8711 -0.4543
vn -0.1863 -0.8711 -0.4543
vn -0.1863 -0.8711 -0.4543
vn -0.1863 -0.8711 -0.4543
vn -0.6989 -0.6553 0.2865
vn -0.6989 -0.6553 0.2865
vn -0.6989 -0.6553 0.2865
vn -0.6989 -0.6553 0.2865
vn -0.6989 -0.6553 0.2865
vn -0.6989 -0.6553 0.2865
vn -0.7968 -0.5849 0.1515
vn -0.7968 -0.5849 0.1515
vn -0.7968 -0.5849 0.1515
vn -0.7968 -0.5849 0.1515
vn -0.7968 -0.5849 0.1515
vn -0.7968 -0.5849 0.1515
vn 0.1194 -0.7689 0.6281
vn 0.1194 -0.7689 0.6281
vn 0.1194 -0.7689 0.6281
vn 0.1194 -0.7689 0.6281
vn 0.1194 -0.7689 0.6281
vn 0.1194 -0.7689 0.6281
vn -0.7130 -0.5518 -0.4326
vn -0.7130 -0.5518 -0.4326
vn -0.7130 -0.5518 -0.4326
vn -0.7130 -0.5518 -0.4326
vn -0.7130 -0.5518 -0.4326
vn -0.7130 -0.5518 -0.4326
vn -0.4250 -0.5733 0.7005
vn -0.4250 -0.5733 0.7005
vn -0.4250 -0.5733 0.7005
vn -0.4250 -0.5733 0.7005
vn -0.4250 -0.5733 0.7005
vn -0.4250 -0.5733 0.7005
vn -0.1926 -0.8684 -0.4570
vn -0.1926 -0.8684 -0.4570
vn -0.1926 -0.8684 -0.4570
vn -0.1926 -0.8684 -0.4570
vn -0.1926 -0.8684 -0.4570
vn -0.1926 -0.8684 -0.4570
vn -0.7123 -0.6344 0.3003
vn -0.7123 -0.6344 0.3003
vn -0.7123 -0.6344 0.3003
vn -0.7123 -0.6344 0.3003
vn -0.7123 -0.6344 0.3003
vn -0.7123 -0.6344 0.3003
vn 0.7576 -0.6516 -0.0376
vn 0.7576 -0.6516 -0.0376
vn 0.7576 -0.6516 -0.0376
vn 0.7576 -0.6516 -0.0376
vn 0.7576 -0.6516 -0.0376
vn 0.7576 -0.6516 -0.0376
vn -0.0257 -0.8548 -0.5184
vn -0.0257 -0.8548 -0.5184
vn -0.0257 -0.8548 -0.5184
vn -0.0257 -0.8548 -0.5184
vn -0.0257 -0.8548 -0.5184
vn -0.0257 -0.8548 -0.5184
vn 0.4633 -0.8277 0.3167
vn 0.4633 -0.8277 0.3167
vn 0.4633 -0.8277 0.3167
vn 0.4633 -0.8277 0.3167
vn 0.4633 -0.8277 0.3167
vn 0.4633 -0.8277 0.3167
vn 0.2171 -0.9231 -0.3175
vn 0.2171 -0.9231 -0.3175
vn 0.2171 -0.9231 -0.3175
vn 0.2171 -0.9231 -0.3175
vn 0.2171 -0.9231 -0.3175
vn 0.2171 -0.9231 -0.3175
vn -0.1314 -0.6457 -0.7522
vn -0.1314 -0.6457 -0.7522
vn -0.1314 -0.6457 -0.7522
vn -0.1314 -0.6457 -0.7522
vn -0.1314 -0.6457 -0.7522
vn -0.1314 -0.6457 -0.7522
vn -0.4553 -0.8868 0.0795
vn -0.4553 -0.8868 0.0795
vn -0.4553 -0.8868 0.0795
vn -0.4553 -0.8868 0.0795
vn -0.4553 -0.8868 0.0795
vn -0.4553 -0.8868 0.0795
vn 0.2965 -0.9337 0.2007
vn 0.2965 -0.9337 0.2007
vn 0.2965 -0.9337 0.2007
vn 0.2965 -0.9337 0.2007
vn 0.2965 -0.9337 0.2007
vn 0.2965 -0.9337 0.2007
vn 0.4637 -0.5617 -0.6851
vn 0.4637 -0.5617 -0.6851
vn 0.4637 -0.5617 -0.6851
vn 0.4637 -0.5617 -0.6851
vn 0.4637 -0.5617 -0.6851
vn 0.4637 -0.5617 -0.6851
vn -0.2513 -0.8217 0.5114
vn -0.2513 -0.8217 0.5114
vn -0.2513 -0.8217 0.5114
vn -0.2513 -0.8217 0.5114
vn -0.2513 -0.8217 0.5114
vn -0.2513 -0.8217 0.5114
vn 0.6516 -0.6876 0.3202
vn 0.6516 -0.6876 0.3202
vn 0.6516 -0.6876 0.3202
vn 0.6516 -0.6876 0.3202
vn 0.6516 -0.6876 0.3202
vn 0.6516 -0.6876 0.3202
vn -0.3298 -0.9032 0.2747
vn -0.3298 -0.9032 0.2747
vn -0.3298 -0.9032 0.2747
vn -0.3298 -0.9032 0.2747
vn -0.3298 -0.9032 0.2747
vn -0.3298 -0.9032 0.2747
vn 0.3405 -0.8467 0.4088
vn 0.3405 -0.8467 0.4088
vn 0.3405 -0.8467 0.4088
vn 0.3405 -0.8467 0.4088
vn 0.3405 -0.8467 0.4088
vn 0.3405 -0.8467 0.4088
vn 0.6728 -0.5521 -0.4925
vn 0.6728 -0.5521 -0.4925
vn 0.6728 -0.5521 -0.4925
vn 0.6728 -0.5521 -0.4925
vn 0.6728 -0.5521 -0.4925
vn 0.6728 -0.5521 -0.4925
vn -0.3913 -0.7491 -0.5346
vn -0.3913 -0.7491 -0.5346
vn -0.3913 -0.7491 -0.5346
vn -0.3913 -0.7491 -0.5346
vn -0.3913 -0.7491 -0.5346
vn -0.3913 -0.7491 -0.5346
vn 0.0585 -0.9175 -0.3934
vn 0.0585 -0.9175 -0.3934
vn 0.0585 -0.9175 -0.3934
vn 0.0585 -0.9175 -0.3934
vn 0.0585 -0.9175 -0.3934
vn 0.0585 -0.9175 -0.3934
vn -0.5402 -0.8377 -0.0803
vn -0.5402 -0.8377 -0.0803
vn -0.5402 -0.8377 -0.0803
vn -0.5402 -0.8377 -0.0803
vn -0.5402 -0.8377 -0.0803
vn -0.5402 -0.8377 -0.0803
vn -0.2036 -0.8615 0.4652
vn -0.2036 -0.8615 0.4652
vn -0.2036 -0.8615 0.4652
vn -0.2036 -0.8615 0.4652
vn -0.2036 -0.8615 0.4652
vn -0.2036 -0.8615 0.4652
vn 0.6889 -0.6593 0.3014
vn 0.6889 -0.6593 0.3014
vn 0.6889 -0.6593 0.3014
vn 0.6889 -0.6593 0.3014
vn 0.6889 -0.6593 0.3014
vn 0.6889 -0.6593 0.3014
vn 0.1531 -0.7525 -0.6406
vn 0.1531 -0.7525 -0.6406
vn 0.1531 -0.7525 -0.6406
vn 0.1531 -0.7525 -0.6406
vn 0.1531 -0.7525 -0.6406
vn 0.1531 -0.7525 -0.6406
vn -0.4117 -0.9060 -0.0984
vn -0.4117 -0.9060 -0.0984
vn -0.4117 -0.9060 -0.0984
vn -0.4117 -0.9060 -0.0984
vn -0.4117 -0.9060 -0.0984
vn -0.4117 -0.9060 -0.0984
vn -0.6211 -0.5554 0.5530
vn -0.6211 -0.5554 0.5530
vn -0.6211 -0.5554 0.5530
vn -0.6211 -0.5554 0.5530
vn -0.6211 -0.5554 0.5530
vn -0.6211 -0.5554 0.5530
vn 0.3011 -0.8916 0.3382
vn 0.3011 -0.8916 0.3382
vn 0.3011 -0.8916 0.3382
vn 0.3011 -0.8916 0.3382
vn 0.3011 -0.8916 0.3382
vn 0.3011 -0.8916 0.3382
vn 0.5027 -0.7837 -0.3647
vn 0.5027 -0.7837 -0.3647
vn 0.5027 -0.7837 -0.3647
vn 0.5027 -0.7837 -0.3647
vn 0.5027 -0.7837 -0.3647
vn 0.5027 -0.7837 -0.3647
vn -0.3679 -0.7793 -0.5072
vn -0.3679 -0.7793 -0.5072
vn -0.3679 -0.7793 -0.5072
vn -0.3679 -0.7793 -0.5072
vn -0.3679 -0.7793 -0.5072
vn -0.3679 -0.7793 -0.5072
vn -0.8099 -0.5683 -0.1456
vn -0.8099 -0.5683 -0.1456
vn -0.8099 -0.5683 -0.1456
vn -0.8099 -0.5683 -0.1456
vn -0.8099 -0.5683 -0.1456
vn -0.8099 -0.5683 -0.1456
vn -0.1463 -0.5622 0.8139
vn -0.1463 -0.5622 0.8139
vn -0.1463 -0.5622 0.8139
vn -0.1463 -0.5622 0.8139
vn -0.1463 -0.5622 0.8139
vn -0.1463 -0.5622 0.8139
vn -0.4347 -0.7887 -0.4347
vn -0.4347 -0.7887 -0.4347
vn -0.4347 -0.7887 -0.4347
vn -0.4347 -0.7887 -0.4347
vn -0.4347 -0.7887 -0.4347
vn -0.4347 -0.7887 -0.4347
vn -0.3337 -0.8816 0.3337
vn -0.3337 -0.8816 0.3337
vn -0.3337 -0.8816 0.3337
vn -0.3337 -0.8816 0.3337
vn -0.3337 -0.8816 0.3337
vn -0.3337 -0.8816 0.3337
vn -0.3636 -0.9087 -0.2053
vn -0.3636 -0.9087 -0.2053
vn -0.3636 -0.9087 -0.2053
vn -0.3636 -0.9087 -0.2053
vn -0.3636 -0.9087 -0.2053
vn -0.3636 -0.9087 -0.2053
vn -0.4232 -0.5090 0.7496
vn -0.4232 -0.5090 0.7496
vn -0.4232 -0.5090 0.7496
vn -0.4232 -0.5090 0.7496
vn -0.4232 -0.5090 0.7496
vn -0.4232 -0.5090 0.7496
vn -0.5108 -0.8050 0.3017
vn -0.5108 -0.8050 0.3017
vn -0.5108 -0.8050 0.3017
vn -0.5108 -0.8050 0.3017
vn -0.5108 -0.8050 0.3017
vn -0.5108 -0.8050 0.3017
vn 0.3809 -0.6625 0.6450
vn 0.3809 -0.6625 0.6450
vn 0.3809 -0.6625 0.6450
vn 0.3809 -0.6625 0.6450
vn 0.3809 -0.6625 0.6450
vn 0.3809 -0.6625 0.6450
vn 0.2095 -0.8545 0.4753
vn 0.2095 -0.8545 0.4753
vn 0.2095 -0.8545 0.4753
vn 0.2095 -0.8545 0.4753
vn 0.2095 -0.8545 0.4753
vn 0.2095 -0.8545 0.4753
vn 0.7081 -0.6334 -0.3121
vn 0.7081 -0.6334 -0.3121
vn 0.7081 -0.6334 -0.3121
vn 0.7081 -0.6334 -0.3121
vn 0.7081 -0.6334 -0.3121
vn 0.7081 -0.6334 -0.3121
vn -0.4720 -0.6933 0.5447
vn -0.4720 -0.6933 0.5447
vn -0.4720 -0.6933 0.5447
vn -0.4720 -0.6933 0.5447
vn -0.4720 -0.6933 0.5447
vn -0.4720 -0.6933 0.5447
vn 0.5883 -0.6278 0.5097
vn 0.5883 -0.6278 0.5097
vn 0.5883 -0.6278 0.5097
vn 0.5883 -0.6278 0.5097
vn 0.5883 -0.6278 0.5097
vn 0.5883 -0.6278 0.5097
vn -0.0904 -0.8411 -0.5333
vn -0.0904 -0.8411 -0.5333
vn -0.0904 -0.8411 -0.5333
vn -0.0904 -0.8411 -0.5333
vn -0.0904 -0.8411 -0.5333
vn -0.0904 -0.8411 -0.5333
vn -0.4824 -0.8721 0.0818
vn -0.4824 -0.8721 0.0818
vn -0.4824 -0.8721 0.0818
vn -0.4824 -0.8721 0.0818
vn -0.4824 -0.8721 0.0818
vn -0.4824 -0.8721 0.0818
vn -0.6659 -0.6698 0.3286
vn -0.6659 -0.6698 0.3286
vn -0.6659 -0.6698 0.3286
vn -0.6659 -0.6698 0.3286
vn -0.6659 -0.6698 0.3286
vn -0.6659 -0.6698 0.3286
vn 0.2849 -0.7653 0.5772
vn 0.2849 -0.7653 0.5772
vn 0.2849 -0.7653 0.5772
vn 0.2849 -0.7653 0.5772
vn 0.2849 -0.7653 0.5772
vn 0.2849 -0.7653 0.5772
vn -0.2181 -0.8906 -0.3991
vn -0.2181 -0.8906 -0.3991
vn -0.2181 -0.8906 -0.3991
vn -0.2181 -0.8906 -0.3991
vn -0.2181 -0.8906 -0.3991
vn -0.2181 -0.8906 -0.3991
vn -0.7221 -0.5682 0.3946
vn -0.7221 -0.5682 0.3946
vn -0.7221 -0.5682 0.3946
vn -0.7221 -0.5682 0.3946
vn -0.7221 -0.5682 0.3946
vn -0.7221 -0.5682 0.3946
vn 0.3770 -0.6170 0.6908
vn 0.3770 -0.6170 0.6908
vn 0.3770 -0.6170 0.6908
vn 0.3770 -0.6170 0.6908
vn 0.3770 -0.6170 0.6908
vn 0.3770 -0.6170 0.6908
vn 0.5327 -0.7948 -0.2907
vn 0.5327 -0.7948 -0.2907
vn 0.5327 -0.7948 -0.2907
vn 0.5327 -0.7948 -0.2907
vn 0.5327 -0.7948 -0.2907
vn 0.5327 -0.7948 -0.2907
vn 0.0100 -0.7952 0.6063
vn 0.0100 -0.7952 0.6063
vn 0.0100 -0.7952 0.6063
vn 0.0100 -0.7952 0.6063
vn 0.0100 -0.7952 0.6063
vn 0.0100 -0.7952 0.6063
vn 0.4908 -0.8712 -0.0081
vn 0.4908 -0.8712 -0.0081
vn 0.4908 -0.8712 -0.0081
vn 0.4908 -0.8712 -0.0081
vn 0.4908 -0.8712 -0.0081
vn 0.4908 -0.8712 -0.0081
vn 0.4789 -0.8269 0.2947
vn 0.4789 -0.8269 0.2947
vn 0.4789 -0.8269 0.2947
vn 0.4789 -0.8269 0.2947
vn 0.4789 -0.8269 0.2947
vn 0.4789 -0.8269 0.2947
vn 0.2717 -0.8551 -0.4416
vn 0.2717 -0.8551 -0.4416
vn 0.2717 -0.8551 -0.4416
vn 0.2717 -0.8551 -0.4416
vn 0.2717 -0.8551 -0.4416
vn 0.2717 -0.8551 -0.4416
vn -0.3089 -0.6424 0.7014
vn -0.3089 -0.6424 0.7014
vn -0.3089 -0.6424 0.7014
vn -0.3089 -0.6424 0.7014
vn -0.3089 -0.6424 0.7014
vn -0.3089 -0.6424 0.7014
vn 0.4283 -0.8837 0.1887
vn 0.4283 -0.8837 0.1887
vn 0.4283 -0.8837 0.1887
vn 0.4283 -0.8837 0.1887
vn 0.4283 -0.8837 0.1887
vn 0.4283 -0.8837 0.1887
vn 0.7505 -0.6548 0.0890
vn 0.7505 -0.6548 0.0890
vn 0.7505 -0.6548 0.0890
vn 0.7505 -0.6548 0.0890
vn 0.7505 -0.6548 0.0890
vn 0.7505 -0.6548 0.0890
vn 0.0675 -0.8196 -0.5689
vn 0.0675 -0.8196 -0.5689
vn 0.0675 -0.8196 -0.5689
vn 0.0675 -0.8196 -0.5689
vn 0.0675 -0.8196 -0.5689
vn 0.0675 -0.8196 -0.5689
vn 0.6878 -0.5551 0.4677
vn 0.6878 -0.5551 0.4677
vn 0.6878 -0.5551 0.4677
vn 0.6878 -0.5551 0.4677
vn 0.6878 -0.5551 0.4677
vn 0.6878 -0.5551 0.4677
vn 0.3889 -0.7222 -0.5720
vn 0.3889 -0.7222 -0.5720
vn 0.3889 -0.7222 -0.5720
vn 0.3889 -0.7222 -0.5720
vn 0.3889 -0.7222 -0.5720
vn 0.3889 -0.7222 -0.5720
vn 0.2490 -0.9136 0.3216
vn 0.2490 -0.9136 0.3216
vn 0.2490 -0.9136 0.3216
vn 0.2490 -0.9136 0.3216
vn 0.2490 -0.9136 0.3216
vn 0.2490 -0.9136 0.3216
vn 0.4468 -0.8250 -0.3460
vn 0.4468 -0.8250 -0.3460
vn 0.4468 -0.8250 -0.3460
vn 0.4468 -0.8250 -0.3460
vn 0.4468 -0.8250 -0.3460
vn 0.4468 -0.8250 -0.3460
vn -0.3984 -0.9137 -0.0798
vn -0.3984 -0.9137 -0.0798
vn -0.3984 -0.9137 -0.0798
vn -0.3984 -0.9137 -0.0798
vn -0.3984 -0.9137 -0.0798
vn -0.3984 -0.9137 -0.0798
vn -0.1430 -0.6854 0.7140
vn -0.1430 -0.6854 0.7140
vn -0.1430 -0.6854 0.7140
vn -0.1430 -0.6854 0.7140
vn -0.1430 -0.6854 0.7140
vn -0.1430 -0.6854 0.7140
vn 0.2655 -0.9122 -0.3120
vn 0.2655 -0.9122 -0.3120
vn 0.2655 -0.9122 -0.3120
vn 0.2655 -0.9122 -0.3120
vn 0.2655 -0.9122 -0.3120
vn 0.2655 -0.9122 -0.3120
vn -0.3511 -0.8874 -0.2988
vn -0.3511 -0.8874 -0.2988
vn -0.3511 -0.8874 -0.2988
vn -0.3511 -0.8874 -0.2988
vn -0.3511 -0.8874 -0.2988
vn -0.3511 -0.8874 -0.2988
vn -0.3638 -0.8150 -0.4510
vn -0.3638 -0.8150 -0.4510
vn -0.3638 -0.8150 -0.4510
vn -0.3638 -0.8150 -0.4510
vn -0.3638 -0.8150 -0.4510
vn -0.3638 -0.8150 -0.4510
vn -0.3872 -0.8675 0.3123
vn -0.3872 -0.8675 0.3123
vn -0.3872 -0.8675 0.3123
vn -0.3872 -0.8675 0.3123
vn -0.3872 -0.8675 0.3123
vn -0.3872 -0.8675 0.3123
vn 0.4044 -0.8531 -0.3297
vn 0.4044 -0.8531 -0.3297
vn 0.4044 -0.8531 -0.3297
vn 0.4044 -0.8531 -0.3297
vn 0.4044 -0.8531 -0.3297
vn 0.4044 -0.8531 -0.3297
vn -0.4842 -0.6424 -0.5940
vn -0.4842 -0.6424 -0.5940
vn -0.4842 -0.6424 -0.5940
vn -0.4842 -0.6424 -0.5940
vn -0.4842 -0.6424 -0.5940
vn -0.4842 -0.6424 -0.5940
vn 0.7304 -0.6728 -0.1181
vn 0.7304 -0.6728 -0.1181
vn 0.7304 -0.6728 -0.1181
vn 0.7304 -0.6728 -0.1181
vn 0.7304 -0.6728 -0.1181
vn 0.7304 -0.6728 -0.1181
vn -0.1060 -0.7474 -0.6558
vn -0.1060 -0.7474 -0.6558
vn -0.1060 -0.7474 -0.6558
vn -0.1060 -0.7474 -0.6558
vn -0.1060 -0.7474 -0.6558
vn -0.1060 -0.7474 -0.6558
vn -0.3372 -0.9324 0.1302
vn -0.3372 -0.9324 0.1302
vn -0.3372 -0.9324 0.1302
vn -0.3372 -0.9324 0.1302
vn -0.3372 -0.9324 0.1302
vn -0.3372 -0.9324 0.1302
vn 0.1804 -0.8655 0.4673
vn 0.1804 -0.8655 0.4673
vn 0.1804 -0.8655 0.4673
vn 0.1804 -0.8655 0.4673
vn 0.1804 -0.8655 0.4673
vn 0.1804 -0.8655 0.4673
vn -0.3606 -0.5121 -0.7796
vn -0.3606 -0.5121 -0.7796
vn -0.3606 -0.5121 -0.7796
vn -0.3606 -0.5121 -0.7796
vn -0.3606 -0.5121 -0.7796
vn -0.3606 -0.5121 -0.7796
vn -0.7651 -0.5379 0.3540
vn -0.7651 -0.5379 0.3540
vn -0.7651 -0.5379 0.3540
vn -0.7651 -0.5379 0.3540
vn -0.7651 -0.5379 0.3540
vn -0.7651 -0.5379 0.3540
vn 0.6949 -0.7007 -0.1617
vn 0.6949 -0.7007 -0.1617
vn 0.6949 -0.7007 -0.1617
vn 0.6949 -0.7007 -0.1617
vn 0.6949 -0.7007 -0.1617
vn 0.6949 -0.7007 -0.1617
vn -0.1891 -0.5511 -0.8127
vn -0.1891 -0.5511 -0.8127
vn -0.1891 -0.5511 -0.8127
vn -0.1891 -0.5511 -0.8127
vn -0.1891 -0.5511 -0.8127
vn -0.1891 -0.5511 -0.8127
vn -0.3971 -0.8936 0.2091
vn -0.3971 -0.8936 0.2091
vn -0.3971 -0.8936 0.2091
vn -0.3971 -0.8936 0.2091
vn -0.3971 -0.8936 0.2091
vn -0.3971 -0.8936 0.2091
vn 0.3588 -0.6379 0.6815
vn 0.3588 -0.6379 0.6815
vn 0.3588 -0.6379 0.6815
vn 0.3588 -0.6379 0.6815
vn 0.3588 -0.6379 0.6815
vn 0.3588 -0.6379 0.6815
vn -0.2728 -0.5233 0.8073
vn -0.2728 -0.5233 0.8073
vn -0.2728 -0.5233 0.8073
vn -0.2728 -0.5233 0.8073
vn -0.2728 -0.5233 0.8073
vn -0.2728 -0.5233 0.8073
vn 0.7735 -0.5773 0.2614
vn 0.7735 -0.5773 0.2614
vn 0.7735 -0.5773 0.2614
vn 0.7735 -0.5773 0.2614
vn 0.7735 -0.5773 0.2614
vn 0.7735 -0.5773 0.2614
vn 0.3807 -0.9205 0.0880
vn 0.3807 -0.9205 0.0880
vn 0.3807 -0.9205 0.0880
vn 0.3807 -0.9205 0.0880
vn 0.3807 -0.9205 0.0880
vn 0.3807 -0.9205 0.0880
vn 0.1403 -0.7821 -0.6071
vn 0.1403 -0.7821 -0.6071
vn 0.1403 -0.7821 -0.6071
vn 0.1403 -0.7821 -0.6071
vn 0.1403 -0.7821 -0.6071
vn 0.1403 -0.7821 -0.6071
vn 0.0851 -0.8305 -0.5504
vn 0.0851 -0.8305 -0.5504
vn 0.0851 -0.8305 -0.5504
vn 0.0851 -0.8305 -0.5504
vn 0.0851 -0.8305 -0.5504
vn 0.0851 -0.8305 -0.5504
vn -0.7364 -0.6668 -0.1139
vn -0.7364 -0.6668 -0.1139
vn -0.7364 -0.6668 -0.1139
vn -0.7364 -0.6668 -0.1139
vn -0.7364 -0.6668 -0.1139
vn -0.7364 -0.6668 -0.1139
vn 0.3497 -0.6752 0.6495
vn 0.3497 -0.6752 0.6495
vn 0.3497 -0.6752 0.6495
vn 0.3497 -0.6752 0.6495
vn 0.3497 -0.6752 0.6495
vn 0.3497 -0.6752 0.6495
vn 0.3571 -0.9141 -0.1922
vn 0.3571 -0.9141 -0.1922
vn 0.3571 -0.9141 -0.1922
vn 0.3571 -0.9141 -0.1922
vn 0.3571 -0.9141 -0.1922
vn 0.3571 -0.9141 -0.1922
vn 0.6188 -0.7235 -0.3061
vn 0.6188 -0.7235 -0.3061
vn 0.6188 -0.7235 -0.3061
vn 0.6188 -0.7235 -0.3061
vn 0.6188 -0.7235 -0.3061
vn 0.6188 -0.7235 -0.3061
vn -0.2417 -0.8383 -0.4887
vn -0.2417 -0.8383 -0.4887
vn -0.2417 -0.8383 -0.4887
vn -0.2417 -0.8383 -0.4887
vn -0.2417 -0.8383 -0.4887
vn -0.2417 -0.8383 -0.4887
vn 0.2825 -0.9122 -0.2968
vn 0.2825 -0.9122 -0.2968
vn 0.2825 -0.9122 -0.2968
vn 0.2825 -0.9122 -0.2968
vn 0.2825 -0.9122 -0.2968
vn 0.2825 -0.9122 -0.2968
vn -0.5791 -0.6008 -0.5511
vn -0.5791 -0.6008 -0.5511
vn -0.5791 -0.6008 -0.5511
vn -0.5791 -0.6008 -0.5511
vn -0.5791 -0.6008 -0.5511
vn -0.5791 -0.6008 -0.5511
vn 0.2903 -0.8293 0.4774
vn 0.2903 -0.8293 0.4774
vn 0.2903 -0.8293 0.4774
vn 0.2903 -0.8293 0.4774
vn 0.2903 -0.8293 0.4774
vn 0.2903 -0.8293 0.4774
vn 0.5608 -0.7545 -0.3410
vn 0.5608 -0.7545 -0.3410
vn 0.5608 -0.7545 -0.3410
vn 0.5608 -0.7545 -0.3410
vn 0.5608 -0.7545 -0.3410
vn 0.5608 -0.7545 -0.3410
vn -0.5609 -0.7243 0.4011
vn -0.5609 -0.7243 0.4011
vn -0.5609 -0.7243 0.4011
vn -0.5609 -0.7243 0.4011
vn -0.5609 -0.7243 0.4011
vn -0.5609 -0.7243 0.4011
vn 0.3438 -0.8066 0.4808
vn 0.3438 -0.8066 0.4808
vn 0.3438 -0.8066 0.4808
vn 0.3438 -0.8066 0.4808
vn 0.3438 -0.8066 0.4808
vn 0.3438 -0.8066 0.4808
vn 0.1367 -0.8612 -0.4895
vn 0.1367 -0.8612 -0.4895
vn 0.1367 -0.8612 -0.4895
vn 0.1367 -0.8612 -0.4895
vn 0.1367 -0.8612 -0.4895
vn 0.1367 -0.8612 -0.4895
vn -0.4403 -0.8894 -0.1230
vn -0.4403 -0.8894 -0.1230
vn -0.4403 -0.8894 -0.1230
vn -0.4403 -0.8894 -0.1230
vn -0.4403 -0.8894 -0.1230
vn -0.4403 -0.8894 -0.1230
vn 0.1756 -0.8758 -0.4497
vn 0.1756 -0.8758 -0.4497
vn 0.1756 -0.8758 -0.4497
vn 0.1756 -0.8758 -0.4497
vn 0.1756 -0.8758 -0.4497
vn 0.1756 -0.8758 -0.4497
vn -0.5387 -0.8158 -0.2104
vn -0.5387 -0.8158 -0.2104
vn -0.5387 -0.8158 -0.2104
vn -0.5387 -0.8158 -0.2104
vn -0.5387 -0.8158 -0.2104
vn -0.5387 -0.8158 -0.2104
vn -0.2254 -0.8444 -0.4861
vn -0.2254 -0.8444 -0.4861
vn -0.2254 -0.8444 -0.4861
vn -0.2254 -0.8444 -0.4861
vn -0.2254 -0.8444 -0.4861
vn -0.2254 -0.8444 -0.4861
vn -0.7086 -0.6245 0.3285
vn -0.7086 -0.6245 0.3285
vn -0.7086 -0.6245 0.3285
vn -0.7086 -0.6245 0.3285
vn -0.7086 -0.6245 0.3285
vn -0.7086 -0.6245 0.3285
vn -0.3097 -0.9304 0.1960
vn -0.3097 -0.9304 0.1960
vn -0.3097 -0.9304 0.1960
vn -0.3097 -0.9304 0.1960
vn -0.3097 -0.9304 0.1960
vn -0.3097 -0.9304 0.1960
vn 0.2803 -0.8516 0.4430
vn 0.2803 -0.8516 0.4430
vn 0.2803 -0.8516 0.4430
vn 0.2803 -0.8516 0.4430
vn 0.2803 -0.8516 0.4430
vn 0.2803 -0.8516 0.4430
vn 0.0811 -0.6952 -0.7142
vn 0.0811 -0.6952 -0.7142
vn 0.0811 -0.6952 -0.7142
vn 0.0811 -0.6952 -0.7142
vn 0.0811 -0.6952 -0.7142
vn 0.0811 -0.6952 -0.7142
vn -0.4860 -0.8722 -0.0552
vn -0.4860 -0.8722 -0.0552
vn -0.4860 -0.8722 -0.0552
vn -0.4860 -0.8722 -0.0552
vn -0.4860 -0.8722 -0.0552
vn -0.4860 -0.8722 -0.0552
vn -0.1082 -0.8655 0.4891
vn -0.1082 -0.8655 0.4891
vn -0.1082 -0.8655 0.4891
vn -0.1082 -0.8655 0.4891
vn -0.1082 -0.8655 0.4891
vn -0.1082 -0.8655 0.4891
vn 0.5919 -0.7953 0.1309
vn 0.5919 -0.7953 0.1309
vn 0.5919 -0.7953 0.1309
vn 0.5919 -0.7953 0.1309
vn 0.5919 -0.7953 0.1309
vn 0.5919 -0.7953 0.1309
vn -0.4100 -0.5079 -0.7576
vn -0.4100 -0.5079 -0.7576
vn -0.4100 -0.5079 -0.7576
vn -0.4100 -0.5079 -0.7576
vn -0.4100 -0.5079 -0.7576
vn -0.4100 -0.5079 -0.7576
vn -0.4352 -0.8690 0.2355
vn -0.4352 -0.8690 0.2355
vn -0.4352 -0.8690 0.2355
vn -0.4352 -0.8690 0.2355
vn -0.4352 -0.8690 0.2355
vn -0.4352 -0.8690 0.2355
vn 0.1331 -0.5155 0.8465
vn 0.1331 -0.5155 0.8465
vn 0.1331 -0.5155 0.8465
vn 0.1331 -0.5155 0.8465
vn 0.1331 -0.5155 0.8465
vn 0.1331 -0.5155 0.8465
vn 0.8120 -0.5695 -0.1277
vn 0.8120 -0.5695 -0.1277
vn 0.8120 -0.5695 -0.1277
vn 0.8120 -0.5695 -0.1277
vn 0.8120 -0.5695 -0.1277
vn 0.8120 -0.5695 -0.1277
vn 0.2941 -0.9006 0.3200
vn 0.2941 -0.9006 0.3200
vn 0.2941 -0.9006 0.3200
vn 0.2941 -0.9006 0.3200
vn 0.2941 -0.9006 0.3200
vn 0.2941 -0.9006 0.3200
vn 0.5244 -0.7020 -0.4819
vn 0.5244 -0.7020 -0.4819
vn 0.5244 -0.7020 -0.4819
vn 0.5244 -0.7020 -0.4819
vn 0.5244 -0.7020 -0.4819
vn 0.5244 -0.7020 -0.4819
vn 0.3501 -0.5247 0.7759
vn 0.3501 -0.5247 0.7759
vn 0.3501 -0.5247 0.7759
vn 0.3501 -0.5247 0.7759
vn 0.3501 -0.5247 0.7759
vn 0.3501 -0.5247 0.7759
vn 0.4328 -0.8801 -0.1953
vn 0.4328 -0.8801 -0.1953
vn 0.4328 -0.8801 -0.1953
vn 0.4328 -0.8801 -0.1953
vn 0.4328 -0.8801 -0.1953
vn 0.4328 -0.8801 -0.1953
vn -0.8452 -0.5343 0.0147
vn -0.8452 -0.5343 0.0147
vn -0.8452 -0.5343 0.0147
vn -0.8452 -0.5343 0.0147
vn -0.8452 -0.5343 0.0147
vn -0.8452 -0.5343 0.0147
vn 0.0137 -0.6172 0.7867
vn 0.0137 -0.6172 0.7867
vn 0.0137 -0.6172 0.7867
vn 0.0137 -0.6172 0.7867
vn 0.0137 -0.6172 0.7867
vn 0.0137 -0.6172 0.7867
vn -0.5428 -0.8062 -0.2352
vn -0.5428 -0.8062 -0.2352
vn -0.5428 -0.8062 -0.2352
vn -0.5428 -0.8062 -0.2352
vn -0.5428 -0.8062 -0.2352
vn -0.5428 -0.8062 -0.2352
vn -0.3335 -0.5446 0.7696
vn -0.3335 -0.5446 0.7696
vn -0.3335 -0.5446 0.7696
vn -0.3335 -0.5446 0.7696
vn -0.3335 -0.5446 0.7696
vn -0.3335 -0.5446 0.7696
vn 0.5213 -0.8232 -0.2251
vn 0.5213 -0.8232 -0.2251
vn 0.5213 -0.8232 -0.2251
vn 0.5213 -0.8232 -0.2251
vn 0.5213 -0.8232 -0.2251
vn 0.5213 -0.8232 -0.2251
vn -0.2739 -0.7229 -0.6343
vn -0.2739 -0.7229 -0.6343
vn -0.2739 -0.7229 -0.6343
vn -0.2739 -0.7229 -0.6343
vn -0.2739 -0.7229 -0.6343
vn -0.2739 -0.7229 -0.6343
vn -0.3785 -0.9256 -0.0053
vn -0.3785 -0.9256 -0.0053
vn -0.3785 -0.9256 -0.0053
vn -0.3785 -0.9256 -0.0053
vn -0.3785 -0.9256 -0.0053
vn -0.3785 -0.9256 -0.0053
vn -0.0121 -0.5197 0.8542
vn -0.0121 -0.5197 0.8542
vn -0.0121 -0.5197 0.8542
vn -0.0121 -0.5197 0.8542
vn -0.0121 -0.5197 0.8542
vn -0.0121 -0.5197 0.8542
vn 0.7473 -0.5228 -0.4102
vn 0.7473 -0.5228 -0.4102
vn 0.7473 -0.5228 -0.4102
vn 0.7473 -0.5228 -0.4102
vn 0.7473 -0.5228 -0.4102
vn 0.7473 -0.5228 -0.4102
vn -0.3397 -0.7082 -0.6189
vn -0.3397 -0.7082 -0.6189
vn -0.3397 -0.7082 -0.6189
vn -0.3397 -0.7082 -0.6189
vn -0.3397 -0.7082 -0.6189
vn -0.3397 -0.7082 -0.6189
vn 0.7776 -0.6111 0.1478
vn 0.7776 -0.6111 0.1478
vn 0.7776 -0.6111 0.1478
vn 0.7776 -0.6111 0.1478
vn 0.7776 -0.6111 0.1478
vn 0.7776 -0.6111 0.1478
vn 0.1466 -0.6197 -0.7710
vn 0.1466 -0.6197 -0.7710
vn 0.1466 -0.6197 -0.7710
vn 0.1466 -0.6197 -0.7710
vn 0.1466 -0.6197 -0.7710
vn 0.1466 -0.6197 -0.7710
vn 0.7759 -0.5656 0.2794
vn 0.7759 -0.5656 0.2794
vn 0.7759 -0.5656 0.2794
vn 0.7759 -0.5656 0.2794
vn 0.7759 -0.5656 0.2794
vn 0.7759 -0.5656 0.2794
vn 0.1165 -0.9390 -0.3235
vn 0.1165 -0.9390 -0.3235
vn 0.1165 -0.9390 -0.3235
vn 0.1165 -0.9390 -0.3235
vn 0.1165 -0.9390 -0.3235
vn 0.1165 -0.9390 -0.3235
vn 0.4610 -0.8759 -0.1425
vn 0.4610 -0.8759 -0.1425
vn 0.4610 -0.8759 -0.1425
vn 0.4610 -0.8759 -0.1425
vn 0.4610 -0.8759 -0.1425
vn 0.4610 -0.8759 -0.1425
vn -0.1227 -0.9097 -0.3968
vn -0.1227 -0.9097 -0.3968
vn -0.1227 -0.9097 -0.3968
vn -0.1227 -0.9097 -0.3968
vn -0.1227 -0.9097 -0.3968
vn -0.1227 -0.9097 -0.3968
vn -0.6380 -0.7087 0.3011
vn -0.6380 -0.7087 0.3011
vn -0.6380 -0.7087 0.3011
vn -0.6380 -0.7087 0.3011
vn -0.6380 -0.7087 0.3011
vn -0.6380 -0.7087 0.3011
vn 0.2941 -0.7247 0.6231
vn 0.2941 -0.7247 0.6231
vn 0.2941 -0.7247 0.6231
vn 0.2941 -0.7247 0.6231
vn 0.2941 -0.7247 0.6231
vn 0.2941 -0.7247 0.6231
vn 0.6367 -0.7471 0.1912
vn 0.6367 -0.7471 0.1912
vn 0.6367 -0.7471 0.1912
vn 0.6367 -0.7471 0.1912
vn 0.6367 -0.7471 0.1912
vn 0.6367 -0.7471 0.1912
vn 0.1870 -0.7597 -0.6228
vn 0.1870 -0.7597 -0.6228
vn 0.1870 -0.7597 -0.6228
vn 0.1870 -0.7597 -0.6228
vn 0.1870 -0.7597 -0.6228
vn 0.1870 -0.7597 -0.6228
vn -0.6875 -0.6710 -0.2776
vn -0.6875 -0.6710 -0.2776
vn -0.6875 -0.6710 -0.2776
vn -0.6875 -0.6710 -0.2776
vn -0.6875 -0.6710 -0.2776
vn -0.6875 -0.6710 -0.2776
vn -0.1991 -0.8468 0.4932
vn -0.1991 -0.8468 0.4932
vn -0.1991 -0.8468 0.4932
vn -0.1991 -0.8468 0.4932
vn -0.1991 -0.8468 0.4932
vn -0.1991 -0.8468 0.4932
vn 0.5894 -0.8049 0.0690
vn 0.5894 -0.8049 0.0690
vn 0.5894 -0.8049 0.0690
vn 0.5894 -0.8049 0.0690
vn 0.5894 -0.8049 0.0690
vn 0.5894 -0.8049 0.0690
vn 0.0638 -0.8357 -0.5455
vn 0.0638 -0.8357 -0.5455
vn 0.0638 -0.8357 -0.5455
vn 0.0638 -0.8357 -0.5455
vn 0.0638 -0.8357 -0.5455
vn 0.0638 -0.8357 -0.5455
vn -0.6298 -0.7378 -0.2431
vn -0.6298 -0.7378 -0.2431
vn -0.6298 -0.7378 -0.2431
vn -0.6298 -0.7378 -0.2431
vn -0.6298 -0.7378 -0.2431
vn -0.6298 -0.7378 -0.2431
vn -0.1604 -0.8953 0.4155
vn -0.1604 -0.8953 0.4155
vn -0.1604 -0.8953 0.4155
vn -0.1604 -0.8953 0.4155
vn -0.1604 -0.8953 0.4155
vn -0.1604 -0.8953 0.4155
vn 0.1843 -0.9130 0.3641
vn 0.1843 -0.9130 0.3641
vn 0.1843 -0.9130 0.3641
vn 0.1843 -0.9130 0.3641
vn 0.1843 -0.9130 0.3641
vn 0.1843 -0.9130 0.3641
vn 0.6644 -0.6675 -0.3363
vn 0.6644 -0.6675 -0.3363
vn 0.6644 -0.6675 -0.3363
vn 0.6644 -0.6675 -0.3363
vn 0.6644 -0.6675 -0.3363
vn 0.6644 -0.6675 -0.3363
vn -0.6585 -0.7413 -0.1300
vn -0.6585 -0.7413 -0.1300
vn -0.6585 -0.7413 -0.1300
vn -0.6585 -0.7413 -0.1300
vn -0.6585 -0.7413 -0.1300
vn -0.6585 -0.7413 -0.1300
vn -0.1148 -0.8053 0.5816
vn -0.1148 -0.8053 0.5816
vn -0.1148 -0.8053 0.5816
vn -0.1148 -0.8053 0.5816
vn -0.1148 -0.8053 0.5816
vn -0.1148 -0.8053 0.5816
vn 0.2215 -0.6275 -0.7465
vn 0.2215 -0.6275 -0.7465
vn 0.2215 -0.6275 -0.7465
vn 0.2215 -0.6275 -0.7465
vn 0.2215 -0.6275 -0.7465
vn 0.2215 -0.6275 -0.7465
vn -0.7444 -0.6301 -0.2208
vn -0.7444 -0.6301 -0.2208
vn -0.7444 -0.6301 -0.2208
vn -0.7444 -0.6301 -0.2208
vn -0.7444 -0.6301 -0.2208
vn -0.7444 -0.6301 -0.2208
vn -0.4948 -0.7077 0.5044
vn -0.4948 -0.7077 0.5044
vn -0.4948 -0.7077 0.5044
vn -0.4948 -0.7077 0.5044
vn -0.4948 -0.7077 0.5044
vn -0.4948 -0.7077 0.5044
vn 0.5881 -0.5669 0.5769
vn 0.5881 -0.5669 0.5769
vn 0.5881 -0.5669 0.5769
vn 0.5881 -0.5669 0.5769
vn 0.5881 -0.5669 0.5769
vn 0.5881 -0.5669 0.5769
vn 0.6426 -0.7303 0.2318
vn 0.6426 -0.7303 0.2318
vn 0.6426 -0.7303 0.2318
vn 0.6426 -0.7303 0.2318
vn 0.6426 -0.7303 0.2318
vn 0.6426 -0.7303 0.2318
vn 0.2814 -0.5586 -0.7803
vn 0.2814 -0.5586 -0.7803
vn 0.2814 -0.5586 -0.7803
vn 0.2814 -0.5586 -0.7803
vn 0.2814 -0.5586 -0.7803
vn 0.2814 -0.5586 -0.7803
vn -0.6238 -0.7743 -0.1065
vn -0.6238 -0.7743 -0.1065
vn -0.6238 -0.7743 -0.1065
vn -0.6238 -0.7743 -0.1065
vn -0.6238 -0.7743 -0.1065
vn -0.6238 -0.7743 -0.1065
vn -0.1413 -0.5437 0.8273
vn -0.1413 -0.5437 0.8273
vn -0.1413 -0.5437 0.8273
vn -0.1413 -0.5437 0.8273
vn -0.1413 -0.5437 0.8273
vn -0.1413 -0.5437 0.8273
vn 0.4350 -0.7470 -0.5028
vn 0.4350 -0.7470 -0.5028
vn 0.4350 -0.7470 -0.5028
vn 0.4350 -0.7470 -0.5028
vn 0.4350 -0.7470 -0.5028
vn 0.4350 -0.7470 -0.5028
vn -0.5614 -0.6700 -0.4857
vn -0.5614 -0.6700 -0.4857
vn -0.5614 -0.6700 -0.4857
vn -0.5614 -0.6700 -0.4857
vn -0.5614 -0.6700 -0.4857
vn -0.5614 -0.6700 -0.4857
vn -0.3337 -0.5719 -0.7494
vn -0.3337 -0.5719 -0.7494
vn -0.3337 -0.5719 -0.7494
vn -0.3337 -0.5719 -0.7494
vn -0.3337 -0.5719 -0.7494
vn -0.3337 -0.5719 -0.7494
vn -0.7060 -0.6346 0.3144
vn -0.7060 -0.6346 0.3144
vn -0.7060 -0.6346 0.3144
vn -0.7060 -0.6346 0.3144
vn -0.7060 -0.6346 0.3144
vn -0.7060 -0.6346 0.3144
vn 0.1785 -0.9024 -0.3921
vn 0.1785 -0.9024 -0.3921
vn 0.1785 -0.9024 -0.3921
vn 0.1785 -0.9024 -0.3921
vn 0.1785 -0.9024 -0.3921
vn 0.1785 -0.9024 -0.3921
vn -0.3735 -0.9119 -0.1700
vn -0.3735 -0.9119 -0.1700
vn -0.3735 -0.9119 -0.1700
vn -0.3735 -0.9119 -0.1700
vn -0.3735 -0.9119 -0.1700
vn -0.3735 -0.9119 -0.1700
vn -0.3027 -0.9247 -0.2310
vn -0.3027 -0.9247 -0.2310
vn -0.3027 -0.9247 -0.2310
vn -0.3027 -0.9247 -0.2310
vn -0.3027 -0.9247 -0.2310
vn -0.3027 -0.9247 -0.2310
vn -0.3790 -0.7809 0.4966
vn -0.3790 -0.7809 0.4966
vn -0.3790 -0.7809 0.4966
vn -0.3790 -0.7809 0.4966
vn -0.3790 -0.7809 0.4966
vn -0.3790 -0.7809 0.4966
vn 0.5838 -0.7863 -0.2022
vn 0.5838 -0.7863 -0.2022
vn 0.5838 -0.7863 -0.2022
vn 0.5838 -0.7863 -0.2022
vn 0.5838 -0.7863 -0.2022
vn 0.5838 -0.7863 -0.2022
vn -0.1994 -0.7930 -0.5757
vn -0.1994 -0.7930 -0.5757
vn -0.1994 -0.7930 -0.5757
vn -0.1994 -0.7930 -0.5757
vn -0.1994 -0.7930 -0.5757
vn -0.1994 -0.7930 -0.5757
vn -0.1428 -0.6197 0.7717
vn -0.1428 -0.6197 0.7717
vn -0.1428 -0.6197 0.7717
vn -0.1428 -0.6197 0.7717
vn -0.1428 -0.6197 0.7717
vn -0.1428 -0.6197 0.7717
vn 0.8193 -0.5530 0.1516
vn 0.8193 -0.5530 0.1516
vn 0.8193 -0.5530 0.1516
vn 0.8193 -0.5530 0.1516
vn 0.8193 -0.5530 0.1516
vn 0.8193 -0.5530 0.1516
vn 0.6980 -0.7100 0.0934
vn 0.6980 -0.7100 0.0934
vn 0.6980 -0.7100 0.0934
vn 0.6980 -0.7100 0.0934
vn 0.6980 -0.7100 0.0934
vn 0.6980 -0.7100 0.0934
vn 0.0498 -0.9270 -0.3719
vn 0.0498 -0.9270 -0.3719
vn 0.0498 -0.9270 -0.3719
vn 0.0498 -0.9270 -0.3719
vn 0.0498 -0.9270 -0.3719
vn 0.0498 -0.9270 -0.3719
vn -0.0336 -0.5205 -0.8532
vn -0.0336 -0.5205 -0.8532
vn -0.0336 -0.5205 -0.8532
vn -0.0336 -0.5205 -0.8532
vn -0.0336 -0.5205 -0.8532
vn -0.0336 -0.5205 -0.8532
vn -0.6435 -0.7650 0.0254
vn -0.6435 -0.7650 0.0254
vn -0.6435 -0.7650 0.0254
vn -0.6435 -0.7650 0.0254
vn -0.6435 -0.7650 0.0254
vn -0.6435 -0.7650 0.0254
vn -0.4236 -0.8246 -0.3749
vn -0.4236 -0.8246 -0.3749
vn -0.4236 -0.8246 -0.3749
vn -0.4236 -0.8246 -0.3749
vn -0.4236 -0.8246 -0.3749
vn -0.4236 -0.8246 -0.3749
vn -0.3196 -0.8760 0.3611
vn -0.3196 -0.8760 0.3611
vn -0.3196 -0.8760 0.3611
vn -0.3196 -0.8760 0.3611
vn -0.3196 -0.8760 0.3611
vn -0.3196 -0.8760 0.3611
vn -0.3438 -0.9289 -0.1373
vn -0.3438 -0.9289 -0.1373
vn -0.3438 -0.9289 -0.1373
vn -0.3438 -0.9289 -0.1373
vn -0.3438 -0.9289 -0.1373
vn -0.3438 -0.9289 -0.1373
vn -0.3169 -0.5193 0.7936
vn -0.3169 -0.5193 0.7936
vn -0.3169 -0.5193 0.7936
vn -0.3169 -0.5193 0.7936
vn -0.3169 -0.5193 0.7936
vn -0.3169 -0.5193 0.7936
vn 0.6867 -0.5479 0.4777
vn 0.6867 -0.5479 0.4777
vn 0.6867 -0.5479 0.4777
vn 0.6867 -0.5479 0.4777
vn 0.6867 -0.5479 0.4777
vn 0.6867 -0.5479 0.4777
vn 0.3328 -0.8126 -0.4785
vn 0.3328 -0.8126 -0.4785
vn 0.3328 -0.8126 -0.4785
vn 0.3328 -0.8126 -0.4785
vn 0.3328 -0.8126 -0.4785
vn 0.3328 -0.8126 -0.4785
vn -0.1508 -0.7142 0.6835
vn -0.1508 -0.7142 0.6835
vn -0.1508 -0.7142 0.6835
vn -0.1508 -0.7142 0.6835
vn -0.1508 -0.7142 0.6835
vn -0.1508 -0.7142 0.6835
vn 0.3736 -0.9239 0.0824
vn 0.3736 -0.9239 0.0824
vn 0.3736 -0.9239 0.0824
vn 0.3736 -0.9239 0.0824
vn 0.3736 -0.9239 0.0824
vn 0.3736 -0.9239 0.0824
vn 0.5927 -0.7626 -0.2590
vn 0.5927 -0.7626 -0.2590
vn 0.5927 -0.7626 -0.2590
vn 0.5927 -0.7626 -0.2590
vn 0.5927 -0.7626 -0.2590
vn 0.5927 -0.7626 -0.2590
vn -0.2550 -0.7710 -0.5835
vn -0.2550 -0.7710 -0.5835
vn -0.2550 -0.7710 -0.5835
vn -0.2550 -0.7710 -0.5835
vn -0.2550 -0.7710 -0.5835
vn -0.2550 -0.7710 -0.5835
vn -0.0430 -0.6914 0.7212
vn -0.0430 -0.6914 0.7212
vn -0.0430 -0.6914 0.7212
vn -0.0430 -0.6914 0.7212
vn -0.0430 -0.6914 0.7212
vn -0.0430 -0.6914 0.7212
vn 0.4948 -0.8685 0.0295
vn 0.4948 -0.8685 0.0295
vn 0.4948 -0.8685 0.0295
vn 0.4948 -0.8685 0.0295
vn 0.4948 -0.8685 0.0295
vn 0.4948 -0.8685 0.0295
vn -0.3384 -0.9306 -0.1397
vn -0.3384 -0.9306 -0.1397
vn -0.3384 -0.9306 -0.1397
vn -0.3384 -0.9306 -0.1397
vn -0.3384 -0.9306 -0.1397
vn -0.3384 -0.9306 -0.1397
vn -0.3304 -0.5001 0.8005
vn -0.3304 -0.5001 0.8005
vn -0.3304 -0.5001 0.8005
vn -0.3304 -0.5001 0.8005
vn -0.3304 -0.5001 0.8005
vn -0.3304 -0.5001 0.8005
vn -0.6312 -0.6918 0.3507
vn -0.6312 -0.6918 0.3507
vn -0.6312 -0.6918 0.3507
vn -0.6312 -0.6918 0.3507
vn -0.6312 -0.6918 0.3507
vn -0.6312 -0.6918 0.3507
vn 0.1970 -0.9140 0.3546
vn 0.1970 -0.9140 0.3546
vn 0.1970 -0.9140 0.3546
vn 0.1970 -0.9140 0.3546
vn 0.1970 -0.9140 0.3546
vn 0.1970 -0.9140 0.3546
vn -0.0190 -0.7638 -0.6452
vn -0.0190 -0.7638 -0.6452
vn -0.0190 -0.7638 -0.6452
vn -0.0190 -0.7638 -0.6452
vn -0.0190 -0.7638 -0.6452
vn -0.0190 -0.7638 -0.6452
vn -0.8217 -0.5694 0.0242
vn -0.8217 -0.5694 0.0242
vn -0.8217 -0.5694 0.0242
vn -0.8217 -0.5694 0.0242
vn -0.8217 -0.5694 0.0242
vn -0.8217 -0.5694 0.0242
vn 0.4673 -0.7450 0.4760
vn 0.4673 -0.7450 0.4760
vn 0.4673 -0.7450 0.4760
vn 0.4673 -0.7450 0.4760
vn 0.4673 -0.7450 0.4760
vn 0.4673 -0.7450 0.4760
vn 0.4482 -0.7781 -0.4400
vn 0.4482 -0.7781 -0.4400
vn 0.4482 -0.7781 -0.4400
vn 0.4482 -0.7781 -0.4400
vn 0.4482 -0.7781 -0.4400
vn 0.4482 -0.7781 -0.4400
vn -0.1753 -0.5856 -0.7914
vn -0.1753 -0.5856 -0.7914
vn -0.1753 -0.5856 -0.7914
vn -0.1753 -0.5856 -0.7914
vn -0.1753 -0.5856 -0.7914
vn -0.1753 -0.5856 -0.7914
vn -0.7039 -0.6929 0.1559
vn -0.7039 -0.6929 0.1559
vn -0.7039 -0.6929 0.1559
vn -0.7039 -0.6929 0.1559
vn -0.7039 -0.6929 0.1559
vn -0.7039 -0.6929 0.1559
vn -0.7219 -0.6903 -0.0487
vn -0.7219 -0.6903 -0.0487
vn -0.7219 -0.6903 -0.0487
vn -0.7219 -0.6903 -0.0487
vn -0.7219 -0.6903 -0.0487
vn -0.7219 -0.6903 -0.0487
vn -0.0466 -0.7224 0.6899
vn -0.0466 -0.7224 0.6899
vn -0.0466 -0.7224 0.6899
vn -0.0466 -0.7224 0.6899
vn -0.0466 -0.7224 0.6899
vn -0.0466 -0.7224 0.6899
vn 0.7513 -0.5882 -0.2991
vn 0.7513 -0.5882 -0.2991
vn 0.7513 -0.5882 -0.2991
vn 0.7513 -0.5882 -0.2991
vn 0.7513 -0.5882 -0.2991
vn 0.7513 -0.5882 -0.2991
vn -0.1353 -0.9307 -0.3398
vn -0.1353 -0.9307 -0.3398
vn -0.1353 -0.9307 -0.3398
vn -0.1353 -0.9307 -0.3398
vn -0.1353 -0.9307 -0.3398
vn -0.1353 -0.9307 -0.3398
vn -0.3270 -0.6294 0.7050
vn -0.3270 -0.6294 0.7050
vn -0.3270 -0.6294 0.7050
vn -0.3270 -0.6294 0.7050
vn -0.3270 -0.6294 0.7050
vn -0.3270 -0.6294 0.7050
vn 0.6671 -0.6776 0.3094
vn 0.6671 -0.6776 0.3094
vn 0.6671 -0.6776 0.3094
vn 0.6671 -0.6776 0.3094
vn 0.6671 -0.6776 0.3094
vn 0.6671 -0.6776 0.3094
vn -0.0033 -0.9243 -0.3818
vn -0.0033 -0.9243 -0.3818
vn -0.0033 -0.9243 -0.3818
vn -0.0033 -0.9243 -0.3818
vn -0.0033 -0.9243 -0.3818
vn -0.0033 -0.9243 -0.3818
vn -0.8049 -0.5934 0.0069
vn -0.8049 -0.5934 0.0069
vn -0.8049 -0.5934 0.0069
vn -0.8049 -0.5934 0.0069
vn -0.8049 -0.5934 0.0069
vn -0.8049 -0.5934 0.0069
vn 0.4587 -0.8826 -0.1033
vn 0.4587 -0.8826 -0.1033
vn 0.4587 -0.8826 -0.1033
vn 0.4587 -0.8826 -0.1033
vn 0.4587 -0.8826 -0.1033
vn 0.4587 -0.8826 -0.1033
vn -0.1870 -0.5250 -0.8303
vn -0.1870 -0.5250 -0.8303
vn -0.1870 -0.5250 -0.8303
vn -0.1870 -0.5250 -0.8303
vn -0.1870 -0.5250 -0.8303
vn -0.1870 -0.5250 -0.8303
vn -0.6032 -0.5371 -0.5897
vn -0.6032 -0.5371 -0.5897
vn -0.6032 -0.5371 -0.5897
vn -0.6032 -0.5371 -0.5897
vn -0.6032 -0.5371 -0.5897
vn -0.6032 -0.5371 -0.5897
vn -0.5312 -0.6501 0.5433
vn -0.5312 -0.6501 0.5433
vn -0.5312 -0.6501 0.5433
vn -0.5312 -0.6501 0.5433
vn -0.5312 -0.6501 0.5433
vn -0.5312 -0.6501 0.5433
vn -0.2621 -0.7634 -0.5903
vn -0.2621 -0.7634 -0.5903
vn -0.2621 -0.7634 -0.5903
vn -0.2621 -0.7634 -0.5903
vn -0.2621 -0.7634 -0.5903
vn -0.2621 -0.7634 -0.5903
vn -0.6383 -0.7158 0.2834
vn -0.6383 -0.7158 0.2834
vn -0.6383 -0.7158 0.2834
vn -0.6383 -0.7158 0.2834
vn -0.6383 -0.7158 0.2834
vn -0.6383 -0.7158 0.2834
vn 0.0969 -0.5255 0.8452
vn 0.0969 -0.5255 0.8452
vn 0.0969 -0.5255 0.8452
vn 0.0969 -0.5255 0.8452
vn 0.0969 -0.5255 0.8452
vn 0.0969 -0.5255 0.8452
vn 0.5527 -0.8310 -0.0633
vn 0.5527 -0.8310 -0.0633
vn 0.5527 -0.8310 -0.0633
vn 0.5527 -0.8310 -0.0633
vn 0.5527 -0.8310 -0.0633
vn 0.5527 -0.8310 -0.0633
vn 0.3606 -0.6521 -0.6668
vn 0.3606 -0.6521 -0.6668
vn 0.3606 -0.6521 -0.6668
vn 0.3606 -0.6521 -0.6668
vn 0.3606 -0.6521 -0.6668
vn 0.3606 -0.6521 -0.6668
vn -0.6420 -0.6836 -0.3472
vn -0.6420 -0.6836 -0.3472
vn -0.6420 -0.6836 -0.3472
vn -0.6420 -0.6836 -0.3472
vn -0.6420 -0.6836 -0.3472
vn -0.6420 -0.6836 -0.3472
vn -0.4432 -0.8594 0.2550
vn -0.4432 -0.8594 0.2550
vn -0.4432 -0.8594 0.2550
vn -0.4432 -0.8594 0.2550
vn -0.4432 -0.8594 0.2550
vn -0.4432 -0.8594 0.2550
vn 0.2504 -0.8647 0.4354
vn 0.2504 -0.8647 0.4354
vn 0.2504 -0.8647 0.4354
vn 0.2504 -0.8647 0.4354
vn 0.2504 -0.8647 0.4354
vn 0.2504 -0.8647 0.4354
vn 0.7732 -0.5622 -0.2935
vn 0.7732 -0.5622 -0.2935
vn 0.7732 -0.5622 -0.2935
vn 0.7732 -0.5622 -0.2935
vn 0.7732 -0.5622 -0.2935
vn 0.7732 -0.5622 -0.2935
vn -0.1590 -0.8940 -0.4188
vn -0.1590 -0.8940 -0.4188
vn -0.1590 -0.8940 -0.4188
vn -0.1590 -0.8940 -0.4188
vn -0.1590 -0.8940 -0.4188
vn -0.1590 -0.8940 -0.4188
vn -0.5207 -0.5786 0.6278
vn -0.5207 -0.5786 0.6278
vn -0.5207 -0.5786 0.6278
vn -0.5207 -0.5786 0.6278
vn -0.5207 -0.5786 0.6278
vn -0.5207 -0.5786 0.6278
vn 0.4793 -0.7824 0.3976
vn 0.4793 -0.7824 0.3976
vn 0.4793 -0.7824 0.3976
vn 0.4793 -0.7824 0.3976
vn 0.4793 -0.7824 0.3976
vn 0.4793 -0.7824 0.3976
vn -0.5649 -0.7877 -0.2460
vn -0.5649 -0.7877 -0.2460
vn -0.5649 -0.7877 -0.2460
vn -0.5649 -0.7877 -0.2460
vn -0.5649 -0.7877 -0.2460
vn -0.5649 -0.7877 -0.2460
vn -0.1727 -0.9015 0.3968
vn -0.1727 -0.9015 0.3968
vn -0.1727 -0.9015 0.3968
vn -0.1727 -0.9015 0.3968
vn -0.1727 -0.9015 0.3968
vn -0.1727 -0.9015 0.3968
vn -0.7658 -0.6430 -0.0114
vn -0.7658 -0.6430 -0.0114
vn -0.7658 -0.6430 -0.0114
vn -0.7658 -0.6430 -0.0114
vn -0.7658 -0.6430 -0.0114
vn -0.7658 -0.6430 -0.0114
vn -0.0097 -0.7578 0.6524
vn -0.0097 -0.7578 0.6524
vn -0.0097 -0.7578 0.6524
vn -0.0097 -0.7578 0.6524
vn -0.0097 -0.7578 0.6524
vn -0.0097 -0.7578 0.6524
vn -0.3596 -0.5921 -0.7212
vn -0.3596 -0.5921 -0.7212
vn -0.3596 -0.5921 -0.7212
vn -0.3596 -0.5921 -0.7212
vn -0.3596 -0.5921 -0.7212
vn -0.3596 -0.5921 -0.7212
vn -0.4778 -0.8456 0.2383
vn -0.4778 -0.8456 0.2383
vn -0.4778 -0.8456 0.2383
vn -0.4778 -0.8456 0.2383
vn -0.4778 -0.8456 0.2383
vn -0.4778 -0.8456 0.2383
vn 0.1442 -0.8020 0.5796
vn 0.1442 -0.8020 0.5796
vn 0.1442 -0.8020 0.5796
vn 0.1442 -0.8020 0.5796
vn 0.1442 -0.8020 0.5796
vn 0.1442 -0.8020 0.5796
vn 0.8017 -0.5634 -0.1995
vn 0.8017 -0.5634 -0.1995
vn 0.8017 -0.5634 -0.1995
vn 0.8017 -0.5634 -0.1995
vn 0.8017 -0.5634 -0.1995
vn 0.8017 -0.5634 -0.1995
vn -0.6868 -0.6335 -0.3563
vn -0.6868 -0.6335 -0.3563
vn -0.6868 -0.6335 -0.3563
vn -0.6868 -0.6335 -0.3563
vn -0.6868 -0.6335 -0.3563
vn -0.6868 -0.6335 -0.3563
vn -0.2378 -0.8563 0.4585
vn -0.2378 -0.8563 0.4585
vn -0.2378 -0.8563 0.4585
vn -0.2378 -0.8563 0.4585
vn -0.2378 -0.8563 0.4585
vn -0.2378 -0.8563 0.4585
vn 0.6455 -0.7577 0.0958
vn 0.6455 -0.7577 0.0958
vn 0.6455 -0.7577 0.0958
vn 0.6455 -0.7577 0.0958
vn 0.6455 -0.7577 0.0958
vn 0.6455 -0.7577 0.0958
vn 0.1128 -0.6398 -0.7602
vn 0.1128 -0.6398 -0.7602
vn 0.1128 -0.6398 -0.7602
vn 0.1128 -0.6398 -0.7602
vn 0.1128 -0.6398 -0.7602
vn 0.1128 -0.6398 -0.7602
vn -0.3587 -0.7960 0.4876
vn -0.3587 -0.7960 0.4876
vn -0.3587 -0.7960 0.4876
vn -0.3587 -0.7960 0.4876
vn -0.3587 -0.7960 0.4876
vn -0.3587 -0.7960 0.4876
vn 0.3326 -0.9108 0.2446
vn 0.3326 -0.9108 0.2446
vn 0.3326 -0.9108 0.2446
vn 0.3326 -0.9108 0.2446
vn 0.3326 -0.9108 0.2446
vn 0.3326 -0.9108 0.2446
vn -0.4775 -0.6319 0.6105
vn -0.4775 -0.6319 0.6105
vn -0.4775 -0.6319 0.6105
vn -0.4775 -0.6319 0.6105
vn -0.4775 -0.6319 0.6105
vn -0.4775 -0.6319 0.6105
vn 0.6528 -0.5595 0.5106
vn 0.6528 -0.5595 0.5106
vn 0.6528 -0.5595 0.5106
vn 0.6528 -0.5595 0.5106
vn 0.6528 -0.5595 0.5106
vn 0.6528 -0.5595 0.5106
vn -0.7431 -0.5375 0.3987
vn -0.7431 -0.5375 0.3987
vn -0.7431 -0.5375 0.3987
vn -0.7431 -0.5375 0.3987
vn -0.7431 -0.5375 0.3987
vn -0.7431 -0.5375 0.3987
vn 0.4051 -0.5156 0.7550
vn 0.4051 -0.5156 0.7550
vn 0.4051 -0.5156 0.7550
vn 0.4051 -0.5156 0.7550
vn 0.4051 -0.5156 0.7550
vn 0.4051 -0.5156 0.7550
vn -0.4718 -0.8646 -0.1727
vn -0.4718 -0.8646 -0.1727
vn -0.4718 -0.8646 -0.1727
vn -0.4718 -0.8646 -0.1727
vn -0.4718 -0.8646 -0.1727
vn -0.4718 -0.8646 -0.1727
vn -0.2799 -0.5802 0.7649
vn -0.2799 -0.5802 0.7649
vn -0.2799 -0.5802 0.7649
vn -0.2799 -0.5802 0.7649
vn -0.2799 -0.5802 0.7649
vn -0.2799 -0.5802 0.7649
vn 0.8163 -0.5744 0.0617
vn 0.8163 -0.5744 0.0617
vn 0.8163 -0.5744 0.0617
vn 0.8163 -0.5744 0.0617
vn 0.8163 -0.5744 0.0617
vn 0.8163 -0.5744 0.0617
vn 0.0465 -0.7870 -0.6152
vn 0.0465 -0.7870 -0.6152
vn 0.0465 -0.7870 -0.6152
vn 0.0465 -0.7870 -0.6152
vn 0.0465 -0.7870 -0.6152
vn 0.0465 -0.7870 -0.6152
vn -0.1885 -0.7588 -0.6234
vn -0.1885 -0.7588 -0.6234
vn -0.1885 -0.7588 -0.6234
vn -0.1885 -0.7588 -0.6234
vn -0.1885 -0.7588 -0.6234
vn -0.1885 -0.7588 -0.6234
vn -0.4977 -0.8542 0.1505
vn -0.4977 -0.8542 0.1505
vn -0.4977 -0.8542 0.1505
vn -0.4977 -0.8542 0.1505
vn -0.4977 -0.8542 0.1505
vn -0.4977 -0.8542 0.1505
vn -0.1778 -0.9219 -0.3443
vn -0.1778 -0.9219 -0.3443
vn -0.1778 -0.9219 -0.3443
vn -0.1778 -0.9219 -0.3443
vn -0.1778 -0.9219 -0.3443
vn -0.1778 -0.9219 -0.3443
vn -0.3438 -0.9221 0.1775
vn -0.3438 -0.9221 0.1775
vn -0.3438 -0.9221 0.1775
vn -0.3438 -0.9221 0.1775
vn -0.3438 -0.9221 0.1775
vn -0.3438 -0.9221 0.1775
vn -0.2722 -0.5757 -0.7710
vn -0.2722 -0.5757 -0.7710
vn -0.2722 -0.5757 -0.7710
vn -0.2722 -0.5757 -0.7710
vn -0.2722 -0.5757 -0.7710
vn -0.2722 -0.5757 -0.7710
vn -0.3639 -0.9225 0.1284
vn -0.3639 -0.9225 0.1284
vn -0.3639 -0.9225 0.1284
vn -0.3639 -0.9225 0.1284
vn -0.3639 -0.9225 0.1284
vn -0.3639 -0.9225 0.1284
vn -0.2275 -0.8983 -0.3760
vn -0.2275 -0.8983 -0.3760
vn -0.2275 -0.8983 -0.3760
vn -0.2275 -0.8983 -0.3760
vn -0.2275 -0.8983 -0.3760
vn -0.2275 -0.8983 -0.3760
vn -0.3452 -0.9150 0.2089
vn -0.3452 -0.9150 0.2089
vn -0.3452 -0.9150 0.2089
vn -0.3452 -0.9150 0.2089
vn -0.3452 -0.9150 0.2089
vn -0.3452 -0.9150 0.2089
vn -0.7461 -0.6658 -0.0020
vn -0.7461 -0.6658 -0.0020
vn -0.7461 -0.6658 -0.0020
vn -0.7461 -0.6658 -0.0020
vn -0.7461 -0.6658 -0.0020
vn -0.7461 -0.6658 -0.0020
vn -0.0013 -0.8789 0.4771
vn -0.0013 -0.8789 0.4771
vn -0.0013 -0.8789 0.4771
vn -0.0013 -0.8789 0.4771
vn -0.0013 -0.8789 0.4771
vn -0.0013 -0.8789 0.4771
vn 0.3095 -0.6856 -0.6590
vn 0.3095 -0.6856 -0.6590
vn 0.3095 -0.6856 -0.6590
vn 0.3095 -0.6856 -0.6590
vn 0.3095 -0.6856 -0.6590
vn 0.3095 -0.6856 -0.6590
vn -0.3713 -0.9120 -0.1744
vn -0.3713 -0.9120 -0.1744
vn -0.3713 -0.9120 -0.1744
vn -0.3713 -0.9120 -0.1744
vn -0.3713 -0.9120 -0.1744
vn -0.3713 -0.9120 -0.1744
vn 0.0075 -0.8427 -0.5384
vn 0.0075 -0.8427 -0.5384
vn 0.0075 -0.8427 -0.5384
vn 0.0075 -0.8427 -0.5384
vn 0.0075 -0.8427 -0.5384
vn 0.0075 -0.8427 -0.5384
vn -0.5590 -0.8291 -0.0078
vn -0.5590 -0.8291 -0.0078
vn -0.5590 -0.8291 -0.0078
vn -0.5590 -0.8291 -0.0078
vn -0.5590 -0.8291 -0.0078
vn -0.5590 -0.8291 -0.0078
vn 0.5383 -0.7780 -0.3240
vn 0.5383 -0.7780 -0.3240
vn 0.5383 -0.7780 -0.3240
vn 0.5383 -0.7780 -0.3240
vn 0.5383 -0.7780 -0.3240
vn 0.5383 -0.7780 -0.3240
vn -0.4435 -0.5100 -0.7370
vn -0.4435 -0.5100 -0.7370
vn -0.4435 -0.5100 -0.7370
vn -0.4435 -0.5100 -0.7370
vn -0.4435 -0.5100 -0.7370
vn -0.4435 -0.5100 -0.7370
vn -0.8452 -0.5342 0.0148
vn -0.8452 -0.5342 0.0148
vn -0.8452 -0.5342 0.0148
vn -0.8452 -0.5342 0.0148
vn -0.8452 -0.5342 0.0148
vn -0.8452 -0.5342 0.0148
vn 0.0113 -0.7647 0.6443
vn 0.0113 -0.7647 0.6443
vn 0.0113 -0.7647 0.6443
vn 0.0113 -0.7647 0.6443
vn 0.0113 -0.7647 0.6443
vn 0.0113 -0.7647 0.6443
vn 0.4483 -0.8928 0.0437
vn 0.4483 -0.8928 0.0437
vn 0.4483 -0.8928 0.0437
vn 0.4483 -0.8928 0.0437
vn 0.4483 -0.8928 0.0437
vn 0.4483 -0.8928 0.0437
vn 0.0397 -0.9123 -0.4075
vn 0.0397 -0.9123 -0.4075
vn 0.0397 -0.9123 -0.4075
vn 0.0397 -0.9123 -0.4075
vn 0.0397 -0.9123 -0.4075
vn 0.0397 -0.9123 -0.4075
vn -0.3849 -0.9216 0.0491
vn -0.3849 -0.9216 0.0491
vn -0.3849 -0.9216 0.0491
vn -0.3849 -0.9216 0.0491
vn -0.3849 -0.9216 0.0491
vn -0.3849 -0.9216 0.0491
vn 0.0991 -0.6213 0.7773
vn 0.0991 -0.6213 0.7773
vn 0.0991 -0.6213 0.7773
vn 0.0991 -0.6213 0.7773
vn 0.0991 -0.6213 0.7773
vn 0.0991 -0.6213 0.7773
vn 0.4886 -0.5169 0.7029
vn 0.4886 -0.5169 0.7029
vn 0.4886 -0.5169 0.7029
vn 0.4886 -0.5169 0.7029
vn 0.4886 -0.5169 0.7029
vn 0.4886 -0.5169 0.7029
vn 0.3137 -0.9241 -0.2181
vn 0.3137 -0.9241 -0.2181
vn 0.3137 -0.9241 -0.2181
vn 0.3137 -0.9241 -0.2181
vn 0.3137 -0.9241 -0.2181
vn 0.3137 -0.9241 -0.2181
vn 0.5146 -0.5885 -0.6235
vn 0.5146 -0.5885 -0.6235
vn 0.5146 -0.5885 -0.6235
vn 0.5146 -0.5885 -0.6235
vn 0.5146 -0.5885 -0.6235
vn 0.5146 -0.5885 -0.6235
vn -0.3966 -0.8577 -0.3273
vn -0.3966 -0.8577 -0.3273
vn -0.3966 -0.8577 -0.3273
vn -0.3966 -0.8577 -0.3273
vn -0.3966 -0.8577 -0.3273
vn -0.3966 -0.8577 -0.3273
vn 0.1238 -0.6745 0.7278
vn 0.1238 -0.6745 0.7278
vn 0.1238 -0.6745 0.7278
vn 0.1238 -0.6745 0.7278
vn 0.1238 -0.6745 0.7278
vn 0.1238 -0.6745 0.7278
vn 0.5285 -0.8442 -0.0899
vn 0.5285 -0.8442 -0.0899
vn 0.5285 -0.8442 -0.0899
vn 0.5285 -0.8442 -0.0899
vn 0.5285 -0.8442 -0.0899
vn 0.5285 -0.8442 -0.0899
vn -0.6239 -0.7596 0.1835
vn -0.6239 -0.7596 0.1835
vn -0.6239 -0.7596 0.1835
vn -0.6239 -0.7596 0.1835
vn -0.6239 -0.7596 0.1835
vn -0.6239 -0.7596 0.1835
vn 0.2187 -0.6317 0.7437
vn 0.2187 -0.6317 0.7437
vn 0.2187 -0.6317 0.7437
vn 0.2187 -0.6317 0.7437
vn 0.2187 -0.6317 0.7437
vn 0.2187 -0.6317 0.7437
vn -0.4175 -0.9011 0.1166
vn -0.4175 -0.9011 0.1166
vn -0.4175 -0.9011 0.1166
vn -0.4175 -0.9011 0.1166
vn -0.4175 -0.9011 0.1166
vn -0.4175 -0.9011 0.1166
vn 0.1468 -0.8380 0.5256
vn 0.1468 -0.8380 0.5256
vn 0.1468 -0.8380 0.5256
vn 0.1468 -0.8380 0.5256
vn 0.1468 -0.8380 0.5256
vn 0.1468 -0.8380 0.5256
vn 0.1649 -0.8496 -0.5010
vn 0.1649 -0.8496 -0.5010
vn 0.1649 -0.8496 -0.5010
vn 0.1649 -0.8496 -0.5010
vn 0.1649 -0.8496 -0.5010
vn 0.1649 -0.8496 -0.5010
vn -0.7154 -0.6579 -0.2354
vn -0.7154 -0.6579 -0.2354
vn -0.7154 -0.6579 -0.2354
vn -0.7154 -0.6579 -0.2354
vn -0.7154 -0.6579 -0.2354
vn -0.7154 -0.6579 -0.2354
vn -0.7004 -0.6427 -0.3104
vn -0.7004 -0.6427 -0.3104
vn -0.7004 -0.6427 -0.3104
vn -0.7004 -0.6427 -0.3104
vn -0.7004 -0.6427 -0.3104
vn -0.7004 -0.6427 -0.3104
vn -0.2507 -0.7856 0.5657
vn -0.2507 -0.7856 0.5657
vn -0.2507 -0.7856 0.5657
vn -0.2507 -0.7856 0.5657
vn -0.2507 -0.7856 0.5657
vn -0.2507 -0.7856 0.5657
vn -0.3101 -0.6939 0.6499
vn -0.3101 -0.6939 0.6499
vn -0.3101 -0.6939 0.6499
vn -0.3101 -0.6939 0.6499
vn -0.3101 -0.6939 0.6499
vn -0.3101 -0.6939 0.6499
vn 0.3415 -0.9256 0.1629
vn 0.3415 -0.9256 0.1629
vn 0.3415 -0.9256 0.1629
vn 0.3415 -0.9256 0.1629
vn 0.3415 -0.9256 0.1629
vn 0.3415 -0.9256 0.1629
vn -0.3607 -0.7136 -0.6006
vn -0.3607 -0.7136 -0.6006
vn -0.3607 -0.7136 -0.6006
vn -0.3607 -0.7136 -0.6006
vn -0.3607 -0.7136 -0.6006
vn -0.3607 -0.7136 -0.6006
vn -0.4241 -0.8691 0.2547
vn -0.4241 -0.8691 0.2547
vn -0.4241 -0.8691 0.2547
vn -0.4241 -0.8691 0.2547
vn -0.4241 -0.8691 0.2547
vn -0.4241 -0.8691 0.2547
vn -0.6432 -0.6571 0.3930
vn -0.6432 -0.6571 0.3930
vn -0.6432 -0.6571 0.3930
vn -0.6432 -0.6571 0.3930
vn -0.6432 -0.6571 0.3930
vn -0.6432 -0.6571 0.3930
vn 0.2687 -0.8570 0.4397
vn 0.2687 -0.8570 0.4397
vn 0.2687 -0.8570 0.4397
vn 0.2687 -0.8570 0.4397
vn 0.2687 -0.8570 0.4397
vn 0.2687 -0.8570 0.4397
vn 0.5869 -0.5513 0.5930
vn 0.5869 -0.5513 0.5930
vn 0.5869 -0.5513 0.5930
vn 0.5869 -0.5513 0.5930
vn 0.5869 -0.5513 0.5930
vn 0.5869 -0.5513 0.5930
vn 0.5887 -0.5603 -0.5826
vn 0.5887 -0.5603 -0.5826
vn 0.5887 -0.5603 -0.5826
vn 0.5887 -0.5603 -0.5826
vn 0.5887 -0.5603 -0.5826
vn 0.5887 -0.5603 -0.5826
vn -0.4525 -0.6690 0.5896
vn -0.4525 -0.6690 0.5896
vn -0.4525 -0.6690 0.5896
vn -0.4525 -0.6690 0.5896
vn -0.4525 -0.6690 0.5896
vn -0.4525 -0.6690 0.5896
vn 0.6625 -0.5501 0.5085
vn 0.6625 -0.5501 0.5085
vn 0.6625 -0.5501 0.5085
vn 0.6625 -0.5501 0.5085
vn 0.6625 -0.5501 0.5085
vn 0.6625 -0.5501 0.5085
vn 0.7111 -0.6922 -0.1232
vn 0.7111 -0.6922 -0.1232
vn 0.7111 -0.6922 -0.1232
vn 0.7111 -0.6922 -0.1232
vn 0.7111 -0.6922 -0.1232
vn 0.7111 -0.6922 -0.1232
vn -0.1082 -0.7732 -0.6249
vn -0.1082 -0.7732 -0.6249
vn -0.1082 -0.7732 -0.6249
vn -0.1082 -0.7732 -0.6249
vn -0.1082 -0.7732 -0.6249
vn -0.1082 -0.7732 -0.6249
vn -0.7336 -0.6152 0.2888
vn -0.7336 -0.6152 0.2888
vn -0.7336 -0.6152 0.2888
vn -0.7336 -0.6152 0.2888
vn -0.7336 -0.6152 0.2888
vn -0.7336 -0.6152 0.2888
vn 0.1636 -0.8947 0.4157
vn 0.1636 -0.8947 0.4157
vn 0.1636 -0.8947 0.4157
vn 0.1636 -0.8947 0.4157
vn 0.1636 -0.8947 0.4157
vn 0.1636 -0.8947 0.4157
vn -0.3437 -0.9383 0.0384
vn -0.3437 -0.9383 0.0384
vn -0.3437 -0.9383 0.0384
vn -0.3437 -0.9383 0.0384
vn -0.3437 -0.9383 0.0384
vn -0.3437 -0.9383 0.0384
vn 0.0713 -0.7659 0.6390
vn 0.0713 -0.7659 0.6390
vn 0.0713 -0.7659 0.6390
vn 0.0713 -0.7659 0.6390
vn 0.0713 -0.7659 0.6390
vn 0.0713 -0.7659 0.6390
vn 0.4280 -0.6801 -0.5952
vn 0.4280 -0.6801 -0.5952
vn 0.4280 -0.6801 -0.5952
vn 0.4280 -0.6801 -0.5952
vn 0.4280 -0.6801 -0.5952
vn 0.4280 -0.6801 -0.5952
vn -0.6917 -0.5236 -0.4974
vn -0.6917 -0.5236 -0.4974
vn -0.6917 -0.5236 -0.4974
vn -0.6917 -0.5236 -0.4974
vn -0.6917 -0.5236 -0.4974
vn -0.6917 -0.5236 -0.4974
vn -0.3646 -0.8652 -0.3442
vn -0.3646 -0.8652 -0.3442
vn -0.3646 -0.8652 -0.3442
vn -0.3646 -0.8652 -0.3442
vn -0.3646 -0.8652 -0.3442
vn -0.3646 -0.8652 -0.3442
vn -0.4007 -0.8119 0.4245
vn -0.4007 -0.8119 0.4245
vn -0.4007 -0.8119 0.4245
vn -0.4007 -0.8119 0.4245
vn -0.4007 -0.8119 0.4245
vn -0.4007 -0.8119 0.4245
vn -0.4396 -0.6207 0.6492
vn -0.4396 -0.6207 0.6492
vn -0.4396 -0.6207 0.6492
vn -0.4396 -0.6207 0.6492
vn -0.4396 -0.6207 0.6492
vn -0.4396 -0.6207 0.6492
vn 0.3466 -0.9082 0.2347
vn 0.3466 -0.9082 0.2347
vn 0.3466 -0.9082 0.2347
vn 0.3466 -0.9082 0.2347
vn 0.3466 -0.9082 0.2347
vn 0.3466 -0.9082 0.2347
vn -0.2289 -0.5073 0.8309
vn -0.2289 -0.5073 0.8309
vn -0.2289 -0.5073 0.8309
vn -0.2289 -0.5073 0.8309
vn -0.2289 -0.5073 0.8309
vn -0.2289 -0.5073 0.8309
vn 0.4933 -0.8592 0.1359
vn 0.4933 -0.8592 0.1359
vn 0.4933 -0.8592 0.1359
vn 0.4933 -0.8592 0.1359
vn 0.4933 -0.8592 0.1359
vn 0.4933 -0.8592 0.1359
vn -0.0494 -0.9018 -0.4293
vn -0.0494 -0.9018 -0.4293
vn -0.0494 -0.9018 -0.4293
vn -0.0494 -0.9018 -0.4293
vn -0.0494 -0.9018 -0.4293
vn -0.0494 -0.9018 -0.4293
vn -0.5844 -0.8087 0.0673
vn -0.5844 -0.8087 0.0673
vn -0.5844 -0.8087 0.0673
vn -0.5844 -0.8087 0.0673
vn -0.5844 -0.8087 0.0673
vn -0.5844 -0.8087 0.0673
vn -0.1941 -0.9070 0.3738
vn -0.1941 -0.9070 0.3738
vn -0.1941 -0.9070 0.3738
vn -0.1941 -0.9070 0.3738
vn -0.1941 -0.9070 0.3738
vn -0.1941 -0.9070 0.3738
vn 0.6557 -0.6739 0.3405
vn 0.6557 -0.6739 0.3405
vn 0.6557 -0.6739 0.3405
vn 0.6557 -0.6739 0.3405
vn 0.6557 -0.6739 0.3405
vn 0.6557 -0.6739 0.3405
vn 0.3405 -0.9370 -0.0785
vn 0.3405 -0.9370 -0.0785
vn 0.3405 -0.9370 -0.0785
vn 0.3405 -0.9370 -0.0785
vn 0.3405 -0.9370 -0.0785
vn 0.3405 -0.9370 -0.0785
vn -0.1479 -0.7522 -0.6421
vn -0.1479 -0.7522 -0.6421
vn -0.1479 -0.7522 -0.6421
vn -0.1479 -0.7522 -0.6421
vn -0.1479 -0.7522 -0.6421
vn -0.1479 -0.7522 -0.6421
vn -0.7179 -0.6907 -0.0872
vn -0.7179 -0.6907 -0.0872
vn -0.7179 -0.6907 -0.0872
vn -0.7179 -0.6907 -0.0872
vn -0.7179 -0.6907 -0.0872
vn -0.7179 -0.6907 -0.0872
vn -0.0494 -0.9125 0.4062
vn -0.0494 -0.9125 0.4062
vn -0.0494 -0.9125 0.4062
vn -0.0494 -0.9125 0.4062
vn -0.0494 -0.9125 0.4062
vn -0.0494 -0.9125 0.4062
vn -0.6488 -0.7548 -0.0967
vn -0.6488 -0.7548 -0.0967
vn -0.6488 -0.7548 -0.0967
vn -0.6488 -0.7548 -0.0967
vn -0.6488 -0.7548 -0.0967
vn -0.6488 -0.7548 -0.0967
vn -0.1173 -0.6049 0.7876
vn -0.1173 -0.6049 0.7876
vn -0.1173 -0.6049 0.7876
vn -0.1173 -0.6049 0.7876
vn -0.1173 -0.6049 0.7876
vn -0.1173 -0.6049 0.7876
vn -0.4339 -0.8803 0.1920
vn -0.4339 -0.8803 0.1920
vn -0.4339 -0.8803 0.1920
vn -0.4339 -0.8803 0.1920
vn -0.4339 -0.8803 0.1920
vn -0.4339 -0.8803 0.1920
vn 0.3381 -0.5495 0.7640
vn 0.3381 -0.5495 0.7640
vn 0.3381 -0.5495 0.7640
vn 0.3381 -0.5495 0.7640
vn 0.3381 -0.5495 0.7640
vn 0.3381 -0.5495 0.7640
vn -0.0642 -0.8403 -0.5384
vn -0.0642 -0.8403 -0.5384
vn -0.0642 -0.8403 -0.5384
vn -0.0642 -0.8403 -0.5384
vn -0.0642 -0.8403 -0.5384
vn -0.0642 -0.8403 -0.5384
vn -0.7071 -0.7021 0.0843
vn -0.7071 -0.7021 0.0843
vn -0.7071 -0.7021 0.0843
vn -0.7071 -0.7021 0.0843
vn -0.7071 -0.7021 0.0843
vn -0.7071 -0.7021 0.0843
vn 0.5969 -0.6300 0.4969
vn 0.5969 -0.6300 0.4969
vn 0.5969 -0.6300 0.4969
vn 0.5969 -0.6300 0.4969
vn 0.5969 -0.6300 0.4969
vn 0.5969 -0.6300 0.4969
vn 0.2740 -0.9037 -0.3291
vn 0.2740 -0.9037 -0.3291
vn 0.2740 -0.9037 -0.3291
vn 0.2740 -0.9037 -0.3291
vn 0.2740 -0.9037 -0.3291
vn 0.2740 -0.9037 -0.3291
vn 0.3559 -0.8179 0.4520
vn 0.3559 -0.8179 0.4520
vn 0.3559 -0.8179 0.4520
vn 0.3559 -0.8179 0.4520
vn 0.3559 -0.8179 0.4520
vn 0.3559 -0.8179 0.4520
vn 0.6226 -0.6100 -0.4902
vn 0.6226 -0.6100 -0.4902
vn 0.6226 -0.6100 -0.4902
vn 0.6226 -0.6100 -0.4902
vn 0.6226 -0.6100 -0.4902
vn 0.6226 -0.6100 -0.4902
vn -0.7006 -0.5507 -0.4538
vn -0.7006 -0.5507 -0.4538
vn -0.7006 -0.5507 -0.4538
vn -0.7006 -0.5507 -0.4538
vn -0.7006 -0.5507 -0.4538
vn -0.7006 -0.5507 -0.4538
vn -0.2863 -0.8501 0.4420
vn -0.2863 -0.8501 0.4420
vn -0.2863 -0.8501 0.4420
vn -0.2863 -0.8501 0.4420
vn -0.2863 -0.8501 0.4420
vn -0.2863 -0.8501 0.4420
vn 0.2614 -0.9172 -0.3007
vn 0.2614 -0.9172 -0.3007
vn 0.2614 -0.9172 -0.3007
vn 0.2614 -0.9172 -0.3007
vn 0.2614 -0.9172 -0.3007
vn 0.2614 -0.9172 -0.3007
vn -0.2685 -0.9346 -0.2334
vn -0.2685 -0.9346 -0.2334
vn -0.2685 -0.9346 -0.2334
vn -0.2685 -0.9346 -0.2334
vn -0.2685 -0.9346 -0.2334
vn -0.2685 -0.9346 -0.2334
vn 0.6787 -0.7119 0.1803
vn 0.6787 -0.7119 0.1803
vn 0.6787 -0.7119 0.1803
vn 0.6787 -0.7119 0.1803
vn 0.6787 -0.7119 0.1803
vn 0.6787 -0.7119 0.1803
vn 0.1647 -0.7671 -0.6200
vn 0.1647 -0.7671 -0.6200
vn 0.1647 -0.7671 -0.6200
vn 0.1647 -0.7671 -0.6200
vn 0.1647 -0.7671 -0.6200
vn 0.1647 -0.7671 -0.6200
vn 0.6628 -0.7485 0.0195
vn 0.6628 -0.7485 0.0195
vn 0.6628 -0.7485 0.0195
vn 0.6628 -0.7485 0.0195
vn 0.6628 -0.7485 0.0195
vn 0.6628 -0.7485 0.0195
vn 0.0101 -0.9395 -0.3423
vn 0.0101 -0.9395 -0.3423
vn 0.0101 -0.9395 -0.3423
vn 0.0101 -0.9395 -0.3423
vn 0.0101 -0.9395 -0.3423
vn 0.0101 -0.9395 -0.3423
vn -0.4165 -0.8984 0.1396
vn -0.4165 -0.8984 0.1396
vn -0.4165 -0.8984 0.1396
vn -0.4165 -0.8984 0.1396
vn -0.4165 -0.8984 0.1396
vn -0.4165 -0.8984 0.1396
vn 0.2014 -0.7737 0.6006
vn 0.2014 -0.7737 0.6006
vn 0.2014 -0.7737 0.6006
vn 0.2014 -0.7737 0.6006
vn 0.2014 -0.7737 0.6006
vn 0.2014 -0.7737 0.6006
vn -0.7960 -0.5980 0.0933
vn -0.7960 -0.5980 0.0933
vn -0.7960 -0.5980 0.0933
vn -0.7960 -0.5980 0.0933
vn -0.7960 -0.5980 0.0933
vn -0.7960 -0.5980 0.0933
vn 0.0627 -0.8422 0.5354
vn 0.0627 -0.8422 0.5354
vn 0.0627 -0.8422 0.5354
vn 0.0627 -0.8422 0.5354
vn 0.0627 -0.8422 0.5354
vn 0.0627 -0.8422 0.5354
vn -0.2358 -0.7626 0.6023
vn -0.2358 -0.7626 0.6023
vn -0.2358 -0.7626 0.6023
vn -0.2358 -0.7626 0.6023
vn -0.2358 -0.7626 0.6023
vn -0.2358 -0.7626 0.6023
vn 0.5611 -0.7981 0.2196
vn 0.5611 -0.7981 0.2196
vn 0.5611 -0.7981 0.2196
vn 0.5611 -0.7981 0.2196
vn 0.5611 -0.7981 0.2196
vn 0.5611 -0.7981 0.2196
vn -0.0035 -0.8920 0.4520
vn -0.0035 -0.8920 0.4520
vn -0.0035 -0.8920 0.4520
vn -0.0035 -0.8920 0.4520
vn -0.0035 -0.8920 0.4520
vn -0.0035 -0.8920 0.4520
vn 0.4524 -0.8918 0.0035
vn 0.4524 -0.8918 0.0035
vn 0.4524 -0.8918 0.0035
vn 0.4524 -0.8918 0.0035
vn 0.4524 -0.8918 0.0035
vn 0.4524 -0.8918 0.0035
vn 0.6346 -0.7632 0.1215
vn 0.6346 -0.7632 0.1215
vn 0.6346 -0.7632 0.1215
vn 0.6346 -0.7632 0.1215
vn 0.6346 -0.7632 0.1215
vn 0.6346 -0.7632 0.1215
vn 0.0904 -0.8770 -0.4719
vn 0.0904 -0.8770 -0.4719
vn 0.0904 -0.8770 -0.4719
vn 0.0904 -0.8770 -0.4719
vn 0.0904 -0.8770 -0.4719
vn 0.0904 -0.8770 -0.4719
usemtl leaves
s off
f 283/1333/283 284/1334/284 285/1335/285
f 286/1336/286 287/1337/287 288/1338/288
f 289/1339/289 290/1340/290 291/1341/291
f 292/1342/292 293/1343/293 294/1344/294
f 295/1345/295 296/1346/296 297/1347/297
f 298/1348/298 299/1349/299 300/1350/300
f 301/1351/301 302/1352/302 303/1353/303
f 304/1354/304 305/1355/305 306/1356/306
f 307/1357/307 308/1358/308 309/1359/309
f 310/1360/310 311/1361/311 312/1362/312
f 313/1363/313 314/1364/314 315/1365/315
f 316/1366/316 317/1367/317 318/1368/318
f 319/1369/319 320/1370/320 321/1371/321
f 322/1372/322 323/1373/323 324/1374/324
f 325/1375/325 326/1376/326 327/1377/327
f 328/1378/328 329/1379/329 330/1380/330
f 331/1381/331 332/1382/332 333/1383/333
f 334/1384/334 335/1385/335 336/1386/336
f 337/1387/337 338/1388/338 339/1389/339
f 340/1390/340 341/1391/341 342/1392/342
f 343/1393/343 344/1394/344 345/1395/345
f 346/1396/346 347/1397/347 348/1398/348
f 349/1399/349 350/1400/350 351/1401/351
f 352/1402/352 353/1403/353 354/1404/354
f 355/1405/355 356/1406/356 357/1407/357
f 358/1408/358 359/1409/359 360/1410/360
f 361/1411/361 362/1412/362 363/1413/363
f 364/1414/364 365/1415/365 366/1416/366
f 367/1417/367 368/1418/368 369/1419/369
f 370/1420/370 371/1421/371 372/1422/372
f 373/1423/373 374/1424/374 375/1425/375
f 376/1426/376 377/1427/377 378/1428/378
f 379/1429/379 380/1430/380 381/1431/381
f 382/1432/382 383/1433/383 384/1434/384
f 385/1435/385 386/1436/386 387/1437/387
f 388/1438/388 389/1439/389 390/1440/390
f 391/1441/391 392/1442/392 393/1443/393
f 394/1444/394 395/1445/395 396/1446/396
f 397/1447/397 398/1448/398 399/1449/399
f 400/1450/400 401/1451/401 402/1452/402
f 403/1453/403 404/1454/404 405/1455/405
f 406/1456/406 407/1457/407 408/1458/408
f 409/1459/409 410/1460/410 411/1461/411
f 412/1462/412 413/1463/413 414/1464/414
f 415/1465/415 416/1466/416 417/1467/417
f 418/1468/418 419/1469/419 420/1470/420
f 421/1471/421 422/1472/422 423/1473/423
f 424/1474/424 425/1475/425 426/1476/426
f 427/1477/427 428/1478/428 429/1479/429
f 430/1480/430 431/1481/431 432/1482/432
f 433/1483/433 434/1484/434 435/1485/435
f 436/1486/436 437/1487/437 438/1488/438
f 439/1489/439 440/1490/440 441/1491/441
f 442/1492/442 443/1493/443 444/1494/444
f 445/1495/445 446/1496/446 447/1497/447
f 448/1498/448 449/1499/449 450/1500/450
f 451/1501/451 452/1502/452 453/1503/453
f 454/1504/454 455/1505/455 456/1506/456
f 457/1507/457 458/1508/458 459/1509/459
f 460/1510/460 461/1511/461 462/1512/462
f 463/1513/463 464/1514/464 465/1515/465
f 466/1516/466 467/1517/467 468/1518/468
f 469/1519/469 470/1520/470 471/1521/471
f 472/1522/472 473/1523/473 474/1524/474
f 475/1525/475 476/1526/476 477/1527/477
f 478/1528/478 479/1529/479 480/1530/480
f 481/1531/481 482/1532/482 483/1533/483
f 484/1534/484 485/1535/485 486/1536/486
f 487/1537/487 488/1538/488 489/1539/489
f 490/1540/490 491/1541/491 492/1542/492
f 493/1543/493 494/1544/494 495/1545/495
f 496/1546/496 497/1547/497 498/1548/498
f 499/1549/499 500/1550/500 501/1551/501
f 502/1552/502 503/1553/503 504/1554/504
f 505/1555/505 506/1556/506 507/1557/507
f 508/1558/508 509/1559/509 510/1560/510
f 511/1561/511 512/1562/512 513/1563/513
f 514/1564/514 515/1565/515 516/1566/516
f 517/1567/517 518/1568/518 519/1569/519
f 520/1570/520 521/1571/521 522/1572/522
f 523/1573/523 524/1574/524 525/1575/525
f 526/1576/526 527/1577/527 528/1578/528
f 529/1579/529 530/1580/530 531/1581/531
f 532/1582/532 533/1583/533 534/1584/534
f 535/1585/535 536/1586/536 537/1587/537
f 538/1588/538 539/1589/539 540/1590/540
f 541/1591/541 542/1592/542 543/1593/543
f 544/1594/544 545/1595/545 546/1596/546
f 547/1597/547 548/1598/548 549/1599/549
f 550/1600/550 551/1601/551 552/1602/552
f 553/1603/553 554/1604/554 555/1605/555
f 556/1606/556 557/1607/557 558/1608/558
f 559/1609/559 560/1610/560 561/1611/561
f 562/1612/562 563/1613/563 564/1614/564
f 565/1615/565 566/1616/566 567/1617/567
f 568/1618/568 569/1619/569 570/1620/570
f 571/1621/571 572/1622/572 573/1623/573
f 574/1624/574 575/1625/575 576/1626/576
f 577/1627/577 578/1628/578 579/1629/579
f 580/1630/580 581/1631/581 582/1632/582
f 583/1633/583 584/1634/584 585/1635/585
f 586/1636/586 587/1637/587 588/1638/588
f 589/1639/589 590/1640/590 591/1641/591
f 592/1642/592 593/1643/593 594/1644/594
f 595/1645/595 596/1646/596 597/1647/597
f 598/1648/598 599/1649/599 600/1650/600
f 601/1651/601 602/1652/602 603/1653/603
f 604/1654/604 605/1655/605 606/1656/606
f 607/1657/607 608/1658/608 609/1659/609
f 610/1660/610 611/1661/611 612/1662/612
f 613/1663/613 614/1664/614 615/1665/615
f 616/1666/616 617/1667/617 618/1668/618
f 619/1669/619 620/1670/620 621/1671/621
f 622/1672/622 623/1673/623 624/1674/624
f 625/1675/625 626/1676/626 627/1677/627
f 628/1678/628 629/1679/629 630/1680/630
f 631/1681/631 632/1682/632 633/1683/633
f 634/1684/634 635/1685/635 636/1686/636
f 637/1687/637 638/1688/638 639/1689/639
f 640/1690/640 641/1691/641 642/1692/642
f 643/1693/643 644/1694/644 645/1695/645
f 646/1696/646 647/1697/647 648/1698/648
f 649/1699/649 650/1700/650 651/1701/651
f 652/1702/652 653/1703/653 654/1704/654
f 655/1705/655 656/1706/656 657/1707/657
f 658/1708/658 659/1709/659 660/1710/660
f 661/1711/661 662/1712/662 663/1713/663
f 664/1714/664 665/1715/665 666/1716/666
f 667/1717/667 668/1718/668 669/1719/669
f 670/1720/670 671/1721/671 672/1722/672
f 673/1723/673 674/1724/674 675/1725/675
f 676/1726/676 677/1727/677 678/1728/678
f 679/1729/679 680/1730/680 681/1731/681
f 682/1732/682 683/1733/683 684/1734/684
f 685/1735/685 686/1736/686 687/1737/687
f 688/1738/688 689/1739/689 690/1740/690
f 691/1741/691 692/1742/692 693/1743/693
f 694/1744/694 695/1745/695 696/1746/696
f 697/1747/697 698/1748/698 699/1749/699
f 700/1750/700 701/1751/701 702/1752/702
f 703/1753/703 704/1754/704 705/1755/705
f 706/1756/706 707/1757/707 708/1758/708
f 709/1759/709 710/1760/710 711/1761/711
f 712/1762/712 713/1763/713 714/1764/714
f 715/1765/715 716/1766/716 717/1767/717
f 718/1768/718 719/1769/719 720/1770/720
f 721/1771/721 722/1772/722 723/1773/723
f 724/1774/724 725/1775/725 726/1776/726
f 727/1777/727 728/1778/728 729/1779/729
f 730/1780/730 731/1781/731 732/1782/732
f 733/1783/733 734/1784/734 735/1785/735
f 736/1786/736 737/1787/737 738/1788/738
f 739/1789/739 740/1790/740 741/1791/741
f 742/1792/742 743/1793/743 744/1794/744
f 745/1795/745 746/1796/746 747/1797/747
f 748/1798/748 749/1799/749 750/1800/750
f 751/1801/751 752/1802/752 753/1803/753
f 754/1804/754 755/1805/755 756/1806/756
f 757/1807/757 758/1808/758 759/1809/759
f 760/1810/760 761/1811/761 762/1812/762
f 763/1813/763 764/1814/764 765/1815/765
f 766/1816/766 767/1817/767 768/1818/768
f 769/1819/769 770/1820/770 771/1821/771
f 772/1822/772 773/1823/773 774/1824/774
f 775/1825/775 776/1826/776 777/1827/777
f 778/1828/778 779/1829/779 780/1830/780
f 781/1831/781 782/1832/782 783/1833/783
f 784/1834/784 785/1835/785 786/1836/786
f 787/1837/787 788/1838/788 789/1839/789
f 790/1840/790 791/1841/791 792/1842/792
f 793/1843/793 794/1844/794 795/1845/795
f 796/1846/796 797/1847/797 798/1848/798
f 799/1849/799 800/1850/800 801/1851/801
f 802/1852/802 803/1853/803 804/1854/804
f 805/1855/805 806/1856/806 807/1857/807
f 808/1858/808 809/1859/809 810/1860/810
f 811/1861/811 812/1862/812 813/1863/813
f 814/1864/814 815/1865/815 816/1866/816
f 817/1867/817 818/1868/818 819/1869/819
f 820/1870/820 821/1871/821 822/1872/822
f 823/1873/823 824/1874/824 825/1875/825
f 826/1876/826 827/1877/827 828/1878/828
f 829/1879/829 830/1880/830 831/1881/831
f 832/1882/832 833/1883/833 834/1884/834
f 835/1885/835 836/1886/836 837/1887/837
f 838/1888/838 839/1889/839 840/1890/840
f 841/1891/841 842/1892/842 843/1893/843
f 844/1894/844 845/1895/845 846/1896/846
f 847/1897/847 848/1898/848 849/1899/849
f 850/1900/850 851/1901/851 852/1902/852
f 853/1903/853 854/1904/854 855/1905/855
f 856/1906/856 857/1907/857 858/1908/858
f 859/1909/859 860/1910/860 861/1911/861
f 862/1912/862 863/1913/863 864/1914/864
f 865/1915/865 866/1916/866 867/1917/867
f 868/1918/868 869/1919/869 870/1920/870
f 871/1921/871 872/1922/872 873/1923/873
f 874/1924/874 875/1925/875 876/1926/876
f 877/1927/877 878/1928/878 879/1929/879
f 880/1930/880 881/1931/881 882/1932/882
f 883/1933/883 884/1934/884 885/1935/885
f 886/1936/886 887/1937/887 888/1938/888
f 889/1939/889 890/1940/890 891/1941/891
f 892/1942/892 893/1943/893 894/1944/894
f 895/1945/895 896/1946/896 897/1947/897
f 898/1948/898 899/1949/899 900/1950/900
f 901/1951/901 902/1952/902 903/1953/903
f 904/1954/904 905/1955/905 906/1956/906
f 907/1957/907 908/1958/908 909/1959/909
f 910/1960/910 911/1961/911 912/1962/912
f 913/1963/913 914/1964/914 915/1965/915
f 916/1966/916 917/1967/917 918/1968/918
f 919/1969/919 920/1970/920 921/1971/921
f 922/1972/922 923/1973/923 924/1974/924
f 925/1975/925 926/1976/926 927/1977/927
f 928/1978/928 929/1979/929 930/1980/930
f 931/1981/931 932/1982/932 933/1983/933
f 934/1984/934 935/1985/935 936/1986/936
f 937/1987/937 938/1988/938 939/1989/939
f 940/1990/940 941/1991/941 942/1992/942
f 943/1993/943 944/1994/944 945/1995/945
f 946/1996/946 947/1997/947 948/1998/948
f 949/1999/949 950/2000/950 951/2001/951
f 952/2002/952 953/2003/953 954/2004/954
f 955/2005/955 956/2006/956 957/2007/957
f 958/2008/958 959/2009/959 960/2010/960
f 961/2011/961 962/2012/962 963/2013/963
f 964/2014/964 965/2015/965 966/2016/966
f 967/2017/967 968/2018/968 969/2019/969
f 970/2020/970 971/2021/971 972/2022/972
f 973/2023/973 974/2024/974 975/2025/975
f 976/2026/976 977/2027/977 978/2028/978
f 979/2029/979 980/2030/980 981/2031/981
f 982/2032/982 983/2033/983 984/2034/984
f 985/2035/985 986/2036/986 987/2037/987
f 988/2038/988 989/2039/989 990/2040/990
f 991/2041/991 992/2042/992 993/2043/993
f 994/2044/994 995/2045/995 996/2046/996
f 997/2047/997 998/2048/998 999/2049/999
f 1000/2050/1000 1001/2051/1001 1002/2052/1002
f 1003/2053/1003 1004/2054/1004 1005/2055/1005
f 1006/2056/1006 1007/2057/1007 1008/2058/1008
f 1009/2059/1009 1010/2060/1010 1011/2061/1011
f 1012/2062/1012 1013/2063/1013 1014/2064/1014
f 1015/2065/1015 1016/2066/1016 1017/2067/1017
f 1018/2068/1018 1019/2069/1019 1020/2070/1020
f 1021/2071/1021 1022/2072/1022 1023/2073/1023
f 1024/2074/1024 1025/2075/1025 1026/2076/1026
f 1027/2077/1027 1028/2078/1028 1029/2079/1029
f 1030/2080/1030 1031/2081/1031 1032/2082/1032
f 1033/2083/1033 1034/2084/1034 1035/2085/1035
f 1036/2086/1036 1037/2087/1037 1038/2088/1038
f 1039/2089/1039 1040/2090/1040 1041/2091/1041
f 1042/2092/1042 1043/2093/1043 1044/2094/1044
f 1045/2095/1045 1046/2096/1046 1047/2097/1047
f 1048/2098/1048 1049/2099/1049 1050/2100/1050
f 1051/2101/1051 1052/2102/1052 1053/2103/1053
f 1054/2104/1054 1055/2105/1055 1056/2106/1056
f 1057/2107/1057 1058/2108/1058 1059/2109/1059
f 1060/2110/1060 1061/2111/1061 1062/2112/1062
f 1063/2113/1063 1064/2114/1064 1065/2115/1065
f 1066/2116/1066 1067/2117/1067 1068/2118/1068
f 1069/2119/1069 1070/2120/1070 1071/2121/1071
f 1072/2122/1072 1073/2123/1073 1074/2124/1074
f 1075/2125/1075 1076/2126/1076 1077/2127/1077
f 1078/2128/1078 1079/2129/1079 1080/2130/1080
f 1081/2131/1081 1082/2132/1082 1083/2133/1083
f 1084/2134/1084 1085/2135/1085 1086/2136/1086
f 1087/2137/1087 1088/2138/1088 1089/2139/1089
f 1090/2140/1090 1091/2141/1091 1092/2142/1092
f 1093/2143/1093 1094/2144/1094 1095/2145/1095
f 1096/2146/1096 1097/2147/1097 1098/2148/1098
f 1099/2149/1099 1100/2150/1100 1101/2151/1101
f 1102/2152/1102 1103/2153/1103 1104/2154/1104
f 1105/2155/1105 1106/2156/1106 1107/2157/1107
f 1108/2158/1108 1109/2159/1109 1110/2160/1110
f 1111/2161/1111 1112/2162/1112 1113/2163/1113
f 1114/2164/1114 1115/2165/1115 1116/2166/1116
f 1117/2167/1117 1118/2168/1118 1119/2169/1119
f 1120/2170/1120 1121/2171/1121 1122/2172/1122
f 1123/2173/1123 1124/2174/1124 1125/2175/1125
f 1126/2176/1126 1127/2177/1127 1128/2178/1128
f 1129/2179/1129 1130/2180/1130 1131/2181/1131
f 1132/2182/1132 1133/2183/1133 1134/2184/1134
f 1135/2185/1135 1136/2186/1136 1137/2187/1137
f 1138/2188/1138 1139/2189/1139 1140/2190/1140
f 1141/2191/1141 1142/2192/1142 1143/2193/1143
f 1144/2194/1144 1145/2195/1145 1146/2196/1146
f 1147/2197/1147 1148/2198/1148 1149/2199/1149
f 1150/2200/1150 1151/2201/1151 1152/2202/1152
f 1153/2203/1153 1154/2204/1154 1155/2205/1155
f 1156/2206/1156 1157/2207/1157 1158/2208/1158
f 1159/2209/1159 1160/2210/1160 1161/2211/1161
f 1162/2212/1162 1163/2213/1163 1164/2214/1164
f 1165/2215/1165 1166/2216/1166 1167/2217/1167
f 1168/2218/1168 1169/2219/1169 1170/2220/1170
f 1171/2221/1171 1172/2222/1172 1173/2223/1173
f 1174/2224/1174 1175/2225/1175 1176/2226/1176
f 1177/2227/1177 1178/2228/1178 1179/2229/1179
f 1180/2230/1180 1181/2231/1181 1182/2232/1182
f 1183/2233/1183 1184/2234/1184 1185/2235/1185
f 1186/2236/1186 1187/2237/1187 1188/2238/1188
f 1189/2239/1189 1190/2240/1190 1191/2241/1191
f 1192/2242/1192 1193/2243/1193 1194/2244/1194
f 1195/2245/1195 1196/2246/1196 1197/2247/1197
f 1198/2248/1198 1199/2249/1199 1200/2250/1200
f 1201/2251/1201 1202/2252/1202 1203/2253/1203
f 1204/2254/1204 1205/2255/1205 1206/2256/1206
f 1207/2257/1207 1208/2258/1208 1209/2259/1209
f 1210/2260/1210 1211/2261/1211 1212/2262/1212
f 1213/2263/1213 1214/2264/1214 1215/2265/1215
f 1216/2266/1216 1217/2267/1217 1218/2268/1218
f 1219/2269/1219 1220/2270/1220 1221/2271/1221
f 1222/2272/1222 1223/2273/1223 1224/2274/1224
f 1225/2275/1225 1226/2276/1226 1227/2277/1227
f 1228/2278/1228 1229/2279/1229 1230/2280/1230
f 1231/2281/1231 1232/2282/1232 1233/2283/1233
f 1234/2284/1234 1235/2285/1235 1236/2286/1236
f 1237/2287/1237 1238/2288/1238 1239/2289/1239
f 1240/2290/1240 1241/2291/1241 1242/2292/1242
f 1243/2293/1243 1244/2294/1244 1245/2295/1245
f 1246/2296/1246 1247/2297/1247 1248/2298/1248
f 1249/2299/1249 1250/2300/1250 1251/2301/1251
f 1252/2302/1252 1253/2303/1253 1254/2304/1254
f 1255/2305/1255 1256/2306/1256 1257/2307/1257
f 1258/2308/1258 1259/2309/1259 1260/2310/1260
f 1261/2311/1261 1262/2312/1262 1263/2313/1263
f 1264/2314/1264 1265/2315/1265 1266/2316/1266
f 1267/2317/1267 1268/2318/1268 1269/2319/1269
f 1270/2320/1270 1271/2321/1271 1272/2322/1272
f 1273/2323/1273 1274/2324/1274 1275/2325/1275
f 1276/2326/1276 1277/2327/1277 1278/2328/1278
f 1279/2329/1279 1280/2330/1280 1281/2331/1281
f 1282/2332/1282 1283/2333/1283 1284/2334/1284
f 1285/2335/1285 1286/2336/1286 1287/2337/1287
f 1288/2338/1288 1289/2339/1289 1290/2340/1290
f 1291/2341/1291 1292/2342/1292 1293/2343/1293
f 1294/2344/1294 1295/2345/1295 1296/2346/1296
f 1297/2347/1297 1298/2348/1298 1299/2349/1299
f 1300/2350/1300 1301/2351/1301 1302/2352/1302
f 1303/2353/1303 1304/2354/1304 1305/2355/1305
f 1306/2356/1306 1307/2357/1307 1308/2358/1308
f 1309/2359/1309 1310/2360/1310 1311/2361/1311
f 1312/2362/1312 1313/2363/1313 1314/2364/1314
f 1315/2365/1315 1316/2366/1316 1317/2367/1317
f 1318/2368/1318 1319/2369/1319 1320/2370/1320
f 1321/2371/1321 1322/2372/1322 1323/2373/1323
f 1324/2374/1324 1325/2375/1325 1326/2376/1326
f 1327/2377/1327 1328/2378/1328 1329/2379/1329
f 1330/2380/1330 1331/2381/1331 1332/2382/1332
f 1333/2383/1333 1334/2384/1334 1335/2385/1335
f 1336/2386/1336 1337/2387/1337 1338/2388/1338
f 1339/2389/1339 1340/2390/1340 1341/2391/1341
f 1342/2392/1342 1343/2393/1343 1344/2394/1344
f 1345/2395/1345 1346/2396/1346 1347/2397/1347
f 1348/2398/1348 1349/2399/1349 1350/2400/1350
f 1351/2401/1351 1352/2402/1352 1353/2403/1353
f 1354/2404/1354 1355/2405/1355 1356/2406/1356
f 1357/2407/1357 1358/2408/1358 1359/2409/1359
f 1360/2410/1360 1361/2411/1361 1362/2412/1362
f 1363/2413/1363 1364/2414/1364 1365/2415/1365
f 1366/2416/1366 1367/2417/1367 1368/2418/1368
f 1369/2419/1369 1370/2420/1370 1371/2421/1371
f 1372/2422/1372 1373/2423/1373 1374/2424/1374
f 1375/2425/1375 1376/2426/1376 1377/2427/1377
f 1378/2428/1378 1379/2429/1379 1380/2430/1380
f 1381/2431/1381 1382/2432/1382 1383/2433/1383
f 1384/2434/1384 1385/2435/1385 1386/2436/1386
f 1387/2437/1387 1388/2438/1388 1389/2439/1389
f 1390/2440/1390 1391/2441/1391 1392/2442/1392
f 1393/2443/1393 1394/2444/1394 1395/2445/1395
f 1396/2446/1396 1397/2447/1397 1398/2448/1398
f 1399/2449/1399 1400/2450/1400 1401/2451/1401
f 1402/2452/1402 1403/2453/1403 1404/2454/1404
f 1405/2455/1405 1406/2456/1406 1407/2457/1407
f 1408/2458/1408 1409/2459/1409 1410/2460/1410
f 1411/2461/1411 1412/2462/1412 1413/2463/1413
f 1414/2464/1414 1415/2465/1415 1416/2466/1416
f 1417/2467/1417 1418/2468/1418 1419/2469/1419
f 1420/2470/1420 1421/2471/1421 1422/2472/1422
f 1423/2473/1423 1424/2474/1424 1425/2475/1425
f 1426/2476/1426 1427/2477/1427 1428/2478/1428
f 1429/2479/1429 1430/2480/1430 1431/2481/1431
f 1432/2482/1432 1433/2483/1433 1434/2484/1434
f 1435/2485/1435 1436/2486/1436 1437/2487/1437
f 1438/2488/1438 1439/2489/1439 1440/2490/1440
f 1441/2491/1441 1442/2492/1442 1443/2493/1443
f 1444/2494/1444 1445/2495/1445 1446/2496/1446
f 1447/2497/1447 1448/2498/1448 1449/2499/1449
f 1450/2500/1450 1451/2501/1451 1452/2502/1452
f 1453/2503/1453 1454/2504/1454 1455/2505/1455
f 1456/2506/1456 1457/2507/1457 1458/2508/1458
f 1459/2509/1459 1460/2510/1460 1461/2511/1461
f 1462/2512/1462 1463/2513/1463 1464/2514/1464
f 1465/2515/1465 1466/2516/1466 1467/2517/1467
f 1468/2518/1468 1469/2519/1469 1470/2520/1470
f 1471/2521/1471 1472/2522/1472 1473/2523/1473
f 1474/2524/1474 1475/2525/1475 1476/2526/1476
f 1477/2527/1477 1478/2528/1478 1479/2529/1479
f 1480/2530/1480 1481/2531/1481 1482/2532/1482
f 1483/2533/1483 1484/2534/1484 1485/2535/1485
f 1486/2536/1486 1487/2537/1487 1488/2538/1488
f 1489/2539/1489 1490/2540/1490 1491/2541/1491
f 1492/2542/1492 1493/2543/1493 1494/2544/1494
f 1495/2545/1495 1496/2546/1496 1497/2547/1497
f 1498/2548/1498 1499/2549/1499 1500/2550/1500
f 1501/2551/1501 1502/2552/1502 1503/2553/1503
f 1504/2554/1504 1505/2555/1505 1506/2556/1506
f 1507/2557/1507 1508/2558/1508 1509/2559/1509
f 1510/2560/1510 1511/2561/1511 1512/2562/1512
f 1513/2563/1513 1514/2564/1514 1515/2565/1515
f 1516/2566/1516 1517/2567/1517 1518/2568/1518
f 1519/2569/1519 1520/2570/1520 1521/2571/1521
f 1522/2572/1522 1523/2573/1523 1524/2574/1524
f 1525/2575/1525 1526/2576/1526 1527/2577/1527
f 1528/2578/1528 1529/2579/1529 1530/2580/1530
f 1531/2581/1531 1532/2582/1532 1533/2583/1533
f 1534/2584/1534 1535/2585/1535 1536/2586/1536
f 1537/2587/1537 1538/2588/1538 1539/2589/1539
f 1540/2590/1540 1541/2591/1541 1542/2592/1542
f 1543/2593/1543 1544/2594/1544 1545/2595/1545
f 1546/2596/1546 1547/2597/1547 1548/2598/1548
f 1549/2599/1549 1550/2600/1550 1551/2601/1551
f 1552/2602/1552 1553/2603/1553 1554/2604/1554
f 1555/2605/1555 1556/2606/1556 1557/2607/1557
f 1558/2608/1558 1559/2609/1559 1560/2610/1560
f 1561/2611/1561 1562/2612/1562 1563/2613/1563
f 1564/2614/1564 1565/2615/1565 1566/2616/1566
f 1567/2617/1567 1568/2618/1568 1569/2619/1569
f 1570/2620/1570 1571/2621/1571 1572/2622/1572
f 1573/2623/1573 1574/2624/1574 1575/2625/1575
f 1576/2626/1576 1577/2627/1577 1578/2628/1578
f 1579/2629/1579 1580/2630/1580 1581/2631/1581
f 1582/2632/1582 1583/2633/1583 1584/2634/1584
f 1585/2635/1585 1586/2636/1586 1587/2637/1587
f 1588/2638/1588 1589/2639/1589 1590/2640/1590
f 1591/2641/1591 1592/2642/1592 1593/2643/1593
f 1594/2644/1594 1595/2645/1595 1596/2646/1596
f 1597/2647/1597 1598/2648/1598 1599/2649/1599
f 1600/2650/1600 1601/2651/1601 1602/2652/1602
f 1603/2653/1603 1604/2654/1604 1605/2655/1605
f 1606/2656/1606 1607/2657/1607 1608/2658/1608
f 1609/2659/1609 1610/2660/1610 1611/2661/1611
f 1612/2662/1612 1613/2663/1613 1614/2664/1614
f 1615/2665/1615 1616/2666/1616 1617/2667/1617
f 1618/2668/1618 1619/2669/1619 1620/2670/1620
f 1621/2671/1621 1622/2672/1622 1623/2673/1623
f 1624/2674/1624 1625/2675/1625 1626/2676/1626
f 1627/2677/1627 1628/2678/1628 1629/2679/1629
f 1630/2680/1630 1631/2681/1631 1632/2682/1632
f 1633/2683/1633 1634/2684/1634 1635/2685/1635
f 1636/2686/1636 1637/2687/1637 1638/2688/1638
f 1639/2689/1639 1640/2690/1640 1641/2691/1641
f 1642/2692/1642 1643/2693/1643 1644/2694/1644
f 1645/2695/1645 1646/2696/1646 1647/2697/1647
f 1648/2698/1648 1649/2699/1649 1650/2700/1650
f 1651/2701/1651 1652/2702/1652 1653/2703/1653
f 1654/2704/1654 1655/2705/1655 1656/2706/1656
f 1657/2707/1657 1658/2708/1658 1659/2709/1659
f 1660/2710/1660 1661/2711/1661 1662/2712/1662
f 1663/2713/1663 1664/2714/1664 1665/2715/1665
f 1666/2716/1666 1667/2717/1667 1668/2718/1668
f 1669/2719/1669 1670/2720/1670 1671/2721/1671
f 1672/2722/1672 1673/2723/1673 1674/2724/1674
f 1675/2725/1675 1676/2726/1676 1677/2727/1677
f 1678/2728/1678 1679/2729/1679 1680/2730/1680
f 1681/2731/1681 1682/2732/1682 1683/2733/1683
f 1684/2734/1684 1685/2735/1685 1686/2736/1686
f 1687/2737/1687 1688/2738/1688 1689/2739/1689
f 1690/2740/1690 1691/2741/1691 1692/2742/1692
f 1693/2743/1693 1694/2744/1694 1695/2745/1695
f 1696/2746/1696 1697/2747/1697 1698/2748/1698
f 1699/2749/1699 1700/2750/1700 1701/2751/1701
f 1702/2752/1702 1703/2753/1703 1704/2754/1704
f 1705/2755/1705 1706/2756/1706 1707/2757/1707
f 1708/2758/1708 1709/2759/1709 1710/2760/1710
f 1711/2761/1711 1712/2762/1712 1713/2763/1713
f 1714/2764/1714 1715/2765/1715 1716/2766/1716
f 1717/2767/1717 1718/2768/1718 1719/2769/1719
f 1720/2770/1720 1721/2771/1721 1722/2772/1722
f 1723/2773/1723 1724/2774/1724 1725/2775/1725
f 1726/2776/1726 1727/2777/1727 1728/2778/1728
f 1729/2779/1729 1730/2780/1730 1731/2781/1731
f 1732/2782/1732 1733/2783/1733 1734/2784/1734
f 1735/2785/1735 1736/2786/1736 1737/2787/1737
f 1738/2788/1738 1739/2789/1739 1740/2790/1740
f 1741/2791/1741 1742/2792/1742 1743/2793/1743
f 1744/2794/1744 1745/2795/1745 1746/2796/1746
f 1747/2797/1747 1748/2798/1748 1749/2799/1749
f 1750/2800/1750 1751/2801/1751 1752/2802/1752
f 1753/2803/1753 1754/2804/1754 1755/2805/1755
f 1756/2806/1756 1757/2807/1757 1758/2808/1758
f 1759/2809/1759 1760/2810/1760 1761/2811/1761
f 1762/2812/1762 1763/2813/1763 1764/2814/1764
f 1765/2815/1765 1766/2816/1766 1767/2817/1767
f 1768/2818/1768 1769/2819/1769 1770/2820/1770
f 1771/2821/1771 1772/2822/1772 1773/2823/1773
f 1774/2824/1774 1775/2825/1775 1776/2826/1776
f 1777/2827/1777 1778/2828/1778 1779/2829/1779
f 1780/2830/1780 1781/2831/1781 1782/2832/1782
f 1783/2833/1783 1784/2834/1784 1785/2835/1785
f 1786/2836/1786 1787/2837/1787 1788/2838/1788
f 1789/2839/1789 1790/2840/1790 1791/2841/1791
f 1792/2842/1792 1793/2843/1793 1794/2844/1794
f 1795/2845/1795 1796/2846/1796 1797/2847/1797
f 1798/2848/1798 1799/2849/1799 1800/2850/1800
f 1801/2851/1801 1802/2852/1802 1803/2853/1803
f 1804/2854/1804 1805/2855/1805 1806/2856/1806
f 1807/2857/1807 1808/2858/1808 1809/2859/1809
f 1810/2860/1810 1811/2861/1811 1812/2862/1812
f 1813/2863/1813 1814/2864/1814 1815/2865/1815
f 1816/2866/1816 1817/2867/1817 1818/2868/1818
f 1819/2869/1819 1820/2870/1820 1821/2871/1821
f 1822/2872/1822 1823/2873/1823 1824/2874/1824
f 1825/2875/1825 1826/2876/1826 1827/2877/1827
f 1828/2878/1828 1829/2879/1829 1830/2880/1830
f 1831/2881/1831 1832/2882/1832 1833/2883/1833
f 1834/2884/1834 1835/2885/1835 1836/2886/1836
f 1837/2887/1837 1838/2888/1838 1839/2889/1839
f 1840/2890/1840 1841/2891/1841 1842/2892/1842
f 1843/2893/1843 1844/2894/1844 1845/2895/1845
f 1846/2896/1846 1847/2897/1847 1848/2898/1848
f 1849/2899/1849 1850/2900/1850 1851/2901/1851
f 1852/2902/1852 1853/2903/1853 1854/2904/1854
f 1855/2905/1855 1856/2906/1856 1857/2907/1857
f 1858/2908/1858 1859/2909/1859 1860/2910/1860
f 1861/2911/1861 1862/2912/1862 1863/2913/1863
f 1864/2914/1864 1865/2915/1865 1866/2916/1866
f 1867/2917/1867 1868/2918/1868 1869/2919/1869
f 1870/2920/1870 1871/2921/1871 1872/2922/1872
f 1873/2923/1873 1874/2924/1874 1875/2925/1875
f 1876/2926/1876 1877/2927/1877 1878/2928/1878
f 1879/2929/1879 1880/2930/1880 1881/2931/1881
f 1882/2932/1882 1883/2933/1883 1884/2934/1884
f 1885/2935/1885 1886/2936/1886 1887/2937/1887
f 1888/2938/1888 1889/2939/1889 1890/2940/1890
f 1891/2941/1891 1892/2942/1892 1893/2943/1893
f 1894/2944/1894 1895/2945/1895 1896/2946/1896
f 1897/2947/1897 1898/2948/1898 1899/2949/1899
f 1900/2950/1900 1901/2951/1901 1902/2952/1902
f 1903/2953/1903 1904/2954/1904 1905/2955/1905
f 1906/2956/1906 1907/2957/1907 1908/2958/1908
f 1909/2959/1909 1910/2960/1910 1911/2961/1911
f 1912/2962/1912 1913/2963/1913 1914/2964/1914
f 1915/2965/1915 1916/2966/1916 1917/2967/1917
f 1918/2968/1918 1919/2969/1919 1920/2970/1920
f 1921/2971/1921 1922/2972/1922 1923/2973/1923
f 1924/2974/1924 1925/2975/1925 1926/2976/1926
f 1927/2977/1927 1928/2978/1928 1929/2979/1929
f 1930/2980/1930 1931/2981/1931 1932/2982/1932
f 1933/2983/1933 1934/2984/1934 1935/2985/1935
f 1936/2986/1936 1937/2987/1937 1938/2988/1938
f 1939/2989/1939 1940/2990/1940 1941/2991/1941
f 1942/2992/1942 1943/2993/1943 1944/2994/1944
f 1945/2995/1945 1946/2996/1946 1947/2997/1947
f 1948/2998/1948 1949/2999/1949 1950/3000/1950
f 1951/3001/1951 1952/3002/1952 1953/3003/1953
f 1954/3004/1954 1955/3005/1955 1956/3006/1956
f 1957/3007/1957 1958/3008/1958 1959/3009/1959
f 1960/3010/1960 1961/3011/1961 1962/3012/1962
f 1963/3013/1963 1964/3014/1964 1965/3015/1965
f 1966/3016/1966 1967/3017/1967 1968/3018/1968
f 1969/3019/1969 1970/3020/1970 1971/3021/1971
f 1972/3022/1972 1973/3023/1973 1974/3024/1974
f 1975/3025/1975 1976/3026/1976 1977/3027/1977
f 1978/3028/1978 1979/3029/1979 1980/3030/1980
f 1981/3031/1981 1982/3032/1982 1983/3033/1983
f 1984/3034/1984 1985/3035/1985 1986/3036/1986
f 1987/3037/1987 1988/3038/1988 1989/3039/1989
f 1990/3040/1990 1991/3041/1991 1992/3042/1992
f 1993/3043/1993 1994/3044/1994 1995/3045/1995
f 1996/3046/1996 1997/3047/1997 1998/3048/1998
f 1999/3049/1999 2000/3050/2000 2001/3051/2001
f 2002/3052/2002 2003/3053/2003 2004/3054/2004
f 2005/3055/2005 2006/3056/2006 2007/3057/2007
f 2008/3058/2008 2009/3059/2009 2010/3060/2010
f 2011/3061/2011 2012/3062/2012 2013/3063/2013
f 2014/3064/2014 2015/3065/2015 2016/3066/2016
f 2017/3067/2017 2018/3068/2018 2019/3069/2019
f 2020/3070/2020 2021/3071/2021 2022/3072/2022
f 2023/3073/2023 2024/3074/2024 2025/3075/2025
f 2026/3076/2026 2027/3077/2027 2028/3078/2028
f 2029/3079/2029 2030/3080/2030 2031/3081/2031
f 2032/3082/2032 2033/3083/2033 2034/3084/2034
f 2035/3085/2035 2036/3086/2036 2037/3087/2037
f 2038/3088/2038 2039/3089/2039 2040/3090/2040
f 2041/3091/2041 2042/3092/2042 2043/3093/2043
f 2044/3094/2044 2045/3095/2045 2046/3096/2046
f 2047/3097/2047 2048/3098/2048 2049/3099/2049
f 2050/3100/2050 2051/3101/2051 2052/3102/2052
f 2053/3103/2053 2054/3104/2054 2055/3105/2055
f 2056/3106/2056 2057/3107/2057 2058/3108/2058
f 2059/3109/2059 2060/3110/2060 2061/3111/2061
f 2062/3112/2062 2063/3113/2063 2064/3114/2064
f 2065/3115/2065 2066/3116/2066 2067/3117/2067
f 2068/3118/2068 2069/3119/2069 2070/3120/2070
f 2071/3121/2071 2072/3122/2072 2073/3123/2073
f 2074/3124/2074 2075/3125/2075 2076/3126/2076
f 2077/3127/2077 2078/3128/2078 2079/3129/2079
f 2080/3130/2080 2081/3131/2081 2082/3132/2082
f 2083/3133/2083 2084/3134/2084 2085/3135/2085
f 2086/3136/2086 2087/3137/2087 2088/3138/2088
f 2089/3139/2089 2090/3140/2090 2091/3141/2091
f 2092/3142/2092 2093/3143/2093 2094/3144/2094
f 2095/3145/2095 2096/3146/2096 2097/3147/2097
f 2098/3148/2098 2099/3149/2099 2100/3150/2100
f 2101/3151/2101 2102/3152/2102 2103/3153/2103
f 2104/3154/2104 2105/3155/2105 2106/3156/2106
f 2107/3157/2107 2108/3158/2108 2109/3159/2109
f 2110/3160/2110 2111/3161/2111 2112/3162/2112
f 2113/3163/2113 2114/3164/2114 2115/3165/2115
f 2116/3166/2116 2117/3167/2117 2118/3168/2118
f 2119/3169/2119 2120/3170/2120 2121/3171/2121
f 2122/3172/2122 2123/3173/2123 2124/3174/2124
f 2125/3175/2125 2126/3176/2126 2127/3177/2127
f 2128/3178/2128 2129/3179/2129 2130/3180/2130
f 2131/3181/2131 2132/3182/2132 2133/3183/2133
f 2134/3184/2134 2135/3185/2135 2136/3186/2136
f 2137/3187/2137 2138/3188/2138 2139/3189/2139
f 2140/3190/2140 2141/3191/2141 2142/3192/2142
f 2143/3193/2143 2144/3194/2144 2145/3195/2145
f 2146/3196/2146 2147/3197/2147 2148/3198/2148
f 2149/3199/2149 2150/3200/2150 2151/3201/2151
f 2152/3202/2152 2153/3203/2153 2154/3204/2154
f 2155/3205/2155 2156/3206/2156 2157/3207/2157
f 2158/3208/2158 2159/3209/2159 2160/3210/2160
f 2161/3211/2161 2162/3212/2162 2163/3213/2163
f 2164/3214/2164 2165/3215/2165 2166/3216/2166
f 2167/3217/2167 2168/3218/2168 2169/3219/2169
f 2170/3220/2170 2171/3221/2171 2172/3222/2172
f 2173/3223/2173 2174/3224/2174 2175/3225/2175
f 2176/3226/2176 2177/3227/2177 2178/3228/2178
f 2179/3229/2179 2180/3230/2180 2181/3231/2181
f 2182/3232/2182 2183/3233/2183 2184/3234/2184
f 2185/3235/2185 2186/3236/2186 2187/3237/2187
f 2188/3238/2188 2189/3239/2189 2190/3240/2190
f 2191/3241/2191 2192/3242/2192 2193/3243/2193
f 2194/3244/2194 2195/3245/2195 2196/3246/2196
f 2197/3247/2197 2198/3248/2198 2199/3249/2199
f 2200/3250/2200 2201/3251/2201 2202/3252/2202
f 2203/3253/2203 2204/3254/2204 2205/3255/2205
f 2206/3256/2206 2207/3257/2207 2208/3258/2208
f 2209/3259/2209 2210/3260/2210 2211/3261/2211
f 2212/3262/2212 2213/3263/2213 2214/3264/2214
f 2215/3265/2215 2216/3266/2216 2217/3267/2217
f 2218/3268/2218 2219/3269/2219 2220/3270/2220
f 2221/3271/2221 2222/3272/2222 2223/3273/2223
f 2224/3274/2224 2225/3275/2225 2226/3276/2226
f 2227/3277/2227 2228/3278/2228 2229/3279/2229
f 2230/3280/2230 2231/3281/2231 2232/3282/2232
f 2233/3283/2233 2234/3284/2234 2235/3285/2235
f 2236/3286/2236 2237/3287/2237 2238/3288/2238
f 2239/3289/2239 2240/3290/2240 2241/3291/2241
f 2242/3292/2242 2243/3293/2243 2244/3294/2244
f 2245/3295/2245 2246/3296/2246 2247/3297/2247
f 2248/3298/2248 2249/3299/2249 2250/3300/2250
f 2251/3301/2251 2252/3302/2252 2253/3303/2253
f 2254/3304/2254 2255/3305/2255 2256/3306/2256
f 2257/3307/2257 2258/3308/2258 2259/3309/2259
f 2260/3310/2260 2261/3311/2261 2262/3312/2262
f 2263/3313/2263 2264/3314/2264 2265/3315/2265
f 2266/3316/2266 2267/3317/2267 2268/3318/2268
f 2269/3319/2269 2270/3320/2270 2271/3321/2271
f 2272/3322/2272 2273/3323/2273 2274/3324/2274
f 2275/3325/2275 2276/3326/2276 2277/3327/2277
f 2278/3328/2278 2279/3329/2279 2280/3330/2280
f 2281/3331/2281 2282/3332/2282 2283/3333/2283
f 2284/3334/2284 2285/3335/2285 2286/3336/2286
f 2287/3337/2287 2288/3338/2288 2289/3339/2289
f 2290/3340/2290 2291/3341/2291 2292/3342/2292
f 2293/3343/2293 2294/3344/2294 2295/3345/2295
f 2296/3346/2296 2297/3347/2297 2298/3348/2298
f 2299/3349/2299 2300/3350/2300 2301/3351/2301
f 2302/3352/2302 2303/3353/2303 2304/3354/2304
f 2305/3355/2305 2306/3356/2306 2307/3357/2307
f 2308/3358/2308 2309/3359/2309 2310/3360/2310
f 2311/3361/2311 2312/3362/2312 2313/3363/2313
f 2314/3364/2314 2315/3365/2315 2316/3366/2316
f 2317/3367/2317 2318/3368/2318 2319/3369/2319
f 2320/3370/2320 2321/3371/2321 2322/3372/2322
f 2323/3373/2323 2324/3374/2324 2325/3375/2325
f 2326/3376/2326 2327/3377/2327 2328/3378/2328
f 2329/3379/2329 2330/3380/2330 2331/3381/2331
f 2332/3382/2332 2333/3383/2333 2334/3384/2334
f 2335/3385/2335 2336/3386/2336 2337/3387/2337
f 2338/3388/2338 2339/3389/2339 2340/3390/2340
f 2341/3391/2341 2342/3392/2342 2343/3393/2343
f 2344/3394/2344 2345/3395/2345 2346/3396/2346
f 2347/3397/2347 2348/3398/2348 2349/3399/2349
f 2350/3400/2350 2351/3401/2351 2352/3402/2352
f 2353/3403/2353 2354/3404/2354 2355/3405/2355
f 2356/3406/2356 2357/3407/2357 2358/3408/2358
f 2359/3409/2359 2360/3410/2360 2361/3411/2361
f 2362/3412/2362 2363/3413/2363 2364/3414/2364
f 2365/3415/2365 2366/3416/2366 2367/3417/2367
f 2368/3418/2368 2369/3419/2369 2370/3420/2370
f 2371/3421/2371 2372/3422/2372 2373/3423/2373
f 2374/3424/2374 2375/3425/2375 2376/3426/2376
f 2377/3427/2377 2378/3428/2378 2379/3429/2379
f 2380/3430/2380 2381/3431/2381 2382/3432/2382
f 2383/3433/2383 2384/3434/2384 2385/3435/2385
f 2386/3436/2386 2387/3437/2387 2388/3438/2388
f 2389/3439/2389 2390/3440/2390 2391/3441/2391
f 2392/3442/2392 2393/3443/2393 2394/3444/2394
f 2395/3445/2395 2396/3446/2396 2397/3447/2397
f 2398/3448/2398 2399/3449/2399 2400/3450/2400
f 2401/3451/2401 2402/3452/2402 2403/3453/2403
f 2404/3454/2404 2405/3455/2405 2406/3456/2406
f 2407/3457/2407 2408/3458/2408 2409/3459/2409
f 2410/3460/2410 2411/3461/2411 2412/3462/2412
f 2413/3463/2413 2414/3464/2414 2415/3465/2415
f 2416/3466/2416 2417/3467/2417 2418/3468/2418
f 2419/3469/2419 2420/3470/2420 2421/3471/2421
f 2422/3472/2422 2423/3473/2423 2424/3474/2424
f 2425/3475/2425 2426/3476/2426 2427/3477/2427
f 2428/3478/2428 2429/3479/2429 2430/3480/2430
f 2431/3481/2431 2432/3482/2432 2433/3483/2433
f 2434/3484/2434 2435/3485/2435 2436/3486/2436
f 2437/3487/2437 2438/3488/2438 2439/3489/2439
f 2440/3490/2440 2441/3491/2441 2442/3492/2442
f 2443/3493/2443 2444/3494/2444 2445/3495/2445
f 2446/3496/2446 2447/3497/2447 2448/3498/2448
f 2449/3499/2449 2450/3500/2450 2451/3501/2451
f 2452/3502/2452 2453/3503/2453 2454/3504/2454
f 2455/3505/2455 2456/3506/2456 2457/3507/2457
f 2458/3508/2458 2459/3509/2459 2460/3510/2460
f 2461/3511/2461 2462/3512/2462 2463/3513/2463
f 2464/3514/2464 2465/3515/2465 2466/3516/2466
f 2467/3517/2467 2468/3518/2468 2469/3519/2469
f 2470/3520/2470 2471/3521/2471 2472/3522/2472
f 2473/3523/2473 2474/3524/2474 2475/3525/2475
f 2476/3526/2476 2477/3527/2477 2478/3528/2478
f 2479/3529/2479 2480/3530/2480 2481/3531/2481
f 2482/3532/2482 2483/3533/2483 2484/3534/2484
f 2485/3535/2485 2486/3536/2486 2487/3537/2487
f 2488/3538/2488 2489/3539/2489 2490/3540/2490
f 2491/3541/2491 2492/3542/2492 2493/3543/2493
f 2494/3544/2494 2495/3545/2495 2496/3546/2496
f 2497/3547/2497 2498/3548/2498 2499/3549/2499
f 2500/3550/2500 2501/3551/2501 2502/3552/2502
f 2505/3555/2505 2504/3554/2504 2503/3553/2503
f 2508/3558/2508 2507/3557/2507 2506/3556/2506
f 2511/3561/2511 2510/3560/2510 2509/3559/2509
f 2514/3564/2514 2513/3563/2513 2512/3562/2512
f 2517/3567/2517 2516/3566/2516 2515/3565/2515
f 2520/3570/2520 2519/3569/2519 2518/3568/2518
f 2523/3573/2523 2522/3572/2522 2521/3571/2521
f 2526/3576/2526 2525/3575/2525 2524/3574/2524
f 2529/3579/2529 2528/3578/2528 2527/3577/2527
f 2532/3582/2532 2531/3581/2531 2530/3580/2530
f 2535/3585/2535 2534/3584/2534 2533/3583/2533
f 2538/3588/2538 2537/3587/2537 2536/3586/2536
f 2541/3591/2541 2540/3590/2540 2539/3589/2539
f 2544/3594/2544 2543/3593/2543 2542/3592/2542
f 2547/3597/2547 2546/3596/2546 2545/3595/2545
f 2550/3600/2550 2549/3599/2549 2548/3598/2548
f 2553/3603/2553 2552/3602/2552 2551/3601/2551
f 2556/3606/2556 2555/3605/2555 2554/3604/2554
f 2559/3609/2559 2558/3608/2558 2557/3607/2557
f 2562/3612/2562 2561/3611/2561 2560/3610/2560
f 2565/3615/2565 2564/3614/2564 2563/3613/2563
f 2568/3618/2568 2567/3617/2567 2566/3616/2566
f 2571/3621/2571 2570/3620/2570 2569/3619/2569
f 2574/3624/2574 2573/3623/2573 2572/3622/2572
f 2577/3627/2577 2576/3626/2576 2575/3625/2575
f 2580/3630/2580 2579/3629/2579 2578/3628/2578
f 2583/3633/2583 2582/3632/2582 2581/3631/2581
f 2586/3636/2586 2585/3635/2585 2584/3634/2584
f 2589/3639/2589 2588/3638/2588 2587/3637/2587
f 2592/3642/2592 2591/3641/2591 2590/3640/2590
f 2595/3645/2595 2594/3644/2594 2593/3643/2593
f 2598/3648/2598 2597/3647/2597 2596/3646/2596
f 2601/3651/2601 2600/3650/2600 2599/3649/2599
f 2604/3654/2604 2603/3653/2603 2602/3652/2602
f 2607/3657/2607 2606/3656/2606 2605/3655/2605
f 2610/3660/2610 2609/3659/2609 2608/3658/2608
f 2613/3663/2613 2612/3662/2612 2611/3661/2611
f 2616/3666/2616 2615/3665/2615 2614/3664/2614
f 2619/3669/2619 2618/3668/2618 2617/3667/2617
f 2622/3672/2622 2621/3671/2621 2620/3670/2620
f 2625/3675/2625 2624/3674/2624 2623/3673/2623
f 2628/3678/2628 2627/3677/2627 2626/3676/2626
f 2631/3681/2631 2630/3680/2630 2629/3679/2629
f 2634/3684/2634 2633/3683/2633 2632/3682/2632
f 2637/3687/2637 2636/3686/2636 2635/3685/2635
f 2640/3690/2640 2639/3689/2639 2638/3688/2638
f 2643/3693/2643 2642/3692/2642 2641/3691/2641
f 2646/3696/2646 2645/3695/2645 2644/3694/2644
f 2649/3699/2649 2648/3698/2648 2647/3697/2647
f 2652/3702/2652 2651/3701/2651 2650/3700/2650
f 2655/3705/2655 2654/3704/2654 2653/3703/2653
f 2658/3708/2658 2657/3707/2657 2656/3706/2656
f 2661/3711/2661 2660/3710/2660 2659/3709/2659
f 2664/3714/2664 2663/3713/2663 2662/3712/2662
f 2667/3717/2667 2666/3716/2666 2665/3715/2665
f 2670/3720/2670 2669/3719/2669 2668/3718/2668
f 2673/3723/2673 2672/3722/2672 2671/3721/2671
f 2676/3726/2676 2675/3725/2675 2674/3724/2674
f 2679/3729/2679 2678/3728/2678 2677/3727/2677
f 2682/3732/2682 2681/3731/2681 2680/3730/2680
f 2685/3735/2685 2684/3734/2684 2683/3733/2683
f 2688/3738/2688 2687/3737/2687 2686/3736/2686
f 2691/3741/2691 2690/3740/2690 2689/3739/2689
f 2694/3744/2694 2693/3743/2693 2692/3742/2692
f 2697/3747/2697 2696/3746/2696 2695/3745/2695
f 2700/3750/2700 2699/3749/2699 2698/3748/2698
f 2703/3753/2703 2702/3752/2702 2701/3751/2701
f 2706/3756/2706 2705/3755/2705 2704/3754/2704
f 2709/3759/2709 2708/3758/2708 2707/3757/2707
f 2712/3762/2712 2711/3761/2711 2710/3760/2710
f 2715/3765/2715 2714/3764/2714 2713/3763/2713
f 2718/3768/2718 2717/3767/2717 2716/3766/2716
f 2721/3771/2721 2720/3770/2720 2719/3769/2719
f 2724/3774/2724 2723/3773/2723 2722/3772/2722
f 2727/3777/2727 2726/3776/2726 2725/3775/2725
f 2730/3780/2730 2729/3779/2729 2728/3778/2728
f 2733/3783/2733 2732/3782/2732 2731/3781/2731
f 2736/3786/2736 2735/3785/2735 2734/3784/2734
f 2739/3789/2739 2738/3788/2738 2737/3787/2737
f 2742/3792/2742 2741/3791/2741 2740/3790/2740
f 2745/3795/2745 2744/3794/2744 2743/3793/2743
f 2748/3798/2748 2747/3797/2747 2746/3796/2746
f 2751/3801/2751 2750/3800/2750 2749/3799/2749
f 2754/3804/2754 2753/3803/2753 2752/3802/2752
f 2757/3807/2757 2756/3806/2756 2755/3805/2755
f 2760/3810/2760 2759/3809/2759 2758/3808/2758
f 2763/3813/2763 2762/3812/2762 2761/3811/2761
f 2766/3816/2766 2765/3815/2765 2764/3814/2764
f 2769/3819/2769 2768/3818/2768 2767/3817/2767
f 2772/3822/2772 2771/3821/2771 2770/3820/2770
f 2775/3825/2775 2774/3824/2774 2773/3823/2773
f 2778/3828/2778 2777/3827/2777 2776/3826/2776
f 2781/3831/2781 2780/3830/2780 2779/3829/2779
f 2784/3834/2784 2783/3833/2783 2782/3832/2782
f 2787/3837/2787 2786/3836/2786 2785/3835/2785
f 2790/3840/2790 2789/3839/2789 2788/3838/2788
f 2793/3843/2793 2792/3842/2792 2791/3841/2791
f 2796/3846/2796 2795/3845/2795 2794/3844/2794
f 2799/3849/2799 2798/3848/2798 2797/3847/2797
f 2802/3852/2802 2801/3851/2801 2800/3850/2800
f 2805/3855/2805 2804/3854/2804 2803/3853/2803
f 2808/3858/2808 2807/3857/2807 2806/3856/2806
f 2811/3861/2811 2810/3860/2810 2809/3859/2809
f 2814/3864/2814 2813/3863/2813 2812/3862/2812
f 2817/3867/2817 2816/3866/2816 2815/3865/2815
f 2820/3870/2820 2819/3869/2819 2818/3868/2818
f 2823/3873/2823 2822/3872/2822 2821/3871/2821
f 2826/3876/2826 2825/3875/2825 2824/3874/2824
f 2829/3879/2829 2828/3878/2828 2827/3877/2827
f 2832/3882/2832 2831/3881/2831 2830/3880/2830
f 2835/3885/2835 2834/3884/2834 2833/3883/2833
f 2838/3888/2838 2837/3887/2837 2836/3886/2836
f 2841/3891/2841 2840/3890/2840 2839/3889/2839
f 2844/3894/2844 2843/3893/2843 2842/3892/2842
f 2847/3897/2847 2846/3896/2846 2845/3895/2845
f 2850/3900/2850 2849/3899/2849 2848/3898/2848
f 2853/3903/2853 2852/3902/2852 2851/3901/2851
f 2856/3906/2856 2855/3905/2855 2854/3904/2854
f 2859/3909/2859 2858/3908/2858 2857/3907/2857
f 2862/3912/2862 2861/3911/2861 2860/3910/2860
f 2865/3915/2865 2864/3914/2864 2863/3913/2863
f 2868/3918/2868 2867/3917/2867 2866/3916/2866
f 2871/3921/2871 2870/3920/2870 2869/3919/2869
f 2874/3924/2874 2873/3923/2873 2872/3922/2872
f 2877/3927/2877 2876/3926/2876 2875/3925/2875
f 2880/3930/2880 2879/3929/2879 2878/3928/2878
f 2883/3933/2883 2882/3932/2882 2881/3931/2881
f 2886/3936/2886 2885/3935/2885 2884/3934/2884
f 2889/3939/2889 2888/3938/2888 2887/3937/2887
f 2892/3942/2892 2891/3941/2891 2890/3940/2890
f 2895/3945/2895 2894/3944/2894 2893/3943/2893
f 2898/3948/2898 2897/3947/2897 2896/3946/2896
f 2901/3951/2901 2900/3950/2900 2899/3949/2899
f 2904/3954/2904 2903/3953/2903 2902/3952/2902
f 2907/3957/2907 2906/3956/2906 2905/3955/2905
f 2910/3960/2910 2909/3959/2909 2908/3958/2908
f 2913/3963/2913 2912/3962/2912 2911/3961/2911
f 2916/3966/2916 2915/3965/2915 2914/3964/2914
f 2919/3969/2919 2918/3968/2918 2917/3967/2917
f 2922/3972/2922 2921/3971/2921 2920/3970/2920
f 2925/3975/2925 2924/3974/2924 2923/3973/2923
f 2928/3978/2928 2927/3977/2927 2926/3976/2926
f 2931/3981/2931 2930/3980/2930 2929/3979/2929
f 2934/3984/2934 2933/3983/2933 2932/3982/2932
f 2937/3987/2937 2936/3986/2936 2935/3985/2935
f 2940/3990/2940 2939/3989/2939 2938/3988/2938
f 2943/3993/2943 2942/3992/2942 2941/3991/2941
f 2946/3996/2946 2945/3995/2945 2944/3994/2944
f 2949/3999/2949 2948/3998/2948 2947/3997/2947
f 2952/4002/2952 2951/4001/2951 2950/4000/2950
f 2955/4005/2955 2954/4004/2954 2953/4003/2953
f 2958/4008/2958 2957/4007/2957 2956/4006/2956
f 2961/4011/2961 2960/4010/2960 2959/4009/2959
f 2964/4014/2964 2963/4013/2963 2962/4012/2962
f 2967/4017/2967 2966/4016/2966 2965/4015/2965
f 2970/4020/2970 2969/4019/2969 2968/4018/2968
f 2973/4023/2973 2972/4022/2972 2971/4021/2971
f 2976/4026/2976 2975/4025/2975 2974/4024/2974
f 2979/4029/2979 2978/4028/2978 2977/4027/2977
f 2982/4032/2982 2981/4031/2981 2980/4030/2980
f 2985/4035/2985 2984/4034/2984 2983/4033/2983
f 2988/4038/2988 2987/4037/2987 2986/4036/2986
f 2991/4041/2991 2990/4040/2990 2989/4039/2989
f 2994/4044/2994 2993/4043/2993 2992/4042/2992
f 2997/4047/2997 2996/4046/2996 2995/4045/2995
f 3000/4050/3000 2999/4049/2999 2998/4048/2998
f 3003/4053/3003 3002/4052/3002 3001/4051/3001
f 3006/4056/3006 3005/4055/3005 3004/4054/3004
f 3009/4059/3009 3008/4058/3008 3007/4057/3007
f 3012/4062/3012 3011/4061/3011 3010/4060/3010
f 3015/4065/3015 3014/4064/3014 3013/4063/3013
f 3018/4068/3018 3017/4067/3017 3016/4066/3016
f 3021/4071/3021 3020/4070/3020 3019/4069/3019
f 3024/4074/3024 3023/4073/3023 3022/4072/3022
f 3027/4077/3027 3026/4076/3026 3025/4075/3025
f 3030/4080/3030 3029/4079/3029 3028/4078/3028
f 3033/4083/3033 3032/4082/3032 3031/4081/3031
f 3036/4086/3036 3035/4085/3035 3034/4084/3034
f 3039/4089/3039 3038/4088/3038 3037/4087/3037
f 3042/4092/3042 3041/4091/3041 3040/4090/3040
f 3045/4095/3045 3044/4094/3044 3043/4093/3043
f 3048/4098/3048 3047/4097/3047 3046/4096/3046
f 3051/4101/3051 3050/4100/3050 3049/4099/3049
f 3054/4104/3054 3053/4103/3053 3052/4102/3052
f 3057/4107/3057 3056/4106/3056 3055/4105/3055
f 3060/4110/3060 3059/4109/3059 3058/4108/3058
f 3063/4113/3063 3062/4112/3062 3061/4111/3061
f 3066/4116/3066 3065/4115/3065 3064/4114/3064
f 3069/4119/3069 3068/4118/3068 3067/4117/3067
f 3072/4122/3072 3071/4121/3071 3070/4120/3070
f 3075/4125/3075 3074/4124/3074 3073/4123/3073
f 3078/4128/3078 3077/4127/3077 3076/4126/3076
f 3081/4131/3081 3080/4130/3080 3079/4129/3079
f 3084/4134/3084 3083/4133/3083 3082/4132/3082
f 3087/4137/3087 3086/4136/3086 3085/4135/3085
f 3090/4140/3090 3089/4139/3089 3088/4138/3088
f 3093/4143/3093 3092/4142/3092 3091/4141/3091
f 3096/4146/3096 3095/4145/3095 3094/4144/3094
f 3099/4149/3099 3098/4148/3098 3097/4147/3097
f 3102/4152/3102 3101/4151/3101 3100/4150/3100
f 3105/4155/3105 3104/4154/3104 3103/4153/3103
f 3108/4158/3108 3107/4157/3107 3106/4156/3106
f 3111/4161/3111 3110/4160/3110 3109/4159/3109
f 3114/4164/3114 3113/4163/3113 3112/4162/3112
f 3117/4167/3117 3116/4166/3116 3115/4165/3115
f 3120/4170/3120 3119/4169/3119 3118/4168/3118
f 3123/4173/3123 3122/4172/3122 3121/4171/3121
f 3126/4176/3126 3125/4175/3125 3124/4174/3124
f 3129/4179/3129 3128/4178/3128 3127/4177/3127
f 3132/4182/3132 3131/4181/3131 3130/4180/3130
f 3135/4185/3135 3134/4184/3134 3133/4183/3133
f 3138/4188/3138 3137/4187/3137 3136/4186/3136
f 3141/4191/3141 3140/4190/3140 3139/4189/3139
f 3144/4194/3144 3143/4193/3143 3142/4192/3142
f 3147/4197/3147 3146/4196/3146 3145/4195/3145
f 3150/4200/3150 3149/4199/3149 3148/4198/3148
f 3153/4203/3153 3152/4202/3152 3151/4201/3151
f 3156/4206/3156 3155/4205/3155 3154/4204/3154
f 3159/4209/3159 3158/4208/3158 3157/4207/3157
f 3162/4212/3162 3161/4211/3161 3160/4210/3160
f 3165/4215/3165 3164/4214/3164 3163/4213/3163
f 3168/4218/3168 3167/4217/3167 3166/4216/3166
f 3171/4221/3171 3170/4220/3170 3169/4219/3169
f 3174/4224/3174 3173/4223/3173 3172/4222/3172
f 3177/4227/3177 3176/4226/3176 3175/4225/3175
f 3180/4230/3180 3179/4229/3179 3178/4228/3178
f 3183/4233/3183 3182/4232/3182 3181/4231/3181
f 3186/4236/3186 3185/4235/3185 3184/4234/3184
f 3189/4239/3189 3188/4238/3188 3187/4237/3187
f 3192/4242/3192 3191/4241/3191 3190/4240/3190
f 3195/4245/3195 3194/4244/3194 3193/4243/3193
f 3198/4248/3198 3197/4247/3197 3196/4246/3196
f 3201/4251/3201 3200/4250/3200 3199/4249/3199
f 3204/4254/3204 3203/4253/3203 3202/4252/3202
f 3207/4257/3207 3206/4256/3206 3205/4255/3205
f 3210/4260/3210 3209/4259/3209 3208/4258/3208
f 3213/4263/3213 3212/4262/3212 3211/4261/3211
f 3216/4266/3216 3215/4265/3215 3214/4264/3214
f 3219/4269/3219 3218/4268/3218 3217/4267/3217
f 3222/4272/3222 3221/4271/3221 3220/4270/3220
f 3225/4275/3225 3224/4274/3224 3223/4273/3223
f 3228/4278/3228 3227/4277/3227 3226/4276/3226
f 3231/4281/3231 3230/4280/3230 3229/4279/3229
f 3234/4284/3234 3233/4283/3233 3232/4282/3232
f 3237/4287/3237 3236/4286/3236 3235/4285/3235
f 3240/4290/3240 3239/4289/3239 3238/4288/3238
f 3243/4293/3243 3242/4292/3242 3241/4291/3241
f 3246/4296/3246 3245/4295/3245 3244/4294/3244
f 3249/4299/3249 3248/4298/3248 3247/4297/3247
f 3252/4302/3252 3251/4301/3251 3250/4300/3250
f 3255/4305/3255 3254/4304/3254 3253/4303/3253
f 3258/4308/3258 3257/4307/3257 3256/4306/3256
f 3261/4311/3261 3260/4310/3260 3259/4309/3259
f 3264/4314/3264 3263/4313/3263 3262/4312/3262
f 3267/4317/3267 3266/4316/3266 3265/4315/3265
f 3270/4320/3270 3269/4319/3269 3268/4318/3268
f 3273/4323/3273 3272/4322/3272 3271/4321/3271
f 3276/4326/3276 3275/4325/3275 3274/4324/3274
f 3279/4329/3279 3278/4328/3278 3277/4327/3277
f 3282/4332/3282 3281/4331/3281 3280/4330/3280
f 3285/4335/3285 3284/4334/3284 3283/4333/3283
f 3288/4338/3288 3287/4337/3287 3286/4336/3286
f 3291/4341/3291 3290/4340/3290 3289/4339/3289
f 3294/4344/3294 3293/4343/3293 3292/4342/3292
f 3297/4347/3297 3296/4346/3296 3295/4345/3295
f 3300/4350/3300 3299/4349/3299 3298/4348/3298
f 3303/4353/3303 3302/4352/3302 3301/4351/3301
f 3306/4356/3306 3305/4355/3305 3304/4354/3304
f 3309/4359/3309 3308/4358/3308 3307/4357/3307
f 3312/4362/3312 3311/4361/3311 3310/4360/3310
f 3315/4365/3315 3314/4364/3314 3313/4363/3313
f 3318/4368/3318 3317/4367/3317 3316/4366/3316
f 3321/4371/3321 3320/4370/3320 3319/4369/3319
f 3324/4374/3324 3323/4373/3323 3322/4372/3322
f 3327/4377/3327 3326/4376/3326 3325/4375/3325
f 3330/4380/3330 3329/4379/3329 3328/4378/3328
f 3333/4383/3333 3332/4382/3332 3331/4381/3331
f 3336/4386/3336 3335/4385/3335 3334/4384/3334
f 3339/4389/3339 3338/4388/3338 3337/4387/3337
f 3342/4392/3342 3341/4391/3341 3340/4390/3340
f 3345/4395/3345 3344/4394/3344 3343/4393/3343
f 3348/4398/3348 3347/4397/3347 3346/4396/3346
f 3351/4401/3351 3350/4400/3350 3349/4399/3349
f 3354/4404/3354 3353/4403/3353 3352/4402/3352
f 3357/4407/3357 3356/4406/3356 3355/4405/3355
f 3360/4410/3360 3359/4409/3359 3358/4408/3358
f 3363/4413/3363 3362/4412/3362 3361/4411/3361
f 3366/4416/3366 3365/4415/3365 3364/4414/3364
f 3369/4419/3369 3368/4418/3368 3367/4417/3367
f 3372/4422/3372 3371/4421/3371 3370/4420/3370
f 3375/4425/3375 3374/4424/3374 3373/4423/3373
f 3378/4428/3378 3377/4427/3377 3376/4426/3376
f 3381/4431/3381 3380/4430/3380 3379/4429/3379
f 3384/4434/3384 3383/4433/3383 3382/4432/3382
f 3387/4437/3387 3386/4436/3386 3385/4435/3385
f 3390/4440/3390 3389/4439/3389 3388/4438/3388
f 3393/4443/3393 3392/4442/3392 3391/4441/3391
f 3396/4446/3396 3395/4445/3395 3394/4444/3394
f 3399/4449/3399 3398/4448/3398 3397/4447/3397
f 3402/4452/3402 3401/4451/3401 3400/4450/3400
f 3405/4455/3405 3404/4454/3404 3403/4453/3403
f 3408/4458/3408 3407/4457/3407 3406/4456/3406
f 3411/4461/3411 3410/4460/3410 3409/4459/3409
f 3414/4464/3414 3413/4463/3413 3412/4462/3412
f 3417/4467/3417 3416/4466/3416 3415/4465/3415
f 3420/4470/3420 3419/4469/3419 3418/4468/3418
f 3423/4473/3423 3422/4472/3422 3421/4471/3421
f 3426/4476/3426 3425/4475/3425 3424/4474/3424
f 3429/4479/3429 3428/4478/3428 3427/4477/3427
f 3432/4482/3432 3431/4481/3431 3430/4480/3430
f 3435/4485/3435 3434/4484/3434 3433/4483/3433
f 3438/4488/3438 3437/4487/3437 3436/4486/3436
f 3441/4491/3441 3440/4490/3440 3439/4489/3439
f 3444/4494/3444 3443/4493/3443 3442/4492/3442
f 3447/4497/3447 3446/4496/3446 3445/4495/3445
f 3450/4500/3450 3449/4499/3449 3448/4498/3448
f 3453/4503/3453 3452/4502/3452 3451/4501/3451
f 3456/4506/3456 3455/4505/3455 3454/4504/3454
f 3459/4509/3459 3458/4508/3458 3457/4507/3457
f 3462/4512/3462 3461/4511/3461 3460/4510/3460
f 3465/4515/3465 3464/4514/3464 3463/4513/3463
f 3468/4518/3468 3467/4517/3467 3466/4516/3466
f 3471/4521/3471 3470/4520/3470 3469/4519/3469
f 3474/4524/3474 3473/4523/3473 3472/4522/3472
f 3477/4527/3477 3476/4526/3476 3475/4525/3475
f 3480/4530/3480 3479/4529/3479 3478/4528/3478
f 3483/4533/3483 3482/4532/3482 3481/4531/3481
f 3486/4536/3486 3485/4535/3485 3484/4534/3484
f 3489/4539/3489 3488/4538/3488 3487/4537/3487
f 3492/4542/3492 3491/4541/3491 3490/4540/3490
f 3495/4545/3495 3494/4544/3494 3493/4543/3493
f 3498/4548/3498 3497/4547/3497 3496/4546/3496
f 3501/4551/3501 3500/4550/3500 3499/4549/3499
f 3504/4554/3504 3503/4553/3503 3502/4552/3502
f 3507/4557/3507 3506/4556/3506 3505/4555/3505
f 3510/4560/3510 3509/4559/3509 3508/4558/3508
f 3513/4563/3513 3512/4562/3512 3511/4561/3511
f 3516/4566/3516 3515/4565/3515 3514/4564/3514
f 3519/4569/3519 3518/4568/3518 3517/4567/3517
f 3522/4572/3522 3521/4571/3521 3520/4570/3520
f 3525/4575/3525 3524/4574/3524 3523/4573/3523
f 3528/4578/3528 3527/4577/3527 3526/4576/3526
f 3531/4581/3531 3530/4580/3530 3529/4579/3529
f 3534/4584/3534 3533/4583/3533 3532/4582/3532
f 3537/4587/3537 3536/4586/3536 3535/4585/3535
f 3540/4590/3540 3539/4589/3539 3538/4588/3538
f 3543/4593/3543 3542/4592/3542 3541/4591/3541
f 3546/4596/3546 3545/4595/3545 3544/4594/3544
f 3549/4599/3549 3548/4598/3548 3547/4597/3547
f 3552/4602/3552 3551/4601/3551 3550/4600/3550
f 3555/4605/3555 3554/4604/3554 3553/4603/3553
f 3558/4608/3558 3557/4607/3557 3556/4606/3556
f 3561/4611/3561 3560/4610/3560 3559/4609/3559
f 3564/4614/3564 3563/4613/3563 3562/4612/3562
f 3567/4617/3567 3566/4616/3566 3565/4615/3565
f 3570/4620/3570 3569/4619/3569 3568/4618/3568
f 3573/4623/3573 3572/4622/3572 3571/4621/3571
f 3576/4626/3576 3575/4625/3575 3574/4624/3574
f 3579/4629/3579 3578/4628/3578 3577/4627/3577
f 3582/4632/3582 3581/4631/3581 3580/4630/3580
f 3585/4635/3585 3584/4634/3584 3583/4633/3583
f 3588/4638/3588 3587/4637/3587 3586/4636/3586
f 3591/4641/3591 3590/4640/3590 3589/4639/3589
f 3594/4644/3594 3593/4643/3593 3592/4642/3592
f 3597/4647/3597 3596/4646/3596 3595/4645/3595
f 3600/4650/3600 3599/4649/3599 3598/4648/3598
f 3603/4653/3603 3602/4652/3602 3601/4651/3601
f 3606/4656/3606 3605/4655/3605 3604/4654/3604
f 3609/4659/3609 3608/4658/3608 3607/4657/3607
f 3612/4662/3612 3611/4661/3611 3610/4660/3610
f 3615/4665/3615 3614/4664/3614 3613/4663/3613
f 3618/4668/3618 3617/4667/3617 3616/4666/3616
f 3621/4671/3621 3620/4670/3620 3619/4669/3619
f 3624/4674/3624 3623/4673/3623 3622/4672/3622
f 3627/4677/3627 3626/4676/3626 3625/4675/3625
f 3630/4680/3630 3629/4679/3629 3628/4678/3628
f 3633/4683/3633 3632/4682/3632 3631/4681/3631
f 3636/4686/3636 3635/4685/3635 3634/4684/3634
f 3639/4689/3639 3638/4688/3638 3637/4687/3637
f 3642/4692/3642 3641/4691/3641 3640/4690/3640
f 3645/4695/3645 3644/4694/3644 3643/4693/3643
f 3648/4698/3648 3647/4697/3647 3646/4696/3646
f 3651/4701/3651 3650/4700/3650 3649/4699/3649
f 3654/4704/3654 3653/4703/3653 3652/4702/3652
f 3657/4707/3657 3656/4706/3656 3655/4705/3655
f 3660/4710/3660 3659/4709/3659 3658/4708/3658
f 3663/4713/3663 3662/4712/3662 3661/4711/3661
f 3666/4716/3666 3665/4715/3665 3664/4714/3664
f 3669/4719/3669 3668/4718/3668 3667/4717/3667
f 3672/4722/3672 3671/4721/3671 3670/4720/3670
f 3675/4725/3675 3674/4724/3674 3673/4723/3673
f 3678/4728/3678 3677/4727/3677 3676/4726/3676
f 3681/4731/3681 3680/4730/3680 3679/4729/3679
f 3684/4734/3684 3683/4733/3683 3682/4732/3682
f 3687/4737/3687 3686/4736/3686 3685/4735/3685
f 3690/4740/3690 3689/4739/3689 3688/4738/3688
f 3693/4743/3693 3692/4742/3692 3691/4741/3691
f 3696/4746/3696 3695/4745/3695 3694/4744/3694
f 3699/4749/3699 3698/4748/3698 3697/4747/3697
f 3702/4752/3702 3701/4751/3701 3700/4750/3700
f 3705/4755/3705 3704/4754/3704 3703/4753/3703
f 3708/4758/3708 3707/4757/3707 3706/4756/3706
f 3711/4761/3711 3710/4760/3710 3709/4759/3709
f 3714/4764/3714 3713/4763/3713 3712/4762/3712
f 3717/4767/3717 3716/4766/3716 3715/4765/3715
f 3720/4770/3720 3719/4769/3719 3718/4768/3718
f 3723/4773/3723 3722/4772/3722 3721/4771/3721
f 3726/4776/3726 3725/4775/3725 3724/4774/3724
f 3729/4779/3729 3728/4778/3728 3727/4777/3727
f 3732/4782/3732 3731/4781/3731 3730/4780/3730
f 3735/4785/3735 3734/4784/3734 3733/4783/3733
f 3738/4788/3738 3737/4787/3737 3736/4786/3736
f 3741/4791/3741 3740/4790/3740 3739/4789/3739
f 3744/4794/3744 3743/4793/3743 3742/4792/3742
f 3747/4797/3747 3746/4796/3746 3745/4795/3745
f 3750/4800/3750 3749/4799/3749 3748/4798/3748
f 3753/4803/3753 3752/4802/3752 3751/4801/3751
f 3756/4806/3756 3755/4805/3755 3754/4804/3754
f 3759/4809/3759 3758/4808/3758 3757/4807/3757
f 3762/4812/3762 3761/4811/3761 3760/4810/3760
f 3765/4815/3765 3764/4814/3764 3763/4813/3763
f 3768/4818/3768 3767/4817/3767 3766/4816/3766
f 3771/4821/3771 3770/4820/3770 3769/4819/3769
f 3774/4824/3774 3773/4823/3773 3772/4822/3772
f 3777/4827/3777 3776/4826/3776 3775/4825/3775
f 3780/4830/3780 3779/4829/3779 3778/4828/3778
f 3783/4833/3783 3782/4832/3782 3781/4831/3781
f 3786/4836/3786 3785/4835/3785 3784/4834/3784
f 3789/4839/3789 3788/4838/3788 3787/4837/3787
f 3792/4842/3792 3791/4841/3791 3790/4840/3790
f 3795/4845/3795 3794/4844/3794 3793/4843/3793
f 3798/4848/3798 3797/4847/3797 3796/4846/3796
f 3801/4851/3801 3800/4850/3800 3799/4849/3799
f 3804/4854/3804 3803/4853/3803 3802/4852/3802
f 3807/4857/3807 3806/4856/3806 3805/4855/3805
f 3810/4860/3810 3809/4859/3809 3808/4858/3808
f 3813/4863/3813 3812/4862/3812 3811/4861/3811
f 3816/4866/3816 3815/4865/3815 3814/4864/3814
f 3819/4869/3819 3818/4868/3818 3817/4867/3817
f 3822/4872/3822 3821/4871/3821 3820/4870/3820
f 3825/4875/3825 3824/4874/3824 3823/4873/3823
f 3828/4878/3828 3827/4877/3827 3826/4876/3826
f 3831/4881/3831 3830/4880/3830 3829/4879/3829
f 3834/4884/3834 3833/4883/3833 3832/4882/3832
f 3837/4887/3837 3836/4886/3836 3835/4885/3835
f 3840/4890/3840 3839/4889/3839 3838/4888/3838
f 3843/4893/3843 3842/4892/3842 3841/4891/3841
f 3846/4896/3846 3845/4895/3845 3844/4894/3844
f 3849/4899/3849 3848/4898/3848 3847/4897/3847
f 3852/4902/3852 3851/4901/3851 3850/4900/3850
f 3855/4905/3855 3854/4904/3854 3853/4903/3853
f 3858/4908/3858 3857/4907/3857 3856/4906/3856
f 3861/4911/3861 3860/4910/3860 3859/4909/3859
f 3864/4914/3864 3863/4913/3863 3862/4912/3862
f 3867/4917/3867 3866/4916/3866 3865/4915/3865
f 3870/4920/3870 3869/4919/3869 3868/4918/3868
f 3873/4923/3873 3872/4922/3872 3871/4921/3871
f 3876/4926/3876 3875/4925/3875 3874/4924/3874
f 3879/4929/3879 3878/4928/3878 3877/4927/3877
f 3882/4932/3882 3881/4931/3881 3880/4930/3880
f 3885/4935/3885 3884/4934/3884 3883/4933/3883
f 3888/4938/3888 3887/4937/3887 3886/4936/3886
f 3891/4941/3891 3890/4940/3890 3889/4939/3889
f 3894/4944/3894 3893/4943/3893 3892/4942/3892
f 3897/4947/3897 3896/4946/3896 3895/4945/3895
f 3900/4950/3900 3899/4949/3899 3898/4948/3898
f 3903/4953/3903 3902/4952/3902 3901/4951/3901
f 3906/4956/3906 3905/4955/3905 3904/4954/3904
f 3909/4959/3909 3908/4958/3908 3907/4957/3907
f 3912/4962/3912 3911/4961/3911 3910/4960/3910
f 3915/4965/3915 3914/4964/3914 3913/4963/3913
f 3918/4968/3918 3917/4967/3917 3916/4966/3916
f 3921/4971/3921 3920/4970/3920 3919/4969/3919
f 3924/4974/3924 3923/4973/3923 3922/4972/3922
f 3927/4977/3927 3926/4976/3926 3925/4975/3925
f 3930/4980/3930 3929/4979/3929 3928/4978/3928
f 3933/4983/3933 3932/4982/3932 3931/4981/3931
f 3936/4986/3936 3935/4985/3935 3934/4984/3934
f 3939/4989/3939 3938/4988/3938 3937/4987/3937
f 3942/4992/3942 3941/4991/3941 3940/4990/3940
f 3945/4995/3945 3944/4994/3944 3943/4993/3943
f 3948/4998/3948 3947/4997/3947 3946/4996/3946
f 3951/5001/3951 3950/5000/3950 3949/4999/3949
f 3954/5004/3954 3953/5003/3953 3952/5002/3952
f 3957/5007/3957 3956/5006/3956 3955/5005/3955
f 3960/5010/3960 3959/5009/3959 3958/5008/3958
f 3963/5013/3963 3962/5012/3962 3961/5011/3961
f 3966/5016/3966 3965/5015/3965 3964/5014/3964
f 3969/5019/3969 3968/5018/3968 3967/5017/3967
f 3972/5022/3972 3971/5021/3971 3970/5020/3970
f 3975/5025/3975 3974/5024/3974 3973/5023/3973
f 3978/5028/3978 3977/5027/3977 3976/5026/3976
f 3981/5031/3981 3980/5030/3980 3979/5029/3979
f 3984/5034/3984 3983/5033/3983 3982/5032/3982
f 3987/5037/3987 3986/5036/3986 3985/5035/3985
f 3990/5040/3990 3989/5039/3989 3988/5038/3988
f 3993/5043/3993 3992/5042/3992 3991/5041/3991
f 3996/5046/3996 3995/5045/3995 3994/5044/3994
f 3999/5049/3999 3998/5048/3998 3997/5047/3997
f 4002/5052/4002 4001/5051/4001 4000/5050/4000
f 4005/5055/4005 4004/5054/4004 4003/5053/4003
f 4008/5058/4008 4007/5057/4007 4006/5056/4006
f 4011/5061/4011 4010/5060/4010 4009/5059/4009
f 4014/5064/4014 4013/5063/4013 4012/5062/4012
f 4017/5067/4017 4016/5066/4016 4015/5065/4015
f 4020/5070/4020 4019/5069/4019 4018/5068/4018
f 4023/5073/4023 4022/5072/4022 4021/5071/4021
f 4026/5076/4026 4025/5075/4025 4024/5074/4024
f 4029/5079/4029 4028/5078/4028 4027/5077/4027
f 4032/5082/4032 4031/5081/4031 4030/5080/4030
f 4035/5085/4035 4034/5084/4034 4033/5083/4033
f 4038/5088/4038 4037/5087/4037 4036/5086/4036
f 4041/5091/4041 4040/5090/4040 4039/5089/4039
f 4044/5094/4044 4043/5093/4043 4042/5092/4042
f 4047/5097/4047 4046/5096/4046 4045/5095/4045
f 4050/5100/4050 4049/5099/4049 4048/5098/4048
f 4053/5103/4053 4052/5102/4052 4051/5101/4051
f 4056/5106/4056 4055/5105/4055 4054/5104/4054
f 4059/5109/4059 4058/5108/4058 4057/5107/4057
f 4062/5112/4062 4061/5111/4061 4060/5110/4060
f 4065/5115/4065 4064/5114/4064 4063/5113/4063
f 4068/5118/4068 4067/5117/4067 4066/5116/4066
f 4071/5121/4071 4070/5120/4070 4069/5119/4069
f 4074/5124/4074 4073/5123/4073 4072/5122/4072
f 4077/5127/4077 4076/5126/4076 4075/5125/4075
f 4080/5130/4080 4079/5129/4079 4078/5128/4078
f 4083/5133/4083 4082/5132/4082 4081/5131/4081
f 4086/5136/4086 4085/5135/4085 4084/5134/4084
f 4089/5139/4089 4088/5138/4088 4087/5137/4087
f 4092/5142/4092 4091/5141/4091 4090/5140/4090
f 4095/5145/4095 4094/5144/4094 4093/5143/4093
f 4098/5148/4098 4097/5147/4097 4096/5146/4096
f 4101/5151/4101 4100/5150/4100 4099/5149/4099
f 4104/5154/4104 4103/5153/4103 4102/5152/4102
f 4107/5157/4107 4106/5156/4106 4105/5155/4105
f 4110/5160/4110 4109/5159/4109 4108/5158/4108
f 4113/5163/4113 4112/5162/4112 4111/5161/4111
f 4116/5166/4116 4115/5165/4115 4114/5164/4114
f 4119/5169/4119 4118/5168/4118 4117/5167/4117
f 4122/5172/4122 4121/5171/4121 4120/5170/4120
f 4125/5175/4125 4124/5174/4124 4123/5173/4123
f 4128/5178/4128 4127/5177/4127 4126/5176/4126
f 4131/5181/4131 4130/5180/4130 4129/5179/4129
f 4134/5184/4134 4133/5183/4133 4132/5182/4132
f 4137/5187/4137 4136/5186/4136 4135/5185/4135
f 4140/5190/4140 4139/5189/4139 4138/5188/4138
f 4143/5193/4143 4142/5192/4142 4141/5191/4141
f 4146/5196/4146 4145/5195/4145 4144/5194/4144
f 4149/5199/4149 4148/5198/4148 4147/5197/4147
f 4152/5202/4152 4151/5201/4151 4150/5200/4150
f 4155/5205/4155 4154/5204/4154 4153/5203/4153
f 4158/5208/4158 4157/5207/4157 4156/5206/4156
f 4161/5211/4161 4160/5210/4160 4159/5209/4159
f 4164/5214/4164 4163/5213/4163 4162/5212/4162
f 4167/5217/4167 4166/5216/4166 4165/5215/4165
f 4170/5220/4170 4169/5219/4169 4168/5218/4168
f 4173/5223/4173 4172/5222/4172 4171/5221/4171
f 4176/5226/4176 4175/5225/4175 4174/5224/4174
f 4179/5229/4179 4178/5228/4178 4177/5227/4177
f 4182/5232/4182 4181/5231/4181 4180/5230/4180
f 4185/5235/4185 4184/5234/4184 4183/5233/4183
f 4188/5238/4188 4187/5237/4187 4186/5236/4186
f 4191/5241/4191 4190/5240/4190 4189/5239/4189
f 4194/5244/4194 4193/5243/4193 4192/5242/4192
f 4197/5247/4197 4196/5246/4196 4195/5245/4195
f 4200/5250/4200 4199/5249/4199 4198/5248/4198
f 4203/5253/4203 4202/5252/4202 4201/5251/4201
f 4206/5256/4206 4205/5255/4205 4204/5254/4204
f 4209/5259/4209 4208/5258/4208 4207/5257/4207
f 4212/5262/4212 4211/5261/4211 4210/5260/4210
f 4215/5265/4215 4214/5264/4214 4213/5263/4213
f 4218/5268/4218 4217/5267/4217 4216/5266/4216
f 4221/5271/4221 4220/5270/4220 4219/5269/4219
f 4224/5274/4224 4223/5273/4223 4222/5272/4222
f 4227/5277/4227 4226/5276/4226 4225/5275/4225
f 4230/5280/4230 4229/5279/4229 4228/5278/4228
f 4233/5283/4233 4232/5282/4232 4231/5281/4231
f 4236/5286/4236 4235/5285/4235 4234/5284/4234
f 4239/5289/4239 4238/5288/4238 4237/5287/4237
f 4242/5292/4242 4241/5291/4241 4240/5290/4240
f 4245/5295/4245 4244/5294/4244 4243/5293/4243
f 4248/5298/4248 4247/5297/4247 4246/5296/4246
f 4251/5301/4251 4250/5300/4250 4249/5299/4249
f 4254/5304/4254 4253/5303/4253 4252/5302/4252
f 4257/5307/4257 4256/5306/4256 4255/5305/4255
f 4260/5310/4260 4259/5309/4259 4258/5308/4258
f 4263/5313/4263 4262/5312/4262 4261/5311/4261
f 4266/5316/4266 4265/5315/4265 4264/5314/4264
f 4269/5319/4269 4268/5318/4268 4267/5317/4267
f 4272/5322/4272 4271/5321/4271 4270/5320/4270
f 4275/5325/4275 4274/5324/4274 4273/5323/4273
f 4278/5328/4278 4277/5327/4277 4276/5326/4276
f 4281/5331/4281 4280/5330/4280 4279/5329/4279
f 4284/5334/4284 4283/5333/4283 4282/5332/4282
f 4287/5337/4287 4286/5336/4286 4285/5335/4285
f 4290/5340/4290 4289/5339/4289 4288/5338/4288
f 4293/5343/4293 4292/5342/4292 4291/5341/4291
f 4296/5346/4296 4295/5345/4295 4294/5344/4294
f 4299/5349/4299 4298/5348/4298 4297/5347/4297
f 4302/5352/4302 4301/5351/4301 4300/5350/4300
f 4305/5355/4305 4304/5354/4304 4303/5353/4303
f 4308/5358/4308 4307/5357/4307 4306/5356/4306
f 4311/5361/4311 4310/5360/4310 4309/5359/4309
f 4314/5364/4314 4313/5363/4313 4312/5362/4312
f 4317/5367/4317 4316/5366/4316 4315/5365/4315
f 4320/5370/4320 4319/5369/4319 4318/5368/4318
f 4323/5373/4323 4322/5372/4322 4321/5371/4321
f 4326/5376/4326 4325/5375/4325 4324/5374/4324
f 4329/5379/4329 4328/5378/4328 4327/5377/4327
f 4332/5382/4332 4331/5381/4331 4330/5380/4330
f 4335/5385/4335 4334/5384/4334 4333/5383/4333
f 4338/5388/4338 4337/5387/4337 4336/5386/4336
f 4341/5391/4341 4340/5390/4340 4339/5389/4339
f 4344/5394/4344 4343/5393/4343 4342/5392/4342
f 4347/5397/4347 4346/5396/4346 4345/5395/4345
f 4350/5400/4350 4349/5399/4349 4348/5398/4348
f 4353/5403/4353 4352/5402/4352 4351/5401/4351
f 4356/5406/4356 4355/5405/4355 4354/5404/4354
f 4359/5409/4359 4358/5408/4358 4357/5407/4357
f 4362/5412/4362 4361/5411/4361 4360/5410/4360
f 4365/5415/4365 4364/5414/4364 4363/5413/4363
f 4368/5418/4368 4367/5417/4367 4366/5416/4366
f 4371/5421/4371 4370/5420/4370 4369/5419/4369
f 4374/5424/4374 4373/5423/4373 4372/5422/4372
f 4377/5427/4377 4376/5426/4376 4375/5425/4375
f 4380/5430/4380 4379/5429/4379 4378/5428/4378
f 4383/5433/4383 4382/5432/4382 4381/5431/4381
f 4386/5436/4386 4385/5435/4385 4384/5434/4384
f 4389/5439/4389 4388/5438/4388 4387/5437/4387
f 4392/5442/4392 4391/5441/4391 4390/5440/4390
f 4395/5445/4395 4394/5444/4394 4393/5443/4393
f 4398/5448/4398 4397/5447/4397 4396/5446/4396
f 4401/5451/4401 4400/5450/4400 4399/5449/4399
f 4404/5454/4404 4403/5453/4403 4402/5452/4402
f 4407/5457/4407 4406/5456/4406 4405/5455/4405
f 4410/5460/4410 4409/5459/4409 4408/5458/4408
f 4413/5463/4413 4412/5462/4412 4411/5461/4411
f 4416/5466/4416 4415/5465/4415 4414/5464/4414
f 4419/5469/4419 4418/5468/4418 4417/5467/4417
f 4422/5472/4422 4421/5471/4421 4420/5470/4420
f 4425/5475/4425 4424/5474/4424 4423/5473/4423
f 4428/5478/4428 4427/5477/4427 4426/5476/4426
f 4431/5481/4431 4430/5480/4430 4429/5479/4429
f 4434/5484/4434 4433/5483/4433 4432/5482/4432
f 4437/5487/4437 4436/5486/4436 4435/5485/4435
f 4440/5490/4440 4439/5489/4439 4438/5488/4438
f 4443/5493/4443 4442/5492/4442 4441/5491/4441
f 4446/5496/4446 4445/5495/4445 4444/5494/4444
f 4449/5499/4449 4448/5498/4448 4447/5497/4447
f 4452/5502/4452 4451/5501/4451 4450/5500/4450
f 4455/5505/4455 4454/5504/4454 4453/5503/4453
f 4458/5508/4458 4457/5507/4457 4456/5506/4456
f 4461/5511/4461 4460/5510/4460 4459/5509/4459
f 4464/5514/4464 4463/5513/4463 4462/5512/4462
f 4467/5517/4467 4466/5516/4466 4465/5515/4465
f 4470/5520/4470 4469/5519/4469 4468/5518/4468
f 4473/5523/4473 4472/5522/4472 4471/5521/4471
f 4476/5526/4476 4475/5525/4475 4474/5524/4474
f 4479/5529/4479 4478/5528/4478 4477/5527/4477
f 4482/5532/4482 4481/5531/4481 4480/5530/4480
f 4485/5535/4485 4484/5534/4484 4483/5533/4483
f 4488/5538/4488 4487/5537/4487 4486/5536/4486
f 4491/5541/4491 4490/5540/4490 4489/5539/4489
f 4494/5544/4494 4493/5543/4493 4492/5542/4492
f 4497/5547/4497 4496/5546/4496 4495/5545/4495
f 4500/5550/4500 4499/5549/4499 4498/5548/4498
f 4503/5553/4503 4502/5552/4502 4501/5551/4501
f 4506/5556/4506 4505/5555/4505 4504/5554/4504
f 4509/5559/4509 4508/5558/4508 4507/5557/4507
f 4512/5562/4512 4511/5561/4511 4510/5560/4510
f 4515/5565/4515 4514/5564/4514 4513/5563/4513
f 4518/5568/4518 4517/5567/4517 4516/5566/4516
f 4521/5571/4521 4520/5570/4520 4519/5569/4519
f 4524/5574/4524 4523/5573/4523 4522/5572/4522
f 4527/5577/4527 4526/5576/4526 4525/5575/4525
f 4530/5580/4530 4529/5579/4529 4528/5578/4528
f 4533/5583/4533 4532/5582/4532 4531/5581/4531
f 4536/5586/4536 4535/5585/4535 4534/5584/4534
f 4539/5589/4539 4538/5588/4538 4537/5587/4537
f 4542/5592/4542 4541/5591/4541 4540/5590/4540
f 4545/5595/4545 4544/5594/4544 4543/5593/4543
f 4548/5598/4548 4547/5597/4547 4546/5596/4546
f 4551/5601/4551 4550/5600/4550 4549/5599/4549
f 4554/5604/4554 4553/5603/4553 4552/5602/4552
f 4557/5607/4557 4556/5606/4556 4555/5605/4555
f 4560/5610/4560 4559/5609/4559 4558/5608/4558
f 4563/5613/4563 4562/5612/4562 4561/5611/4561
f 4566/5616/4566 4565/5615/4565 4564/5614/4564
f 4569/5619/4569 4568/5618/4568 4567/5617/4567
f 4572/5622/4572 4571/5621/4571 4570/5620/4570
f 4575/5625/4575 4574/5624/4574 4573/5623/4573
f 4578/5628/4578 4577/5627/4577 4576/5626/4576
f 4581/5631/4581 4580/5630/4580 4579/5629/4579
f 4584/5634/4584 4583/5633/4583 4582/5632/4582
f 4587/5637/4587 4586/5636/4586 4585/5635/4585
f 4590/5640/4590 4589/5639/4589 4588/5638/4588
f 4593/5643/4593 4592/5642/4592 4591/5641/4591
f 4596/5646/4596 4595/5645/4595 4594/5644/4594
f 4599/5649/4599 4598/5648/4598 4597/5647/4597
f 4602/5652/4602 4601/5651/4601 4600/5650/4600
f 4605/5655/4605 4604/5654/4604 4603/5653/4603
f 4608/5658/4608 4607/5657/4607 4606/5656/4606
f 4611/5661/4611 4610/5660/4610 4609/5659/4609
f 4614/5664/4614 4613/5663/4613 4612/5662/4612
f 4617/5667/4617 4616/5666/4616 4615/5665/4615
f 4620/5670/4620 4619/5669/4619 4618/5668/4618
f 4623/5673/4623 4622/5672/4622 4621/5671/4621
f 4626/5676/4626 4625/5675/4625 4624/5674/4624
f 4629/5679/4629 4628/5678/4628 4627/5677/4627
f 4632/5682/4632 4631/5681/4631 4630/5680/4630
f 4635/5685/4635 4634/5684/4634 4633/5683/4633
f 4638/5688/4638 4637/5687/4637 4636/5686/4636
f 4641/5691/4641 4640/5690/4640 4639/5689/4639
f 4644/5694/4644 4643/5693/4643 4642/5692/4642
f 4647/5697/4647 4646/5696/4646 4645/5695/4645
f 4650/5700/4650 4649/5699/4649 4648/5698/4648
f 4653/5703/4653 4652/5702/4652 4651/5701/4651
f 4656/5706/4656 4655/5705/4655 4654/5704/4654
f 4659/5709/4659 4658/5708/4658 4657/5707/4657
f 4662/5712/4662 4661/5711/4661 4660/5710/4660
f 4665/5715/4665 4664/5714/4664 4663/5713/4663
f 4668/5718/4668 4667/5717/4667 4666/5716/4666
f 4671/5721/4671 4670/5720/4670 4669/5719/4669
f 4674/5724/4674 4673/5723/4673 4672/5722/4672
f 4677/5727/4677 4676/5726/4676 4675/5725/4675
f 4680/5730/4680 4679/5729/4679 4678/5728/4678
f 4683/5733/4683 4682/5732/4682 4681/5731/4681
f 4686/5736/4686 4685/5735/4685 4684/5734/4684
f 4689/5739/4689 4688/5738/4688 4687/5737/4687
f 4692/5742/4692 4691/5741/4691 4690/5740/4690
f 4695/5745/4695 4694/5744/4694 4693/5743/4693
f 4698/5748/4698 4697/5747/4697 4696/5746/4696
f 4701/5751/4701 4700/5750/4700 4699/5749/4699
f 4704/5754/4704 4703/5753/4703 4702/5752/4702
f 4707/5757/4707 4706/5756/4706 4705/5755/4705
f 4710/5760/4710 4709/5759/4709 4708/5758/4708
f 4713/5763/4713 4712/5762/4712 4711/5761/4711
f 4716/5766/4716 4715/5765/4715 4714/5764/4714
f 4719/5769/4719 4718/5768/4718 4717/5767/4717
f 4722/5772/4722 4721/5771/4721 4720/5770/4720
